hasan, normal, pink, 158.00203873598377, 32.8734893410554, 2.061435535133136, 3.045251087711554, 4, 0, 3, 3
hasan, normal, pink, 124.75122566865662, 67.10608731867647, 3.229105516362601, 5.714336937379969, 4, 0, 2, 0
hasan, closedeyes, green, 301.7329255861363, 12.65220168255786, 1.0548453636167603, 12.769674150590317, 4, 0, 4, 0
hasan, normal, green, 303.6643596759484, 1.2623342721819653, 1.6888629009617637, 1.398976637721089, 4, 4, 4, 4
racha, normal, green, 102.72092840900183, 1.078312690371514, 1.9251041487985752, 1.2208500001195108, 3, 4, 4, 4
racha, closedeyes, green, 115.72824848593876, 1.4906507440583052, 1.927026254556615, 0.9756406284372232, 3, 4, 4, 4
racha, closedeyes, green, 142.3600126542233, 3.9455742238054503, 1.8991979663239922, 1.1424481020397987, 4, 3, 4, 4
racha, oneleg, green, 87.08948278154502, 30.726483875357847, 8.413320739145217, 0.46769164101904714, 2, 0, 0, 4
hasan, closedeyes, green, 300.44530285959553, 7.6929479541764705, 1.3879856072557137, 2.5671272259671922, 4, 2, 4, 3
hasan, normal, green, 276.2487257900102, 1.2380148689183734, 1.1666287641435278, 0.6221687749421305, 4, 4, 4, 4
malak, normal, green, 175.33129459734963, 1.3087260272520331, 1.4272219625150981, 0.43525366417963496, 4, 4, 4, 4
malak, closedeyes, green, 184.3357118586478, 231.40663875553503, 6.289883854931884, 2.9666393322595477, 4, 0, 0, 3
malak, oneleg, green, 136.02191641182455, 4.498664796318333, 2.7488485696084024, 1.1692714640841455, 4, 3, 2, 4
hasan, oneleg, green, 152.12106955226216, 120.2907226819251, 15.669775676842047, 2.6065448065162973, 4, 0, 0, 3
hasan, oneleg, green, 255.28520143597922, 4.036192614907816, 4.433574732881715, 1.5356789488973417, 4, 3, 1, 4
milana, normal, green, 254.41726129799525, 3.2153415582267604, 1.1856678790488577, 2.093842251354009, 4, 3, 4, 4
milana, closedeyes, green, 232.18937592026316, 1.6773343520072033, 1.6624002048873912, 2.2028569006702456, 4, 4, 4, 4
milana, oneleg, green, 160.9528408176401, 1.7223886310704197, 3.0187057573163867, 2.2067883662017325, 4, 4, 2, 4
racha, normal, green, 134.49080924665415, 0.8392815435987988, 1.1294695894794557, 1.0202526172096194, 4, 4, 4, 4
racha, closedeyes, green, 206.93170234454712, 2.534499072910992, 1.7125151066249857, 0.8515720460374385, 4, 4, 4, 4
racha, closedeyes, green, 151.01748027334165, 31.633732439939408, 7.521971005938989, 1.1398815072232953, 4, 0, 0, 4
racha, oneleg, green, 102.98230481716718, 5.51240453276574, 3.078951286445496, 0.8002084418529785, 3, 2, 2, 4
hasan, normal, green, 321.1009174311932, 7.73510552000218, 1.269974441924972, 2.914733316021438, 4, 2, 4, 3
hasan, oneleg, green, 242.5246347264698, 2.6231954276798595, 1.0983553502492063, 0.8838979602733102, 4, 4, 4, 4
hasan, oneleg, green, 193.00033978933072, 3.4174820185483363, 4.49869137660327, 1.0210039757763394, 4, 3, 1, 4
malak, normal, green, 137.29612640163123, 1.6566636451701702, 1.197041732833319, 0.8283730413231623, 4, 4, 4, 4
malak, closedeyes, green, 181.71342463324913, 1.8464663747798225, 1.2140316963418705, 0.7860734914067371, 4, 4, 4, 4
malak, oneleg, green, 101.93679918450563, 1.2243606091071018, 2.6755697452294784, 1.1785670032866913, 3, 4, 2, 4
hasan, normal, pink, 129.96941896024452, 18.905409001398723, 2.611637633164172, 6.1679683360001984, 4, 0, 2, 0
malak, closedeyes, pink, 147.808358817533, 10.489506171700283, 1.2972916573740212, 5.993787110050497, 4, 1, 4, 0
malak, oneleg, pink, 112.13047910295619, 3.195335500156193, 1.1709530534997636, 2.6472130308071713, 3, 3, 4, 3
malak, oneleg, pink, 40.2187007691595, 9.416106927336656, 1.7099134462544103, 2.198939327675033, 0, 1, 4, 4
hasan, normal, pink, 58.96344266554733, 8.722484509951038, 1.114644496544959, 1.1100991230937245, 0, 1, 4, 4
milana, normal, pink, 36.01766904519196, 0.8116872944845657, 1.0003169847432787, 1.5514398257272868, 0, 4, 4, 4
milana, closedeyes, pink, 40.90056757403002, 5.879672807494403, 1.678700141249338, 1.8681740151295154, 0, 2, 4, 4
milana, oneleg, pink, 68.90927624872582, 1.8760681248789224, 4.159585507564551, 3.0732102623007833, 1, 4, 1, 3
milana, normal, green, 273.8997473740194, 1.8450314005896309, 1.2590738322638042, 1.8579399834663433, 4, 4, 4, 4
milana, closedeyes, green, 189.66422636147414, 2.7844482164023536, 1.7463520054445874, 2.4383707394238177, 4, 4, 4, 4
milana, oneleg, green, 165.78142604216958, 3.705622449416531, 3.412831362760996, 3.6853122411998718, 4, 3, 2, 2
hasan, closedeyes, green, 147.93904702161578, 7.515947333913686, 1.4255582417993409, 0.8352005059720032, 4, 2, 4, 4
hasan, closedeyes, green, 222.30063514467162, 0.5123979506487677, 0.9422336029102462, 1.0431486882159664, 4, 4, 4, 4
hasan, oneleg, green, 148.06320081549458, 39.88097354513122, 7.252187961015563, 93.04463133796311, 4, 0, 0, 0
hasan, closedeyes, pink, 100.86378024572124, 60.557250326405935, 2.6499684204070095, 13.762318473076679, 3, 0, 2, 0
hasan, closedeyes, pink, 26.475252010420203, 22.145684048153573, 1.8001849674218544, 3.2018791867534246, 0, 0, 4, 3
hasan, oneleg, pink, 50.020150297513254, 8.966846069161212, 6.827320309880082, 2.5112657829074947, 0, 1, 0, 3
malak, normal, green, 114.27651698052473, 1.6840160090268355, 0.8919971380856795, 0.631464075809484, 3, 4, 4, 4
malak, closedeyes, green, 207.27149167516055, 2.8362288338870703, 1.0918625810035918, 1.022412431643775, 4, 4, 4, 4
malak, oneleg, green, 108.99396220497141, 3.4902687835791286, 2.2270584803079667, 1.3097646209570368, 3, 3, 3, 4
malak, closedeyes, pink, 31.044388842553982, 1.0216925097656389, 0.8221707446481807, 1.016535399999686, 0, 4, 4, 4
malak, oneleg, pink, 73.62102163325405, 3.1738765752862803, 1.3327557160747767, 2.1724609451676997, 1, 3, 4, 4
racha, normal, pink, 100.73754272351145, 2.5984080017979503, 2.145501075397547, 4.3204419549211055, 3, 4, 3, 2
racha, closedeyes, pink, 125.23663899810698, 8.26639298500618, 2.076740585195764, 2.7335082789354117, 4, 1, 3, 3
racha, oneleg, pink, 68.29765545361875, 4.188117496169961, 2.047031907571845, 3.426319522797693, 1, 3, 3, 3
racha, normal, green, 178.38939857288483, 2.7139430955189128, 1.3428807460584695, 1.1171878926097973, 4, 4, 4, 4
racha, closedeyes, green, 175.50857598723573, 1.3049826396652393, 1.6584256808864855, 0.6471541615095299, 4, 4, 4, 4
racha, oneleg, green, 125.5096839959225, 4.483258446142249, 2.7622877067171068, 1.126599482605516, 4, 3, 2, 4
milana, normal, green, 159.96236179722413, 10.995089167959543, 3.979422942368238, 1.1803713055836935, 4, 1, 2, 4
milana, closedeyes, green, 200.2564861398837, 1.605254693903228, 1.6248074170915645, 1.0688881052589225, 4, 4, 4, 4
milana, oneleg, green, 184.98530910835288, 2.383352557987128, 2.7098963649591328, 1.9660147444270557, 4, 4, 2, 4
milana, normal, pink, 139.79903888160771, 8.823710733143775, 2.041505884248314, 2.5604065466358974, 4, 1, 3, 3
milana, closedeyes, pink, 112.13047910295617, 3.5314163773158156, 1.7373391941967475, 12.850816234495245, 3, 3, 4, 0
milana, oneleg, pink, 108.96692326619562, 4.915988718440475, 4.51835488666089, 2.8449941092229705, 3, 3, 1, 3
hasan, normal, green, 273.2877044803651, 6.7891009319209665, 2.4080426015996186, 2.3049325624143386, 4, 2, 3, 4
hasan, normal, green, 266.4257251413218, 2.9494652980313094, 1.115810633964918, 0.9582764113698519, 4, 4, 4, 4
hasan, normal, green, 321.36917216588864, 5.621594509688108, 2.010134032989036, 2.6516448738818177, 4, 2, 3, 3
hasan, normal, green, 225.8919469928644, 12.729431826054933, 1.177093475247735, 1.1108927707026055, 4, 0, 4, 4
hasan, normal, green, 245.97792846695918, 2.522802528305178, 1.4224768054274055, 1.9068753830773362, 4, 4, 4, 4
hasan, normal, green, 171.19385980691968, 2.7713770534878956, 1.1541226988547861, 0.9208491058556256, 4, 4, 4, 4
malak, normal, green, 221.0419013895591, 0.5883241375279288, 0.9115128770305196, 1.0525369831281026, 4, 4, 4, 4
malak, closedeyes, green, 241.25042473666366, 1.825061041662734, 1.1256676510982162, 0.9155590044308094, 4, 4, 4, 4
malak, oneleg, green, 146.4492014950729, 1.0104753794747083, 2.012359379436229, 1.1138986533131385, 4, 4, 3, 4
malak, normal, pink, 157.60997412373573, 1.1980767955513414, 1.0221419527114994, 6.919022965345074, 4, 4, 4, 0
malak, closedeyes, pink, 49.026746274452705, 46.08524488017846, 1.920460069383257, 1.3420448962330174, 0, 0, 4, 4
malak, oneleg, pink, 57.26449601247213, 16.7070328797603, 2.463216972395183, 4.082546784548845, 0, 0, 3, 2
hasan, normal, pink, 140.44625665420776, 100.09190661175433, 4.797366098237034, 6.421990285344927, 4, 0, 1, 0
hasan, closedeyes, pink, 41.267962250501455, 4.242729383242299, 1.4179358768845933, 1.8205596633174908, 0, 3, 4, 4
hasan, oneleg, pink, 98.53890587835541, 2.6628307843792713, 3.0929285638297577, 2.118398125620557, 2, 4, 2, 4
hasan, normal, green, 342.9873478443362, 1.6780369455568565, 1.1277486953250948, 2.4566667502611317, 4, 4, 4, 4
hasan, closedeyes, green, 217.70787825833693, 2.435728408685552, 1.1445276490934215, 0.5528847956468028, 4, 4, 4, 4
milana, normal, green, 271.5225651005468, 1.5683332665918917, 1.057111176760051, 1.7668590947889913, 4, 4, 4, 4
milana, closedeyes, green, 233.32200702231302, 3.1852292268269933, 1.7204778127435134, 1.3938036017360511, 4, 3, 4, 4
milana, oneleg, green, 166.95594677246046, 1.6298346575740597, 2.6179868736984435, 2.097921010701313, 4, 4, 2, 4
milana, normal, pink, 113.22265909421871, 2.8593020983243647, 1.2511664168280063, 8.142045094630447, 3, 4, 4, 0
milana, closedeyes, pink, 36.49589106605756, 16.765173389575324, 1.3044542940118276, 1.0106869052421894, 0, 0, 4, 4
milana, oneleg, pink, 78.41292244961971, 8.502136473904843, 3.353240417922116, 1.4949356056888594, 1, 1, 2, 4
hasan, normal, green, 149.14963249101342, 64.04491400436127, 4.6456855382263, 1.4891954242900065, 4, 0, 1, 4
hasan, normal, green, 368.88379204892976, 3.9303589634704887, 1.2417208483613065, 0.641743406183368, 4, 3, 4, 4
hasan, closedeyes, green, 225.016045607279, 1.8780528285081997, 1.2143184098274051, 0.867901386082723, 4, 4, 4, 4
hasan, oneleg, green, 131.83826027862733, 5.844158757666175, 4.112499117640985, 1.607799209282764, 4, 2, 1, 4
hasan, normal, green, 237.0030581039753, 0.9062693726846829, 0.8062041800895228, 0.8843633525400567, 4, 4, 4, 4
hasan, closedeyes, green, 267.8157724029281, 1.8576271178568455, 1.4237856391858452, 1.0426936290105657, 4, 4, 4, 4
hasan, oneleg, green, 211.51885830784914, 2.3377838089812215, 4.092867639326724, 1.321227700323234, 4, 4, 1, 4
malak, normal, green, 181.36255521576606, 0.5432675223830091, 0.8827249328195229, 0.709140860888257, 4, 4, 4, 4
malak, closedeyes, green, 165.4512663686977, 14.766064606405672, 2.2907786630187434, 0.5161953051334396, 4, 0, 3, 4
malak, oneleg, green, 98.92503011769057, 3.2902552972755963, 1.792092190656412, 1.5939665457284806, 2, 3, 4, 4
malak, normal, green, 122.90665501674673, 2.3824074037801566, 1.2280624829001614, 0.4194797963716198, 4, 4, 4, 4
malak, oneleg, green, 139.0944066291802, 13.933368711827056, 2.231122516116505, 1.5215720357244777, 4, 0, 3, 4
malak, oneleg, green, 117.08956663085098, 7.332950543300685, 2.458949331924481, 1.5558559716886877, 3, 2, 3, 4
milana, normal, green, 199.27000098648512, 1.196805363563546, 1.33270696668443, 1.3113941054043396, 4, 4, 4, 4
milana, closedeyes, green, 223.5328382117371, 2.573691100986921, 1.6842272661146445, 2.069957222038168, 4, 4, 4, 4
milana, oneleg, green, 152.65035677879717, 22.009007023655062, 7.854894727902736, 2.3625803918589425, 4, 0, 0, 4
milana, normal, green, 190.89982392734683, 0.5183847543465082, 0.9020811242704047, 1.2143584290279388, 4, 4, 4, 4
milana, closedeyes, green, 196.22833843017338, 0.8452182795733105, 1.233030869276032, 2.249623435914182, 4, 4, 4, 4
milana, oneleg, green, 174.74879860200957, 1.9078907300237684, 2.711869862132328, 1.1196729670082928, 4, 4, 2, 4
racha, normal, green, 117.22731906218151, 0.5901583921191631, 1.487933423997752, 1.9140136620631971, 3, 4, 4, 4
racha, closedeyes, green, 163.914373088685, 1.1636432248039041, 1.895975381400327, 3.30385292912121, 4, 4, 4, 3
racha, oneleg, green, 120.77966206406572, 1.8877978322631697, 2.5470882746009695, 1.379236200859255, 4, 4, 2, 4
racha, normal, green, 154.86552183799887, 0.4961138703816887, 1.0110671163010634, 1.0338831573967768, 4, 4, 4, 4
racha, closedeyes, green, 146.86449956582473, 1.9847592122799158, 2.116015068117006, 2.6259573395910025, 4, 4, 3, 3
racha, oneleg, green, 102.72092840900179, 4.013165389291109, 2.6250686428331083, 2.1695355758264014, 3, 3, 2, 4
hasan, normal, green, 223.12832710386223, 2.7186626693829727, 1.2430444363699493, 0.8761939048579408, 4, 4, 4, 4
hasan, normal, green, 256.2320452228712, 10.0790495467057, 1.2418277896133896, 1.233659523036495, 4, 1, 4, 4
hasan, normal, green, 300.2038735983689, 61.49925426198939, 3.958142470215772, 0.6937334400575164, 4, 0, 2, 4
hasan, normal, green, 207.03715420577234, 4.659581453874174, 1.3097447951749497, 1.6340017142993533, 4, 3, 4, 4
hasan, normal, green, 210.42667831658656, 6.701458583353061, 1.671373838361263, 1.110962039921466, 4, 2, 4, 4
hasan, normal, green, 296.1264016309898, 4.2332289227974185, 1.333694161047627, 2.1219256842819836, 4, 3, 4, 4
hasan, normal, green, 229.96941896024478, 17.465085714345253, 2.0311633119641948, 1.094304332176944, 4, 0, 3, 4
hasan, normal, green, 295.1070336391435, 4.058912342492052, 1.1235140964931676, 1.6599766294413347, 4, 3, 4, 4
hasan, normal, green, 114.52899202494457, 3.3135858838194605, 1.332722071169179, 1.4510796441835867, 3, 3, 4, 4
hasan, normal, green, 329.0293351455428, 8.766719742335901, 1.3030794211247938, 2.2023054480855957, 4, 1, 4, 4
hasan, normal, green, 120.08154943934761, 4.189165410811738, 1.0186843230440767, 0.7148361140159201, 4, 3, 4, 4
milana, normal, green, 173.85887416468452, 1.8471313553621214, 0.9123862492264884, 2.0190195310026655, 4, 4, 4, 4
milana, closedeyes, green, 186.18456556934612, 3.2305960026769216, 1.4261154063252315, 1.5902817849665842, 4, 3, 4, 4
milana, oneleg, green, 162.57612587887832, 2.32420149899615, 2.4444399580154514, 3.3552676993236448, 4, 4, 3, 3
milana, normal, green, 172.1599275116095, 1.115037180837623, 1.0227091964369035, 2.809009314477561, 4, 4, 4, 3
milana, closedeyes, green, 182.58679618636438, 1.900219856954452, 1.2131498155468963, 1.10201792398494, 4, 4, 4, 4
milana, oneleg, green, 158.76656472986733, 1.2376489149400676, 1.9779853899061792, 1.4500246911274313, 4, 4, 4, 4
malak, normal, green, 190.1342906528387, 1.5589077201901669, 1.0499327602043473, 0.5841675107635649, 4, 4, 4, 4
malak, closedeyes, green, 144.75025484199762, 1.3633846336167745, 1.0731157829083804, 0.6082517062434402, 4, 4, 4, 4
malak, oneleg, green, 142.03194019707777, 8.520958549289716, 2.683075235586624, 1.350498965592727, 4, 1, 2, 4
malak, normal, green, 179.66360856269097, 2.874554286479764, 1.0592635342579366, 0.8893889362450185, 4, 4, 4, 4
malak, closedeyes, green, 131.90004015692085, 1.3999185056513124, 1.2720333336097522, 1.268347239780491, 4, 4, 4, 4
malak, oneleg, green, 171.66156982670745, 5.977132181937558, 2.2972099591231783, 1.45499598176419, 4, 2, 3, 4
hasan, normal, green, 363.786952089704, 6.600340883543843, 1.1971364475239095, 1.0089737615794072, 4, 2, 4, 4
hasan, closedeyes, green, 250.40996321411157, 4.027362271547318, 1.480684096078259, 0.9022805727711322, 4, 3, 4, 4
hasan, oneleg, green, 181.2563710499491, 4.235630126954522, 4.243957452280966, 1.6839662356823488, 4, 3, 1, 4
hasan, normal, green, 351.04485219164087, 2.266082434007999, 0.7889687100399109, 1.51452621738938, 4, 4, 4, 4
hasan, closedeyes, green, 235.27013251783893, 7.103943164398029, 1.4955710867350762, 1.6225579287468153, 4, 2, 4, 4
hasan, oneleg, green, 158.53854820537586, 3.7610643861505038, 4.163363833329695, 2.034071877022489, 4, 3, 1, 4
racha, normal, green, 173.73576208837443, 0.8824722020302718, 1.1560011927841853, 0.9744024410534595, 4, 4, 4, 4
racha, closedeyes, green, 238.65203573784262, 2.2967205623920783, 1.8074767052223106, 2.7711222767476404, 4, 4, 4, 3
racha, oneleg, green, 161.8756371049949, 3.495689257232267, 2.4995061332786563, 1.271207101600787, 4, 3, 3, 4
racha, normal, green, 163.91437308868498, 1.4087897122434625, 1.335359827166681, 1.8026996278838237, 4, 4, 4, 4
racha, closedeyes, green, 192.2236784622107, 1.5579280389294567, 1.487312426210615, 3.2076644347317216, 4, 4, 4, 3
racha, oneleg, green, 130.5448686330604, 1.7424856502647905, 2.160618391445221, 1.040684273292936, 4, 4, 3, 4
malak, normal, green, 153.28274247744096, 1.1299849256278334, 0.8828006120204354, 0.6040017644825657, 4, 4, 4, 4
malak, closedeyes, green, 140.6727828746177, 1.2030602903610101, 1.2658782739828502, 1.0261422804855451, 4, 4, 4, 4
malak, oneleg, green, 122.62397313665525, 2.342523864216676, 1.7462586914518885, 0.8424761250046288, 4, 4, 4, 4
milana, closedeyes, green, 200.914142908816, 1.012379826968614, 1.1732393497255529, 1.1411655479753564, 4, 4, 4, 4
milana, oneleg, green, 188.58307849133547, 1.714985247266909, 2.822235133468235, 1.6648308276291326, 4, 4, 2, 4
milana, normal, green, 165.30291759649552, 1.3000767068892094, 1.2959513027140002, 1.3143448866531773, 4, 4, 4, 4
milana, closedeyes, green, 187.5019306211966, 1.523048794487493, 1.4975366437332922, 1.1406270378403143, 4, 4, 4, 4
milana, oneleg, green, 227.28130781137935, 4.7470400517340146, 3.734318766140088, 1.6225089502609662, 4, 3, 2, 4
racha, normal, green, 186.5886628551168, 0.8717321533821246, 1.805989495283973, 3.169073013746731, 4, 4, 4, 3
racha, normal, green, 206.5561457159719, 1.5144334082651678, 1.9059834913815121, 3.2702665523758565, 4, 4, 4, 3
racha, oneleg, green, 154.4153735794918, 1.8476599189284644, 2.6189178867424863, 2.230103878724019, 4, 4, 2, 4
racha, normal, green, 237.28621587948797, 1.1600591341298339, 1.209486559893309, 4.2027970972896265, 4, 4, 4, 2
racha, closedeyes, green, 199.50487840396102, 0.5825546875772589, 1.3996031688039174, 3.072811095506025, 4, 4, 4, 3
racha, oneleg, green, 133.17549570878964, 3.843543279995513, 3.9993425368061413, 1.391977301116699, 4, 3, 2, 4
hasan, normal, green, 316.00407747196743, 2.3110757811717066, 1.0171255761912812, 1.5658443697889943, 4, 4, 4, 4
hasan, normal, green, 276.68559778651405, 1.4536683999397875, 0.7636289953154913, 0.9830975462472945, 4, 4, 4, 4
hasan, normal, green, 213.3121908860954, 1.0219142741287779, 0.9060310060051701, 1.581960970131119, 4, 4, 4, 4
hasan, normal, green, 266.4257251413215, 2.3458726366421065, 1.0051945312881694, 1.63632645840072, 4, 4, 4, 4
hasan, normal, green, 208.60637833114896, 7.3128390272359765, 1.3049522734334833, 0.9934747174901943, 4, 2, 4, 4
hasan, closedeyes, green, 308.49294490047834, 2.780641691756223, 1.4248762270326747, 0.8070655342483921, 4, 4, 4, 4
hasan, closedeyes, green, 187.10335076123766, 0.855384857928337, 0.9228048935600056, 0.98096328130843, 4, 4, 4, 4
hasan, closedeyes, green, 287.9714576962284, 27.352746791423225, 2.9383055014183093, 0.5621700711628347, 4, 0, 2, 4
hasan, closedeyes, green, 229.56167176350664, 6.089581372716268, 1.9018998738958546, 0.9519579148366405, 4, 2, 4, 4
hasan, oneleg, green, 138.5855055579826, 12.95946814996411, 4.021715561245464, 1.2434330031438834, 4, 0, 1, 4
hasan, oneleg, green, 168.1957186544343, 7.202988747790134, 5.46967056217592, 1.6093841139806384, 4, 2, 0, 4
hasan, oneleg, green, 147.80835881753313, 4.66240375214001, 2.5740252906875116, 0.293885398601807, 4, 3, 2, 4
hasan, oneleg, green, 193.67991845056062, 1.7333692433737364, 2.750686050885117, 0.5055936699655847, 4, 4, 2, 4
nassim, normal, green, 200.2329983981358, 11.53344604114286, 4.599861513076062, 0.9050127696011997, 4, 1, 1, 4
nassim, normal, green, 111.33097479562674, 1.443725613433517, 2.0959897417960573, 1.1619823187658525, 3, 4, 3, 4
nassim, normal, green, 126.72597534982857, 1.545217539765318, 1.404466525296507, 0.42565079397061123, 4, 4, 4, 4
nassim, normal, green, 177.75229357798173, 0.510629720696517, 1.4875208176458412, 2.5382481088958775, 4, 4, 4, 3
nassim, normal, green, 367.6520557254493, 3.8125623683343783, 1.3750689783953902, 0.6047953470861378, 4, 3, 4, 4
nassim, closedeyes, green, 347.2222222222219, 4.6751411747706335, 2.6041246949754586, 1.0698741971659371, 4, 3, 2, 4
nassim, closedeyes, green, 131.56958964511767, 2.001022191105297, 2.020550102525596, 0.8364988941266917, 4, 4, 3, 4
nassim, closedeyes, green, 190.16485640971572, 1.3145370954770328, 1.981911454355205, 0.9666314960606859, 4, 4, 4, 4
nassim, closedeyes, green, 236.57832144070673, 1.5169472300522067, 2.001575016325668, 1.101574501457986, 4, 4, 3, 4
nassim, oneleg, green, 181.84209660977902, 2.3587382249795246, 3.285314814422179, 1.692394605581461, 4, 4, 2, 4
nassim, oneleg, green, 159.89515072083876, 6.959583311891335, 3.7637947978115074, 1.3216705040204884, 4, 2, 2, 4
nassim, oneleg, green, 133.24595893403227, 2.0334483097353786, 2.885600966901865, 1.1600900104255518, 4, 4, 2, 4
nassim, oneleg, green, 154.8873032053459, 13.95575239082637, 5.795298876614292, 1.070771024486342, 4, 0, 0, 4
nassim, oneleg, green, 144.802530123631, 2.783193482438427, 3.942635233602529, 1.248723350324625, 4, 4, 2, 4
alexi, normal, green, 263.50662589194707, 0.556763693771709, 1.5279608186430846, 2.5735778219884495, 4, 4, 4, 3
alexi, normal, green, 223.37455125648142, 0.666258194864305, 1.4884408766420991, 1.9084580121901902, 4, 4, 4, 4
alexi, normal, green, 206.72782874617735, 1.1483813224302948, 1.6460765545135108, 2.7568518518058593, 4, 4, 4, 3
alexi, normal, green, 185.67059851463517, 1.1243888321815585, 1.5334941870220211, 1.9788819696518007, 4, 4, 4, 4
alexi, normal, green, 257.26906460851393, 0.6620459740546614, 1.2764868887599254, 3.100759742931046, 4, 4, 4, 3
alexi, closedeyes, green, 138.2681199194962, 1.2282800022144034, 2.149400022244204, 1.438209212336707, 4, 4, 3, 4
alexi, closedeyes, green, 207.79424449149235, 0.7995013919333134, 1.899772829777593, 2.2256350434754504, 4, 4, 4, 4
alexi, closedeyes, green, 153.77894276976843, 1.1858024137549483, 1.509993144236613, 1.4985653806549204, 4, 4, 4, 4
alexi, closedeyes, green, 214.88277268093782, 1.1977618798705387, 1.6867060242199983, 1.2407476252156215, 4, 4, 4, 4
alexi, closedeyes, green, 255.81282462016412, 1.3887761022861698, 1.784758527539123, 1.4251073566979555, 4, 4, 4, 4
alexi, oneleg, green, 178.0496092422699, 5.464198488218956, 4.154929318537593, 2.5178665596616505, 4, 2, 1, 3
alexi, oneleg, green, 114.5162339774871, 7.8653710864429005, 6.501304189339223, 2.3347010997265762, 3, 2, 0, 4
alexi, oneleg, green, 86.8106934990628, 10.195085613251488, 5.251166799234332, 1.9859005375351897, 2, 1, 0, 4
alexi, oneleg, green, 137.3464241643862, 2.689886597057018, 3.9475803802399083, 1.8023728898991282, 4, 4, 2, 4
alexi, oneleg, green, 144.08904317161202, 6.773938123618155, 5.471323632124248, 2.129044992688915, 4, 2, 0, 4
hasan, normal, green, 237.71661569826708, 2.140416949152308, 1.0936167274735245, 0.6663296960013639, 4, 4, 4, 4
hasan, normal, green, 243.76191109338296, 1.7446239554421767, 1.0755351602912826, 0.8849407813057438, 4, 4, 4, 4
hasan, normal, green, 306.88341649230085, 1.5273876421052135, 1.092692006386634, 0.6657462362900963, 4, 4, 4, 4
hasan, normal, green, 306.3767131045423, 3.8249032447677083, 1.0943221893635884, 2.610035642038824, 4, 3, 4, 3
hasan, normal, green, 268.2791214901307, 0.31095944401241327, 0.6663704285777623, 2.2410359769631616, 4, 4, 4, 4
hasan, closedeyes, green, 333.99292438688025, 6.284398370665106, 1.8786868852187038, 0.7493963075265507, 4, 2, 4, 4
hasan, closedeyes, green, 292.0489296636083, 1.0085943893315943, 0.9036465133671621, 1.057275270159526, 4, 4, 4, 4
hasan, closedeyes, green, 688.0733944954122, 2.7330199969361613, 1.24756744943836, 3.1412346043798753, 4, 4, 4, 3
hasan, closedeyes, green, 370.79510703363934, 3.1567667316188746, 1.0041683243603643, 1.3798129517446822, 4, 3, 4, 4
hasan, closedeyes, green, 247.75074236582014, 1.1539162744727727, 1.2415268204841865, 1.3150056472399243, 4, 4, 4, 4
hasan, oneleg, green, 263.1822815309046, 2.4651710444270214, 3.423540810330318, 0.6517956391211763, 4, 4, 2, 4
hasan, oneleg, green, 302.0548312677712, 4.046145264671095, 3.1288173215876665, 0.5633980961242341, 4, 3, 2, 4
hasan, oneleg, green, 313.738815267867, 10.31615997580404, 3.7799454250152564, 2.152575261281388, 4, 1, 2, 4
hasan, oneleg, green, 254.39879448654926, 8.086868958269493, 3.7101676892656035, 1.8380539453603775, 4, 1, 2, 4
hasan, oneleg, green, 240.82568807339428, 2.7991868123246357, 2.87801325997823, 0.5689835873309879, 4, 4, 2, 4
hasan, normal, green, 240.97859327217168, 0.6165469924043865, 0.7540953153971884, 1.1444950257148874, 4, 4, 4, 4
hasan, normal, green, 130.25257673575712, 2.5106404548506482, 1.2259648123398594, 1.5569110696165127, 4, 4, 4, 4
hasan, normal, green, 227.7895397161454, 8.837416053297519, 1.5270541788512615, 0.4684128508324315, 4, 1, 4, 4
hasan, normal, green, 257.94442228427044, 9.5806176075447, 1.3760558007772143, 0.6819682621792368, 4, 1, 4, 4
hasan, normal, green, 255.7284049106945, 2.7934302992213618, 1.1641966519885327, 0.7519653777170954, 4, 4, 4, 4
hasan, closedeyes, green, 250.1698946653075, 3.923080455834775, 1.030605779044084, 2.1757785543852424, 4, 3, 4, 4
hasan, closedeyes, green, 325.6314418393928, 2.6787329928905064, 1.537804586630434, 1.92439307447285, 4, 4, 4, 4
hasan, closedeyes, green, 224.63850190659568, 3.2919212256899706, 1.2524939643972504, 0.5448312251024936, 4, 3, 4, 4
hasan, oneleg, green, 138.82821222270766, 5.9322811825685315, 4.38555956781664, 2.1468994969316593, 4, 2, 1, 4
hasan, oneleg, green, 225.82921665490474, 4.924828516571674, 2.7155309539903447, 1.8942993512367658, 4, 3, 2, 4
hasan, oneleg, green, 180.3007135575943, 6.590701900137789, 3.007376073455874, 2.3331107969394216, 4, 2, 2, 4
hasan, oneleg, green, 281.53973108101553, 4.310943304296352, 2.8611680278636404, 2.8380635294437795, 4, 3, 2, 3
hasan, oneleg, green, 191.9809717974855, 7.245587229617251, 3.917104950034573, 2.204578772405925, 4, 2, 2, 4
hasan, oneleg, green, 173.2925586136596, 16.28820301845006, 4.776559491147951, 1.8671879597811445, 4, 0, 1, 4
nassim, normal, green, 169.58576591604108, 4.773451028031615, 2.212176892315634, 1.3806598163713633, 4, 3, 3, 4
nassim, normal, green, 219.9482474711832, 3.2361113041183924, 1.6124757624176018, 0.5259893706059365, 4, 3, 4, 4
nassim, normal, green, 259.69613125576427, 76.13067603846758, 8.407962107116395, 102.69892088299048, 4, 0, 0, 0
nassim, normal, green, 380.5640502888212, 2.0869834755882763, 1.2117125149223376, 2.1541191317171298, 4, 4, 4, 4
nassim, normal, green, 276.7584097859327, 1.9278837736495853, 1.4383298292350597, 1.6310562322457804, 4, 4, 4, 4
nassim, oneleg, green, 187.90349983010532, 5.208655721300267, 4.453391772788664, 2.5586655602363253, 4, 2, 1, 3
nassim, oneleg, green, 180.1979546874486, 3.986271461485546, 4.007589458392632, 1.6504341708218928, 4, 3, 1, 4
nassim, oneleg, green, 189.81335020563122, 3.064395555252964, 3.424138929494947, 1.3731442348404599, 4, 3, 2, 4
nassim, oneleg, green, 168.9679671331047, 3.462016784029606, 3.464586859812753, 0.5955997713397521, 4, 3, 2, 4
nassim, oneleg, green, 155.2351827581185, 2.851350242023121, 3.484434207451766, 0.5831129850330729, 4, 4, 2, 4
nassim, oneleg, green, 199.86893840104847, 3.7058559313004347, 2.729311586537316, 1.7026005653569913, 4, 3, 2, 4
nassim, closedeyes, green, 284.91335372069324, 4.385280185606846, 1.9515906157213148, 2.0701463044050965, 4, 3, 4, 4
nassim, closedeyes, green, 195.78895567506763, 2.591917142759341, 1.9416179203483688, 0.8538733260167065, 4, 4, 4, 4
nassim, closedeyes, green, 267.94815785641447, 0.8713492800575785, 2.0861063692758437, 0.8464571125107179, 4, 4, 3, 4
nassim, closedeyes, green, 220.9989806320081, 1.5010523200896808, 1.8103060662424888, 0.49060370578170914, 4, 4, 4, 4
nassim, closedeyes, green, 240.6594867703763, 1.8407632875609377, 1.958207229431438, 0.8030465054652457, 4, 4, 4, 4
hasan, normal, green, 200.13591573224596, 8.007128815073433, 1.3564963627386197, 1.454844274832179, 4, 1, 4, 4
hasan, normal, green, 269.6691687517376, 1.7482135175251805, 1.0930607039564753, 1.067750844376818, 4, 4, 4, 4
hasan, normal, green, 204.57661077718015, 5.281571221168582, 1.3979614762150148, 1.9173624094549393, 4, 2, 4, 4
hasan, normal, green, 249.08035278996587, 20.715300465371364, 1.7385281637398056, 1.041776242602108, 4, 0, 4, 4
hasan, normal, green, 227.39747510389714, 5.257891286764918, 1.3014702144147419, 0.9624563010647476, 4, 2, 4, 4
hasan, normal, green, 163.09887869520892, 1.5215702611828135, 0.9233565506630582, 0.6278330677051066, 4, 4, 4, 4
hasan, closedeyes, green, 126.09138855648617, 4.492070776128376, 1.2491589401900485, 1.375695205019407, 4, 3, 4, 4
hasan, closedeyes, green, 196.05844376486576, 9.135693148480732, 1.735701713612949, 0.7799280090893501, 4, 1, 4, 4
hasan, closedeyes, green, 158.56835428700896, 2.6850664096232357, 1.3278002403726397, 1.3659269492261146, 4, 4, 4, 4
hasan, closedeyes, green, 271.5225651005468, 5.890535594290192, 1.7461072338644135, 1.2363833006965377, 4, 2, 4, 4
hasan, closedeyes, green, 158.85151206252118, 3.5733848990255628, 1.203344360949093, 1.1758752511461037, 4, 3, 4, 4
hasan, closedeyes, green, 273.2877044803651, 6.576268776586554, 1.497815312387764, 1.295716187214429, 4, 2, 4, 4
hasan, oneleg, green, 171.19385980691973, 6.487348985810228, 4.070813461206844, 1.881327318366027, 4, 2, 1, 4
hasan, oneleg, green, 191.6411824668705, 8.718657688317144, 5.585570536880345, 0.994264189260516, 4, 1, 0, 4
hasan, oneleg, green, 124.92680070271331, 4.369749380188732, 4.092611650589251, 0.8660547940944797, 4, 3, 1, 4
hasan, oneleg, green, 174.21925678806406, 8.213203871876653, 3.392734508236223, 1.7722721796791858, 4, 1, 2, 4
hasan, oneleg, green, 189.73397783696683, 6.395973236066761, 3.519497818533253, 2.3892464130295736, 4, 2, 2, 4
hasan, oneleg, green, 223.47682898141613, 14.53798396104263, 4.430667417840311, 2.67459806734251, 4, 0, 1, 3
hasan, oneleg, green, 206.42201834862365, 7.762152153598181, 5.849251062635237, 1.7517520302647471, 4, 2, 0, 4
hasan, normal, green, 399.00975680792027, 1.3386914194854227, 1.2694404520350797, 1.0037077224235114, 4, 4, 4, 4
hasan, normal, green, 307.4199259616933, 1.956256744038226, 1.3801160632183496, 1.714480787812751, 4, 4, 4, 4
hasan, normal, green, 279.59807776321543, 2.853286502037287, 1.4144816830709512, 0.6194903343295933, 4, 4, 4, 4
hasan, normal, green, 238.1243628950051, 1.718706137136482, 1.37201325482989, 0.7608364367001791, 4, 4, 4, 4
hasan, normal, green, 237.71661569826696, 1.2970397200251076, 1.0677289932595098, 0.6829673708480707, 4, 4, 4, 4
hasan, closedeyes, green, 230.78491335372067, 10.194854781920077, 1.5064048746620686, 2.0007063880353204, 4, 1, 4, 4
hasan, closedeyes, green, 280.3261977573905, 3.18983757880797, 1.4557170133620128, 0.9086592358762174, 4, 3, 4, 4
hasan, closedeyes, green, 325.6314418393926, 1.498085931371895, 1.2451900109179879, 3.1611013023484995, 4, 4, 4, 3
hasan, closedeyes, green, 254.84199796126404, 14.220491835182575, 2.181406616384274, 1.1285746318010614, 4, 0, 3, 4
hasan, closedeyes, green, 147.0438328236493, 3.7705468228519425, 1.3694464124950414, 1.6461821286267708, 4, 3, 4, 4
hasan, closedeyes, green, 212.61103829911147, 7.596713023881251, 1.261664230954938, 0.791628924426204, 4, 2, 4, 4
hasan, oneleg, green, 294.5973496432209, 4.858396065669452, 2.9836824308875007, 2.026913986081672, 4, 3, 2, 4
hasan, oneleg, green, 253.56778797145793, 5.0634314755504235, 3.685683204005667, 2.2837625705890603, 4, 2, 2, 4
hasan, oneleg, green, 286.952089704383, 9.120710704084832, 3.503678358469233, 2.4278584043520115, 4, 1, 2, 4
hasan, oneleg, green, 338.19032200035986, 9.94388235099828, 3.748184206475976, 3.0033366149185157, 4, 1, 2, 3
hasan, oneleg, green, 305.8103975535169, 7.2455039689945515, 4.78743742231332, 0.9381490416488025, 4, 2, 1, 4
nassim, normal, green, 151.5276744634543, 1.2343888019888658, 1.3056830204552736, 1.1842323529695382, 4, 4, 4, 4
nassim, normal, green, 113.96534148827726, 1.912438507260099, 1.6418314972073609, 1.2633369511085943, 3, 4, 4, 4
nassim, normal, green, 187.1033507612378, 3.8166685547265344, 1.9014241282747617, 1.4147836297546805, 4, 3, 4, 4
nassim, normal, green, 149.32363556216762, 2.2921483458596468, 1.7110342904050517, 1.2158311043107113, 4, 4, 4, 4
nassim, normal, green, 150.1501501501502, 0.7426494272991173, 1.854596283757618, 1.2738322212778848, 4, 4, 4, 4
nassim, normal, green, 146.46708514405273, 0.9990643186342124, 1.520798714265666, 0.9987240337680521, 4, 4, 4, 4
nassim, normal, green, 145.5866593481272, 1.6781399613803563, 1.4180725106928251, 1.1980018057105468, 4, 4, 4, 4
nassim, normal, green, 176.4780835881753, 0.3553298085869959, 1.6176878285704033, 1.2904344003907957, 4, 4, 4, 4
nassim, normal, green, 182.49975337871237, 1.8790895577928959, 1.9234993245909302, 0.8389207336791445, 4, 4, 4, 4
nassim, normal, green, 181.8420966097793, 2.8554569532475136, 1.9758444839574938, 1.4368391760951054, 4, 4, 4, 4
nassim, normal, green, 238.2772680937816, 2.4043570231596103, 2.3358227859768865, 1.0573306363627233, 4, 4, 3, 4
nassim, normal, green, 106.16813801857943, 1.6018991816991726, 1.8147201837854439, 1.0113206595931523, 3, 4, 4, 4
nassim, closedeyes, green, 166.6966480781915, 1.1876361027917215, 1.7288845285479029, 1.397692782206661, 4, 4, 4, 4
nassim, closedeyes, green, 229.56167176350664, 1.4951036584322537, 1.7813425399718328, 1.7302230364176785, 4, 4, 4, 4
nassim, closedeyes, green, 167.7323695672319, 3.775279175604087, 2.434418542426778, 1.162558398614372, 4, 3, 3, 4
nassim, closedeyes, green, 239.55147808358817, 1.8504229512782433, 1.60463075890985, 0.8452445118905211, 4, 4, 4, 4
nassim, closedeyes, green, 205.69389835444878, 2.236967432456714, 2.1898200378529027, 1.722387207918047, 4, 4, 3, 4
nassim, closedeyes, green, 208.78166647789482, 1.8696654272862754, 2.323156924165841, 1.8379262906473675, 4, 4, 3, 4
nassim, closedeyes, green, 145.84803575629277, 2.843797367447813, 1.4762377363713122, 1.7916393366768912, 4, 4, 4, 4
nassim, closedeyes, green, 163.09887869520912, 3.912417000881228, 1.7300810027320326, 1.777814335654774, 4, 3, 4, 4
nassim, closedeyes, green, 234.01143464964778, 3.0131288510286125, 1.6093407191290994, 0.6673887019304588, 4, 3, 4, 4
nassim, closedeyes, green, 170.82136348191398, 1.8127399144367533, 1.9456039352115877, 1.0851731085844611, 4, 4, 4, 4
nassim, closedeyes, green, 224.26095820591232, 1.7673607528023032, 1.6633227437758846, 1.0261931779709883, 4, 4, 4, 4
nassim, closedeyes, green, 202.78141837774848, 1.6507622174017675, 1.86338783465135, 1.3109554665840113, 4, 4, 4, 4
nassim, oneleg, green, 161.93388670452887, 89.4537295950563, 9.206839682184343, 2.3171248131307296, 4, 0, 0, 4
nassim, oneleg, green, 97.01571232732257, 6.791577739755642, 3.380273956093319, 1.2075385104290521, 2, 2, 2, 4
nassim, oneleg, green, 143.784537797092, 20.60876707348722, 6.000083761739114, 1.4089939857376006, 4, 0, 0, 4
nassim, oneleg, green, 136.4958603714477, 5.065995709534493, 4.416171713352633, 1.2915578782402182, 4, 2, 1, 4
nassim, oneleg, green, 168.19571865443433, 3.954421246408576, 3.038005446668015, 1.1884761517180473, 4, 3, 2, 4
nassim, oneleg, green, 152.35418905143672, 4.361114026658922, 4.060175369513491, 0.9219518418826365, 4, 3, 1, 4
nassim, oneleg, green, 48.877388326929605, 6.149422830006427, 3.757289936131142, 0.9802923165736437, 0, 2, 2, 4
nassim, oneleg, green, 134.0095969767038, 2.6390972721466377, 3.289673289455447, 0.762649076624228, 4, 4, 2, 4
nassim, oneleg, green, 178.0708460754333, 7.297247533493652, 3.199611485676351, 1.06472350820475, 4, 2, 2, 4
nassim, oneleg, green, 134.21678559293238, 5.047601936534913, 3.8357692305468976, 1.0977795047221621, 4, 2, 2, 4
nassim, oneleg, green, 146.46708514405273, 2.9725524090501634, 3.134060385113928, 0.9815264051970399, 4, 4, 2, 4
nassim, oneleg, green, 115.04295907965631, 6.921659645082776, 3.964202845217564, 0.7542496627100098, 3, 2, 2, 4
nassim, oneleg, green, 116.08313049990639, 4.948100876875918, 3.863248352492308, 0.8945317445325535, 3, 3, 2, 4
nassim, oneleg, green, 151.8031793261151, 5.6112619974438545, 3.052887791278391, 1.1749992660597417, 4, 2, 2, 4
nassim, oneleg, green, 173.92966360856252, 4.153778401025373, 3.2353896003716875, 0.9258506536044858, 4, 3, 2, 4
milana, normal, green, 217.46517159361193, 1.8307032412312756, 1.5017777037860465, 0.6963765549389828, 4, 4, 4, 4
milana, closedeyes, green, 249.96675973939784, 2.5950734081618774, 1.7850964467293624, 1.2538756924392136, 4, 4, 4, 4
milana, oneleg, green, 154.7829819196309, 7.228985137183661, 5.455483570593512, 3.239595516816027, 4, 2, 0, 3
milana, normal, green, 183.48623853211006, 10.903882941296589, 2.001184803027194, 1.023557796119229, 4, 1, 3, 4
milana, normal, green, 161.68308981764625, 1.6664661058860535, 1.3392301870331018, 1.3063713231463578, 4, 4, 4, 4
milana, normal, green, 193.34012911994574, 2.5727046419061543, 1.5348774420529159, 1.1676833537064444, 4, 4, 4, 4
milana, normal, green, 167.75884665792918, 7.07914491652921, 1.5271389782658618, 2.109139402347217, 4, 2, 4, 4
milana, normal, green, 196.5923984272606, 3.1726655748630113, 1.332168288729758, 2.145795075069538, 4, 3, 4, 4
milana, normal, green, 139.79903888160771, 1.3623649192005933, 1.309779499522331, 1.74259488918807, 4, 4, 4, 4
milana, normal, green, 139.79903888160771, 3.7439150998484374, 1.5512932382114772, 1.4956351380444468, 4, 3, 4, 4
milana, normal, green, 176.07265313687327, 2.0738154720077984, 1.2757896807433378, 1.1825320547871314, 4, 4, 4, 4
milana, normal, green, 187.43217914570383, 1.1394488920084436, 1.2534871898488236, 1.6703423392448828, 4, 4, 4, 4
milana, closedeyes, green, 193.00033978933016, 3.8634211163433063, 1.438410801288768, 1.7241785394001752, 4, 3, 4, 4
milana, closedeyes, green, 190.28202514440997, 1.261760396519721, 1.8223274750525427, 1.7125786411821957, 4, 4, 4, 4
milana, closedeyes, green, 145.197782253052, 9.347818811090345, 2.654263347532799, 2.0631572647752194, 4, 1, 2, 4
milana, closedeyes, green, 183.8047910295615, 1.7332585628329464, 1.607456056126724, 1.1289778179560959, 4, 4, 4, 4
milana, closedeyes, green, 171.79348803741664, 2.089417238310262, 1.6856291922762325, 1.479894730721538, 4, 4, 4, 4
milana, closedeyes, green, 128.97221114213536, 2.623996964456625, 1.3910107764569524, 1.1841579716959132, 4, 4, 4, 4
milana, closedeyes, green, 148.82772680937805, 1.4576624194425856, 1.5083425427924229, 1.9242275358593952, 4, 4, 4, 4
milana, closedeyes, green, 198.24949910365945, 1.9188231100310682, 1.420341599781259, 1.7982757159838443, 4, 4, 4, 4
milana, closedeyes, green, 172.9836592221914, 2.812759612335264, 1.711412254143323, 1.2009420574316776, 4, 4, 4, 4
milana, oneleg, green, 114.67889908256879, 12.831958801424355, 6.244885635569109, 3.1675415712873733, 3, 0, 0, 3
milana, oneleg, green, 110.78414401938718, 10.300765090143868, 8.070716642487497, 1.7944162193504485, 3, 1, 0, 4
milana, oneleg, green, 161.68308981764625, 3.2495200122076655, 3.124876565089505, 1.2299206326259817, 4, 3, 2, 4
milana, oneleg, green, 123.62547986206006, 3.6892960847034506, 2.5944008662895115, 2.293537905057484, 4, 3, 2, 4
milana, oneleg, green, 139.7990388816078, 2.4648432881371183, 3.351055025852379, 2.7025589942897006, 4, 4, 2, 3
milana, oneleg, green, 149.50730547060834, 1.424742942193492, 2.2343762616359157, 1.277375943923652, 4, 4, 3, 4
milana, oneleg, green, 151.0755639196006, 2.575830704996773, 2.751836784768728, 2.2119607620038826, 4, 4, 2, 4
milana, oneleg, green, 120.2438161809066, 2.138172637057495, 3.0956855652207844, 2.3380804232499517, 4, 4, 2, 4
alexi, normal, green, 215.69826707441385, 3.482252660608163, 1.622508883160108, 1.0704675639031622, 4, 3, 4, 4
alexi, normal, green, 265.52109120916435, 0.7042378111881986, 1.272713384311923, 1.006372541154095, 4, 4, 4, 4
alexi, normal, green, 235.7288481141692, 3.362983530221199, 1.4930423259810985, 0.9813945123244, 4, 3, 4, 4
alexi, normal, green, 262.60861123246445, 47.3452889702649, 9.758710690208158, 1.5039246610543398, 4, 0, 0, 4
alexi, closedeyes, green, 185.86476384641531, 1.1489520645333273, 1.8706231263933266, 0.951474145713488, 4, 4, 4, 4
alexi, closedeyes, green, 217.32925586136594, 1.1273043267419134, 1.424886833900515, 0.9343087162654223, 4, 4, 4, 4
alexi, closedeyes, green, 159.0214067278288, 0.7425958248449329, 1.2558104188767796, 0.8468499125004748, 4, 4, 4, 4
alexi, closedeyes, green, 217.59585979769463, 1.0443243033734795, 1.7036632431115255, 1.622831878648862, 4, 4, 4, 4
alexi, closedeyes, green, 198.41269841269852, 1.25386270654473, 1.4077711289302248, 1.5962396907516487, 4, 4, 4, 4
alexi, oneleg, green, 155.1704609808586, 10.696036211793619, 4.904372844276261, 2.7063282941597433, 4, 1, 1, 3
alexi, oneleg, green, 179.0689772341155, 21.405794523481582, 7.290829196809906, 1.262401028461683, 4, 0, 0, 4
alexi, oneleg, green, 257.62209248447755, 20.205065495292114, 11.318381794946466, 3.9242167069122385, 4, 0, 0, 2
alexi, oneleg, green, 112.5465476710562, 6.880945360442299, 5.293677849169303, 3.326532940484893, 3, 2, 0, 3
alexi, oneleg, green, 117.33576246556905, 24.440990194649626, 15.477945456329557, 2.646064908303786, 3, 0, 0, 3
alexi, normal, green, 246.42113194167393, 0.9301572959031327, 1.3875864061793708, 2.2350652066813406, 4, 4, 4, 4
alexi, normal, green, 231.4814814814815, 1.2322139616264598, 1.3753289367105659, 1.567532723036103, 4, 4, 4, 4
alexi, normal, green, 186.54434250764538, 1.7559981157538003, 1.2831817947254274, 0.9811307436361603, 4, 4, 4, 4
alexi, normal, green, 216.51376146788988, 0.5363578533674505, 1.230888942858502, 2.2785051982889994, 4, 4, 4, 4
alexi, normal, green, 167.7323695672319, 1.7582649572190778, 1.7274629216509738, 2.3548468111231786, 4, 4, 4, 4
alexi, closedeyes, green, 193.32841224647612, 2.6628154263678003, 1.6464864552021814, 1.9352040995739341, 4, 4, 4, 4
alexi, closedeyes, green, 253.91529978685944, 0.7165395175458745, 1.4267699292661968, 1.3135611822596898, 4, 4, 4, 4
alexi, closedeyes, green, 285.42303771661574, 0.5839504865713584, 1.2532118977298574, 0.9842948169618165, 4, 4, 4, 4
alexi, closedeyes, green, 233.18042813455656, 2.143576958788863, 1.7350574786529236, 0.6994458834085778, 4, 4, 4, 4
alexi, closedeyes, green, 199.50487840396076, 15.876163883485225, 3.337925809112205, 1.1126041683062793, 4, 0, 2, 4
alexi, oneleg, green, 171.38124362895036, 4.145424757506032, 4.006202700202459, 1.6336357426380808, 4, 3, 1, 4
alexi, oneleg, green, 150.92309434817074, 2.734106511734896, 3.8527862188274145, 2.239477868018042, 4, 4, 2, 4
alexi, oneleg, green, 109.217999126256, 3.6282659093600134, 4.602029166480934, 3.0840247507444314, 3, 3, 1, 3
alexi, oneleg, green, 93.85215649056202, 5.674240119470258, 5.469606094310723, 1.8411046267843616, 2, 2, 0, 4
alexi, oneleg, green, 140.09775477665383, 2.847754384636052, 4.529891114802604, 1.7187935473237967, 4, 4, 1, 4
hasan, normal, green, 343.5869760748337, 60.40253275144296, 8.693368589190982, 0.5592966703387119, 4, 0, 0, 4
hasan, normal, green, 288.4811416921509, 0.957579099665895, 0.8174838344470486, 0.43220863680900456, 4, 4, 4, 4
hasan, normal, green, 255.28520143597922, 1.3683951509166388, 0.9936067380585406, 1.1350015588490554, 4, 4, 4, 4
hasan, normal, green, 223.12832710386226, 4.611155151008871, 1.1827755453098496, 0.626900582714587, 4, 3, 4, 4
hasan, normal, green, 308.4929449004776, 1.48614921836609, 0.9881479724279112, 0.9350186521840597, 4, 4, 4, 4
hasan, normal, green, 146.37078857262338, 3.440195682022387, 1.1686608238279077, 1.7549523525169894, 4, 3, 4, 4
hasan, closedeyes, green, 268.7424705773328, 16.20327470310176, 1.310042934779104, 1.041088243471617, 4, 0, 4, 4
hasan, closedeyes, green, 240.97859327217122, 2.1188050295687, 1.2547357343617054, 0.6705843708829821, 4, 4, 4, 4
hasan, closedeyes, green, 304.7373786147326, 3.3557274557560137, 1.2838203242677937, 0.7223348821469124, 4, 3, 4, 4
hasan, closedeyes, green, 240.5708460754332, 4.653254906666186, 1.1752762977593019, 1.0205507849517481, 4, 3, 4, 4
hasan, oneleg, green, 187.10335076123766, 4.066618595227022, 3.2249351713312273, 2.4659039844602737, 4, 3, 2, 4
hasan, oneleg, green, 166.59385466724922, 12.13179540538377, 4.833261398009759, 1.4446011618587435, 4, 0, 1, 4
hasan, oneleg, green, 167.17635066258916, 16.439547074615703, 4.67653266612474, 0.7826602507778702, 4, 0, 1, 4
hasan, oneleg, green, 182.84913353720702, 12.154277361741478, 4.815510801485328, 1.4513219227009024, 4, 0, 1, 4
hasan, oneleg, green, 201.06154873633517, 5.520817612922383, 3.6764770060338425, 1.750898150133582, 4, 2, 2, 4
milana, normal, green, 137.12926556963225, 12.093704118327803, 2.616647950941348, 1.8498713046751358, 4, 0, 2, 4
milana, normal, green, 162.24940536867138, 6.287408924727562, 2.390365278508611, 1.5018712028732368, 4, 2, 3, 4
hasan, normal, green, 248.6371493152506, 0.5231539426930092, 0.8344552983846559, 0.7238416262724864, 4, 4, 4, 4
milana, normal, green, 145.1977822530519, 0.7675608155863092, 0.9966116756105412, 1.6989772882168814, 4, 4, 4, 4
milana, normal, green, 162.24940536867135, 1.6230722567924178, 1.1362931777517309, 1.71725398866782, 4, 4, 4, 4
milana, normal, green, 181.32394279183274, 0.9727404785487304, 1.3676068897249347, 2.507481553971794, 4, 4, 4, 3
milana, normal, green, 155.58774612371894, 27.717072143747316, 3.686591367797461, 2.007923407659007, 4, 0, 2, 4
milana, normal, green, 133.67621165786304, 1.94725628192338, 0.9086670023197491, 1.698167992833679, 4, 4, 4, 4
milana, normal, green, 171.19385980691973, 1.754074591821879, 1.0410549293465097, 1.653598603337489, 4, 4, 4, 4
milana, normal, green, 150.5528111032698, 0.6666453783708712, 0.8953552914610041, 1.7903079739129442, 4, 4, 4, 4
milana, normal, green, 163.38203647072146, 0.8416554985248434, 0.9155762047630563, 1.9741137693873514, 4, 4, 4, 4
milana, closedeyes, green, 232.00815494393476, 1.3505374846293947, 1.3370142509526743, 2.127691969855893, 4, 4, 4, 4
milana, closedeyes, green, 175.45485435393687, 3.127035296992512, 1.5475977596587458, 1.9947690492582775, 4, 3, 4, 4
milana, closedeyes, green, 148.46179983794667, 1.5282106667785633, 1.4239330844995406, 2.5840861948151312, 4, 4, 4, 3
milana, closedeyes, green, 160.06832520593983, 1.6886840648606705, 1.6998443007102515, 2.176769104090654, 4, 4, 4, 4
milana, closedeyes, green, 169.2150866462794, 1.3815774703296322, 1.5577920513968273, 2.5942893161617673, 4, 4, 4, 3
milana, closedeyes, green, 145.25993883792043, 0.6533071557675733, 1.1416025524655045, 1.9285270602473108, 4, 4, 4, 4
milana, closedeyes, green, 155.31949138902306, 3.458850255432618, 1.650851696088741, 1.8267744461055564, 4, 3, 4, 4
milana, oneleg, green, 143.2087715372566, 1.7125226311543376, 2.5082202677776184, 1.907779259323306, 4, 4, 2, 4
milana, oneleg, green, 151.33694032776597, 2.1838365669976585, 2.217933951275827, 1.4137492129409062, 4, 4, 3, 4
milana, oneleg, green, 138.82821222270755, 2.1694344451440033, 1.9493994246527255, 1.356299514170651, 4, 4, 4, 4
milana, oneleg, green, 127.64260071798965, 1.2868511476168714, 2.3745427243833688, 1.772220661502766, 4, 4, 3, 4
milana, oneleg, green, 150.29143469510456, 2.7899550360067473, 3.2116819100905265, 1.2087360083159735, 4, 4, 2, 4
milana, oneleg, green, 145.5147808358817, 2.3789555867097, 2.5644730859880465, 1.8031157405251073, 4, 4, 2, 4
milana, oneleg, green, 144.8738145985852, 6.641194059807118, 3.292486460111101, 3.1813072025543323, 4, 2, 2, 3
milana, oneleg, green, 176.99935131127788, 3.211245815512856, 2.6344799285590463, 1.6505842925255885, 4, 3, 2, 4
milana, oneleg, green, 137.12926556963248, 2.6760944572800027, 3.513215425203105, 2.7685181407074633, 4, 4, 2, 3
