5.0,15.0, 40.0, 80.0, 60.0, 100.0, 80.0, 120.0, 100.0, 140.0
3.942488526692715E-5,-1.0,3.9436950568136594E-5,-1.0,3.631744901134315E-6,-1.0,3.937811364323298E-5,-1.0,
3.507181802532265E-5,-1.0,3.502276692574533E-5,-1.0,3.5107942244991186E-5,-1.0,3.50972509705034E-5,3.502092086198013E-5,
3.8053564235334775E-5,-1.0,3.78961069236644E-5,-1.0,3.792386380491005E-5,-1.0,0.0,3.7978815765033996E-5,
0.0,-1.0,0.0,-1.0,0.0,-1.0,0.0,0.07698588977121246,
0.0,-1.0,0.0,-1.0,0.0,-1.0,0.0,3.172371689891265E-5,
0.1552276840211181,-1.0,0.0,-1.0,0.006199016556536418,-1.0,0.0,6.826612550159969E-5,
0.0020577619487548967,-1.0,0.0,-1.0,0.0,-1.0,0.0,0.23176381475889335,
0.0,-1.0,0.0,-1.0,0.0,-1.0,0.0,0.17294740495737063,
0.0,-1.0,0.0,-1.0,0.0,-1.0,-1.0,0.0,
2.1985783897659933E-5,-1.0,1.2053294417625424E-5,-1.0,-1.0,4.2393456883649333E-7,2.1939121452421858E-5,-1.0,
2.626622359151676E-5,-1.0,2.4623334110965018E-5,-1.0,7.85135536737916E-6,2.6271653255386416E-5,0.0,2.630154096729E-5,
2.8650565295315432E-5,-1.0,1.6033325633007069E-6,-1.0,1.3208534073346091E-6,2.3642763788487416E-7,0.0,2.8737102285537214E-5,
0.00355538941666793,-1.0,0.20428733401769258,-1.0,0.0,0.0,0.0,1.3052278541574481E-5,
0.004040299960032162,-1.0,0.005504022164696821,-1.0,0.0,0.0,0.0,0.41700856192502056,
0.003946925366289253,-1.0,0.0,-1.0,0.0,0.0,0.0,0.30752808205606186,
0.004506783433536149,-1.0,0.0,-1.0,0.0,0.0,0.0,0.2935054461330576,
0.0,-1.0,0.0,-1.0,0.0,0.0,0.0,0.21205137906304536,
0.0,-1.0,0.0,-1.0,0.0,0.0,-1.0,0.0,
3.660455727016606E-5,-1.0,3.663944418058228E-5,-1.0,-1.0,0.0,3.6688408844359794E-5,-1.0,
2.2858719418760928E-4,-1.0,3.567323757081988E-5,-1.0,1.5408546112194148E-7,0.0,0.0,3.55832127267976E-5,
0.011037519968941761,-1.0,0.009992901203909523,-1.0,0.0,0.0,0.0,0.15255386929580123,
0.007159936711066225,-1.0,0.011812081863671645,-1.0,0.0,0.0,0.0,0.2902741963417055,
0.0038350095006829993,-1.0,0.007044283976314697,-1.0,0.0,0.0,0.0,0.2428500991320755,
8.682102392432289E-4,-1.0,0.0,-1.0,0.005068040172624843,0.0,0.0,0.256657812860485,
7.341050805910272E-4,-1.0,0.0,-1.0,0.0,0.0,0.0,0.18146216409581759,
0.0,-1.0,0.0,-1.0,0.0,0.0,-1.0,0.0059188448671214314,
1.0174047609062806E-5,-1.0,1.01546233906576E-5,-1.0,-1.0,8.155012827370213E-6,0.0,-1.0,
0.204792591669045,-1.0,3.832383416791233E-4,-1.0,0.0,0.0,0.0,0.0025005076534538313,
0.009030203070468056,-1.0,0.0,-1.0,0.0,0.0,0.0,0.2769848897538956,
0.0,-1.0,0.005000717829383229,-1.0,0.0,0.0,6.834449910379068E-5,0.1674045336042199,
9.227036911685917E-5,-1.0,0.0,-1.0,0.0,0.0,0.0,0.020907563130151567,
6.267840873725181E-4,-1.0,0.0,-1.0,0.2479953983769168,0.0,0.0,0.0033614940211949156,
0.0,-1.0,0.0,-1.0,0.0,0.0,-1.0,0.0,
0.2673732249564551,-1.0,8.304674220816672E-4,-1.0,-1.0,0.0,0.0036034690517653197,-1.0,
0.004666119497874157,-1.0,0.012989266255955674,-1.0,0.0,0.0,0.0,0.3250875583729376,
0.006278948998244351,-1.0,0.0037442646648885424,-1.0,0.0,1.311611794881172E-4,0.0,0.31153975844015774,
0.0011386671692910902,-1.0,0.0,-1.0,0.0,0.0,0.0,0.340847556978862,
0.0035877136041080736,-1.0,0.0010452303086111296,-1.0,0.0,0.0,0.0,0.34486188040861604,
0.0,-1.0,0.0,-1.0,0.0,0.0,-1.0,0.003472626140890558,
0.0,-1.0,0.0,-1.0,-1.0,0.0,0.0017117218745267828,-1.0,
0.2844804554879135,-1.0,0.0013246034973305185,-1.0,0.0,8.656712227572748E-4,0.0,8.590806066978782E-5,
0.004545770668096383,-1.0,0.0,-1.0,0.0,0.0,0.0,0.33030455179553314,
0.0016053844445789174,-1.0,0.00576355311623407,-1.0,0.0,0.0,0.0,0.20179059741948663,
0.0,-1.0,0.0,-1.0,0.0,0.0,-1.0,0.005183719383320752,
0.22587374918063094,-1.0,2.951605148247046E-4,-1.0,-1.0,0.0,0.0032105188470031333,-1.0,
0.002075258347698727,-1.0,1.2835109402302045E-4,-1.0,0.0,0.0016106777495354986,0.0,0.2822002449289644,
6.388261756458923E-4,-1.0,0.005187404210344935,-1.0,0.0,0.0,0.0,0.19518454891072734,
0.0,-1.0,0.0,-1.0,0.0,0.0,-1.0,0.0,
0.26734751103317356,-1.0,0.0,-1.0,-1.0,0.0,0.0,-1.0,
8.88706391058912E-4,-1.0,0.0,-1.0,0.0,0.0,0.0,0.17962000303931797,
0.0,-1.0,0.0,-1.0,0.0,0.0,-1.0,2.1316074475164097E-4,
0.0022428291363140638,-1.0,0.12879892788649294,-1.0,-1.0,0.0,0.0050197649631525355,-1.0,
0.006011170926483161,-1.0,0.01533934289238058,-1.0,-1.0,0.0,-1.0,0.046815200457412914,
3.161241778811833E-5,-1.0,-1.0,3.1587696542272293E-5,2.592118462602962E-6,-1.0,3.163605363509565E-5,-1.0,
3.6775700542156E-5,-1.0,-1.0,3.662513874265064E-5,3.662029811307748E-5,-1.0,3.667346440984105E-5,3.674009611988586E-5,
3.6310991352899026E-5,-1.0,-1.0,3.653164393199827E-5,1.0386583643846596E-5,-1.0,0.0,3.6499421497934E-5,
0.0029356921321345825,-1.0,-1.0,0.0,0.0,-1.0,0.0,0.0826103222426559,
0.0026827521820648563,-1.0,-1.0,0.0,0.0,-1.0,0.0010101637342047436,0.20053244681350382,
2.902107255071585E-4,-1.0,-1.0,0.0,0.0,-1.0,0.0,0.24504618083562638,
0.002557648578364298,-1.0,-1.0,0.0,0.0,-1.0,0.0,0.24093335816289174,
0.0025837845213941947,-1.0,-1.0,0.0,0.0,-1.0,0.0,0.14994914051469949,
0.0,-1.0,-1.0,0.0,0.0,-1.0,-1.0,0.005256623408443176,
4.507992665553376E-5,-1.0,4.485459996305047E-5,4.507103475800588E-5,-1.0,4.4881856143750884E-5,4.507224147410026E-5,-1.0,
3.389441130006988E-5,-1.0,5.882389732921327E-6,2.7157267554446943E-6,6.655234402970593E-7,6.803722571522713E-7,3.4053944823211734E-5,3.3989237076855925E-5,
3.4680622108768485E-5,-1.0,3.467345833390626E-5,3.463351649455711E-5,3.218062919570061E-5,0.0,0.0,3.4782788634244626E-5,
0.01016287753586709,-1.0,8.548869737974492E-4,0.0,0.0,1.5043536086255908E-4,0.0058321635518922225,0.12123699365205313,
0.17329490291188424,-1.0,0.0,0.0,0.00505875456446897,0.0,0.0,0.0015528174841627066,
0.002973697659897534,-1.0,0.0,0.0,0.0,0.0,0.0,0.20400861142940904,
0.0,-1.0,0.0,0.0,0.0,0.0,0.0,0.23247998325268318,
0.0,-1.0,0.0,0.0,0.0,0.0,0.0,0.13308918487644006,
0.0,-1.0,0.0,0.0,0.0,0.0,-1.0,0.0,
2.389993812636346E-5,-1.0,2.3899826567578555E-5,1.3944043262519371E-5,-1.0,0.0,2.383365778614276E-5,-1.0,
2.6287709060602382E-5,-1.0,2.6185372016713097E-5,7.312440388363767E-6,6.648687696979039E-6,5.955445562134856E-7,0.0,2.6236427096008727E-5,
0.0,-1.0,0.0,0.0,0.0,0.0,0.0,0.022112738996569067,
0.18031649179749204,-1.0,0.0013456920331668515,0.0,0.005776496027668743,0.0,0.0,0.0,
1.6174359663090977E-4,-1.0,0.0,0.0,0.0,0.0,0.0,0.2374587001747872,
0.0011429087514209708,-1.0,0.0,0.0,0.0,0.0,0.0,0.28891863508820687,
6.297511314648237E-4,-1.0,9.603410635307794E-4,0.0,0.0,0.0,0.0,0.20959363982868012,
0.0,-1.0,0.0,0.0,0.0,0.0,-1.0,5.888522321629456E-5,
1.2643423106940669E-5,-1.0,1.264443699057165E-5,2.887866297966338E-7,-1.0,0.0,0.0,-1.0,
0.05538962593501196,-1.0,0.006990251448793735,0.0,0.0,0.0,0.0,0.0,
0.002258306908691113,-1.0,0.0,7.165937095835715E-4,0.0,5.873502118978799E-4,0.0,0.22856249845756968,
0.0,-1.0,0.0,0.0,0.0,0.0,0.0,0.1317247390311394,
0.0,-1.0,0.0,0.0,0.0,0.0,0.0,4.040947480364911E-4,
0.07839820023613275,-1.0,0.0,0.0,0.0,0.0,0.0,0.0,
0.0,-1.0,0.0,0.0,0.0,0.0,-1.0,0.0,
0.13997270767187478,-1.0,0.0,0.0,-1.0,0.0,0.0049029872850594285,-1.0,
0.013790524526787687,-1.0,0.0,0.0,0.0,0.0,0.0012947236616298445,0.3163982910393971,
0.002145004810684889,-1.0,0.0,0.0,0.005304319037278118,0.0,0.0,0.3278359599962201,
0.002812189469839141,-1.0,0.0,3.8185735164780364E-4,0.0,0.0,0.0,0.3182157997751997,
1.2622898740211248E-4,-1.0,0.0,0.001774369746613621,0.0,0.0,0.0,0.18497552167474493,
0.0,-1.0,0.0,0.0,0.0,0.0,-1.0,0.0,
0.09462768363607103,-1.0,0.0,0.0,-1.0,0.0,0.006382723944248112,-1.0,
0.006485685553768171,-1.0,0.010046674430467636,0.001657906386097947,0.0,0.0,0.0,0.24671106655434666,
0.0037567156298991084,-1.0,0.0,0.0,0.0,0.0,0.0,0.27451874146928307,
4.0084183006639656E-4,-1.0,0.0,0.0,0.0,0.0,0.0,0.17261707187476746,
0.0,-1.0,0.0,0.0,0.0,0.0,-1.0,0.0,
0.04944159889898377,-1.0,0.0,0.0,-1.0,0.0,0.0,-1.0,
4.7911349971067614E-4,-1.0,0.0,0.0,0.0,0.0,0.0,0.021440907097628616,
0.07827384118104151,-1.0,0.0,0.0,0.0,0.0,0.0,1.0220941470839429E-4,
0.0,-1.0,0.0,0.0,0.0,0.0,-1.0,0.0,
0.21511355550706224,-1.0,0.0,0.0,-1.0,0.0,0.0,-1.0,
0.002479055933391956,-1.0,0.0,0.0,0.0,0.0,0.0,0.16612629626981634,
0.0,-1.0,0.0,0.0,0.0,0.0,-1.0,5.268064480423345E-4,
0.2872288435777075,-1.0,0.0,0.0,-1.0,0.0,0.0,-1.0,
5.671570077930958E-4,-1.0,0.0,0.0,-1.0,0.0,-1.0,0.02290832016456728,
2.126085818062613E-5,-1.0,-1.0,7.738514480698445E-6,-1.0,-1.0,2.1329971450256624E-5,-1.0,
2.4255575569653882E-5,-1.0,-1.0,2.3236734579709688E-5,2.4328839366417603E-5,-1.0,1.9771970533048345E-5,2.422200509136004E-5,
3.107933373525984E-5,-1.0,-1.0,3.120099035274831E-5,3.1155989762032386E-5,-1.0,0.0,3.120371326493561E-5,
0.0036129352336901005,-1.0,-1.0,0.0,0.0,-1.0,0.0,0.1055297147335454,
0.004913671301171149,-1.0,-1.0,0.0,0.0,-1.0,0.0,0.24742121626521496,
0.004066406234477187,-1.0,-1.0,0.0,0.0,-1.0,0.0,0.2686679507278897,
9.306029618622693E-4,-1.0,-1.0,9.384017265903875E-4,0.007476732256468752,-1.0,8.756634528299289E-4,0.2702456417684819,
0.0019543653890596313,-1.0,-1.0,0.0,0.0,-1.0,0.0,0.17394361204758518,
0.0,-1.0,-1.0,0.0,0.0,-1.0,-1.0,0.002467661696079259,
2.403384947160619E-5,-1.0,2.3938906843993578E-5,2.404497220976821E-5,-1.0,2.36766313320948E-6,2.4013899057601128E-5,-1.0,
2.6579089402952642E-5,-1.0,2.6553464678653376E-5,2.665350596122361E-5,2.6674402457268838E-5,2.6639463229366026E-5,0.0,2.6660288626942346E-5,
0.009255876303733727,-1.0,0.0,0.0,0.0,0.0,7.846416815413605E-4,0.11437258289211062,
0.002013132379212048,-1.0,0.0,0.0014725828040399428,0.007408116289946682,0.0,0.0,0.2709003915006355,
0.0012209481986410853,-1.0,0.0,0.0,0.0,0.0,0.0,0.2292145427302026,
0.0014460202856872708,-1.0,0.0,0.0,0.0,0.0,0.0,0.24747193717147348,
0.0,-1.0,0.0,0.0,0.0,0.0,0.0,0.1676297685603468,
0.0,-1.0,0.0,0.0,0.0,0.0,-1.0,0.0,
1.1271420523590992E-5,-1.0,1.1231705028193571E-5,3.6405702186452452E-6,-1.0,0.0,0.0,-1.0,
0.1545562228300505,-1.0,0.0,3.752100347834233E-4,0.0,5.270496137806011E-4,3.157831516441465E-4,4.3759986313031624E-4,
7.755158786763016E-4,-1.0,5.676508919302121E-5,0.0,0.005826686080651723,0.0,0.0,0.29370889432230846,
0.0015883504023433241,-1.0,0.005226047855216813,0.0,0.0,0.0,0.0,0.2586484130227443,
0.002586629025212113,-1.0,0.0,0.0,0.0,0.0,0.0,0.25951427618312933,
9.52854009048076E-4,-1.0,0.0,0.0,0.0,0.0,0.0,0.16658783006042702,
0.0,-1.0,0.0,0.0,0.0,0.0,-1.0,0.0,
0.006191632747183484,-1.0,6.682466309917748E-4,0.0022592445772565044,-1.0,0.0,0.0,-1.0,
0.0023700206661932516,-1.0,0.0,0.0,0.0,0.0,0.0,0.2679970528016436,
7.470431988532783E-4,-1.0,0.0013343793588977545,0.0,0.007779217429335381,0.0,0.0,0.2616474143146109,
0.002579043879447065,-1.0,0.0,0.0010801398111565017,0.0,0.0,0.0,0.2596505274026564,
0.0,-1.0,0.0,0.0,0.0,0.0,0.0,0.1827322965071663,
0.0,-1.0,0.0,0.0,0.0,0.0,-1.0,0.0012339611992949401,
0.0,-1.0,0.0,0.0,-1.0,0.0,0.00624931002075306,-1.0,
4.2701745240717343E-4,-1.0,0.35596646716907837,0.0,0.0,0.0,0.0,1.678993009342605E-4,
0.0028693084862893713,-1.0,0.0,0.0,0.0,0.0,0.0,0.4328257015194835,
0.0,-1.0,0.0,0.0,0.0,0.0,0.0,0.23890152945870927,
0.0,-1.0,0.0,0.0,0.0,0.0,-1.0,8.834316433222145E-4,
0.11357888464373296,-1.0,0.0,0.0,-1.0,0.0,0.0,-1.0,
8.318696512330947E-4,-1.0,0.0,0.0,0.0,0.0,0.0,0.22208924840251493,
0.0,-1.0,0.0,0.0,0.0,0.0,0.0,0.15871071496144246,
0.0,-1.0,0.0,0.0,0.0,0.0,-1.0,0.0,
0.0036983476986626714,-1.0,0.282391141656246,0.0,-1.0,0.0,0.0,-1.0,
0.0016867437294208493,-1.0,0.0,0.0,0.0,0.0,0.0,0.19590099179700995,
0.0,-1.0,0.0,0.0,0.0,0.0,-1.0,0.0,
0.14170436953011867,-1.0,0.005038990225006872,0.0,-1.0,0.0,0.0,-1.0,
0.0,-1.0,0.0,0.0,-1.0,0.0,-1.0,0.012057339800427377,
1.8041214933258636E-5,-1.0,-1.0,1.0154919418029806E-5,-1.0,-1.0,1.805994914736665E-5,-1.0,
1.563310967203306E-5,-1.0,-1.0,7.155274405576624E-6,1.5599113190303583E-5,-1.0,0.0,1.5616809797842587E-5,
0.0,-1.0,-1.0,0.0,0.0,-1.0,0.0,8.326471759471123E-4,
0.16847137146147748,-1.0,-1.0,0.0,0.0,-1.0,0.0,0.0,
0.0,-1.0,-1.0,0.0020525523235264027,0.0,-1.0,0.0,0.21578763660868258,
0.003376191144277889,-1.0,-1.0,0.0,0.0,-1.0,0.0,0.2621204501482229,
7.005161558663246E-4,-1.0,-1.0,0.0,0.0,-1.0,0.0,0.16533345954963793,
0.0,-1.0,-1.0,0.0,0.0,-1.0,-1.0,9.479885371950239E-4,
9.684806975660119E-6,-1.0,9.640973093974032E-6,6.381955377007723E-6,-1.0,0.0,0.0,-1.0,
0.0015952957375958152,-1.0,0.16381839350250935,0.0,0.0,0.0,0.0,0.0,
0.0,-1.0,0.0,0.0,0.0,0.0,0.0,0.011658949925501974,
0.16927424538138705,-1.0,0.0,0.0,0.0,0.0,0.0,2.3447981537036446E-4,
0.00270872033493442,-1.0,0.0,0.0,0.0,0.0,0.0,0.24453167471035242,
3.687953280153192E-4,-1.0,0.0,0.0,0.0,0.0,0.0,0.19915265156058867,
0.0,-1.0,0.0,0.0,0.0,0.0,-1.0,0.0023777939035387425,
0.07668805126008235,-1.0,0.005044895500547521,0.0,-1.0,0.0,0.001364432986002079,-1.0,
0.00453724793164614,-1.0,0.0054654893438198975,0.0,0.0,0.0,0.0,0.22118548105927754,
0.0,-1.0,0.0011801615468936006,0.0,0.0,0.0,0.0,0.24417608617987557,
3.3552237609842675E-4,-1.0,0.0,0.0,0.0,0.0,0.0,0.2686655129561727,
0.0,-1.0,0.0,0.0,0.0,8.434852410803564E-4,0.0,0.1722485009461464,
0.0,-1.0,0.0,0.0,0.0,0.0,-1.0,0.0,
0.09237702167888365,-1.0,0.005754317083245824,7.058500886083019E-5,-1.0,7.133621477019154E-4,0.005872658947041745,-1.0,
0.011126970417301143,-1.0,0.005416713072384731,0.0,0.0,0.0,0.0,0.2262511897031971,
0.0012229070842865303,-1.0,0.0,0.0,0.0,0.0,0.0,0.27119717007008304,
0.0010701816003686766,-1.0,0.0,0.0010183070382512032,0.0,0.0,0.0,0.15737701190333922,
0.0,-1.0,0.0,0.0,0.0,0.0,-1.0,0.002047566612262057,
0.0,-1.0,0.0,0.0,-1.0,0.0,0.0011173684575521534,-1.0,
0.20359070416316333,-1.0,0.0,0.0,0.0,0.0,6.527294978095755E-4,0.004115215343675949,
4.033848793843363E-4,-1.0,0.0,7.714107407125661E-4,0.0,0.0,0.0,0.14645025537035317,
0.0,-1.0,0.0,0.0,0.0,0.0,-1.0,0.005152725819093943,
0.14953938437623637,-1.0,1.3481808753368837E-4,0.0022955085222259586,-1.0,0.0,0.0,-1.0,
0.001439907476231614,-1.0,0.0,0.0,0.0,0.0,0.0,0.18555826931986183,
0.0,-1.0,0.0,0.0,0.0,0.0,-1.0,0.0,
0.01739336636765233,-1.0,0.0,0.0,-1.0,0.0,0.0,-1.0,
0.0,-1.0,0.0,0.0,-1.0,0.0,-1.0,7.427907672733916E-4,
8.216940443243663E-6,-1.0,-1.0,7.972963232872324E-6,-1.0,-1.0,0.0,-1.0,
0.043570209224559266,-1.0,-1.0,0.0,0.009952675890544504,-1.0,0.0,0.0,
0.0019896180940718548,-1.0,-1.0,0.0,0.0,-1.0,0.0,0.16571614957912886,
0.005631860902861131,-1.0,-1.0,0.0,0.0,-1.0,0.0,0.18765846600393338,
0.002001527080559093,-1.0,-1.0,0.0,0.0,-1.0,0.0,0.21725860072254558,
0.0,-1.0,-1.0,0.0,0.0,-1.0,0.0,0.1469144036338767,
0.0,-1.0,-1.0,0.0,0.0,-1.0,-1.0,0.0,
0.0,-1.0,0.0,0.0,-1.0,0.0,0.00818151802918877,-1.0,
0.10325522822478983,-1.0,7.285760617195132E-4,7.775852965768491E-4,0.0,0.0,5.454795776119229E-4,4.0920915797690436E-5,
0.003701680392177257,-1.0,0.0,0.0,0.0,0.0,0.0,0.2352678155385711,
0.0,-1.0,4.833277034608326E-6,0.0,0.0,0.0,0.0,0.2505882749493414,
2.708162516959148E-4,-1.0,0.0,0.0,0.0,0.0,0.0,0.15624018489018804,
0.0,-1.0,0.0,0.0,0.0,0.0,-1.0,0.0,
0.08414802924568589,-1.0,0.0,2.734206545138232E-4,-1.0,0.0,8.905077557982094E-4,-1.0,
0.0012761873608832255,-1.0,0.0,0.0,0.0,0.001131075200000164,0.0,0.18523769471468052,
0.004831144890745078,-1.0,0.0,0.0,0.0,0.0,0.0,0.22887212831812995,
0.0,-1.0,0.0,0.0,0.0,4.301042672087116E-4,0.0,0.13108403913812214,
0.0,-1.0,0.0,0.0,0.0,0.0,-1.0,0.0,
0.042203854506181464,-1.0,0.0,0.0,-1.0,0.0,3.6554085358890396E-4,-1.0,
0.0,-1.0,0.0,0.0,1.1711276986258334E-4,0.0,0.0,0.2097645271723138,
0.001983166118538735,-1.0,0.0,0.0,0.0,0.0,0.0,0.14746199886782463,
0.0,-1.0,0.0,0.0,0.0,0.0,-1.0,0.0012549349341178467,
0.023949895821001422,-1.0,0.0,0.0,-1.0,0.0,0.0,-1.0,
0.0022102024332700736,-1.0,0.0,0.0,0.0,0.0,0.0,0.15655607198481594,
0.0,-1.0,0.0,0.0,0.0,0.0,-1.0,3.43265958565909E-4,
0.023545849115982613,-1.0,0.0,0.0,-1.0,0.0,0.0,-1.0,
0.0,-1.0,0.0,0.0,-1.0,0.0,-1.0,0.0029774945461382967,
0.0,-1.0,-1.0,0.0,-1.0,-1.0,0.02974213202748426,-1.0,
0.09641177751791095,-1.0,-1.0,0.0011108599892652841,0.0,-1.0,0.0,0.00588981036867386,
0.00973289479169768,-1.0,-1.0,9.203157140934334E-4,0.0,-1.0,0.0,0.2141218741152956,
0.0,-1.0,-1.0,0.0,0.0,-1.0,0.0,0.0017668987740750138,
0.06020413752469685,-1.0,-1.0,0.0,0.0,-1.0,0.0,0.0,
0.0,-1.0,-1.0,0.0,0.0,-1.0,-1.0,0.0,
0.0,-1.0,0.0,0.0,-1.0,0.0,0.0,-1.0,
0.004277195144082974,-1.0,0.0,7.659316296287026E-4,0.0,0.09063866526306423,0.0,0.0036291404159325097,
2.527107234162956E-5,-1.0,0.0,0.0,0.0,0.0,0.0,0.1876167771850001,
0.0,-1.0,0.0,0.0,0.0,0.0,0.0,0.15863770060667448,
0.0,-1.0,0.0,0.0,0.0,0.0,-1.0,0.0,
0.025890420981726458,-1.0,0.0,0.0,-1.0,0.0,0.0,-1.0,
0.003696866016850165,-1.0,0.0,0.0,0.0,0.0,0.0,0.2107524459900909,
0.0,-1.0,0.0,0.0,0.0,0.0,0.0,0.17874928505832458,
0.0,-1.0,0.0,0.0,0.0,0.0,-1.0,0.0,
0.013461801328338088,-1.0,8.307617930089899E-4,0.0,-1.0,0.0,0.0,-1.0,
1.7407174942434247E-4,-1.0,0.005192751974207475,6.632143053210927E-4,0.0,0.0,0.0,0.10652778389401682,
0.0,-1.0,0.0,0.0,0.0,0.0,-1.0,0.0,
0.0037279869691852477,-1.0,0.051435315558234926,0.0,-1.0,0.0,2.3721851692373527E-4,-1.0,
2.790284769156608E-4,-1.0,0.0,0.0,-1.0,0.0,-1.0,0.048822862803597884,
0.040626357635579584,-1.0,-1.0,0.0,-1.0,-1.0,0.0,-1.0,
0.0,-1.0,-1.0,0.0,0.0,-1.0,0.0,0.011865604243622672,
0.13630133184257284,-1.0,-1.0,0.0,0.0,-1.0,0.0,1.5051493928420904E-4,
0.0,-1.0,-1.0,0.0,0.00100119352654378,-1.0,0.0,0.1255605309976642,
0.0,-1.0,-1.0,0.0,0.0,-1.0,-1.0,0.0,
0.017694271019124966,-1.0,0.0,0.0,-1.0,0.0,3.665020746070117E-5,-1.0,
0.0017205454849883698,-1.0,0.0,0.0,0.0,0.0,0.0,0.2045609799746388,
9.811628875124993E-4,-1.0,0.0,0.0,0.0,0.0,0.0,0.1758767852351902,
0.0,-1.0,0.0,0.0,0.0,0.0,-1.0,0.005211039463365351,
0.0021377859031192128,-1.0,0.11869093089471629,0.0,-1.0,7.288547702611092E-4,8.587832946896052E-4,-1.0,
0.0070077116607370985,-1.0,0.0,1.800728553475748E-4,0.005008531105646977,0.0,0.0,0.1266106670892938,
0.0,-1.0,0.0,0.0,0.0,0.0,-1.0,0.0010648746196369376,
0.00259630533720471,-1.0,0.1183661760683975,0.0,-1.0,0.0,0.0,-1.0,
0.0,-1.0,0.0,0.0,-1.0,0.0,-1.0,0.00911842100684428,
0.03565607099782961,-1.0,-1.0,0.0,-1.0,-1.0,4.4393639702520896E-4,-1.0,
0.0,-1.0,-1.0,0.0,0.0,-1.0,0.0,0.17923429707024777,
6.244286018020736E-4,-1.0,-1.0,0.0,0.0,-1.0,0.0,0.14613534704967676,
0.0,-1.0,-1.0,0.0,0.0,-1.0,-1.0,0.0,
0.027574961468456963,-1.0,0.014028261874389972,0.0,-1.0,0.0011221927971988984,0.006737277107424014,-1.0,
0.0872436738569964,-1.0,0.005911135762386519,4.503377263612237E-4,0.005596563742289835,9.214040273634439E-4,0.0,0.020999946901830636,
0.0,-1.0,0.0,0.0,0.0,0.0,-1.0,1.6411642071917194E-4,
0.0019829226531529356,-1.0,0.10659977989964665,0.0,-1.0,7.067444441183591E-5,0.01395380098507189,-1.0,
0.001169437303887026,-1.0,0.0,0.0,-1.0,0.0,-1.0,0.03832355433934955,
0.012628370564638685,-1.0,-1.0,0.0,-1.0,-1.0,0.0,-1.0,
3.0156311375550976E-4,-1.0,-1.0,0.0,4.661675795736212E-5,-1.0,0.0,0.10069585975945813,
0.0,-1.0,-1.0,0.0,0.0,-1.0,-1.0,0.0,
0.006848814446082311,-1.0,-1.0,0.0014309764405476275,-1.0,0.0,0.0,-1.0,
6.114066277585821E-4,-1.0,-1.0,3.7219009549011744E-4,-1.0,0.0,-1.0,3.693941074279646E-4,
-1.0,4.3209153825442136E-5,2.9751276915211475E-5,-1.0,4.298271001756473E-5,-1.0,4.31593914664161E-5,-1.0,
-1.0,3.878362530546869E-5,3.868124013919234E-5,-1.0,3.857803574255657E-5,-1.0,3.879156700937625E-5,3.8735564741098626E-5,
-1.0,3.570016854603483E-5,3.556366875071651E-5,-1.0,3.5615741598366074E-5,-1.0,0.0,3.566042846072825E-5,
-1.0,5.879701445486221E-4,0.011492497068520381,-1.0,0.0,-1.0,0.0,0.21074070960619973,
-1.0,0.0,0.010773021035892606,-1.0,0.013294237440659933,-1.0,0.0,0.32909563741380216,
-1.0,0.001274724114982759,0.010049546174950796,-1.0,0.01259742151021398,-1.0,0.0,0.34855984805480805,
-1.0,3.0138912205884466E-5,0.005069729353028676,-1.0,0.0,-1.0,0.0,0.34186606057371005,
-1.0,0.0,9.442691343554847E-4,-1.0,0.0,-1.0,0.0,0.1662598376229285,
-1.0,0.0,0.0,-1.0,0.0,-1.0,-1.0,0.0031308317498383482,
-1.0,2.1148483569209108E-5,7.179644170209402E-6,-1.0,-1.0,5.262508883759555E-7,2.115866774856472E-5,-1.0,
-1.0,2.662392511641496E-5,2.663177221950058E-5,-1.0,2.670614124116695E-5,0.0,2.6696177688232888E-5,2.6576788761570325E-5,
-1.0,3.1762933659723684E-5,3.179594870148363E-5,-1.0,2.3910430959779744E-5,3.186719708426167E-5,0.0,3.1862861773009914E-5,
-1.0,0.0025102487553369537,0.012773295072182746,-1.0,0.0,0.0,0.0,0.20511122866444048,
-1.0,0.0010809492109234398,0.008227899106999313,-1.0,0.0,0.0,0.0,0.3376737321184105,
-1.0,4.6077984561226166E-4,0.006598627041886376,-1.0,0.0,0.0,0.0,0.2990870042811245,
-1.0,0.0,0.0,-1.0,0.006104841640308036,0.0,0.0,0.28412214413896236,
-1.0,0.0,9.971555522609202E-4,-1.0,0.0,0.0,0.0,0.16062000018373743,
-1.0,0.0,0.0,-1.0,0.0,0.0,-1.0,0.00510060498934126,
-1.0,3.095226744248124E-5,3.088626542326406E-5,-1.0,-1.0,3.088495755605754E-5,4.805121930216696E-5,-1.0,
-1.0,4.0867398302524993E-4,3.2985726976616055E-5,-1.0,3.300439882670734E-5,0.0,0.0,3.324844591328825E-5,
-1.0,0.0016597288846023565,0.002701970134468146,-1.0,0.0,0.0,0.002324540485625097,0.1994001417940992,
-1.0,0.0015664515234459328,0.002008627845083575,-1.0,0.0,0.0,2.3372120995201597E-4,0.37201265356429714,
-1.0,3.9236460772894325E-7,0.0,-1.0,0.006517183699906184,7.986525668392907E-4,0.0,0.32612082904160494,
-1.0,0.0,0.0,-1.0,0.0,0.0,0.0,0.3038578915566418,
-1.0,6.309826342649551E-5,0.0,-1.0,0.0,0.0,0.0,0.1618079669981495,
-1.0,0.0,0.0,-1.0,0.0,0.0,-1.0,0.005400795846329005,
-1.0,9.17866706942223E-6,7.00880856567298E-6,-1.0,-1.0,0.0,0.0,-1.0,
-1.0,0.005778547785038777,0.025083857422435584,-1.0,0.0,0.0,0.0,2.308812539204862E-4,
-1.0,5.699265238170081E-4,0.005826817063039732,-1.0,0.0,0.0,0.006341721169840513,0.4631953221949506,
-1.0,7.421821278715908E-4,0.006471685740687956,-1.0,0.0,0.0,0.0,0.40492173544499194,
-1.0,0.0,0.0,-1.0,0.0,0.0,0.0,0.3017127195487089,
-1.0,0.0,0.0,-1.0,0.0,0.0,0.0,0.17610616845895044,
-1.0,0.0,0.0,-1.0,0.0,0.0,-1.0,9.73907559343341E-4,
-1.0,0.007430113989876275,0.1069185427385851,-1.0,-1.0,0.0010310301402900659,0.015850538873810455,-1.0,
-1.0,0.0015766927897353567,0.0011838461716585401,-1.0,0.006120367483938918,0.0,0.0,0.44932907264555727,
-1.0,0.0018147667433187087,0.021020825075944403,-1.0,0.0,0.0,0.0010493667434891257,0.4095065091026489,
-1.0,0.0,0.008134609207177977,-1.0,0.0,0.0,0.0,0.32669890373192056,
-1.0,0.0,0.0,-1.0,0.0,0.0,0.0,0.1707308924697718,
-1.0,0.0,0.0,-1.0,0.0,0.0,-1.0,5.154860333568509E-4,
-1.0,6.73504225460153E-5,0.1941567756678956,-1.0,-1.0,0.0,0.00888257867240372,-1.0,
-1.0,0.0015656313023071384,0.0,-1.0,0.005952723831446897,0.0,0.0015565683014692373,0.4486810794722385,
-1.0,0.0,0.0016160954837731783,-1.0,0.0,0.0,0.0,0.39857907943970183,
-1.0,0.0,0.0,-1.0,0.0,0.0,0.0,0.199157973907199,
-1.0,0.0,0.0,-1.0,0.0,0.0,-1.0,0.0058548791062367255,
-1.0,0.003845378102667146,0.21463101800940157,-1.0,-1.0,3.9031746857382416E-4,0.0,-1.0,
-1.0,6.203581113177216E-4,2.1177854858493467E-4,-1.0,0.0,0.0,0.0,0.3951761003805304,
-1.0,0.0,0.0,-1.0,0.0,0.0,0.0,0.20450655476847496,
-1.0,0.0,0.0,-1.0,0.0,0.0,-1.0,0.0036507647226158733,
-1.0,0.0,0.45764395913703193,-1.0,-1.0,0.0,0.005771063350683012,-1.0,
-1.0,0.0,0.0018344961494534224,-1.0,0.0,0.0,0.0,0.30007344476976644,
-1.0,0.0,0.0,-1.0,0.0,0.0,-1.0,0.0015631938530131523,
-1.0,4.285989097500635E-5,0.0,-1.0,-1.0,0.0,0.02994362609724893,-1.0,
-1.0,1.4953844373948177E-4,0.27377860886906535,-1.0,-1.0,0.0,-1.0,0.020540786003708608,
3.620587238308392E-5,3.629913287661477E-5,-1.0,7.415367238679183E-6,2.764862047716923E-7,-1.0,3.633148067375366E-5,-1.0,
3.3459408535630895E-5,3.3517648682855936E-5,-1.0,3.3483216729269586E-5,3.3485735834524486E-5,-1.0,0.0,3.341435005329875E-5,
3.502197749163637E-5,3.513749240986924E-5,-1.0,3.515947325603024E-5,2.282374417797392E-5,-1.0,0.0,3.5039930273149584E-5,
4.6805957670981787E-4,6.25109962010073E-4,-1.0,0.0,0.0,-1.0,0.0,0.1496140641306019,
0.002063606372787177,0.0,-1.0,0.0,0.0,-1.0,0.0,0.13490767508438137,
0.0,0.0,-1.0,0.0,0.0,-1.0,0.0,0.02168908166883282,
0.14597171127969027,8.5697591093237E-4,-1.0,0.002887219025040959,0.005557586874829369,-1.0,0.0,0.004984468735199394,
0.0,0.0,-1.0,0.0,0.0,-1.0,0.0,0.15826627349022296,
0.0,0.0,-1.0,0.0,0.0,-1.0,-1.0,5.048749963981779E-4,
3.854003171538943E-5,3.859504310290663E-5,3.845858339366261E-5,3.867849406262631E-5,-1.0,0.0,3.847159366130533E-5,-1.0,
2.9927178174224777E-5,2.9992783052590103E-5,2.991734056715813E-5,2.9900666160047194E-5,2.9902677603226248E-5,2.9961450789747714E-5,1.4572403915358251E-5,2.9928374181718774E-5,
3.5913144992493814E-5,3.58765934780793E-5,3.5912673241783216E-5,3.591745351498448E-5,3.592205668013901E-5,3.591229411553363E-5,0.0,3.596794029985167E-5,
0.11209946822381926,0.0,0.0,0.0015590713481154579,0.0,0.0,0.0,0.0,
0.01278652994397152,0.0,0.0,0.0010756484514698348,0.006083309802819038,0.0,0.0,0.30387707681691306,
0.0,0.002386732903868643,0.0,0.0014337868210321728,0.0,0.0,0.0,0.3029968730154565,
5.909416763643249E-4,6.272055695799465E-4,0.0017095665158232008,0.0,0.0,0.0,0.0,0.25734850610590254,
0.0,4.89802923974478E-4,0.00532629152111249,0.0,0.0,0.0,0.0,0.1676609526602277,
0.0,0.0,0.0,0.0,0.0,0.0,-1.0,8.84131696298296E-4,
2.658697621158597E-5,2.652217802229816E-5,2.6499216902251847E-5,2.6594486250905222E-5,-1.0,2.6581991993523422E-5,2.662689136784766E-5,-1.0,
2.8660922254054707E-5,2.8679149644037926E-5,2.8769714494445954E-5,5.063696000546473E-5,2.858619977111564E-5,2.539186715343095E-5,0.0,2.8765183340933916E-5,
0.012011205090925584,5.270637450450468E-5,0.0051904378166509405,0.00242942726275094,0.0,0.0,0.0,0.12374962843988895,
0.01167313771520746,1.1138390149629247E-4,0.012027925057298309,0.0,0.007249783498024423,0.0,0.0,0.3113354978315485,
0.0,0.0,0.0,0.0,0.0,0.0,0.0,0.022150366587827677,
0.16239467668505875,4.487664353464358E-4,0.0,0.0,0.002129379755536732,0.0,0.0,0.0050007364383091646,
0.0,0.001049387658565805,0.0,0.0,0.0,0.0,0.0,0.14026726878420723,
0.0,0.0,0.0,0.0,0.0,0.0,-1.0,0.008118658796636957,
1.0731419008026758E-5,2.3678988818239452E-6,4.421060093012144E-6,1.0726794880838704E-5,-1.0,0.0,0.0,-1.0,
0.028264769254640915,0.005605809593547461,0.017267158041461814,0.001598333910227959,0.01298780379523283,0.0016684464276659316,0.009719770860864712,0.0052104353666134594,
0.008597098795867925,0.0015386936580672652,0.01002947329529618,0.0,0.008457153844672261,0.0,0.0,0.283941238692091,
0.001247531781181586,6.024263799087029E-5,0.005457864455911187,0.0,0.0,0.0,0.0,0.3592337479911163,
0.0,0.0,0.005304671957520358,0.0,0.0,0.0,0.0,0.36685209386599194,
0.003325678881961839,0.0,0.0,0.0,0.005157265869905894,0.0,0.0,0.3390822669057038,
0.0,0.0,0.0,0.0,0.0,0.0,-1.0,0.002200047038618055,
0.005857871767530051,0.0027150467137333333,0.005859412745038294,0.004640736994011612,-1.0,1.7715983860192304E-4,0.0,-1.0,
0.041715238649227965,0.002611641459038386,0.1732028333339547,0.008085455713731201,9.567923701239536E-6,0.0,0.0,0.023852785727611712,
0.0,0.0018174073791961455,0.005478564730211968,0.0,0.0,0.0,0.0,0.40003895383713994,
1.9227737711275127E-4,0.0,0.0,0.0,0.0,0.0,0.0,0.3666889425975399,
9.46917536537223E-4,0.0,0.0,0.0,0.0,0.0,0.0,0.1925411862150562,
0.0,0.0,0.0,0.0,0.0,0.0,-1.0,0.0048174240754301455,
0.031004304671188424,4.6062204596596367E-4,0.0,0.0,-1.0,0.0,0.02256646199601983,-1.0,
0.16478646468991665,0.0037201101649556373,0.02796167209790897,0.009630017222011384,0.005864398155738665,0.002334138646352185,0.0011779019150059186,0.005218431864261604,
0.004297025921814196,7.955964179574781E-4,0.0,0.0,0.0,0.0,0.0,0.2766112718324594,
0.0,0.0,0.0,0.0,0.0,0.0,0.0,0.17093667032474363,
0.0,0.0,0.0,0.0,0.0,0.0,-1.0,0.0,
0.016751593905066794,0.0014281557610814227,0.006024338399578777,0.004662360703908847,-1.0,0.12176441272051168,0.006154458057789319,-1.0,
0.013626034310064889,1.286017028842499E-4,0.0070255707916738646,0.0023542151919592504,0.0,0.0,0.0,0.306324159547157,
0.0,0.0,0.0012731029124652858,0.0,0.0,0.0,0.0,0.353720635399005,
0.0,0.0,0.0,0.0,0.0,0.0,-1.0,0.006917279516590759,
0.00873995355811609,0.0012361622068271115,0.1792334377696255,0.006203304020859468,-1.0,0.0,0.007656591713272063,-1.0,
0.0016179292942179995,0.0,0.0,0.0,0.0,0.0,0.0,0.24012090240914527,
0.0,0.0,0.0,0.0,0.0,0.0,-1.0,0.005863611673690823,
0.007249069649143481,0.005139982069770492,0.3407446602943886,8.446498348589961E-5,-1.0,0.0,0.006553447177434003,-1.0,
6.136094400727698E-4,0.0,0.0,0.001700280369626986,-1.0,0.0,-1.0,0.40289268186776334,
2.2157554481936865E-5,2.2153439725771836E-5,-1.0,1.953316882758205E-5,-1.0,-1.0,2.2185434786804828E-5,-1.0,
2.5712769148868847E-5,2.571288714400698E-5,-1.0,2.5778502773986814E-5,2.5791024040380452E-5,-1.0,2.57882019453055E-5,2.5808226149340913E-5,
2.736025048882095E-5,2.7437379400833455E-5,-1.0,2.7449966473435134E-5,2.744401205532925E-5,-1.0,0.0,2.7354229374214774E-5,
0.006512934063473242,9.122867169213773E-4,-1.0,0.0,0.0,-1.0,0.0,0.1156611900071682,
0.00372179606596708,0.0,-1.0,0.0,0.0,-1.0,0.0,0.23703847177976092,
0.0015243524966892484,0.002429462956559299,-1.0,0.0,0.0,-1.0,2.707391576441947E-4,0.28246907887388645,
0.0,0.0013300239880962256,-1.0,0.0,0.0,-1.0,0.0,0.30661937547485374,
0.0,0.0,-1.0,0.0,0.0,-1.0,0.0,0.20300485668405002,
0.0,0.0,-1.0,0.0,0.0,-1.0,-1.0,0.0106448404351363,
2.271028142084335E-5,2.26359695863145E-5,1.1451995444098076E-6,2.2655341185926607E-5,-1.0,2.2639835521496626E-5,2.2703472094103237E-5,-1.0,
2.104195074891644E-5,2.1092612096816453E-5,2.1009722146750914E-5,1.6372412674595388E-5,2.1073851959567835E-5,2.109100652598616E-5,0.0,2.10563911464501E-5,
0.0027025997088542066,3.1947605719461543E-4,7.069187350051836E-4,0.0,0.0,0.0,0.0,0.0989249959765395,
0.0016277374171506322,2.829504747563005E-4,0.0,0.0,0.0,0.0,0.0,0.2486040254178225,
0.002466675184469483,8.737371258797114E-4,0.0,0.0,0.0,0.0,0.0,0.2540386228017396,
2.3857154985543874E-4,0.0,0.0,0.0,0.0,0.0,0.0,0.2573793896704113,
0.0,0.0,0.0,0.0,0.0,0.0,0.0,0.15442418936290428,
0.0,0.0,0.0,0.0,0.0,0.0,-1.0,1.3821787920412478E-4,
1.1595310449664438E-5,1.1598800350678221E-5,1.1606318422285386E-5,8.188891073592378E-6,-1.0,5.558908939150248E-6,0.0,-1.0,
0.0043812683131523224,0.003997689987000005,7.270913533180733E-4,0.0,0.03520360534633202,0.0014140452402778907,0.0,1.9044995383475456E-6,
0.0,0.0,0.0,0.0,0.0,0.0,0.0,0.03039756820438499,
0.14409112151692807,0.0010029913341159367,0.0,0.0,0.0,0.0,1.4867354226847062E-4,0.005307178088753013,
0.0013218779963285988,0.0,0.0,0.0,0.0,0.0,0.0,0.22427722989781457,
0.0,0.0,0.0,0.0,0.0,0.0,0.0,0.17195317094767046,
0.0,0.0,0.0,0.0,0.0,0.0,-1.0,0.0,
0.0066044332243444,0.006595176846281749,0.006603564093234166,0.004706702767091761,-1.0,0.005414642594972614,0.0016258919973252493,-1.0,
0.054039633646369746,0.0025479592323326044,0.021388932552380203,0.0,0.005752774269306077,4.039645963556486E-5,0.0,0.24766942747872134,
0.0,0.0,0.0,0.0,0.0,0.0,0.0,0.296841507087194,
0.0,0.0010580081985193583,0.0,0.0,0.0,0.0,0.0,0.27829193495209026,
0.0010089664186145899,0.0,0.0,0.0,0.0,0.0,0.0,0.16401298811888707,
0.0,0.0,0.0,0.0,0.0,0.0,-1.0,6.666159680509282E-5,
0.13780325902591098,6.696763070205804E-5,0.007023551878552114,0.0014806155259298082,-1.0,0.0,1.9448621529487926E-4,-1.0,
0.0057153672327023885,0.0,0.005593211572320815,0.0,0.0,0.0,0.0,0.24383229388292602,
0.0,0.0,0.0,0.0,0.006969883728877102,0.0,0.0,0.27696938658928866,
0.0,0.0,0.0,3.220141397158269E-4,0.0,0.0,0.0,0.18021885742547442,
0.0,0.0,0.0,0.0,0.0,0.0,-1.0,0.0,
0.17294004714443692,2.439873362119309E-4,0.0,0.0014298386564522859,-1.0,0.0,0.004369834181032937,-1.0,
0.001731871983552807,0.0,3.094454221658838E-4,0.0,0.0,0.0,0.0,0.27802342901083804,
0.0,0.0,0.0,0.0,0.0,0.0,0.0,0.22221007806166787,
0.0,0.0,0.0,0.0,0.0,0.0,-1.0,0.0058712328732835745,
0.11042880390016017,0.0,0.0,0.006775507659664438,-1.0,0.0,0.003215002155923221,-1.0,
0.0,0.0,0.0,0.0,0.0,1.3066371012021382E-4,0.0,0.18262728609930348,
0.0,0.0,0.0,0.0,0.0,0.0,-1.0,0.012222814263573887,
0.007815130327488283,0.0020892887233759394,0.0,0.0059920927703085635,-1.0,0.0011578053917307854,0.12985106622187423,-1.0,
8.468664474645558E-4,2.4166755535355236E-4,0.185458261196008,0.002466508961240585,-1.0,9.606056092727553E-4,-1.0,0.023273099734684086,
2.017560354783588E-5,2.0130772167924015E-5,-1.0,2.013761138587926E-5,-1.0,-1.0,2.0135189926095666E-5,-1.0,
1.8090075870744465E-5,1.810615717348728E-5,-1.0,1.8173731990869462E-5,7.084914665911725E-6,-1.0,0.0,1.8131247421462875E-5,
0.08675292047281133,7.788973966698998E-6,-1.0,0.001472986490469767,0.0010975303793885562,-1.0,0.00197976371306247,2.6340698904996003E-4,
0.010032582538313585,6.539765050436186E-4,-1.0,8.274356822225261E-4,0.0064990140717847145,-1.0,0.0024725125620565563,0.33508417762837955,
0.0,5.337893190170757E-4,-1.0,0.0,0.0,-1.0,0.0,0.3485957919455471,
2.3910856581279698E-4,0.0,-1.0,0.0,0.0,-1.0,0.0,0.3246941935322702,
0.0,0.0,-1.0,0.0,0.0,-1.0,0.0,0.2478795730153362,
0.0,0.0,-1.0,0.0,0.0,-1.0,-1.0,0.0016772621825989836,
1.3345985316086322E-5,1.1827475941901632E-5,1.1821226234648415E-5,1.1812029659919794E-5,-1.0,5.852563836338265E-7,0.0,-1.0,
0.02468107063989165,0.0026356455072352575,0.011715410689461556,0.0035594256193406423,0.0,0.0,0.0,5.923628580757987E-4,
0.012860810820156391,4.378220214527583E-5,0.005946931480590781,0.0,0.0029766821366017672,0.0,0.0,0.3103120706926691,
0.003457861123792265,5.460308026353245E-4,0.0,4.5065560527478754E-4,0.0,0.0,0.0,0.34707434591977776,
0.0021589041349706593,2.3465971057161692E-4,0.005179259740408525,0.0,0.0,0.0,0.0,0.3184025273848674,
0.004849775291492296,0.0,0.0,0.0,0.0,0.0,0.0,0.18419355037193547,
0.0,0.0,0.0,0.0,0.0,0.0,-1.0,0.0012749652114233674,
0.009257798076579182,0.0016779639174681507,0.0,0.0,-1.0,0.0,5.898578233510933E-4,-1.0,
0.08198032155276874,0.0011286601132482952,0.018512575927770582,9.522013761415499E-4,0.005576342588870748,0.0,0.0,0.0029315885263375917,
0.0,0.0,9.501259145023658E-5,0.0,0.0,0.0,0.0,0.2806796042929532,
0.0022679201468813696,0.0,0.0,0.0,0.0,0.0,0.0,0.2678814018202765,
0.0,0.0,0.0,0.0,0.0,0.0,0.0,0.1904932568544799,
0.0,0.0,0.0,0.0,0.0,0.0,-1.0,0.0,
0.07644861441872479,0.0014505596521912454,0.022975278842867937,0.001162077781482824,-1.0,0.0,0.0029401063289045673,-1.0,
0.002110696916332142,8.399860725949526E-4,0.00599989438813571,0.0,0.0,0.0,0.0,0.22272389301937429,
1.8640929001617428E-4,0.0,0.0,0.0011959539792327628,0.0,3.6104605622343174E-5,0.0,0.2653348287197711,
6.240616773554391E-4,0.0,0.0,0.0,0.0,0.0,0.0,0.18507880227683968,
0.0,0.0,0.0,0.0,0.0,0.0,-1.0,0.005986057775005635,
0.19894177045045142,0.0,0.005424107674981033,7.930739464860844E-4,-1.0,0.0,0.015264734730753089,-1.0,
0.007080990323114226,0.0013018265939369568,0.0012054642872536484,0.0,0.0,0.0,0.0,0.3700597207014408,
6.76437570498787E-6,0.0,0.0,0.0,0.0,0.0,0.0,0.2232504031568997,
0.0,0.0,0.0,0.0,0.0,0.0,-1.0,0.0013321139891398492,
0.17933509380867657,6.79197461760684E-4,0.005200595471729461,0.0,-1.0,0.0,0.001404671128558964,-1.0,
0.0,0.0,0.0,0.0,0.0,0.0,0.0,0.23972959297784988,
0.0,0.0,0.0,0.0,0.0,0.0,-1.0,0.020662581151892272,
0.04443537035030201,2.9485424536886834E-4,0.006418356219549288,0.00662104335070486,-1.0,0.0,0.00118704004076078,-1.0,
3.119822476512608E-4,9.371013612717965E-6,0.0,0.0020053548761098886,-1.0,0.0,-1.0,0.17364098353719865,
5.1322773542396323E-5,9.459892240334268E-6,-1.0,9.45530472339179E-6,-1.0,-1.0,0.0,-1.0,
0.02540368013880704,0.0032693083000435233,-1.0,0.0,0.005,-1.0,0.001751384222379528,0.005295878919010295,
0.00537062344485714,0.0,-1.0,0.0,0.006575341100799314,-1.0,0.0,0.2669661656984625,
0.003363184271506705,0.0010130626805953565,-1.0,0.0,0.0015850060407904508,-1.0,0.0,0.2806841656479614,
9.847516060706816E-4,0.0,-1.0,0.0,0.005218393822230868,-1.0,0.0,0.2796734985056516,
0.0,4.256682967115002E-4,-1.0,0.0,0.005929192126372028,-1.0,0.0,0.19509016612768895,
0.0,0.0,-1.0,0.0,0.0,-1.0,-1.0,0.011936733681564345,
0.0,0.0,0.0,0.0,-1.0,0.0,0.008357444165774244,-1.0,
0.061333120440038184,5.012653569864349E-4,0.0,0.00106835115023886,0.0057480063570978825,0.001198099997944536,5.427608678631545E-4,0.0050272512958561555,
0.0018576155440242002,0.0026404486310629615,0.005967476625879133,0.0,0.0,0.0,0.0,0.25348347028046603,
0.0,0.0,0.0,0.0,0.0,0.0,0.0,0.2983007462720793,
9.351327622118469E-4,0.0,0.0,0.0,0.0,0.0,0.0,0.21006313867589502,
0.0,0.0,0.0,0.0,0.0,0.0,-1.0,0.00399804477997733,
0.0,0.0,0.010552588005054089,0.0,-1.0,0.0,0.02474957093943752,-1.0,
0.17743072500622206,7.935486375009602E-4,0.005465033616298045,0.0,0.00533343800750812,0.0,0.0,0.005,
0.006796377581635006,2.703666990515432E-4,0.0,0.0,0.0,0.0,0.0,0.2515850262948362,
7.112565327468776E-4,0.0,0.0,0.0,0.0,0.0,0.0,0.18838198692087577,
0.0,0.0,0.0,0.0,0.0,0.0,-1.0,0.0,
0.05150101238430646,1.8713805981745134E-4,0.0,9.641889391394406E-4,-1.0,0.0,0.002266062386031849,-1.0,
0.006790661737284167,0.0,0.0,0.0,0.0,0.0,0.0,0.21175992416186212,
0.0,0.0,0.0,0.0,0.0,0.0,0.0,0.19329989970482725,
0.0,0.0,0.0,0.0,0.0,0.0,-1.0,0.004341652990769828,
0.06539322883662177,0.0,0.0,0.0,-1.0,8.58726172822842E-4,0.006659138542518427,-1.0,
6.170603221561729E-4,0.0,0.0,0.0,0.0,0.0,0.0,0.15853882157701807,
0.0,0.0,0.0,0.0,0.0,0.0,-1.0,0.006324605868896219,
0.1239071317255626,6.905168508619104E-5,0.0,0.0,-1.0,0.0,0.005157045680474929,-1.0,
0.0,0.0,0.0,0.0,-1.0,0.0,-1.0,0.027491110615999282,
0.0,0.0,-1.0,0.0,-1.0,-1.0,0.0030335324272268574,-1.0,
0.08308540974038886,0.002915175284698603,-1.0,0.0012973131463373678,0.0,-1.0,0.0,1.4368123311643598E-5,
0.004536232339929538,8.60738473324383E-4,-1.0,0.0012383498142089838,0.0,-1.0,0.0,0.2736850754001967,
0.006726863810985669,0.0,-1.0,0.0,0.0,-1.0,0.0,0.36084317282708533,
9.91702315622479E-4,7.975626912025648E-6,-1.0,0.0,0.0,-1.0,0.0,0.33312214587137545,
0.0,0.0,-1.0,0.0,0.0,-1.0,-1.0,0.0019316312933062327,
0.10244696028424853,0.0,7.14505290893646E-4,0.0,-1.0,0.0,0.0012071028511531493,-1.0,
0.0026572747599396904,0.0,0.0,0.0,0.0,0.0,0.0,0.20113916493092754,
0.002468133953643582,0.0,0.0,0.0,0.0,0.0,0.0,0.29006183588177353,
0.0,0.0,0.0,0.0,0.0,0.0,0.0,0.19142355536600317,
0.0,0.0,0.0,0.0,0.0,0.0,-1.0,0.003178861434475543,
0.03252096719947946,2.2504096852077684E-4,0.0,0.0,-1.0,0.0,0.007513526932680505,-1.0,
0.005906119903344578,0.0,0.0,0.0,0.0,0.0,0.0,0.21236112057716475,
0.0020577553184611443,0.0,0.0,4.222692337327877E-4,0.0,0.0,0.0,0.1651700292969601,
0.0,0.0,0.0,0.0,0.0,0.0,-1.0,0.005844622488059681,
0.029415682688476556,6.371546805118308E-5,0.0,3.073466708913764E-4,-1.0,0.0,0.0,-1.0,
0.0,0.0,0.0,0.0,0.0,0.0,0.0,0.1510648071828704,
0.0,0.0,0.0,0.0,0.0,0.0,-1.0,0.005,
0.050814135846369186,2.2367921815111488E-5,0.0,0.0,-1.0,0.0,0.0,-1.0,
0.0,0.0,0.0,0.0,-1.0,0.0010270185141607057,-1.0,0.047481676565638585,
0.001728452621950725,0.0,-1.0,0.0,-1.0,-1.0,0.06555980572586383,-1.0,
0.16099113042041724,9.302115942355846E-5,-1.0,0.0015699507343389092,0.005111558548491308,-1.0,0.0,0.00496015788769065,
2.1020731339749927E-4,5.44762563910552E-4,-1.0,0.0,0.011600530736827135,-1.0,0.0,0.33024771298650746,
6.889879863985715E-7,0.0,-1.0,0.0,0.0,-1.0,0.0,0.18361959619519894,
0.0,0.0,-1.0,0.0,0.0,-1.0,-1.0,0.005637050372838882,
0.022816504747672293,2.212367447363466E-4,0.005364208502200429,1.561734825949571E-4,-1.0,9.884497470733725E-4,0.0,-1.0,
0.0018911426734354677,0.0,0.0013203266190510963,0.0,0.0,0.0,0.0,0.20138990023311804,
0.0,9.073624386031773E-4,0.005424667121063628,0.0,0.0,0.0,0.0,0.1669599204037611,
0.0,0.0,0.0,0.0,0.0,0.0,-1.0,0.010207359717004802,
0.03118798015813787,0.0,0.0,0.0,-1.0,0.0,0.0,-1.0,
8.903127369509725E-4,3.0938529288986245E-4,0.0,5.543230343401885E-4,0.0,0.0,0.0,0.10003525671499532,
0.0,0.0,0.0,0.0,0.0,0.0,-1.0,3.649648020782326E-4,
0.012581316929490539,1.0069864498565117E-5,0.0,0.0,-1.0,0.0,0.0,-1.0,
9.732987331038374E-4,0.0,0.0,0.0,-1.0,0.0,-1.0,0.05363355743297003,
0.05505436922068167,1.1274732777761725E-4,-1.0,0.0,-1.0,-1.0,0.0,-1.0,
4.767086194940413E-4,0.0,-1.0,0.0,0.0,-1.0,0.0,0.21242229627369,
0.0,0.0,-1.0,0.0,0.0,-1.0,0.0,0.15407154766701514,
0.0,0.0,-1.0,0.0,0.0,-1.0,-1.0,1.0677780194727219E-4,
0.12092873295147018,1.5438770026667337E-4,0.0,0.0,-1.0,0.0,0.0,-1.0,
0.002509204513708599,1.349525425978923E-4,0.0,0.0,0.0,0.0,0.0,0.24615195711880106,
0.0,0.0,0.0,0.0,0.0,0.0,-1.0,0.0012350533556382266,
0.0021240804675435186,4.642781415819733E-4,0.011711944196353153,0.0,-1.0,5.806903185174765E-4,0.010956950565831307,-1.0,
0.0029815032328213238,9.775447316344593E-4,0.005014831780348893,9.111053449862848E-4,-1.0,0.0,-1.0,0.033254317487036715,
0.026938687808247628,1.0051702942694879E-4,-1.0,8.160111613089064E-4,-1.0,-1.0,9.072103528720359E-4,-1.0,
0.0032807330342967066,0.0,-1.0,6.377538587072812E-4,1.3431239434500534E-4,-1.0,0.0,0.07354735713219923,
0.0,0.0,-1.0,0.0,0.0,-1.0,-1.0,0.0011418895259955346,
0.011565978169413987,2.550059106657091E-4,-1.0,8.773560236060371E-5,-1.0,8.135721532756199E-4,0.0,-1.0,
0.001971057075009258,7.484574121875925E-4,-1.0,1.3811304334203575E-4,-1.0,0.0,-1.0,4.4272761447329225E-4,
-1.0,3.821741826245095E-5,-1.0,-1.0,3.826651814984893E-5,-1.0,3.811990442998162E-5,-1.0,
-1.0,3.3936377454601505E-5,-1.0,-1.0,3.3943787738771074E-5,-1.0,3.382337655872256E-5,3.394116340334404E-5,
-1.0,3.201410779835155E-5,-1.0,-1.0,3.193652041961886E-5,-1.0,0.0,3.2063963100576084E-5,
-1.0,0.005626289351402357,-1.0,-1.0,0.0,-1.0,0.0017198648464019542,0.20876701840753858,
-1.0,0.0,-1.0,-1.0,0.0,-1.0,9.225242216200002E-4,0.35699503945266764,
-1.0,5.654108851336241E-7,-1.0,-1.0,0.0,-1.0,0.0,0.33122589030609856,
-1.0,1.6257532149971732E-4,-1.0,-1.0,0.0,-1.0,0.0052963828067523755,0.37231907395388214,
-1.0,0.0,-1.0,-1.0,0.0,-1.0,0.0,0.19911612276368387,
-1.0,0.0,-1.0,-1.0,0.0,-1.0,-1.0,0.0,
-1.0,3.1110612638772E-5,5.020758044762643E-6,-1.0,-1.0,3.450681408596956E-7,3.114945635422118E-5,-1.0,
-1.0,3.1036431458188864E-5,3.097749966301568E-5,-1.0,3.105195511541705E-5,3.1079112447740455E-5,3.0949217947941797E-5,3.104837793342196E-5,
-1.0,2.7734887585516138E-5,2.774965413789386E-5,-1.0,2.7736419947034212E-5,2.776591563757216E-5,0.0,2.7771139259471493E-5,
-1.0,0.004060422091517216,0.0,-1.0,0.0,0.0015462713488902653,0.006893812224559482,0.09545980256518403,
-1.0,0.0,0.0,-1.0,0.0,0.0,0.0,0.3756090665989354,
-1.0,4.4062121618787504E-4,0.0,-1.0,0.0,0.0,0.0,0.35162370656110153,
-1.0,0.0015303466614838787,0.0,-1.0,0.0,0.0,0.0,0.29076766631248496,
-1.0,1.764901061817993E-4,0.0,-1.0,0.0,0.0,0.0,0.15060125712940436,
-1.0,0.0,0.0,-1.0,0.0,0.0,-1.0,0.0,
-1.0,2.2339652946455036E-5,2.2243143348313705E-5,-1.0,-1.0,0.0,2.2264478522400292E-5,-1.0,
-1.0,2.344282528053846E-5,2.3440352946876074E-5,-1.0,2.332709348522474E-5,2.3489687949903236E-5,0.0,2.3389800188910117E-5,
-1.0,0.0,0.00811752387935497,-1.0,0.0,0.0,0.0,0.1095994066719533,
-1.0,0.0038513601878372534,0.0061150936528897816,-1.0,0.0,0.0,0.0,0.32560168075933604,
-1.0,1.1306287337749536E-4,0.011479153166066125,-1.0,0.006850066297411377,0.0010291466395599487,0.0,0.38726461686725405,
-1.0,6.436594704268135E-4,0.011939063833277076,-1.0,0.0,0.0,0.0,0.4151887309168055,
-1.0,0.0,0.0,-1.0,0.0,0.0,0.0,0.2273768323908501,
-1.0,0.0,0.0,-1.0,0.0,0.0,-1.0,0.0,
-1.0,1.1377875051830996E-5,1.1805286308895862E-5,-1.0,-1.0,0.0,0.0,-1.0,
-1.0,0.01444622994862429,0.04261954884585569,-1.0,0.030125987742847585,0.004462928918938731,0.0111517820936586,0.006625684166554305,
-1.0,0.0012200647711343973,0.011818242959018994,-1.0,0.0,0.0,0.0,0.40533336156672123,
-1.0,0.0018117160240576841,0.0,-1.0,0.0,0.0,0.0,0.3884694869041064,
-1.0,0.0,0.006436120584221734,-1.0,0.002051356877824153,0.0,0.0,0.31893301071413427,
-1.0,0.0,0.0,-1.0,0.0,0.0,0.0,0.19089086877364236,
-1.0,0.0,0.0,-1.0,0.0,0.0,-1.0,0.0,
-1.0,0.006737010833410228,0.006737086781060048,-1.0,-1.0,2.668874013981586E-4,0.003185628539727358,-1.0,
-1.0,0.022897859061097068,0.12533608713902522,-1.0,0.00717077242976314,0.0052784922744422945,0.005096101713590483,0.022123771110037473,
-1.0,0.006212573847970249,0.002757514166878868,-1.0,0.0,0.0,0.0,0.44573172714967413,
-1.0,0.0,0.0053853151207799285,-1.0,0.0,0.0,0.005220149978492596,0.3601999165062358,
-1.0,0.0,0.0010679523925755416,-1.0,0.0,0.0,0.0,0.18233842972416048,
-1.0,0.0,0.0,-1.0,0.0,0.0,-1.0,0.005765300082813056,
-1.0,0.01591732313721292,0.033105364463041714,-1.0,-1.0,0.006388326842041631,0.019906780861244776,-1.0,
-1.0,0.021378231892380282,0.017910976814542637,-1.0,0.003663612149429176,0.0033982807552196902,9.67761651393477E-4,0.2298267328867471,
-1.0,0.0011845997718459963,0.0,-1.0,0.0,0.0,0.0,0.32256988561406597,
-1.0,0.0,0.0,-1.0,0.0,0.0,0.0,0.14722854777641617,
-1.0,0.0,0.0,-1.0,0.0,0.0,-1.0,0.0,
-1.0,1.9506386878401488E-4,0.43864474747412263,-1.0,-1.0,0.0,2.558167196360394E-4,-1.0,
-1.0,0.0,0.0,-1.0,0.0,0.0,0.0,0.4405226470612871,
-1.0,0.0,0.006005444255649844,-1.0,0.0,0.0,0.0,0.23003999740829348,
-1.0,0.0,0.0,-1.0,0.0,0.0,-1.0,0.0,
-1.0,0.0,0.383570018656068,-1.0,-1.0,0.0,0.0,-1.0,
-1.0,9.262827996193824E-4,3.5428798565794714E-4,-1.0,0.0,0.0,0.0,0.26279040279746696,
-1.0,0.0,0.0,-1.0,0.0,0.0,-1.0,0.005087309164116513,
-1.0,0.0,0.24150446031908676,-1.0,-1.0,0.0,0.0,-1.0,
-1.0,0.0,0.0,-1.0,-1.0,3.744343190148942E-4,-1.0,0.05452094663923765,
2.389585428738234E-5,2.397559437980786E-5,-1.0,2.048743293666702E-6,-1.0,-1.0,2.3970286291010276E-5,-1.0,
2.575080379522133E-5,2.5711285486626027E-5,-1.0,2.5697365894572485E-5,2.5765279500641705E-5,-1.0,2.5721719713997587E-5,2.5751773183387396E-5,
2.3488732267129392E-5,2.34322356820624E-5,-1.0,2.3494386452251394E-5,2.3456261051627377E-5,-1.0,0.0,2.3542156377696432E-5,
0.016105150391155402,6.127373793832153E-4,-1.0,0.0,0.0,-1.0,0.0,0.1435704601080803,
4.089677950502078E-4,0.0,-1.0,0.0,0.0,-1.0,0.0,0.3106343471277007,
0.0,4.286481811554563E-4,-1.0,0.0,0.0018121446003367364,-1.0,0.0,0.28087496008820917,
0.0,0.0,-1.0,0.0,0.0,-1.0,0.0,0.2880037305393823,
0.0,0.0010631057986177758,-1.0,0.0,0.0,-1.0,0.0,0.18665064236503515,
0.0,0.0,-1.0,0.0,0.0,-1.0,-1.0,0.0,
1.99186446828232E-5,1.9957811027875496E-5,1.9940406928537682E-5,1.9973590656046297E-5,-1.0,1.999988950066392E-5,1.9946121475527637E-5,-1.0,
1.8404239045503775E-5,1.900413716212104E-5,1.9038878572773553E-5,1.906045634475055E-5,1.899831107817748E-5,1.904725625690826E-5,0.0,1.903552380796396E-5,
0.0090720419451488,4.253612587424865E-4,0.0,0.003223855909271077,0.0,0.0,0.0,0.06308915518599104,
0.0032816143480685323,0.0,0.0,0.0022958351148465324,0.0016253818109503407,0.0,0.0,0.32876822136562,
4.983085549413848E-4,0.0,0.0,0.0,0.0,0.0,0.0,0.3197717405804179,
7.261629132339534E-4,0.0,0.0,0.0,0.0,0.0012342681730018732,0.0,0.2775175725738529,
0.005794561463744543,0.0,0.0,0.0,0.0,0.0,0.0,0.18454888976880968,
0.0,0.0,0.0,0.0,0.0,0.0,-1.0,0.00586943343976236,
1.3083860613915E-5,1.300713757151085E-5,1.4439996754900228E-5,1.3082708609643207E-5,-1.0,1.3107478683151419E-5,0.0,-1.0,
0.017227782127227483,0.00991647887371919,0.00869614640206789,0.0012976502506102062,2.095487741961149E-4,0.0034904904000129505,0.0,0.06405485046866816,
0.011741844483525596,1.4015236817447357E-4,0.0,0.002804478450936266,0.008422231361195522,0.0,0.0,0.249497151121243,
0.013011280174774473,0.0,0.0,0.0,0.0,0.0,0.0010955027142020464,0.3223434759303474,
0.0,0.0,0.0,0.0,0.0,0.0,0.0,0.3134821246226227,
0.0,0.0,0.0,0.0,0.0,0.0,0.0,0.20402236188089623,
0.0,0.0,0.0,0.0,0.0,0.0,-1.0,0.005959098472963268,
0.00894593695664474,0.008913548142618114,0.008953608980696331,0.008919701830618186,-1.0,0.0,0.0,-1.0,
0.05039206812453552,0.034107100513603175,0.048719906416900056,0.01796238015259386,0.024609247726261347,4.290202967170559E-4,0.0,0.17819253937265517,
0.0028541050770126307,0.0,0.008341434452920175,9.844069258218482E-4,0.0,0.0,0.0,0.39775360735853094,
0.001135222589319421,0.0,0.0,0.0,0.0,0.0,0.0,0.32775544651860056,
1.0933008541636781E-4,0.0,0.0,0.0,0.0,0.0,0.0,0.18033938984006415,
0.0,0.0,0.0,0.0,0.0,0.0,-1.0,0.0,
0.049998624760953896,0.013604729114478043,0.03962634884166765,0.006445340876161729,-1.0,0.003330363279281995,0.03168470305360683,-1.0,
0.009551474763553149,2.467508197662075E-4,5.694712608473397E-4,0.00245099389839989,0.007407509825651595,3.0E-5,0.0,0.3144649862258679,
0.001864322552349968,0.0,0.0,0.0,0.0,0.0,0.0,0.33260696639036924,
0.0,0.0,0.0,0.0,0.0,2.3442143764939395E-4,0.0,0.1746894000059054,
0.0,0.0,0.0,0.0,0.0,0.0,-1.0,6.773861277510682E-4,
0.13256150141219455,2.310398141413738E-4,0.0,0.006918770071316392,-1.0,7.797379150487996E-4,0.0020247028669206006,-1.0,
0.009075720438622337,0.0,3.484810909787341E-4,0.0,0.0,0.0,0.0,0.33537925197337637,
0.0020048168286502925,0.0,0.0,0.0,0.0,0.0,0.0,0.21846231781458444,
0.0,0.0,0.0,0.0,0.0,0.0,-1.0,0.0,
0.080798251584389,0.008975186471787758,0.0019088906649107986,0.0,-1.0,0.0016913271495162991,0.003593273344977484,-1.0,
3.529119191784716E-4,0.0,0.0,0.0,0.0,2.0781749967004905E-4,0.0,0.21631620030348211,
0.0,0.0,0.0,0.0,0.0,0.0,-1.0,0.0,
0.2258913645992208,0.0,0.005093196008118376,0.0,-1.0,0.0,0.015153847999286962,-1.0,
0.0,0.0,0.0,0.0,-1.0,0.0,-1.0,0.023195239252058162,
1.7934313667448363E-5,1.801356884632775E-5,-1.0,1.8007542352639608E-5,-1.0,-1.0,1.8005452932825646E-5,-1.0,
1.5489115324102607E-5,1.5499554303019312E-5,-1.0,1.552378714293564E-5,1.577206831620787E-5,-1.0,0.0,1.553554391365247E-5,
0.014968739266587018,0.003917277257395876,-1.0,0.001283237647183493,0.014666663111759766,-1.0,0.0,0.08411283007933977,
0.001554515205382492,0.0,-1.0,0.0,0.0,-1.0,0.0,0.27679222592773894,
0.0,0.0014350021039268104,-1.0,0.0,0.0,-1.0,0.0,0.18138537355871806,
0.0,0.0,-1.0,0.0,0.0,-1.0,0.0,0.033403194694194456,
7.353828774866022E-4,0.0,-1.0,0.0,0.185058345823969,-1.0,0.0,0.0,
0.0,0.0,-1.0,0.0,0.0,-1.0,-1.0,0.0,
3.23594754573857E-5,1.1795764234442392E-5,1.1839833958975109E-5,1.1887379208932059E-5,-1.0,1.188414670465207E-5,0.0,-1.0,
0.021584610872365993,0.013308767190574545,0.021644155065710272,0.0016008803453491675,0.021634805497003317,0.004332635287968576,0.0019952644622264603,0.011235803771925932,
0.011885932788328541,0.0016837605360751817,0.0,0.0,0.0,0.0,0.0,0.31812170734519374,
0.0025436072870338817,0.0,0.0,0.0,0.007136317044623312,0.0,0.0,0.38120482604552,
3.014779889411152E-4,0.0,0.006250308068195692,0.0,0.0,0.0,0.0,0.4020403492655476,
0.0012697426195403083,0.0,0.0056185262995272845,0.0011950525534372312,0.0,0.0,0.0,0.33758606097705546,
0.0,0.0,0.0,0.0,0.0,0.0,-1.0,2.9643768867440127E-5,
0.012910580749780156,0.0030229403493150543,0.0015505664392912438,1.339960679448574E-4,-1.0,0.0,3.8228348030250423E-4,-1.0,
0.03181425210221595,0.006482766444101961,0.01382608843887335,0.004745101518077043,0.002124286648843083,0.004006027779316612,0.0023678765471700416,0.015707032030058476,
0.0031309963023483343,0.0,0.0057511795508571,0.0,0.006358806953792058,0.0,0.0,0.333008615753064,
0.002191282006844188,0.002743940904870028,0.0,0.0,0.0,0.0,0.0,0.3513597881597062,
0.0017584703145860068,6.654101207513425E-4,0.0,0.0,0.005205272735363672,0.0,0.0,0.21122499608190737,
0.0,0.0,0.0,0.0,0.0,0.0,-1.0,0.007177095733032239,
0.04052859362643376,0.003149973114763045,0.01310255182775529,0.005334675087948727,-1.0,0.0,0.0101759725374841,-1.0,
0.0030003010629023564,0.0,4.015347737574588E-5,1.5819008097393408E-4,0.0,0.0,0.0,0.2775733148991777,
0.0,0.0,0.0,0.0,0.0,0.0,0.0,0.29100067556009485,
6.777439481104557E-4,0.0,0.0,0.0,0.0,0.0,0.0,0.18370064099513042,
0.0,0.0,0.0,0.0,0.0,0.0,-1.0,2.1443067465747772E-4,
0.01349665484925882,0.0027791385907847245,0.10736710895627258,0.0,-1.0,0.0,0.0015659787518784865,-1.0,
9.888244569348423E-4,0.0025838058721600428,0.005668966337936767,0.0,0.0,0.0,0.0,0.42047223428259234,
0.0,0.0,0.0,0.0,0.0,0.0,0.0,0.21155093605365977,
0.0,0.0,0.0,0.0,0.0,0.0,-1.0,0.0018407568068116301,
0.011416316765120223,0.0035373650160158204,0.14715080178984838,0.0,-1.0,0.0026516073637195027,0.008040070855069886,-1.0,
0.0043035678890525715,0.0,0.0,0.0,0.0,0.0,0.0,0.28204070517254815,
0.0,0.0,0.0,0.0,0.0,0.0,-1.0,8.696380194367695E-4,
0.06649917906379849,8.056677169828216E-4,0.013807941479906233,0.0,-1.0,0.0,0.008691666517071855,-1.0,
0.0,0.0,0.0,0.0,-1.0,0.0,-1.0,0.019932495019803584,
1.2578416613138472E-5,9.421144989716912E-6,-1.0,3.264260207400055E-6,-1.0,-1.0,0.0,-1.0,
0.030690100144885085,0.007585901520121003,-1.0,0.0,0.006845277444703942,-1.0,0.001021757081009251,0.0067864119637674435,
0.00842095503142162,0.0011758945748866338,-1.0,0.0,0.0028638244451643976,-1.0,0.0,0.29770300113241394,
0.00280399054702876,2.3463432711965957E-4,-1.0,0.0,0.0,-1.0,0.0,0.302030037242749,
0.0012292349213406722,0.0,-1.0,0.0,0.0,-1.0,0.0,0.26053163635039056,
0.0,0.0,-1.0,0.0,0.0,-1.0,0.0,0.1501067063589083,
0.0,0.0,-1.0,0.0,0.0,-1.0,-1.0,6.034937811348569E-4,
0.08809521517960826,0.0,0.0,0.0,-1.0,6.0541973883345E-4,0.0,-1.0,
0.04799179167168232,0.01318561248588652,0.00769798999769602,0.0,0.006246560574608713,0.0,0.0,0.023154328673365077,
0.0031331037915401424,0.0,0.0,0.0,0.0,0.0,0.0,0.2817070956906946,
6.991258615987102E-4,0.0,0.0,0.0,0.0,0.0,0.0,0.30908923295939333,
0.0012680271189527115,1.1126422514289879E-4,0.0,0.0,0.0,0.0,0.0,0.1622603590752685,
0.0,0.0,0.0,0.0,0.0,0.0,-1.0,0.004118846396753739,
0.05875480670420288,0.0015616833623616475,0.0,0.0017637469256253436,-1.0,0.0,0.0016229460330627627,-1.0,
0.013101534528970924,0.003098004604649341,0.006628112472366784,0.0,0.0,0.0,1.0024006133415008E-4,0.2681402787739694,
0.0017059129064080634,8.913823116708641E-4,0.0,0.0,0.0,0.0,0.0,0.3359293360102087,
0.0,0.0,0.0,0.0,0.0,4.725904785717832E-4,0.0,0.2064465292981595,
0.0,0.0,0.0,0.0,0.0,0.0,-1.0,7.139839943402808E-4,
0.0387080537900075,0.002178035445767063,0.011094040809805658,0.002200177339913504,-1.0,0.0021680936679816425,0.006544844473212223,-1.0,
0.0028760894332525103,1.7194375963780668E-4,0.0,0.0,0.0,0.0,0.0,0.2440391624266383,
0.0,0.0,0.0,0.0,0.0,0.0,0.0,0.16821703403703117,
0.0,0.0,0.0,0.0,0.0,0.0,-1.0,0.0010807496994376918,
0.13946422826938246,0.0013976365428113513,0.0,0.011030102254817053,-1.0,7.014600393749867E-4,0.02142707253288046,-1.0,
1.4190847209627407E-4,9.219175419171227E-4,0.0,0.0,0.0,0.0,0.0,0.1670935863880459,
0.0,0.0,0.0,0.0,0.0,0.0,-1.0,0.012952867290944619,
0.0015828212780621708,7.630891230231091E-4,0.010047249021344884,5.575628764314035E-4,-1.0,0.001079880535338287,0.21292245604211382,-1.0,
0.01086001516408046,8.227653700124982E-4,0.2683928272320365,8.766527717205578E-5,-1.0,1.1003622997899875E-4,-1.0,0.025552266965458717,
0.0,0.0,-1.0,0.0,-1.0,-1.0,0.0016357709294624045,-1.0,
0.0885945875066876,0.00925556160129798,-1.0,0.0017876520895670084,0.0,-1.0,0.006251527742640849,0.01349998082078988,
0.0,0.001680012535319687,-1.0,0.0,0.0,-1.0,0.0010903577172626886,0.296374230505365,
0.0011866963103871005,0.0025904280872890225,-1.0,0.0,0.0,-1.0,0.0,0.30118420477785246,
4.3443453405186933E-4,0.0,-1.0,0.0,0.0,-1.0,0.0,0.19215664193631937,
0.0,0.0,-1.0,0.0,0.0,-1.0,-1.0,0.006474319764048584,
0.09111780436387364,6.821763760582638E-4,0.0,0.0,-1.0,0.0011063010236345755,0.007589622942261215,-1.0,
5.810023454515974E-4,4.6140170551110007E-4,0.0,0.0,0.0,0.0,0.0,0.2683205587175722,
0.0,0.0,0.0,0.0,0.00633589281659804,0.0,0.005114139418460502,0.30386496102751387,
0.0,0.0,0.0,0.0,0.0,0.0,0.0,0.1768973372808592,
0.0,0.0,0.0,0.0,0.0,0.0,-1.0,0.005564382670710185,
0.02613415601646945,0.005945586598369168,0.005469814012843166,0.0045999346883724805,-1.0,0.001526752884673677,0.0011042999245195802,-1.0,
0.001974667914997595,8.229047131884714E-4,0.0,0.0,0.0,0.0,4.557693346096506E-4,0.24553550861009785,
0.0,0.0,0.0,0.0,0.0,0.0,0.0,0.18413424776624582,
0.0,0.0,0.0,0.0,0.0,0.0,-1.0,0.002697690115866103,
6.606213895974735E-4,5.363995102654705E-4,7.1749124346163635E-6,0.07031557073934142,-1.0,0.0,0.012521765603344734,-1.0,
2.0993082874182616E-4,0.0,0.0,0.0021530812431422965,0.0,0.0,0.0,0.1625351340076105,
0.0,0.0,0.0,0.0,0.0,0.0,-1.0,9.537197851165709E-4,
0.12989946766955984,6.119967614033962E-4,0.0,0.002016766266151426,-1.0,0.0,9.003965450282498E-5,-1.0,
0.0015115043551987002,2.83062462905894E-4,0.0,0.0,-1.0,0.0,-1.0,0.2208663500635505,
0.06978980940991089,0.0016711195769377623,-1.0,0.0012369622185074692,-1.0,-1.0,0.006063431153946563,-1.0,
0.013501062725512407,0.004342023789864158,-1.0,7.203421537803913E-4,0.005356538132122982,-1.0,0.0,0.26136465546149035,
0.0,1.5865977394409172E-4,-1.0,0.0,0.0,-1.0,0.0,0.017181651518837163,
0.06349559086529473,0.0,-1.0,0.0,0.0,-1.0,0.0,1.1825786276750248E-5,
0.0,0.0,-1.0,0.0,0.0,-1.0,-1.0,0.0018859718065929233,
0.011668416052015204,1.0851366582305863E-4,0.011021544483703124,0.027338383687087513,-1.0,0.001585820556206397,0.0019627372770896433,-1.0,
0.005674920235331461,1.3462992333651138E-4,0.0,8.866329012629573E-4,0.0050574440520979895,0.0,0.0,0.21726367042627545,
0.0,6.999838952866159E-4,0.0,0.0,0.0,0.0,0.0,0.17294355571883316,
0.0,0.0,0.0,0.0,0.0,0.0,-1.0,0.0,
0.002437933877692836,7.06748092679255E-5,0.1183648387824944,0.007476780850996749,-1.0,0.0,3.5312848710567E-4,-1.0,
8.248343193715595E-4,0.0,0.0,0.0,0.0,0.0,0.0,0.16372224664732826,
0.0,0.0,0.0,0.0,0.0,0.0,-1.0,6.701285130914134E-4,
0.030860677880806847,0.005071437423402639,0.0,3.5496220690169153E-4,-1.0,0.0,0.005087203097582292,-1.0,
0.0,0.0,0.0,0.0,-1.0,0.0,-1.0,0.016325970314626286,
0.05273970055016126,7.297136732841063E-4,-1.0,0.0,-1.0,-1.0,0.0013293420953662928,-1.0,
0.007585967185876711,0.0,-1.0,0.0,0.0,-1.0,0.0,0.2601489394449596,
0.0021352904973179023,0.0,-1.0,0.0,0.0,-1.0,0.0,0.21158696129653737,
0.0,0.0,-1.0,0.0,0.0,-1.0,-1.0,0.0057259107088870765,
0.007094077924163948,0.0026051604416385907,0.05130705261033617,0.0,-1.0,0.0025359639728913014,0.001138141969918077,-1.0,
0.0,1.3311904740569564E-4,0.0,0.0,0.0,0.0,0.0,0.2340015055422894,
0.0,0.0,0.0,0.0,0.0,0.0,-1.0,0.007402856048118441,
9.931963690001995E-4,6.162645892302303E-4,0.010257958557527539,0.0,-1.0,3.198528329353577E-4,0.03649319033947313,-1.0,
0.0023832567351475976,6.162932752304059E-4,0.11543185376642454,8.464416922685671E-5,-1.0,0.0,-1.0,0.005126156996092906,
0.04862175112500426,3.6543011996961977E-4,-1.0,0.007481327320179952,-1.0,-1.0,8.105943352482638E-4,-1.0,
3.616572535370999E-4,0.0,-1.0,0.0,0.0,-1.0,0.0,0.120149275234344,
0.0,6.88554166280506E-5,-1.0,0.0,0.0,-1.0,-1.0,0.0033056539755781976,
0.029531621017651756,0.011750320124170002,-1.0,2.914970429702188E-4,-1.0,9.511744415623774E-4,0.008117107371567366,-1.0,
0.004560376440875493,0.002463285832208791,-1.0,0.0018133598282382285,-1.0,0.0,-1.0,0.0012471634647244637,
-1.0,2.6480148919310494E-5,-1.0,-1.0,-1.0,-1.0,2.644195845327794E-5,-1.0,
-1.0,2.622462610125646E-5,-1.0,-1.0,2.6332947254249572E-5,-1.0,2.626855032168533E-5,2.633051707214348E-5,
-1.0,2.184728396774987E-5,-1.0,-1.0,2.1894883335633464E-5,-1.0,0.0,2.18447691887385E-5,
-1.0,0.0030322058253252977,-1.0,-1.0,6.456630933754734E-4,-1.0,0.002431373216102704,0.31931611266901105,
-1.0,0.0018669305093320734,-1.0,-1.0,0.0,-1.0,0.0,0.4240000715538954,
-1.0,0.0029764914781314445,-1.0,-1.0,0.01128056508603505,-1.0,0.0,0.3001618204172503,
-1.0,3.7045645714667947E-4,-1.0,-1.0,0.0,-1.0,0.0,0.24318132783538055,
-1.0,0.0,-1.0,-1.0,0.005100321968510215,-1.0,0.0,0.1423046358563827,
-1.0,0.0,-1.0,-1.0,0.0,-1.0,-1.0,0.0,
-1.0,1.9196421872661734E-5,1.7226511286058725E-5,-1.0,-1.0,1.7989359122937507E-6,1.7324109530440363E-5,-1.0,
-1.0,1.8782558172177123E-5,1.7170230178311968E-5,-1.0,1.7187149568819762E-5,1.719894459022254E-5,0.0,1.720482494150533E-5,
-1.0,0.0,0.006302228135562236,-1.0,0.0,0.005294437822823423,9.184499428516252E-4,0.04853876681763577,
-1.0,0.0016974730648575916,0.0,-1.0,0.0,0.0,0.0,0.3521182389901294,
-1.0,0.0031403070917942737,0.0015133719138088616,-1.0,0.0,0.0,0.0,0.33159474398887034,
-1.0,0.0016457625266983237,0.0,-1.0,0.0065274369760685395,0.0,0.0,0.279834658754118,
-1.0,0.0,0.0,-1.0,0.0,0.0,0.0,0.16001937871598426,
-1.0,0.0,0.0,-1.0,0.0,0.0,-1.0,0.005781352892181625,
-1.0,1.301923768936857E-5,1.3897169259228548E-5,-1.0,-1.0,1.3027294147658465E-5,0.0,-1.0,
-1.0,0.0035091203541764127,0.01953233971101854,-1.0,0.0,0.0,0.0115517650074166,0.002003904036437223,
-1.0,0.0027583618675955392,0.03255156778061194,-1.0,0.10281926489312902,0.0018498717154446303,0.0,0.01665586430827812,
-1.0,0.0,0.00694593702498929,-1.0,0.0,0.0,6.792428580214633E-4,0.49713062420827414,
-1.0,0.0,0.0,-1.0,0.0,0.0,0.0,0.4376275947654089,
-1.0,9.948536787547084E-4,0.0,-1.0,0.0,0.0,0.0,0.21206374436463954,
-1.0,0.0,0.0,-1.0,0.0,0.0,-1.0,9.255402947601577E-5,
-1.0,2.2391196850340598E-4,0.013373909140047982,-1.0,-1.0,0.0,0.0065965020129403265,-1.0,
-1.0,0.12349313295821968,0.050982830418246694,-1.0,0.043157064000966236,0.026833363111252347,0.0013811810847597643,0.03203204404833562,
-1.0,0.0028038070622240863,0.0,-1.0,0.0,0.0,0.0,0.516136134742566,
-1.0,0.0,0.0022689716213544287,-1.0,0.0,0.0,0.0011899893425664524,0.4382981814750946,
-1.0,0.0,0.0,-1.0,0.0,0.0,0.0,0.22866188768198734,
-1.0,0.0,0.0,-1.0,0.0,0.0,-1.0,0.0,
-1.0,0.01638376081652217,0.05511279182462402,-1.0,-1.0,0.08117648840344333,0.011022626482788714,-1.0,
-1.0,0.0,0.007464438721227076,-1.0,0.0,0.0,0.0,0.3413516832068509,
-1.0,7.476556415635756E-4,0.0,-1.0,0.0,0.0,0.0,0.32230122333577105,
-1.0,0.0,0.0,-1.0,0.0,0.0,0.0,0.19466406055638402,
-1.0,0.0,0.0,-1.0,0.0,0.0,-1.0,0.005991627038118122,
-1.0,0.00858567413380663,0.0845061549918289,-1.0,-1.0,0.0,0.007795675020083949,-1.0,
-1.0,0.0012120677036525844,3.9420932152074406E-5,-1.0,0.0,0.0,0.0,0.457221846603141,
-1.0,0.0,0.0,-1.0,0.0,0.0,0.0,0.22248484869271784,
-1.0,0.0,0.0,-1.0,0.0,0.0,-1.0,0.0065540580093588294,
-1.0,0.008752789189651874,0.05595948800847942,-1.0,-1.0,0.0,0.0224649278294788,-1.0,
-1.0,4.3498793639404386E-4,1.6381430491090783E-4,-1.0,0.0,0.0,0.0,0.3199784976454093,
-1.0,0.0,0.0,-1.0,0.0,0.0,-1.0,0.0,
-1.0,0.0,0.28536268748156157,-1.0,-1.0,0.0,0.0,-1.0,
-1.0,3.313403773434958E-5,0.0,-1.0,-1.0,0.0,-1.0,0.07219366449515598,
1.6071975399339683E-5,1.608285866955272E-5,-1.0,1.6067355079649173E-5,-1.0,-1.0,1.6024459298990528E-5,-1.0,
1.3354610998131734E-5,1.3368349919594698E-5,-1.0,1.3393938992298318E-5,1.3652558811535735E-5,-1.0,0.0,1.3383470381296519E-5,
0.0029441697815847517,0.005811197135271974,-1.0,0.002912186592137845,0.007001339857379261,-1.0,0.00140381231712917,0.16093068829769447,
0.0029796583421704357,0.0,-1.0,0.002020452597235784,0.0,-1.0,0.0,0.31871354466429924,
0.001958813619620901,6.999855391966514E-5,-1.0,0.0,0.0064049362795766795,-1.0,0.0,0.2781113169030647,
0.0023336630946723946,2.4147755216306124E-4,-1.0,0.0,0.0,-1.0,0.0,0.2581530267579277,
0.0,0.0,-1.0,0.0,0.0,-1.0,0.0,0.16447839043144966,
0.0,0.0,-1.0,0.0,0.0,-1.0,-1.0,0.0,
1.0780761383089519E-5,1.0816298873901067E-5,4.852463501958078E-5,1.0474734295862013E-5,-1.0,1.04989477635589E-5,0.0,-1.0,
0.022744463680184988,0.02281015790659345,0.024036244980016074,0.007684610259690749,0.016259876104096693,0.003202477728333067,0.0024661693940954514,0.01741445567013509,
0.004431894627448167,8.082937969244239E-4,0.0017999436045925748,0.0,0.0,0.0,0.0,0.37445972611564116,
0.0025633753280380643,0.0039665697463169185,0.0,0.0,0.0,5.642100761498241E-4,0.0,0.40335477811828896,
0.0011414018829857089,0.0035613798593039925,0.0,0.0,0.0,0.0,0.0,0.321179850763136,
8.743740803946286E-4,0.0,0.0,0.0,0.0,0.0,0.0,0.20826463824980937,
0.0,0.0,0.0,0.0,0.0,0.0,-1.0,4.788506524373305E-4,
0.015528318749734175,7.917412302246435E-4,0.0042040438366230054,1.698500922566226E-4,-1.0,0.0,0.0,-1.0,
0.04963195780024146,0.05026780567973998,0.050273912488065634,0.055788325249469695,0.05023444658206498,0.007541174818694494,0.006985720615182944,0.03965994837257543,
0.007178224913123032,0.0,0.0,0.0,0.0,0.0,0.0,0.45908557245247705,
0.005976873570033242,0.0022075077454189068,0.0,0.0,0.0,0.0,0.0,0.39687976368779365,
8.492500358089948E-4,5.202722635905941E-4,0.0,0.0,0.0,0.0,0.0,0.19187961551890126,
0.0,0.0,0.0,0.0,0.0,0.0,-1.0,0.002294645721040853,
0.03216706930854081,0.008885556480565372,0.007943577524011106,0.00285192530574657,-1.0,0.009600614604835337,0.015647553794766133,-1.0,
0.005223823759597906,0.0,0.0,0.0,0.0022838533861743327,0.0,0.0,0.30017765487190934,
0.0023005731297058595,0.0017018082518232098,0.0,0.0,0.0,0.0,0.0,0.3234477847245493,
0.0,0.0,0.0,0.0,0.0,0.0,0.0,0.22068614006776355,
0.0,0.0,0.0,0.0,0.0,0.0,-1.0,0.005857018147005673,
0.058350044123735616,0.013349343114178895,0.0394334446602427,0.011857512773836612,-1.0,0.001223367353899954,0.005998078334181165,-1.0,
0.0,0.0025475095268525524,0.0015042690164257732,0.0,0.0,0.0,0.0,0.3399062628516766,
0.0,0.0,0.0,0.0,0.0,0.0,0.0,0.1953604370287626,
0.0,0.0,0.0,0.0,0.0,0.0,-1.0,0.0,
0.05524205044161911,0.017414903756017324,0.0029035292421459523,0.0016581216407417917,-1.0,0.0,0.002233467804446251,-1.0,
0.007106999977770537,0.0,0.001189114131687416,0.0,0.0,0.0,0.0,0.2216869259111584,
0.0,0.0,0.0,0.0,0.0,0.0,-1.0,0.007149487502265764,
0.09938377310897309,0.001781915689205804,0.01045839426575434,0.0084510266689719,-1.0,0.0010273194693868775,0.004142808099797359,-1.0,
0.0,0.0,0.0,0.0,-1.0,0.0,-1.0,0.024473491700093025,
9.95521937053649E-4,1.1134486009982768E-5,-1.0,1.1143341245496761E-5,-1.0,-1.0,0.0,-1.0,
0.021910349805482936,0.022145040789629422,-1.0,0.022424907648601205,0.019293405803794742,-1.0,0.001619813361906046,0.031069825026650198,
0.02026225644035434,0.004061755036388094,-1.0,0.0,0.0,-1.0,0.0,0.2578569430399456,
0.0,0.0014404220778611785,-1.0,0.0,0.0072890634650922825,-1.0,0.0,0.3153801153003518,
0.0024558523395994546,0.001124793795608918,-1.0,0.0,0.0,-1.0,0.0,0.2934368794392728,
0.0023358795579532152,0.0,-1.0,0.0,0.0,-1.0,0.0,0.13391566754200473,
0.0,0.0,-1.0,0.0,0.0,-1.0,-1.0,0.0013906635140086916,
0.010571098367467138,0.002006863826976432,0.010416119702132909,0.0018936660612958517,-1.0,0.0,0.00744300524827826,-1.0,
0.04766915197553651,0.04969877392021298,0.07762133998570435,0.050324195366554615,0.050056488971191256,0.01680532547213276,0.021217321930480003,0.04527098429506821,
0.0,0.0,0.005355381854632184,0.0,0.0,0.0,0.0,0.39931969132466627,
0.001497410589774245,0.0,0.0,0.0,0.0019373688080602178,0.0,0.0,0.39653780989899157,
0.0,0.0,0.0,0.0,0.0,0.0,0.0,0.24194144558757952,
0.0,0.0,0.0,0.0,0.0,0.0,-1.0,0.006713775784265397,
0.05243082007417479,0.03704935309956076,0.044092400005755115,0.03688493196351255,-1.0,0.015039942888571784,0.026243583798360164,-1.0,
0.01027474319315246,0.0,0.0019138847733454762,0.002388541168608125,0.0,0.0030958700196836693,0.0,0.17068100248419704,
0.0,0.0,0.0,0.0,0.0,0.0,0.0,0.3221046519237134,
3.0E-5,0.0010818713769030913,0.005112198439423534,0.0,0.0,0.0,0.0,0.23061098404983774,
0.0,0.0,0.0,0.0,0.0,0.0,-1.0,0.0,
0.06156641058369428,0.018212819887569624,0.057149453882269365,0.043177012552764814,-1.0,0.006516642146259737,0.015289906807045683,-1.0,
0.09117704865287919,0.02570230528037086,0.04732649779880767,0.006134732828301219,0.0046517373289602145,0.00478900024074424,0.006465448822205664,0.22338088218020238,
0.0,0.0,0.0,0.0,0.0,0.0,0.0,0.17191804500899335,
0.0,0.0,0.0,0.0,0.0,0.0,-1.0,0.0034177153877846876,
0.029797967306928085,0.009453783892760663,0.03895890663435104,0.012320500419913366,-1.0,0.2118655674863499,0.018054639555748833,-1.0,
0.0013823834913514704,7.775973547277789E-4,0.0,0.0,0.0,0.0,0.0,0.2101036132800055,
0.0,0.0,0.0,0.0,0.0,0.0,-1.0,0.0025586913174173694,
0.14442859924392468,0.0,0.0,0.0,-1.0,0.0,0.0,-1.0,
7.239616285760894E-4,4.5601150319971126E-4,0.0,1.19447989002758E-4,-1.0,0.0,-1.0,0.07422952401701205,
0.011786533766557925,2.2142949201630369E-4,-1.0,0.0,-1.0,-1.0,0.0,-1.0,
0.13879718964672644,0.018417920598233918,-1.0,0.005937556700448281,0.01360141600742025,-1.0,0.008387104830813473,0.02917512453769171,
0.003298339592945952,2.556049977624693E-4,-1.0,0.0,0.0,-1.0,0.0,0.33879957055377713,
0.002305573825231706,0.0,-1.0,0.0,0.0,-1.0,0.0,0.33532443943610385,
0.0,8.870547631544337E-4,-1.0,0.0,0.0,-1.0,0.0,0.18245138604421887,
0.0,0.0,-1.0,0.0,0.0,-1.0,-1.0,0.006124462784888573,
0.08423904266782094,0.01412077301092458,0.006496468573116095,0.005891485272958469,-1.0,0.0,0.01586278635002898,-1.0,
0.018361888091318963,0.003020770927411219,0.012443575065747368,0.0,0.0,0.0011533213692012777,0.0,0.27984518859862223,
0.003151420397214248,0.0,0.0,0.0,0.0,0.0,0.0,0.31390010860829093,
0.0,1.4462937263488284E-4,0.0,0.0,0.0012808922880988135,0.0,0.0,0.21989623440181832,
0.0,0.0,0.0,0.0,0.0,0.0,-1.0,2.3559654596527684E-4,
0.036677957809493046,0.0033649835130171034,0.021184288606707707,0.0028909915781176864,-1.0,0.0,0.006378561033438631,-1.0,
9.819922453541817E-4,0.0,0.0,0.0,0.0,0.0,6.525472553278112E-4,0.28247546967988524,
0.0,3.020651572801575E-4,0.0,0.0,0.0,0.0,0.0,0.21861389825548785,
0.0,0.0,0.0,0.0,0.0,0.0,-1.0,0.00600356964342894,
0.020469038222421736,3.596968317004194E-4,0.0,0.0,-1.0,0.0,6.06388565292966E-4,-1.0,
0.0020460310801667433,0.0,7.121514424510729E-5,0.0,0.0,0.0,0.0,0.1419884843489707,
0.0,0.0,0.0,0.0,0.0,0.0,-1.0,8.121456855974975E-4,
0.1292986931687882,0.0,0.0,5.665422888165626E-4,-1.0,0.0,0.010962336999173091,-1.0,
0.0017599482205025027,0.0,0.0,0.0021100389364117995,-1.0,0.0,-1.0,0.09119511963796292,
0.0602741078821519,0.00376841116937818,-1.0,0.006585089302853925,-1.0,-1.0,0.0033536993563995686,-1.0,
0.005904007013737894,0.0026648292750830896,-1.0,0.002114278519867755,0.0,-1.0,0.0,0.2745988456505008,
0.003311977150038065,9.438571289784232E-5,-1.0,0.0012617789003885893,0.0,-1.0,0.0,0.37903360862513813,
0.0,3.3720499987183883E-4,-1.0,0.0,0.0,-1.0,0.0,0.35317953171127275,
0.0,0.0,-1.0,0.0,0.0,-1.0,-1.0,0.0018812105786744917,
0.08612689887950954,0.0017973805375776346,0.006320304897864703,0.0015421816095532157,-1.0,0.0,0.007839430734978337,-1.0,
2.506331778533707E-4,0.0,0.005808386656191822,0.0,0.0,0.0,0.0,0.3387091457298004,
0.0014861939200939986,0.0,0.0,7.38368157358523E-4,0.0,0.0,0.0,0.2331350348712971,
0.0,0.0,0.0,0.0,0.0,0.0,-1.0,0.008951880729241893,
0.10997762838846706,0.0,0.0,0.0,-1.0,0.0,0.0,-1.0,
2.8824124551355394E-4,0.0,0.0,0.0,0.0,0.0,0.0,0.1729240211907727,
0.0,0.0,0.0,0.0,0.0,0.0,-1.0,0.011257005017231075,
0.06856052359579203,6.0267161201071694E-5,0.0,0.0021507356668650436,-1.0,0.0,0.0050446284861718005,-1.0,
0.0,0.0,0.0,0.0,-1.0,0.0,-1.0,0.0075918152300900954,
0.025449587480267,0.004586480981133122,-1.0,0.05514935300553314,-1.0,-1.0,0.009292676169023163,-1.0,
0.010511444262653335,0.0018962693759567335,-1.0,0.0016370878859370463,0.0057953623902077915,-1.0,0.0,0.20812256673439666,
0.0061876751176154965,0.0,-1.0,0.0,0.0,-1.0,0.0,0.21339776803135124,
0.0,0.0,-1.0,0.0,0.0,-1.0,-1.0,0.006063343090214343,
0.1313517276912949,0.013765307953947536,0.01102344036508276,4.963727747514634E-4,-1.0,0.0,0.0016749080603083721,-1.0,
0.001788768076988011,0.002384013484356475,0.0,8.176432761367579E-4,0.0,0.0,0.0,0.14407686496115313,
0.0,0.0,0.0,0.0,0.0,0.0,-1.0,0.0044216556471896405,
0.030278117740175584,2.3563415764206103E-4,2.1780987696973168E-4,1.4886841362875722E-4,-1.0,0.0,2.0097499209365699E-4,-1.0,
1.0683576007667964E-4,0.0,0.0,0.0,-1.0,0.0,-1.0,0.025181237285241263,
0.08457593268682459,0.003316453859170041,-1.0,0.003155790874519477,-1.0,-1.0,0.0013617895804691738,-1.0,
0.008474390060676865,0.004390608912684249,-1.0,0.0016126167687749034,0.005085125838282578,-1.0,1.0788411427619262E-4,0.08978738162345135,
3.881297762892504E-4,1.6187983921300537E-5,-1.0,0.0,0.0,-1.0,-1.0,0.01863014637023705,
0.07714387533199984,0.006928832654783128,-1.0,6.780070455899235E-4,-1.0,0.0030927438470846275,0.010403261756018151,-1.0,
0.01978219375798984,0.0025017164274853477,-1.0,3.040556116340489E-4,-1.0,0.0019497172397068777,-1.0,0.0023634101446300317,
-1.0,1.4306760601290944E-5,-1.0,-1.0,-1.0,-1.0,1.4267344290913559E-5,-1.0,
-1.0,1.3296978325531672E-5,-1.0,-1.0,1.2307470546590124E-5,-1.0,0.0,1.2351305183730505E-5,
-1.0,0.002174790570189383,-1.0,-1.0,0.0,-1.0,0.002546413653250041,0.11462413379440528,
-1.0,0.0,-1.0,-1.0,0.01140092168871093,-1.0,0.0,0.3614866253551554,
-1.0,0.0018554338742949516,-1.0,-1.0,0.0,-1.0,0.0,0.3464415108540895,
-1.0,0.0,-1.0,-1.0,0.0,-1.0,0.0,0.29538966453236826,
-1.0,6.375087486476992E-4,-1.0,-1.0,0.0,-1.0,0.0,0.17139003319075632,
-1.0,0.0,-1.0,-1.0,0.0,-1.0,-1.0,0.0,
-1.0,2.8932359799691712E-5,9.955900879961621E-6,-1.0,-1.0,9.039557344901341E-6,0.0,-1.0,
-1.0,0.02176953045966271,0.021761506110209262,-1.0,0.02182616596021719,0.014688230154449288,0.011318999466811915,0.02176322162172605,
-1.0,0.0,0.006297118627892788,-1.0,1.8339708554616867E-4,0.0,0.0,0.4015049422639342,
-1.0,0.0037489244461178716,0.0,-1.0,0.0,0.0,0.0,0.39801354930984495,
-1.0,6.255142194564213E-4,0.006808390186794921,-1.0,0.0,0.0,0.0,0.32220680425973947,
-1.0,0.0,0.0,-1.0,0.0,0.0,0.0,0.21884467203769806,
-1.0,0.0,0.0,-1.0,0.0,0.0,-1.0,0.0,
-1.0,0.0013277811681879734,0.003905091402311419,-1.0,-1.0,0.01770747624852131,0.0,-1.0,
-1.0,0.00480237837108572,0.030488086831003923,-1.0,0.0,0.005851985886073554,0.0,0.005110299153691309,
-1.0,1.1221517538829903E-4,0.001184100936039468,-1.0,0.0,0.0,0.0,0.34430286264733345,
-1.0,0.001685521758114323,0.0,-1.0,0.0,0.0,0.0,0.37711813726155025,
-1.0,0.0,0.0,-1.0,0.0,0.0,0.0,0.20406439842384017,
-1.0,0.0,0.0,-1.0,0.0,0.0,-1.0,0.0,
-1.0,0.03685161082617173,0.05262470157802189,-1.0,-1.0,0.0,0.013304544757216898,-1.0,
-1.0,0.0017083349864806794,0.0013247554550293843,-1.0,0.009018583601147396,0.0,0.0,0.42427234383712964,
-1.0,3.456840833127875E-4,0.006680789727133787,-1.0,0.0,0.0,0.0,0.39871876824101304,
-1.0,0.0,0.0,-1.0,0.0,0.0,0.0,0.16627219090115233,
-1.0,0.0,0.0,-1.0,0.0,0.0,-1.0,0.0,
-1.0,0.011413874258828428,0.06463472831191344,-1.0,-1.0,0.0,0.01067921236453555,-1.0,
-1.0,0.00202510804459571,5.28470310940327E-4,-1.0,0.0,0.0,0.0,0.41704767126447445,
-1.0,0.0,0.0,-1.0,0.0,0.0,0.0,0.27061976260142057,
-1.0,0.0,0.0,-1.0,0.0,0.0,-1.0,0.0,
-1.0,0.02094542347092569,0.0843754686363274,-1.0,-1.0,0.005767404564425578,0.027289327124013434,-1.0,
-1.0,0.00435980395276074,0.008627525701068896,-1.0,9.591872787453751E-4,2.559884997253419E-4,4.763414254639369E-5,0.26253955522526745,
-1.0,0.0,0.0,-1.0,0.0,0.0,-1.0,0.002374612973958739,
-1.0,0.004187957083172252,0.0031132305611191765,-1.0,-1.0,0.1576564221676536,0.0,-1.0,
-1.0,1.1294584001403474E-4,4.856875571925274E-4,-1.0,-1.0,0.0,-1.0,0.09936574185956205,
1.619299490933659E-5,6.637871687648894E-4,-1.0,9.403562820913577E-6,-1.0,-1.0,1.4853382804056475E-4,-1.0,
0.020760114651322818,0.02463764268754511,-1.0,0.02099286712569931,0.020962674464649594,-1.0,0.01656837649299524,0.02079861004307565,
0.08160429234139485,0.06978915983493542,-1.0,0.03135290778498491,0.08739737252189865,-1.0,0.023930722141450332,0.11498030131565694,
0.0,0.002562506098188921,-1.0,0.0,0.0,-1.0,0.0,0.4736449748232258,
0.002420460736080688,0.0,-1.0,0.0,0.0,-1.0,0.0,0.42345952825585964,
0.0,2.2409852883674525E-4,-1.0,0.0,0.005105562151767817,-1.0,0.0,0.23260413392291338,
0.0,0.0,-1.0,0.0,0.0,-1.0,-1.0,5.462812730276787E-4,
0.014227323283727469,0.01626643641418956,0.0037417214138120666,0.015900699494593065,-1.0,0.02026552554205986,0.0,-1.0,
0.015404935362325452,0.04836204171360581,0.0027709124285919596,9.712632532222241E-4,3.1717277972313085E-4,0.0,0.0,0.003550352608617606,
0.002037037949112888,0.0017387184963972677,0.001795358783680201,0.0,0.008337158488541009,0.0,0.0,0.19913383914780267,
0.0,0.0,0.0,0.0,0.006911009179398952,0.0,0.0,0.33769512017990566,
0.0012697893405241639,0.0,0.0,7.761844626595269E-4,0.0,0.0,0.0,0.20835596026549655,
0.0,0.0,0.0,0.0,0.0,0.0,-1.0,0.0,
0.023734346144610043,0.04404031465420947,0.08706140726286099,0.044695631057549576,-1.0,0.04442192331613237,0.03636197224501092,-1.0,
0.09945934557874615,0.06566833464397194,0.16579887727159676,0.026021504652048076,0.003605496646506363,0.021257810276413838,0.010754355492800504,0.10672563728194037,
0.0010406660046895853,0.0,0.0,0.0,0.0,0.0,0.0,0.38193490851400697,
0.0,0.0,0.0,0.0,0.0,0.0,0.0,0.25363768454983937,
0.0,0.0,0.0,0.0,0.0,0.0,-1.0,0.009187788893455544,
0.06819691584678278,0.03171596297967231,0.06335729859922822,0.06880794309436573,-1.0,0.10185715860297397,0.07667607328534394,-1.0,
0.015780504864047654,0.0059128725799802665,5.313842881731292E-4,0.0,0.0,0.0,0.0,0.28745932565515436,
0.0,0.0,0.0,0.0,0.0,0.0,0.0,0.20760939977228338,
0.0,0.0,0.0,0.0,0.0,0.0,-1.0,0.0010156874757904942,
0.003920088972760628,0.13760895763453576,0.04012890097173202,0.01682406420015471,-1.0,0.0,0.0010098535564103867,-1.0,
0.005935724181621868,0.005750901777783689,0.0,9.064542979426779E-4,0.0,0.00212508846322338,0.0,0.20096592103220903,
0.0,0.0,0.0,0.0,0.0,0.0,-1.0,0.006714407102019071,
0.003923822672963436,3.966877024944018E-4,0.36524729710790904,0.002166954711488209,-1.0,0.0,0.017107102634786268,-1.0,
0.003906611149388048,9.291946080794073E-4,0.0053172075861135735,0.0,-1.0,0.0,-1.0,0.02696494142543228,
0.01280612191850879,0.012798604486823692,-1.0,0.0128251589262579,-1.0,-1.0,0.00959370872950808,-1.0,
0.08018836055468877,0.049644239616005635,-1.0,0.03821368177172291,0.04346804231478434,-1.0,0.027986412022534303,0.20364551367627545,
0.002930089775616016,0.0,-1.0,0.0,0.0,-1.0,0.0,0.4491000310994277,
0.0027080883823354177,7.74771996812108E-4,-1.0,0.0,0.0,-1.0,0.0,0.4357340066628043,
0.0,7.964527357281118E-4,-1.0,0.0,0.0,-1.0,0.0,0.2404784225221142,
0.0,0.0,-1.0,0.0,0.0,-1.0,-1.0,0.0,
0.047721711966073076,0.04559991505402517,0.047204418973752174,0.04638628097725444,-1.0,0.12952524952220723,0.009139199885195516,-1.0,
0.1493321816138373,0.13479551177411486,0.15206444036018818,0.10635066781363442,0.1402581073559775,0.03676053460729125,0.06760149256862631,0.26487494548815244,
0.0015417669866428316,7.194884660167055E-4,0.0,0.0,0.0,0.0,0.0,0.546734546776473,
0.0,0.0,0.0,0.0,0.0,0.0,0.0,0.301393599994603,
0.0,0.0,0.0,0.0,0.0,0.0,-1.0,0.001340904700192091,
0.022713337984587675,0.011491065536375546,0.03882094503692316,0.06042024180901518,-1.0,0.011861588410897418,0.006701494109924743,-1.0,
2.681415240981377E-4,9.027868688201654E-4,0.0,0.0,0.0,0.0,0.0,0.293917434663578,
6.901412238470608E-4,0.0,0.0,0.0,0.0,0.0,0.0,0.18497802532911178,
0.0,0.0,0.0,0.0,0.0,0.0,-1.0,0.00504563975314916,
0.001244235487164559,2.9268452280153347E-5,4.80099557245196E-4,0.0762362159747498,-1.0,0.0,0.01363581499794359,-1.0,
0.0014285238487754801,2.979440289619006E-4,0.0,0.0016720661663170125,0.0,0.0,0.0,0.16823047463640084,
0.0,0.0,0.0,0.0,0.0,0.0,-1.0,0.006065847701065422,
0.01308997201328441,0.006229651707623646,0.10943647684544333,0.0033994237523531567,-1.0,0.0,0.030032242863216763,-1.0,
0.002886848767395676,0.004309961631479501,0.010256950950876064,4.749008100322089E-4,-1.0,0.0,-1.0,0.023493302727407867,
0.031365600252379576,0.014947461467953107,-1.0,0.08254663327185567,-1.0,-1.0,0.014912806746314546,-1.0,
0.15121032904198306,0.15226269801148237,-1.0,0.16109190170923995,0.15670159587169014,-1.0,0.07276702316674438,0.2240529562182066,
0.0,0.0,-1.0,0.0,0.006923132722872649,-1.0,0.0,0.49739533573245864,
0.0,0.0,-1.0,0.0,0.0,-1.0,0.0,0.2778708154772082,
0.0,0.0,-1.0,0.0,0.0,-1.0,-1.0,0.006421184971416195,
0.10823540639046479,0.11162317403751737,0.11458445377188776,0.0597646869175769,-1.0,0.14044647934314136,0.09264685682923657,-1.0,
0.010236337796591426,0.00849997430198866,9.097956074901919E-4,9.53956988991507E-4,0.0,0.0,0.0,0.22169208661998877,
0.0,0.0,0.0,0.0,0.0,0.0,0.0,0.17043757374369414,
0.0,0.0,0.0,0.0,0.0,0.0,-1.0,0.010525372902969232,
0.053485441889698275,0.015330206566126789,0.14293324170907887,0.0011464143327892665,-1.0,0.002605899778500526,0.01947546095174861,-1.0,
0.02531180094818144,0.006846244577685479,0.00928549593893593,0.003164380418706955,6.775842892792357E-4,0.001275080921319574,4.589788828719324E-6,0.27862868993461615,
0.0,0.0,0.0,0.0,0.0,0.0,-1.0,0.00916133627662257,
0.00576444958123654,0.0024184238911005443,0.007728998202373125,0.005176969741677445,-1.0,0.16012599818596276,0.010698953676453233,-1.0,
0.0,0.0,0.0,0.0,-1.0,0.0,-1.0,0.03668211151414884,
0.07153100056532331,0.0739040904071146,-1.0,0.08713852177661517,-1.0,-1.0,0.06445780033505234,-1.0,
0.09194499348907792,0.11033670782043994,-1.0,0.07296876888163124,0.11429543004675068,-1.0,0.07063514758719402,0.25641370292984567,
8.323549575968706E-5,0.0,-1.0,0.0,0.0,-1.0,0.0,0.3226879977320737,
0.0,0.0,-1.0,0.0,0.0,-1.0,-1.0,0.0,
0.07367734912159854,0.07525011843455304,0.08328033136064415,0.07938869440568651,-1.0,0.22772569483413713,0.05922289628086018,-1.0,
0.060331986438587566,0.05293906864052165,0.07295591197709511,0.10313421580359908,0.07059146862905011,0.05564966481807542,0.034215309120865796,0.07200962608042402,
4.769517393649168E-5,1.8449976345743925E-6,0.0,0.0,0.0,0.0,-1.0,0.030286229381091677,
0.028110134206814286,0.020154620335688902,0.054161900174186726,0.03333767268454329,-1.0,0.03419291565291934,0.031942015209809174,-1.0,
0.0071561195980157305,8.505628888961907E-4,0.010332764539484505,0.0,-1.0,0.0,-1.0,0.022773932305734202,
0.03564696263881074,0.039922254999138,-1.0,0.14483354061663148,-1.0,-1.0,0.027973368047161995,-1.0,
0.023739544040429703,0.025388811174333892,-1.0,0.037051692210056865,0.04697669406071727,-1.0,0.034327699334144,0.2947186860195329,
0.008251063556845748,0.004689715665248159,-1.0,4.192850603456234E-4,0.007146668280928683,-1.0,-1.0,0.2387347806540682,
0.012110316685126856,0.008535711439839517,-1.0,0.011776500927853881,-1.0,0.1653667939002421,0.015427585164298986,-1.0,
0.002296378637411884,0.0020359991032017225,-1.0,8.925814910620953E-5,-1.0,0.0876701744610356,-1.0,0.004086449643014937,
-1.0,1.5879174374138845E-5,-1.0,-1.0,-1.0,-1.0,0.0,-1.0,
-1.0,0.022605302590143088,-1.0,-1.0,5.453404185670977E-4,-1.0,0.0,0.0,
-1.0,0.006610314161698843,-1.0,-1.0,0.007598165574681889,-1.0,0.0,0.2639816336936672,
-1.0,0.0,-1.0,-1.0,0.0,-1.0,0.0,0.3058302145948795,
-1.0,0.004214137731790065,-1.0,-1.0,0.0,-1.0,0.0,0.303667129691408,
-1.0,0.001373308862080708,-1.0,-1.0,0.0,-1.0,0.0,0.16198092970754205,
-1.0,0.0,-1.0,-1.0,0.0,-1.0,-1.0,0.0,
-1.0,0.018339644633903928,0.006406898804748317,-1.0,-1.0,0.0,0.012688409057118311,-1.0,
-1.0,0.0455057368339252,0.00210906274346468,-1.0,0.009302244376032238,0.0,0.0,0.009913380733251462,
-1.0,0.0023407441889835884,0.006787221230894098,-1.0,0.0,0.0,0.0,0.2707702555736087,
-1.0,0.0013876287479466177,0.0,-1.0,0.0,0.0,0.0,0.34728163656033356,
-1.0,3.8970885179417394E-4,0.0,-1.0,0.0,0.0,0.0,0.2185976865417122,
-1.0,0.0,0.0,-1.0,0.0,0.0,-1.0,0.0025665868202614274,
-1.0,0.05709130386613595,0.007201166597442493,-1.0,-1.0,0.0,0.0,-1.0,
-1.0,0.007756762089824123,0.00651000402254802,-1.0,0.0,0.0,0.0,0.17860883194058663,
-1.0,0.0,0.0,-1.0,0.0,4.786314732944932E-4,0.0,0.3236595041823409,
-1.0,0.0,0.0,-1.0,0.0,0.0,0.0,0.19541317638496805,
-1.0,0.0,0.0,-1.0,0.0,0.0,-1.0,8.958783733682243E-4,
-1.0,0.11260086522373551,2.4056409587867682E-4,-1.0,-1.0,0.0,0.0,-1.0,
-1.0,0.0,0.0,-1.0,0.0,0.0,0.0,0.2827927246542621,
-1.0,0.0,0.0,-1.0,0.0,0.0,0.0,0.2188365959485279,
-1.0,0.0,0.0,-1.0,0.0,0.0,-1.0,6.456570256305435E-4,
-1.0,0.05224959710826902,0.005203288228363322,-1.0,-1.0,0.0,0.0,-1.0,
-1.0,0.0,0.0,-1.0,0.0,0.0,0.0,0.16162662059497998,
-1.0,0.0,0.0,-1.0,0.0,0.0,-1.0,0.007486026677947462,
-1.0,1.7643329451797154E-4,0.01532182567380418,-1.0,-1.0,0.0,0.038197233773972536,-1.0,
-1.0,2.3949695701943057E-4,0.2800834943144942,-1.0,-1.0,0.0,-1.0,0.013200126815164604,
0.0013785559221362838,8.883127860486351E-4,-1.0,0.01510312917634644,-1.0,-1.0,0.0,-1.0,
0.010241697496653905,0.1598893606729825,-1.0,0.0,0.009347104135642239,-1.0,0.0,0.011412128018332789,
0.0014998162529285346,0.003026435118053338,-1.0,0.0,0.00574595650452565,-1.0,0.0,0.3304376756973084,
0.0,0.0,-1.0,0.0,0.0,-1.0,0.0,0.32031899581761436,
0.0,0.0,-1.0,0.0,0.0,-1.0,0.0,0.18321078700619364,
0.0,0.0,-1.0,0.0,0.0,-1.0,-1.0,0.00544076429628624,
0.02471033588409441,0.08767979633117681,0.03587701177478153,0.008420379757313948,-1.0,0.0,0.01652261790182298,-1.0,
0.010433359938459867,0.008085956533399259,0.0,0.0,0.0,0.0018626553481801667,0.0,0.23431786798788484,
6.665628075954423E-4,0.0,0.0,0.0,0.0,0.0,0.0,0.2831171484624357,
0.0,0.0,0.0,0.0,0.0,0.0,0.0,0.17907354084021682,
0.0,0.0,0.0,0.0,0.0,0.0,-1.0,0.0,
0.006577588063633852,0.03939772794741412,0.0070622152549952525,0.0016240573218840953,-1.0,0.0,0.0015808755806395198,-1.0,
0.001944488747025839,0.0028114830599401163,0.0,0.0032093839847233633,0.0,0.0,0.0,0.2425848841083935,
0.0,0.0,0.0,0.0,0.0,0.0,0.0,0.1853065403316446,
0.0,0.0,0.0,0.0,0.0,0.0,-1.0,0.0,
4.308309011911556E-4,0.030199354085612806,0.0,0.0,-1.0,0.0,0.0,-1.0,
5.482201134180259E-4,0.004516807546320032,0.0,4.808654211647956E-4,0.0,0.0,0.0,0.13773248189081777,
0.0,0.0,0.0,0.0,0.0,0.0,-1.0,1.9798116269946188E-4,
0.0014050312469001567,0.004355538285505988,0.015311180168535006,4.7327916634886134E-5,-1.0,3.3764342828833524E-4,0.1993221833204017,-1.0,
0.0015458895631123722,0.002597317574591583,0.2130697655243366,0.0019498828313808906,-1.0,0.0,-1.0,0.02625086165234238,
0.012134458674105944,0.007743143748250091,-1.0,0.05999219447984589,-1.0,-1.0,0.011531778175188186,-1.0,
0.002513109608036521,0.03327218662231365,-1.0,0.0,0.007769159107690067,-1.0,0.0,0.2602688020265897,
0.0019141111498236858,0.0,-1.0,0.0016817781876378144,0.0,-1.0,0.0,0.30283917978215824,
0.0,0.0010668183408010957,-1.0,0.0,0.0,-1.0,0.0,0.20655204228052265,
0.0,0.0,-1.0,0.0,0.0,-1.0,-1.0,4.043418501506002E-4,
3.080729950873861E-4,0.11435138255226676,0.008746621947130535,3.0439338814973666E-4,-1.0,0.0012426977968061496,0.018114753703394357,-1.0,
0.0019821944033846435,3.0E-5,0.0,0.0,0.0,0.0,0.0,0.2888235737252893,
2.623328952178505E-4,0.0,0.0,5.923145932874393E-4,0.0,0.0,0.0,0.2053220536453315,
0.0,0.0,0.0,0.0,0.0,0.0,-1.0,0.005571013147612326,
0.007556559354666702,0.09543455787245539,0.004590034425565507,6.150655717515772E-4,-1.0,9.959346682313756E-4,0.006383227213393442,-1.0,
0.0,0.0035622929341335647,0.0,2.973746012622259E-4,0.0,1.9933105232321276E-4,0.0,0.18320432728010674,
0.0,0.0,0.0,0.0,0.0,0.0,-1.0,0.014282739161541276,
0.001052693304311019,0.0014698305712197342,0.010319383223098567,1.4648181939630236E-4,-1.0,0.0,0.06082872713169884,-1.0,
0.007887003112837132,0.0019972337201775926,0.08586127997539672,0.005726181739094121,-1.0,5.970366832895922E-4,-1.0,0.01713878536790899,
0.012290998197254282,0.05332109099816774,-1.0,0.008218174291371652,-1.0,-1.0,0.006116578248528367,-1.0,
0.001047521490620215,0.02284262807573019,-1.0,0.0,0.0,-1.0,5.302811688233658E-4,0.19256429290620586,
2.1433659769019988E-4,0.0,-1.0,0.0,0.0,-1.0,0.0,0.17151956799328144,
0.0,0.0,-1.0,0.0,0.0,-1.0,-1.0,0.0,
0.05704445507216012,0.07363573604486003,0.0571423704295325,0.04961796473143046,-1.0,0.0079754197616044,0.05638077227138933,-1.0,
0.008266945383324016,0.00838502364770462,0.010811936576168524,0.0,0.0060848538811735225,0.0,0.0,0.07697621694997718,
0.0,0.0,0.0,0.0,2.580725697820435E-4,0.0,-1.0,0.009500236643692274,
0.023641302921489186,0.023900147432285027,0.05095634894451733,0.004396686195954653,-1.0,0.002833264630874038,0.02585228494181569,-1.0,
0.016718480947004406,0.012935056942499898,0.020715918439299846,0.020705627305361102,-1.0,0.0,-1.0,0.16175177701060822,
0.03238584206615354,0.08123043572927811,-1.0,0.026241411827952477,-1.0,-1.0,0.024855998529079607,-1.0,
0.027651158463860088,0.008953920436940455,-1.0,0.0030455328836427246,0.015580194052239982,-1.0,0.0,0.08177427885983674,
8.301199104040857E-4,4.4889520116302357E-4,-1.0,0.0,0.0,-1.0,-1.0,0.019617287541541767,
0.007668881340018509,0.09029912941505018,-1.0,0.01242423733142328,-1.0,0.004049457093782422,0.012018574371578791,-1.0,
0.0023540622350430233,0.01465634810194987,-1.0,0.002788700498774806,-1.0,3.0446042735146445E-5,-1.0,8.538165122463995E-4,
-1.0,0.0070031210126018165,-1.0,-1.0,-1.0,-1.0,0.0,-1.0,
-1.0,0.00501815027084185,-1.0,-1.0,0.0,-1.0,0.0,0.19647998690714666,
-1.0,0.0018564360017324722,-1.0,-1.0,0.0,-1.0,0.0,0.2376288108591022,
-1.0,5.881946944412575E-4,-1.0,-1.0,0.0,-1.0,0.0,0.25293061763276165,
-1.0,0.0,-1.0,-1.0,0.0,-1.0,0.0,0.1588787610800586,
-1.0,0.0,-1.0,-1.0,0.0,-1.0,-1.0,0.005448275596694847,
-1.0,0.12688602264418053,0.005657378795151028,-1.0,-1.0,0.0,0.0014039054580273316,-1.0,
-1.0,0.00493257014699703,0.001075399741917165,-1.0,0.0,0.015355096443556697,0.0,0.23976561837144136,
-1.0,0.0014832931037312934,0.0,-1.0,0.0,0.0,0.0,0.24447298179538285,
-1.0,0.0,0.0,-1.0,0.0,0.0,0.0,0.15693238999201709,
-1.0,0.0,0.0,-1.0,0.0,0.0,-1.0,0.0,
-1.0,0.033515827759185525,0.004617259731635863,-1.0,-1.0,2.2324462660255846E-4,0.002737879851505656,-1.0,
-1.0,0.0013903832196854491,0.0,-1.0,0.0,0.0,0.0,0.2320676478899825,
-1.0,9.481971590238459E-4,0.0,-1.0,0.00528265678154173,0.0,0.0,0.18792021202000364,
-1.0,0.0,0.0,-1.0,0.0,0.0,-1.0,0.0015952479051422872,
-1.0,0.011670818846394855,0.0,-1.0,-1.0,0.0,0.0,-1.0,
-1.0,0.0,0.0060392188583564,-1.0,0.0,0.0,0.0,0.1298543543335654,
-1.0,0.0,0.0,-1.0,0.0,0.0,-1.0,0.005510375286613557,
-1.0,0.08165676440224137,0.005138885277310739,-1.0,-1.0,0.0,0.0,-1.0,
-1.0,0.0,0.0,-1.0,-1.0,0.0,-1.0,0.0206489163418366,
0.0020401058919879227,0.07320181564221315,-1.0,0.0012097621096607137,-1.0,-1.0,3.4593418343979823E-4,-1.0,
0.001299452452462212,0.0,-1.0,0.0,0.0,-1.0,0.0,0.2058452426583683,
0.002822327686147205,2.841156913355164E-4,-1.0,0.0,0.0,-1.0,0.0,0.24154848422761005,
0.0,7.41189113950691E-4,-1.0,0.0,0.0,-1.0,0.0,0.17142502319735548,
0.0,0.0,-1.0,0.0,0.0,-1.0,-1.0,0.0,
0.0012894268642801685,0.00555832849186356,0.0011404864101079585,0.03184736837241057,-1.0,0.0,0.003640980646840068,-1.0,
0.0014155835961551424,0.0013218456804672608,0.0,0.0017990740136711234,0.0,9.498713194107327E-4,0.0,0.20422595253481868,
0.0,0.0,0.0,0.0,0.0,0.0,0.0,0.18238034410620022,
0.0,0.0,0.0,0.0,0.0,0.0,-1.0,1.6315569691207162E-4,
0.0021624319543125767,0.07105611391871658,0.0,6.38463769647688E-5,-1.0,8.576843994654448E-4,8.591535783854047E-4,-1.0,
0.0010607505357308,0.0027268945716611057,0.0,7.291007732989989E-4,4.109534951191419E-4,0.0,0.0,0.18982746823590355,
0.0,0.0,0.0,0.0,0.0,0.0,-1.0,0.0011516555375076008,
1.5186562025938462E-4,9.919462911449932E-4,0.005087067150165792,0.0,-1.0,0.07070415523008805,5.674613178276365E-4,-1.0,
1.7333221655501746E-4,0.0,0.0,0.0,-1.0,0.0,-1.0,0.040041585955750095,
0.00169409164756979,0.051525683514402815,-1.0,3.3507870068653304E-5,-1.0,-1.0,0.01177995346170677,-1.0,
0.00807020575999263,0.0033274524533051268,-1.0,0.00296142445245488,0.012741032161192756,-1.0,1.992243408026581E-4,0.20403350099396717,
4.132338638052366E-4,0.0,-1.0,0.0,0.0,-1.0,0.0,0.16823009201480163,
0.0,0.0,-1.0,0.0,0.0,-1.0,-1.0,0.0,
0.009242061466541437,0.049867302513492154,0.04974985626706727,0.013635260017865745,-1.0,0.0019945409726724347,0.046365904619711996,-1.0,
0.003637524714105547,0.0,9.253562019042587E-4,0.0020783446997070625,0.0,0.0,1.1538710990569994E-4,0.13315651465863318,
3.0255731462122847E-5,0.0,0.0,0.0,0.0,0.0,-1.0,0.020632820532060097,
0.026510260956270914,0.030635552591262064,0.026248482412672556,0.0015923153468719935,-1.0,0.004123251122813523,0.006580228182859397,-1.0,
0.0059709900261194215,0.0023881134919533954,0.01504037069068218,9.85878026995034E-4,-1.0,5.6631307136566756E-5,-1.0,0.019478171093492154,
0.033357018383610056,0.023201051892430474,-1.0,0.04392455855556604,-1.0,-1.0,0.03431179655109948,-1.0,
0.031866636497309135,0.021841189800793488,-1.0,0.031220532103785375,0.06548838629499827,-1.0,0.020377895948823558,0.03134316416672451,
0.01528384801371211,0.006021896436742773,-1.0,0.0,0.004948053599055203,-1.0,-1.0,0.02435656734554317,
0.009017791396018986,0.034750430540858135,-1.0,0.008021751923827529,-1.0,0.007864682547443736,0.013063152982371058,-1.0,
0.002706648930995019,0.0054783796112128375,-1.0,0.002967624002319928,-1.0,0.002984669743041677,-1.0,0.002022678266716468,
-1.0,0.06807369483207927,-1.0,-1.0,-1.0,-1.0,0.006869698358277097,-1.0,
-1.0,8.038645523966935E-4,-1.0,-1.0,0.0,-1.0,0.0011884679356405758,0.21669537676462497,
-1.0,9.809288603073547E-4,-1.0,-1.0,0.0,-1.0,0.0,0.2621420314452373,
-1.0,0.0,-1.0,-1.0,0.0,-1.0,0.0,0.163435767041012,
-1.0,0.0,-1.0,-1.0,0.0,-1.0,-1.0,0.0028455112418366724,
-1.0,0.02566440547598825,0.010832047982479798,-1.0,-1.0,0.0,3.002493978086553E-4,-1.0,
-1.0,0.00539311454713905,0.0034611924948592626,-1.0,4.6366993416274997E-4,0.0,0.0,0.21924817015192682,
-1.0,0.0,0.0,-1.0,0.0,0.0,0.0,0.18441643286606288,
-1.0,0.0,0.0,-1.0,0.0,0.0,-1.0,1.1149992032472894E-4,
-1.0,6.204952528109579E-5,0.010713198133402784,-1.0,-1.0,0.20064513935831432,7.46969167270201E-4,-1.0,
-1.0,0.0,0.0,-1.0,0.0,0.0,0.0,0.13852540766573815,
-1.0,0.0,0.0,-1.0,0.0,0.0,-1.0,0.005770624541924822,
-1.0,0.01229244659819722,0.0,-1.0,-1.0,0.0,0.0,-1.0,
-1.0,0.0,0.0,-1.0,-1.0,0.0,-1.0,0.01413329519389431,
2.970993642237421E-4,0.054625919794775976,-1.0,2.068169014532157E-4,-1.0,-1.0,0.008239155295992364,-1.0,
9.922914425981898E-4,0.006665575286098997,-1.0,6.797603604425478E-4,0.0,-1.0,0.0,0.23696948581503147,
3.819355090651469E-4,0.0,-1.0,0.0,0.0,-1.0,0.0,0.14725492004436194,
0.0,0.0,-1.0,0.0,0.0,-1.0,-1.0,0.005444601672975479,
0.0,1.1057173706794965E-4,3.343598596596921E-4,0.07828007235412936,-1.0,0.0,0.0,-1.0,
0.0013180037722026142,0.0,0.005249594976697714,0.0,0.0,0.0,0.0,0.10116659089825303,
0.0,0.0,0.0,0.0,0.0,0.0,-1.0,0.005130145584634371,
0.017380390897521882,0.01770082431227724,0.04056443253318979,0.0,-1.0,0.0016700776054388799,0.01090944698743033,-1.0,
1.2252361427397316E-4,4.764038926324248E-4,0.0,0.0,-1.0,0.0,-1.0,0.036209615319856635,
0.0016821291681457845,0.036870578045452504,-1.0,4.164174695123402E-4,-1.0,-1.0,0.011443519378633416,-1.0,
0.001825442962016859,0.0017077235172039422,-1.0,3.0467486939537373E-4,6.55519923203093E-4,-1.0,0.0,0.11078907480652243,
6.069219314525021E-5,5.212456528536417E-4,-1.0,0.0,1.7406228847887227E-4,-1.0,-1.0,0.037772897425273476,
0.007574383373736465,0.01215303353417532,-1.0,0.00763008878921568,-1.0,0.006324269023906526,0.007742702209790074,-1.0,
0.0031852153194128364,0.0038241760811606154,-1.0,0.001713516728758584,-1.0,0.001237489499648574,-1.0,0.0034275790686545547,
-1.0,0.03395399710545279,-1.0,-1.0,-1.0,-1.0,0.0,-1.0,
-1.0,0.0,-1.0,-1.0,0.0,-1.0,0.0,0.19882367731498193,
-1.0,0.0,-1.0,-1.0,0.0,-1.0,0.0,0.17302493702666855,
-1.0,0.0,-1.0,-1.0,0.0,-1.0,-1.0,1.8840381933495792E-4,
-1.0,0.02358541255719051,0.0,-1.0,-1.0,0.0,2.3189783513367926E-4,-1.0,
-1.0,0.0,0.005506017351030551,-1.0,0.0,0.0,0.0,0.1257631597139124,
-1.0,0.0,0.0,-1.0,0.0,0.0,-1.0,0.0,
-1.0,0.04182090312186624,4.3842004568949485E-4,-1.0,-1.0,0.0,0.0,-1.0,
-1.0,0.0,0.0,-1.0,-1.0,0.0,-1.0,0.01987115359219182,
-1.0,0.01594557515268141,-1.0,1.3746945842757862E-4,-1.0,-1.0,0.001665758810633334,-1.0,
-1.0,0.002400812873827171,-1.0,3.7607051397157905E-4,0.00996821594107786,-1.0,0.0,0.09739717824965703,
-1.0,0.0,-1.0,0.0,0.0,-1.0,-1.0,0.005602553288587668,
-1.0,0.011612030892378297,-1.0,0.0,-1.0,0.0,0.0054167568959068825,-1.0,
-1.0,0.005295434575586214,-1.0,0.0,-1.0,0.0,-1.0,4.058354259143555E-5,
