1.0,1.0, 1.0, 5.0, 3.0, 7.0, 6.0, 10.0, 10.0, 14.0
0.07629259568564714,5.0E-7,0.03972791455457572,0.0,0.016629730758294686,0.011258701235602683,-1.0,0.02222541584164287,
1.1536481031026397E-5,9.91990981941476E-7,5.015820997725867E-7,0.18634717824820235,4.476021125935312E-10,0.003190043198105281,0.006604481117399295,0.0217214762672157,
-1.0,0.0371510987576524,0.002158807750217682,-1.0,0.12372569932744439,5.0E-7,-1.0,0.05996019264661359,
-1.0,5.627815247083214E-4,-1.0,-1.0,0.1285632579626756,-1.0,0.0024646937169369274,-1.0,
2.1288346107049293E-4,0.07070303765488997,-1.0,0.004926279145149131,9.045948766084008E-4,-1.0,2.8120951956601346E-4,-1.0,
0.0011094647994211071,0.04020315862779715,5.0E-7,0.10070194405887808,0.004471315473749702,0.0014859314479862076,-1.0,0.029589611979443986,
0.06008496172027289,-1.0,0.0014790993294431759,0.004649270101311889,0.005081388447019526,9.195277810628247E-4,3.725850098917122E-4,-1.0,
-1.0,0.0030463225997948316,8.005985016819533E-6,-1.0,-1.0,0.24028409308920437,0.0,8.619622429361696E-5,
2.0037830831426555E-6,0.06805273043936111,-1.0,0.007966779663703441,0.01544488806847107,-1.0,-1.0,0.016480073301806182,
0.0878110081750806,-1.0,0.0,0.0,0.007573614154097948,0.0,-1.0,0.0015540456315908573,
-1.0,4.1865555829740306E-8,0.17602397761339061,-1.0,6.350937250860053E-7,4.854939902777028E-4,0.011559919121829377,0.014571277107974236,
0.02342952058513119,0.0,0.030061047345399782,0.0,0.1408440401086786,0.04561928330284881,0.08558795109719317,-1.0,
0.14847561765987016,1.4673621765245024E-6,2.5801171085462332E-6,4.992177279715095E-7,3.429017750604188E-8,9.21967163590298E-5,0.001262755237926444,5.155045940806373E-6,
4.878478214597529E-5,0.21401271011384151,-1.0,0.11345552627581258,2.224561040551537E-8,5.942375948809502E-5,0.0017398224730757114,1.0226679067001099E-4,
1.1176405889818934E-4,0.026700337923739884,-1.0,0.12090707118885113,-1.0,0.04313238987919367,0.0,0.028387695085675308,
-1.0,0.08332798117227568,5.382623300731692E-7,-1.0,5.0E-7,0.012028001775570384,0.021408729508592756,0.008106522231514025,
0.06134992688028406,-1.0,-1.0,0.10128237302796067,0.0,0.00725493099439309,0.0,0.007994024253578053,
-1.0,0.03418647022658252,-1.0,-1.0,0.11249967615659096,-1.0,-1.0,0.07648927371864281,
3.0067682493677903E-6,0.14778623793241638,5.704658470771374E-4,0.005164035853836852,0.005125816928537756,0.0015865154801559971,0.005244827411902239,0.024563676228006585,
0.0037078090283714765,4.896317293310436E-7,2.7457187143845694E-9,0.002171900562650198,5.011845207834101E-4,4.874302366398565E-4,-1.0,0.0018906967383659655,
0.03938660192112001,-1.0,2.483621487472925E-8,0.0,0.0,7.135573825956255E-8,0.0030401060558230253,0.10062112833575525,
0.05170123281220223,-1.0,0.04043822595493544,0.12251849509792247,0.03075612171337062,-1.0,0.0,0.04832775238371798,
0.026005978915962426,1.7131066314499128E-9,-1.0,0.004440264907231782,0.06851471028623293,-1.0,0.02477077360395013,0.08801395975442959,
0.05240577794434902,4.970026803995341E-7,7.740006321875556E-4,0.0,0.003400849746248197,0.003374733792732189,0.0033284510183490107,0.011541163790112585,
0.001389781002546634,7.88710402124639E-4,-1.0,0.11508418273883045,0.0058289868218086285,-1.0,2.7771423307603647E-7,0.038831921496786145,
0.14917392307454383,-1.0,0.1017409181241919,-1.0,-1.0,1.5461649525241063E-5,0.06921920574734218,-1.0,
0.14218487244002073,-1.0,0.007561362221060928,0.004569582748100952,0.0032472267730118604,0.0014614515490001907,0.008061248498982567,0.007055299114153166,
2.1500464028860263E-5,2.452533550679959E-6,-1.0,3.010771620362009E-7,0.004319013017468475,-1.0,7.114127809033621E-8,0.029360873846788187,
-1.0,0.008035562239571125,0.005998525362766527,-1.0,9.952885216977015E-8,9.873119069987862E-5,3.1889742386287905E-4,0.07141230295165865,
1.177706689318848E-4,1.5889750389024656E-6,-1.0,0.27357955028219944,1.500734619530771E-6,7.64616351344105E-5,2.8191466363621842E-5,3.826464666423007E-5,
-1.0,0.06511134372938612,1.4999965000045E-6,-1.0,0.0012494208771183465,0.0016746462485107924,-1.0,0.03238204688450122,
0.029433164672028774,-1.0,-1.0,0.0,0.09178319183571088,-1.0,-1.0,0.05670202576346417,
-1.0,0.15117328639268504,0.08874752463781732,-1.0,0.03413442287053436,-1.0,0.004087837158027216,-1.0,
0.004474807015670098,0.0,-1.0,0.10435471262384645,0.007583990539210186,0.017203455216146895,-1.0,0.006758873882682057,
0.02893645802624997,-1.0,-1.0,3.8879192557419064E-5,0.06011482235284606,-1.0,0.019447239142284575,0.1137815994267676,
3.6994111031314555E-6,2.2270969224181752E-10,1.0273518562034632E-6,0.33289376481502314,7.826909428603133E-8,0.008893639823837254,0.020630511724984445,0.008555700971134571,
0.11058224196687029,-1.0,0.06243552958106947,-1.0,4.5214920300875054E-7,0.0,0.0,0.001353902504662908,
0.03804858653361437,1.3222441753639011E-8,0.19578740023882008,0.022172912577248512,0.022449735568186857,0.03314905802698378,0.033717967015879736,0.026935491452869876,
0.007218389010739351,4.882288192543679E-7,-1.0,0.061112899236783785,0.0010672099159664303,-1.0,-1.0,0.005429846358080422,
-1.0,4.69278473443083E-5,0.13890792313950434,-1.0,0.12975151861498285,3.49530811033832E-5,0.03250227229555611,0.004677667754715157,
-1.0,0.021620085391297613,0.002696647751100506,-1.0,0.12633501510441075,5.779334013429397E-4,2.6474850582106183E-4,7.317537948964554E-4,
4.255905926927997E-5,3.929521623705208E-6,4.60308408714226E-6,4.998930388415674E-7,9.509910849581998E-9,9.154217047635446E-7,-1.0,0.11856222713187221,
0.05804843437982198,-1.0,-1.0,0.00806410563072391,0.00810969641705674,-1.0,-1.0,0.005875353130179008,
0.0011087967185990063,9.873187661321714E-7,0.0,0.007215915059265294,-1.0,6.584282840614092E-4,0.21462053922600477,-1.0,
1.404239690010763E-5,0.03127236933789212,-1.0,0.0022015500297151488,0.06360558218161055,-1.0,-1.0,7.534675618075066E-4,
-1.0,3.6307823517521884E-4,-1.0,-1.0,0.1846080317275968,-1.0,4.1308474479426064E-5,0.003105978349241487,
0.049965291195161375,-1.0,0.1827416109500725,5.0E-7,0.05182392275635463,0.08523957803575886,0.07331181599063089,0.007283890946359856,
0.0694599692646695,5.031400025280106E-7,0.03988503912139001,0.029299432667821253,0.03971025269280135,-1.0,0.0,0.06525725806254283,
-1.0,8.979676899404457E-10,0.0028604394298446228,-1.0,0.08221350414493969,0.014421318859688722,0.007485851892820769,0.007943562130936763,
-1.0,0.07587166779176574,2.4003925248622738E-5,-1.0,-1.0,0.0010459096640232154,0.0019288152149545342,-1.0,
0.026151935119262386,4.943436439243229E-7,-1.0,0.005350240253305054,0.026790850053034106,-1.0,0.0,0.06485808814125561,
-1.0,4.958157249371169E-7,0.023407237534253427,-1.0,0.0,6.907299175537424E-5,1.5405169945338905E-6,0.12895170353251453,
-1.0,4.425449993980303E-7,0.0838335076476893,-1.0,2.6395540261853494E-4,0.005420003570792246,-1.0,4.885192682965158E-4,
0.06544525577830124,3.4031386979388053E-6,8.442187667594296E-6,3.3908145856265312E-12,1.6031797516710048E-6,6.8212577282415156E-6,2.2346963427644938E-10,1.1252807155967644E-5,
5.023786802469712E-7,0.007196993268604218,-1.0,0.04829343422896505,-1.0,0.25956992194450895,-1.0,0.04850236753868994,
-1.0,0.03512409474220897,-1.0,0.010854395907302423,0.3693775175981501,-1.0,1.1282163724902847E-5,0.04428306036162495,
-1.0,0.05209108748878085,9.999990000004999E-7,-1.0,-1.0,0.1939570950925857,-1.0,0.0602007929076054,
0.13088469332801347,-1.0,0.061453647453401074,0.0,0.005241346285216542,0.0,0.0366615974459268,0.004365199830435325,
0.0454866628173656,-1.0,0.04012069039984371,0.16985056030576076,0.17641187308985165,-1.0,0.05164330651630402,0.05879885273859984,
1.000532630829967E-6,7.159412324573664E-11,5.0E-7,0.17618341573413168,-1.0,0.020027868056213538,0.0,0.010508758190346197,
6.000365345554304E-6,9.708129695876034E-13,0.01744265966120879,2.5666672503340672E-5,0.052287267147182515,3.797752991039918E-9,0.1961059582715386,-1.0,
0.030254329827651045,0.0,0.024831506662297123,0.0,0.15065220468314655,0.0,-1.0,0.016030854489875332,
-1.0,0.05968703656389287,-1.0,-1.0,1.6628280556685872E-5,-1.0,0.0043689482148527425,-1.0,
-1.0,5.0E-7,0.06576419250515599,-1.0,0.18515655264082564,0.0,-1.0,0.08832150348953222,
1.85411148786354E-5,1.5441149063482894E-6,5.52814179783338E-7,4.999694868832891E-7,1.802479615115155E-10,0.027129408731716088,-1.0,1.5319180953302154E-5,
3.3060599952996074E-4,0.13973926353566968,-1.0,0.22014213220340945,0.0,0.00433922584968675,0.014439826066443066,0.018481496909911604,
5.338322671737087E-6,4.991049070265296E-7,0.021933810830691763,0.002856401791827329,0.0016246285556227604,3.044777390702406E-4,0.10314471404201342,-1.0,
1.5146001569126022E-6,4.139775134371099E-5,-1.0,0.09328302618025168,-1.0,0.21916325806759626,0.0,0.035713761922226306,
1.5015824942637379E-6,0.06604716116420867,-1.0,0.09684600704404506,0.02060827406546992,0.010421374913629993,-1.0,0.010538433783182723,
-1.0,0.12533656147319003,2.010044046986626E-6,-1.0,-1.0,5.303357454923789E-4,0.052033176452300905,-1.0,
0.13022539035947944,-1.0,0.07997221747534629,1.3362926530455742E-4,0.02242032495683305,9.09090909090909E-8,2.293174266396243E-4,2.228775137106362E-5,
0.19173407066069123,-1.0,0.03453145742881232,0.0,0.0,3.7049853306244346E-8,3.180461442508519E-5,0.06502887910434886,
0.38674568768761386,1.5639457367655592E-6,2.1438548054760454E-6,0.0,5.503103681837301E-7,5.388832679560075E-6,8.90080152880682E-7,5.276934446273835E-6,
0.04107694755011636,2.4891090120797732E-6,0.13250751165395275,4.99957462451707E-7,0.14926529032908187,3.198764328379885E-7,0.05596139511979426,-1.0,
-1.0,9.965486342065068E-7,0.18415489406781543,-1.0,0.06582573835227061,0.10006282882663564,0.0014354537700748732,1.4588553537806366E-5,
0.18882557543806994,1.500606942235988E-6,0.003115472609694213,0.0,5.095062426678652E-7,0.0035170032900920293,2.947997691972059E-9,0.013695843331312473,
3.065531887663181E-5,4.992122572561523E-7,9.377650295177487E-6,5.123161508179592E-7,0.019863780073459146,0.002064788846420952,0.013313266801634608,0.3368306193873156,
-1.0,0.043598564343767444,0.24390714607870023,-1.0,0.08618542873900856,-1.0,7.485254340130024E-5,0.026645975779110525,
-1.0,0.07615960453815732,0.008267271670271824,-1.0,0.006059719014589622,1.957579293174223E-4,4.108380272505066E-4,1.469418433872723E-4,
0.1335742258863829,-1.0,-1.0,5.461894707828659E-7,0.005198990698324259,-1.0,0.001910401881420108,-1.0,
-1.0,0.03936737929361691,-1.0,-1.0,0.02475090211059602,-1.0,-1.0,0.023309180763011587,
0.02395320833383403,2.0811713128973233E-5,0.07876890653815684,0.0,0.06753954052980371,-1.0,-1.0,0.34954056881438994,
7.819505072756385E-5,0.07463027451453579,-1.0,0.1254611411547022,-1.0,0.03746357412077336,0.0,0.024548820750009907,
0.15317339564386112,-1.0,2.1933055631082404E-5,0.015217727867521534,4.710665927307592E-5,0.004392235517110957,0.007771461442781073,0.02198700628339618,
0.07216300353931077,-1.0,0.02330378917512109,0.0,0.3120318356824959,6.456052871701021E-4,2.1243665892133146E-7,0.020861238320009,
0.025648902464816103,9.839840015838652E-7,0.16226107474440887,1.000373538734181E-6,-1.0,0.017288336184547004,0.0,0.028932658128848005,
0.00332379637503223,4.071436284640582E-5,6.517302073115526E-7,0.012507018878168765,-1.0,0.0301595000133624,-1.0,0.08983969258703149,
0.026786054996007787,2.6168425185287E-11,-1.0,0.037647520234751417,0.27078585028963825,-1.0,0.008525919118460635,0.01848389882483357,
0.008379648125574037,0.00210737345342015,0.0024214508743141392,0.0015097302760397815,0.001326592896854094,0.004671774579859339,0.00228817739231585,0.013778816226449888,
7.554311915556141E-6,1.979338002177781E-6,2.968239894422743E-6,0.1072104848395465,5.856547738635109E-5,2.4330557396326485E-5,4.966801859124977E-7,1.876664406789718E-6,
0.04726030564630068,5.001082660514402E-7,2.5022734768220756E-6,0.23403242882045316,2.0065257039897033E-6,0.004181755343111547,0.00900967076894293,6.7924190768457824E-6,
0.0021562442808176706,1.1586552992478227E-9,-1.0,5.36976068935081E-4,0.0,5.760324446157431E-4,5.508893308045783E-4,0.014086598736872175,
0.04995543823355555,-1.0,3.2108939565402695E-6,0.007855420752685145,-1.0,9.300554104403915E-4,0.005892755848518024,-1.0,
0.07056364170777527,-1.0,0.1135654857318344,-1.0,0.03311629373437718,0.04284827630238485,0.0,0.003938814250585188,
0.008552517267881693,0.0014414287603534493,5.007147190530075E-7,0.0,3.345732473274078E-7,1.9037671973334483E-4,-1.0,0.0031184068727123206,
0.04528851278074002,1.4900170642175191E-6,0.005112624179757973,5.0E-7,0.21047858827636454,0.016395237282045772,0.2111877690476131,-1.0,
0.006381931400858493,8.549313803777518E-7,-1.0,0.02983370063692993,0.19435161945255075,-1.0,0.03803691284278036,0.07128943026626004,
-1.0,0.2558350806617177,5.01711877501168E-5,-1.0,0.004556958187884353,4.003514171489618E-8,3.5185429362792164E-4,1.104185609114793E-4,
5.501837121124289E-6,9.84867574501835E-7,2.4505355842162E-10,0.17133006134380477,0.0,0.00525643637167009,0.004247766819781847,0.1292051451708522,
0.001486516841089175,4.7304169056251717E-7,2.6311864306263974E-6,4.959318801253093E-7,-1.0,0.301004968986157,1.881760146207529E-8,3.899347355332477E-6,
0.021546929158449083,1.3851388460515614E-6,-1.0,0.25732619427349,4.999995E-7,0.0028333018631160117,2.3515934848890112E-4,9.77832906235055E-6,
0.11876684110396657,-1.0,9.999995E-7,0.0,-1.0,0.014187502855332625,0.0,0.04501920382470276,
-1.0,0.028107218181239128,-1.0,-1.0,0.2916189772702104,-1.0,5.296822561046583E-7,0.05710570890072729,
7.085025407607135E-6,0.0,8.49723396856568E-10,4.987502366199312E-7,1.6239366231502369E-7,0.0,-1.0,0.04170790338265863,
1.0387876470405889E-5,0.0012380634020157637,-1.0,0.166048664763546,0.008406147070433896,-1.0,4.765431556059876E-6,0.009945629859243306,
-1.0,0.0,0.07298606701149057,-1.0,0.18436261550347188,0.0,-1.0,0.08422807327764596,
0.10518919963355103,1.346439050164813E-8,0.020510280131656646,5.802449770462283E-7,0.032214843222717206,0.02263344159910529,1.2310304295490255E-10,0.018402375583134623,
0.005462959351485732,1.162073907161236E-6,-1.0,0.16465295452782794,5.490516915870034E-7,0.0010962731560361732,0.0020798008476690553,7.368188683960576E-4,
-1.0,0.0,0.02519955164640273,-1.0,0.11082055127209473,-1.0,-1.0,0.04724048105890301,
-1.0,9.671372697415625E-7,0.32142831610183736,-1.0,0.13954390660083402,0.0043064305483239765,0.02577854304340596,0.0882738199389549,
1.651630664580104E-5,9.910846734524824E-7,-1.0,0.016192739945235693,4.999990000004999E-7,0.00800528405028302,1.411063343280176E-4,0.06468842675001853,
-1.0,5.0E-7,0.076998258770758,-1.0,0.1501350672507048,0.09157667623460848,0.09334637282096844,-1.0,
3.159620209893991E-5,1.9584158291111116E-6,1.2799197223624045E-4,0.3116621841402746,0.001137269102794446,7.548403352826487E-4,0.005442779085301665,1.4783681749355993E-5,
0.0029755375199063284,1.8056245351081612E-8,-1.0,0.13261289699872333,0.005324968917205064,-1.0,0.0015424428216072874,-1.0,
-1.0,4.975401897877615E-7,0.08097281445807782,-1.0,0.10004128162323442,-1.0,-1.0,0.3298249149302544,
0.10752931256307745,-1.0,-1.0,7.881150217044352E-4,0.04335352641533466,-1.0,2.855920619823663E-4,0.04291711814380015,
0.0038623293216209493,0.04590542084293757,-1.0,0.010889177629612,0.008465228419972135,-1.0,5.3744109450149755E-5,0.0033880882220146576,
6.499961000142999E-6,0.0036947341675096323,2.0001240158344267E-6,0.18628997660296434,0.06572959823388562,0.005847630507509752,-1.0,0.08208306495480507,
0.01015235398591452,-1.0,9.999995E-7,0.05326719375454321,0.006524633685406097,5.602007485858623E-7,-1.0,0.020121963077063793,
0.05477512032551787,-1.0,0.01763117087718105,0.0,0.11512019229082886,0.007097063974997779,0.08493852896506157,-1.0,
0.005182790990546747,0.0,-1.0,0.2833358712503912,0.0025046443802292265,-1.0,8.729477430222822E-4,-1.0,
0.002202232118918322,4.8331529933887274E-5,-1.0,0.11820278930704405,-1.0,0.04523558283984794,0.0,0.009413777221230523,
2.5004853260571916E-6,4.975141342475716E-7,0.0,1.317005205162811E-5,5.584318442397069E-4,0.046832363641944943,-1.0,0.0029303058982998154,
-1.0,0.04238496089801467,-1.0,0.11335178376904362,-1.0,0.03681772912157869,0.0,0.016103811726463607,
0.003030004401691057,1.4855976798054165E-6,0.011924602023121294,0.011272342350196012,0.008969726633292657,0.012386021403649958,0.03616416981934734,-1.0,
3.954462444287233E-5,1.4421720290002429E-6,2.4991874007492093E-6,1.5894432567542873E-6,0.42414842156363924,1.1343343003324261E-6,3.837517546610207E-14,1.3565884856982155E-5,
-1.0,0.0475233642485853,-1.0,0.08447806279686973,-1.0,0.05141474870565293,-1.0,0.039487037145722,
0.1298451406323314,4.964503622378797E-7,9.404535686821575E-5,0.0,0.028229982024075152,0.0,-1.0,0.008469139836351334,
2.5103788733547804E-5,0.020099522001851885,-1.0,0.09147802799397761,0.031899326331827606,-1.0,0.015421012223308318,0.035736131841626294,
0.030514994768355338,-1.0,-1.0,0.019333933583851933,0.0014219600717519365,-1.0,0.014361672727561132,0.03995576825944716,
0.0079349749555068,4.975768361362741E-7,0.07661046495387679,0.024692875565737335,0.021859827708035486,-1.0,0.0052680950448897295,-1.0,
1.5057599244019554E-6,0.015778853628115926,0.0,0.20517649360841309,-1.0,0.02532898371286446,0.04155906414192038,0.06099019091871186,
0.15043789670747054,-1.0,8.792824952372786E-4,0.0014754428393498526,0.0017856539444241332,0.0019981088905492586,0.0019389783312611516,6.544436776780296E-8,
0.08300580549362448,-1.0,0.005701861411045155,0.0011179051188815975,1.7984754099792108E-8,0.0021483049183301057,0.0025356946810088108,1.032817101003898E-6,
0.030732748466869183,9.937583502568132E-7,0.1644315984432578,5.003724228594185E-7,0.04862377741555839,0.05321790179265315,0.03294139176199059,0.050378289314218186,
9.820249514760955E-5,3.3208806867821408E-6,9.72973658650748E-6,2.000555935310956E-6,5.089643225478456E-4,7.79273342905536E-12,1.3368976536522169E-24,0.40459029110262434,
0.05523925837794264,-1.0,-1.0,0.0,0.04189701571103241,-1.0,7.146407736099836E-7,0.07516403564418782,
0.06868660832779665,-1.0,0.023751294991130534,0.0,-1.0,0.04211747498823243,-1.0,0.023832615890300668,
1.2527397400429335E-5,4.998070551499219E-4,0.001628396237790301,0.0,0.1577535177564938,0.0,-1.0,0.004101810510389573,
-1.0,0.02678980558310047,-1.0,0.010639495369807565,0.009181983200065871,-1.0,2.7903881879429373E-5,0.02237595290876291,
0.003766151676895538,4.999618717326932E-7,-1.0,0.09242263846032825,-1.0,0.0029037863616934137,0.011791735996798499,-1.0,
-1.0,0.06918265533521174,-1.0,0.16770918188137637,0.0,0.015117697101380395,5.0E-7,0.0052835496370177235,
0.11274157175761515,-1.0,0.06892420578749932,1.7343544772225624E-5,-1.0,0.030324285092365653,0.0,0.014029382492572203,
0.006519133266374575,1.055046897325055E-4,-1.0,0.030827513736280676,-1.0,0.13762998499540216,0.010526932549851932,-1.0,
0.023398935849249278,0.0,0.07679267588254333,0.0,0.11663671110503725,1.9879828446790815E-7,0.07489680052880685,-1.0,
-1.0,0.04025270858353863,5.0E-7,-1.0,-1.0,0.1734301617554258,0.0,0.028846965015579488,
0.2257367986283408,-1.0,1.0008364608938658E-9,0.0,-1.0,0.0,0.053795450130995855,-1.0,
0.10925874306726086,6.967071904652918E-11,-1.0,0.0552423910993965,0.03371635567956329,-1.0,0.03982199174679188,0.11428428369196454,
0.3222947351521242,-1.0,2.874812064702737E-8,1.2682495324069255E-8,1.0149729191419866E-5,0.0026485528753239234,0.0,0.00911158359848145,
-1.0,0.008532984405663089,0.019306686368275823,-1.0,0.19568467665739725,-1.0,0.0,0.01744316402490511,
0.06516856068680346,1.4400058910469843E-6,-1.0,4.999768944181343E-7,0.003730077467423055,-1.0,5.659724153653713E-6,0.0031871190203310493,
0.0073126775529196286,1.264163619279831E-6,-1.0,6.748228407933392E-7,1.0660611931465113E-5,-1.0,4.251341745751693E-9,-1.0,
-1.0,8.651564112781842E-5,0.14117696675971528,-1.0,0.0758315367275069,0.03912119947466954,0.040897082271362364,0.0026295719337682943,
-1.0,4.964982651851484E-9,0.17576082179542088,-1.0,0.04222855831538798,0.007233106990199319,0.03770921795767141,0.020797946057167768,
5.58538497318721E-9,0.06602316044362623,-1.0,0.08762975574466995,-1.0,0.1441300705510414,-1.0,0.024475280122152058,
0.22535987388049084,-1.0,0.31616752864526715,-1.0,-1.0,0.07114110388040146,0.12527772989829447,0.05734834660460852,
-1.0,0.1998400017775033,0.009253460101282612,-1.0,0.0,0.024295191063201577,0.0,0.002562333227414652,
-1.0,0.04598158605733286,1.0114264193473009E-6,-1.0,5.673294515652787E-7,9.876875055392042E-6,0.023029822128089822,0.20249670949769283,
-1.0,0.039595742619199896,0.005348129295342503,-1.0,0.2851741551215462,0.004147445852325059,3.9317016520409295E-4,0.012775947496265162,
0.04564500841174337,0.04656383606676222,-1.0,0.0032498809101364186,8.204629435300659E-4,-1.0,0.0045834980010407535,0.0029850745711704958,
0.009290989744368223,-1.0,2.3237679147073188E-10,-1.0,4.903931760949371E-4,0.0019127757396878696,0.0,0.06466994555523241,
0.02821120782290377,0.02817295750196234,0.02820379246928536,0.028202576498002487,-1.0,3.7274292358756625E-4,0.02820346245988317,0.03131104150565874,
9.527284802466331E-6,9.77244309259759E-7,2.0136016236004152E-6,0.015531044225488443,5.070439845743067E-4,0.06923350460414218,2.3847576636695908E-4,0.09149740306886794,
4.559919827411208E-5,-1.0,0.02170121882327844,-1.0,0.31018949894131,-1.0,7.114373082509857E-6,8.719946615133597E-6,
4.2141002533506115E-5,3.5723062501485936E-7,1.974828209285327E-8,0.26007762736396517,1.0084759209141377E-6,1.8327743474710195E-4,7.660946774303427E-10,1.623239104024961E-5,
3.1632830603689416E-5,8.804178804081189E-13,-1.0,0.0043770564832216665,0.22547522536279344,-1.0,3.765282379042113E-10,0.0013545062158523905,
0.00217327494992244,0.0018565799848426936,2.509540872671372E-6,0.30185742174143515,9.999995E-7,0.02190667001300524,5.759774094329924E-9,0.017921676318001546,
2.5216861652556066E-6,4.999659813343689E-7,5.001355001353342E-7,0.044949031290717756,-1.0,0.3043343221381512,2.9432118154065083E-6,1.9237913797047127E-4,
-1.0,0.052609504585983194,2.5024270634357095E-6,-1.0,8.321728247639496E-4,4.728123021837979E-11,-1.0,0.0031823518784672503,
-1.0,4.916412054017783E-7,0.15003102621854278,-1.0,2.841098790808122E-4,0.0027151644840571975,0.010034444347985576,0.004452012149567667,
8.298494806463089E-4,9.922732547767385E-7,-1.0,0.05394215389903011,0.023298631316327482,-1.0,5.0E-7,0.17327248701959472,
0.0486248628956868,-1.0,0.04659549999287754,-1.0,0.13071469332563201,-1.0,4.206089982727538E-4,0.01604405340804378,
0.03369754430071247,-1.0,0.0,0.007612410833775449,0.023549450265723835,0.06722909063373411,0.0845751234938458,-1.0,
0.2682644839147927,0.09994496685024291,-1.0,0.11072032179541058,0.03244900420659661,-1.0,0.0,0.06845525295438983,
3.5163046153138655E-6,0.13775505559911755,0.0028276092324330923,0.013653659595190123,0.00225614754746736,3.7588255235175E-5,0.015140301186130934,0.03960756645270297,
-1.0,3.066788696909235E-5,0.05836036800004718,-1.0,-1.0,0.002718525203994966,0.0029724637150391996,0.021680419524162463,
0.057321603995654065,-1.0,0.017560009832926056,0.02325968646389212,-1.0,0.24457965318337707,-1.0,0.044912893687916254,
0.11410716626271573,-1.0,0.07301650130977295,0.0,-1.0,0.012352844708702888,0.047271188159212,-1.0,
0.04422133808105066,-1.0,2.3507339067875604E-5,1.9237274817297448E-4,-1.0,0.016731266217188474,0.0,0.022292118027662643,
-1.0,2.3016731766406815E-9,0.1678095127265383,-1.0,0.01073835885298494,0.005057543536067488,0.0,0.007361430168256682,
3.0080091644329237E-6,9.999995036674958E-7,0.0018013236653101625,7.79528045473674E-10,1.8898983517278536E-7,0.001487848329807775,4.050321700530389E-4,0.09225670617507258,
6.5357250706512985E-6,0.0,-1.0,0.01091226187239784,-1.0,0.4147243187101058,0.0,0.0041125268986856095,
1.1244383069419358E-6,3.4873218019989775E-16,1.8722032359990148E-8,0.021736143938642996,5.264344577113472E-7,7.50094181150131E-7,1.700208762384798E-8,0.00288479285416232,
0.037064697482618036,-1.0,-1.0,0.027074348161086195,-1.0,0.0016179440532297492,0.07013576986246106,-1.0,
0.0564857601127199,-1.0,0.07951894649888418,-1.0,0.09815494433179466,0.23139967768051428,0.04874737831190262,-1.0,
0.08266042979181448,-1.0,0.06956297570608222,-1.0,0.03722616753995236,0.07414613194618863,0.0810445184863018,0.03007058398544396,
0.036419086926037784,4.936215230409125E-7,0.09032055298005533,5.073577949464481E-7,0.1812532425578024,0.07415514400455028,0.12565366488940577,-1.0,
1.5022718072360176E-6,0.0,5.003056637210393E-7,0.0,-1.0,0.007383750073280349,-1.0,0.2505386470455434,
4.510854889750199E-6,6.769369176007113E-7,0.00203007674958078,0.010977071494518192,2.2317051476629488E-4,4.1901936270953335E-5,9.178028863372756E-5,0.09490133326089346,
2.0014837702051544E-6,0.00976662387279787,-1.0,0.15053614231340667,0.026620052631046262,-1.0,1.2856711113156778E-5,0.03583060144393808,
0.04133514602921366,-1.0,-1.0,0.018675070834153675,-1.0,0.09472534375077826,0.018119897072260176,-1.0,
-1.0,0.09629932086644029,-1.0,0.1501408878784045,3.053058047440496E-5,0.0952362929355493,5.1487770711708236E-5,0.0027748865718120502,
4.4502382537278846E-5,3.911918216379065E-7,-1.0,0.057899948504341096,0.0067986214262223486,-1.0,-1.0,0.0016008898333784935,
-1.0,0.02868931119214774,-1.0,0.2251432452237936,0.09954324709311975,-1.0,0.11074995881548239,0.06358371289824583,
-1.0,0.04531292538426162,-1.0,-1.0,0.1686322362230083,-1.0,1.8968112058644853E-5,0.027597186878295262,
0.09263018938912052,-1.0,0.12199670076817513,2.5302612526847985E-5,0.05418048975751972,2.6150318039420668E-5,0.02100790545173728,0.019608427089134146,
0.0014714009256753813,3.240654038607692E-11,-1.0,0.1991885905593872,-1.0,0.02502366648376747,0.009277182557442648,-1.0,
0.002662722537706117,0.14442664911465092,0.01412096642360177,0.0021012466415333284,0.00316401676319958,0.003240156556219899,0.06350316917070972,-1.0,
0.0018243878266534421,9.863743722882614E-7,0.01184336042605751,1.0074485791676088E-6,0.22253013601556867,0.008782663189319938,6.640241384026576E-4,2.635971208195663E-6,
-1.0,0.06044427318457205,9.999990000004999E-7,-1.0,0.008155967024007586,0.005665624974252586,-1.0,0.01656803806894854,
0.06786186370284852,-1.0,0.03272041624535781,0.0,0.002185713215817247,0.0,0.04562257364086797,-1.0,
0.1168433989541131,-1.0,0.07347053232890081,-1.0,-1.0,0.010625075960618456,4.9871469758028E-5,0.0338609673326326,
2.0130145541139015E-5,9.050750035398069E-7,-1.0,1.3095674368379074E-6,0.002208135603854136,-1.0,7.532064279738766E-6,-1.0,
0.017900987887902224,2.32426312792805E-5,7.978338578665152E-9,0.11282956962243439,-1.0,9.924921247984975E-4,0.003272769429737635,-1.0,
-1.0,9.726004318077382E-7,0.04231672127320902,-1.0,-1.0,0.0034724207829588166,0.0,0.010304353095234836,
0.012537038104505826,2.0509935010005188E-10,-1.0,0.025545612832244668,0.0068551134578138904,-1.0,0.0,0.06702013647761841,
0.13711309249163822,-1.0,8.346857803678068E-9,0.01452668060985671,5.0E-7,0.003993893041333175,0.00861229142057823,0.0010328814840954526,
-1.0,0.02315599676597173,-1.0,-1.0,0.05218788356259492,-1.0,0.20962888349490183,0.05586769444753248,
0.23853775754290277,-1.0,0.04924603320423317,-1.0,2.206590896010292E-6,3.249152803707488E-5,0.048176260958326486,3.525958649090932E-5,
0.09204648271335668,-1.0,0.0169615811959852,5.054935678677427E-7,0.04570102878656977,0.009833946249475497,0.01992355715698427,5.208888476263191E-7,
-1.0,1.0836311122469394E-6,0.05543542516648677,-1.0,1.5689235442738866E-6,3.911390470269568E-7,7.351124957576004E-8,5.836732791077178E-5,
0.04020947473124108,-1.0,0.0011487463885928293,-1.0,0.001758924456973757,-1.0,0.003179078031960872,0.002265445858355348,
-1.0,0.03671939822978416,0.001173488889660066,-1.0,8.776753314777463E-9,0.08238053069291638,-1.0,0.02698208286791737,
-1.0,4.4416704508090226E-4,-1.0,8.938960280447697E-6,0.09582074094358368,-1.0,-1.0,0.015008220084165049,
0.0522369122587218,-1.0,0.08891382000648017,0.00327424848670629,0.15514431145656576,0.01388960348622216,0.003669347460665374,0.009771106870776935,
-1.0,8.676238366155363E-4,0.07969013585049395,-1.0,6.8847234622719434E-6,0.07986163453311744,0.04902282097841984,-1.0,
0.05801767834317066,0.2989805870282617,-1.0,0.1152603509238102,-1.0,0.04243714493209979,-1.0,4.869957286771396E-6,
0.14079937305015933,-1.0,0.1532423852707302,-1.0,0.08315126109213218,0.031251944792061656,4.6852270662083363E-7,0.0264324577397353,
-1.0,9.857996612573035E-7,0.05763032764282806,-1.0,-1.0,2.5945980893541835E-4,0.056439311873567925,-1.0,
5.1677785143239235E-5,3.9092834310436736E-6,5.776480722075505E-6,5.336430568389106E-7,4.089503535400251E-6,9.011805776276368E-9,8.614080411492654E-4,1.9919660218195923E-5,
7.521187754946703E-6,0.03299604611013849,1.022370465299018E-6,0.2993626593683039,1.4012432422091326E-9,0.030838787055064692,1.7135702593887005E-9,2.0294642649805963E-6,
0.009326620753063444,6.918722957130954E-11,0.003848052585555034,5.046757743925639E-7,0.19167278182725897,0.008431555174982983,0.002287696779156232,0.03606322308472728,
0.016080707534896963,0.0013779602132176635,8.507763571963177E-6,0.19195949614819557,-1.0,0.06218832801333568,0.012901176572243567,-1.0,
3.4010559916059526E-6,5.000356695812846E-7,1.2258706313319795E-8,1.8882220939276213E-6,-1.0,0.11799837889139378,8.371945520521412E-4,-1.0,
-1.0,9.628942811801913E-7,0.005954372923803519,-1.0,5.362984909240862E-7,1.6423145909860778E-6,7.374935422684217E-7,4.105926259584352E-6,
0.03872608132272759,5.010164574422132E-7,2.9418334939263294E-5,0.004394411599712873,-1.0,0.04320322785811134,-1.0,0.19107226464042407,
0.108923080133372,-1.0,0.06924248595606648,0.010048284109342769,0.042642502893848695,-1.0,0.0017635743499144392,-1.0,
0.1101677283610086,-1.0,3.727744754109928E-6,0.001848609067860761,0.010765042752194028,0.0038825177027221646,-1.0,0.01580096183726306,
0.059837742592664216,-1.0,0.04940711881694802,0.0,0.047790249181760856,0.05824238000239979,0.07833040922595169,-1.0,
-1.0,1.0070122920691577E-6,0.19627185904875147,-1.0,0.01810894800310201,0.02324627658912053,0.023479590453086237,0.01126340011374593,
7.82792516930516E-6,0.0,0.0016854593640379231,0.007053716738609215,-1.0,0.3654122163756673,-1.0,0.06066586920675391,
6.007586353382427E-6,0.027292670403612045,0.0,0.2595209558942637,5.033848656653988E-7,0.0074195864833128755,0.04087556675790796,0.0798523133300465,
-1.0,9.486267126297658E-7,0.011585721717221767,-1.0,8.350702361454445E-5,1.2859503365895374E-8,-1.0,0.002806104522344861,
0.01886341707545314,-1.0,-1.0,0.010502190615937228,0.003677676050907317,0.002755405298714062,-1.0,0.07253738962128697,
0.060125616134050805,4.872155711293958E-7,2.6200900931225543E-6,5.045147646376996E-7,-1.0,3.907035238216864E-7,0.1734389848948051,-1.0,
0.0036314519142531107,1.996331361942654E-6,0.0020972223400357727,6.733649278408431E-4,0.0021034880468879277,3.1478208862526476E-5,1.0977140844477445E-7,0.0018794700887031907,
0.1637684846272247,-1.0,0.015274796883699863,3.9120069831162044E-5,0.028894369655138002,0.009521120655159806,3.0077020034897393E-5,4.855727668624803E-6,
2.1076191880542945E-5,1.0237565954075192E-12,-1.0,0.08319641970071104,0.001707720073651347,-1.0,1.4034745865051705E-9,0.030575052151736448,
-1.0,0.01769895725400667,1.1869009237153976E-5,-1.0,-1.0,0.39599009215370284,-1.0,0.062058824851262004,
-1.0,0.02566070288376484,4.501408797191949E-6,-1.0,5.006805516928033E-7,3.9796892302211927E-8,0.0036051006161981715,0.12665488545250744,
-1.0,4.858289567418422E-7,0.12339104940192218,-1.0,0.003383856767885775,0.04180708947142327,4.020504600875769E-5,1.377590216580852E-5,
-1.0,9.826964783364593E-7,9.916728773090703E-4,-1.0,-1.0,1.9324986637659993E-4,0.2831311146719956,-1.0,
0.04202592427203801,0.02934376893408134,-1.0,0.03876016699217161,0.046198080639736946,-1.0,0.0,0.06779828692998521,
0.04410787389039377,-1.0,-1.0,0.06548474389348984,-1.0,0.1501671838526668,0.0,0.0019199954733553947,
4.0184209713138065E-6,0.03877807611129172,-1.0,0.07465697587401378,0.0020577775638655114,-1.0,-1.0,0.03958984413662628,
0.00830942756231026,6.024177653080387E-11,-1.0,0.0010588713238223225,0.009869610881060364,-1.0,0.021187245920205943,0.08121603346235425,
-1.0,0.0018637963060058747,0.013554339310801243,-1.0,0.19580083480572738,2.880327266165356E-7,0.002590914558624613,3.1105028099858143E-6,
-1.0,9.98405470831846E-7,0.0020120092447627157,-1.0,0.003353685868674135,4.917709621141045E-7,-1.0,0.027808016730512652,
-1.0,0.0909716329951884,0.05104102524201017,-1.0,0.0035808477851834004,0.024424732432795408,7.681458064873243E-6,0.036598638541539316,
0.1480994812707322,-1.0,1.0908887132787979E-10,2.2279152320734378E-8,-1.0,6.780412450765747E-4,0.03273905208386624,-1.0,
0.007462935037355899,9.579090645355743E-6,-1.0,0.11989315577767504,0.0,0.006015450926916106,0.0029981148911644674,0.016576559654558284,
-1.0,0.06573309437601751,5.005573998401401E-7,-1.0,-1.0,0.0030017139495922044,0.0,0.0023857180411566725,
0.04081830131844149,-1.0,0.015029676495854006,0.0,0.01660057667054156,0.02399586684991626,0.008635635240980866,0.009116616238192219,
0.059318999892077846,-1.0,-1.0,0.014069990865852599,0.011354320293123363,-1.0,0.0016926404300088382,0.07344806810994514,
0.0816969743376044,9.90848585953095E-7,0.005115904385998422,5.02122288263985E-7,-1.0,0.027168329072451956,0.030943280468815244,-1.0,
-1.0,0.16159369338900165,0.17457660213130516,-1.0,0.2427484461149657,-1.0,0.10000066446379657,0.04729864560142851,
0.0018388813021975603,4.906985865742131E-7,1.799121311681648E-6,0.0,0.0,0.001446161023389876,4.4587238892791346E-4,0.1710852141014352,
0.005702004274721642,4.936399431266164E-7,-1.0,0.0038575793644521983,0.006528113691808348,-1.0,0.0011007764224833752,0.021517640018781634,
-1.0,0.07747747881917878,1.8696085206549033E-5,-1.0,1.6162301481787195E-8,0.004445270616995901,7.175802125051296E-4,5.110378647357119E-7,
3.5101780274771564E-6,0.16077324644722363,3.213420629351602E-4,0.016754459820059645,0.01962482796276566,0.0011464039243014484,1.5631951794740753E-5,1.52772553246774E-6,
0.010815164232286366,1.5001340257141205E-6,0.002909006451349019,0.16436830825083018,-1.0,0.010587546410298129,0.0,0.07071591087253819,
-1.0,9.966737872979856E-7,0.12131530047337236,-1.0,0.07038419838834821,0.0872205488005756,0.008688123795092043,0.03266340253841308,
0.07227679819183351,-1.0,0.07142085744432815,-1.0,0.051460333558216456,0.0,-1.0,0.22640805930000066,
0.05149987230152108,1.1347687724390309E-5,0.24109436393072411,4.635105677089374E-6,0.0320167362796818,0.016342239448976097,0.0025975009800877167,0.005117897190417247,
0.04498060546943144,1.0022519965802231E-6,0.21773267854039077,2.637419985948563E-9,0.02004985777815657,0.0026020175026812936,7.758028249679311E-4,1.0104866777161479E-6,
2.5113459452023203E-6,9.981003863604288E-7,9.999995E-7,0.23368755913871772,-1.0,0.018673223236560337,0.0033117319085126566,-1.0,
0.039873245209210394,-1.0,0.09108209146211166,0.0,0.03634895993298691,0.0,-1.0,0.013726810214634367,
0.002197935372927843,0.04515122633433684,-1.0,0.14205430705281913,-1.0,0.04553939544852075,0.023490501145910104,-1.0,
0.23727520405381744,-1.0,1.6291709997786549E-6,1.0488520527582526E-9,6.46261177924561E-7,0.0,4.933087112066765E-4,0.002470792766087717,
0.08529588671320543,-1.0,1.0029181434099825E-5,0.07623205492872688,-1.0,0.15448474525990183,3.180094897953205E-5,0.011188284696309685,
-1.0,0.04663469502107538,5.634670789537036E-7,-1.0,-1.0,2.0085801163774079E-4,3.885748155066804E-6,0.0010709869184040207,
0.1492638626251179,-1.0,0.04437423464233184,-1.0,4.963900592579134E-5,9.566601967794975E-6,0.09532493239066733,0.0371850669485713,
-1.0,4.881126971897227E-7,0.11964058623327109,-1.0,-1.0,0.021144050847373887,0.004523072836803908,0.024903136487372923,
0.03719305056320763,-1.0,0.025685726240081527,9.999995E-7,0.05117485659888271,-1.0,-1.0,0.28564878108376474,
0.09034068719564263,-1.0,0.06335844135719897,-1.0,0.011786665019441157,5.0E-7,-1.0,0.0399369916415915,
9.55779955701881E-5,8.477744189298161E-7,9.633834663805926E-6,1.0005107226516056E-6,-1.0,0.13316744670750763,0.0,2.8611552138719586E-5,
-1.0,0.0,0.08540088916482877,-1.0,0.1530928826444521,0.0,0.05291665753106296,-1.0,
-1.0,6.4468026827310345E-9,0.08675886597059991,-1.0,-1.0,0.028623258854042183,0.015512802762992123,-1.0,
0.03226454522026828,-1.0,-1.0,0.0021453757603697456,0.02368123248087151,-1.0,0.0,0.04525508489257355,
0.0025892961440548753,9.90729155594364E-7,4.040746101346916E-5,0.10448728425520742,-1.0,0.0020501292087033974,1.1669531624044656E-6,2.697306323451991E-4,
-1.0,0.007866514630696365,0.0012329529918916236,-1.0,0.09936224405148723,-1.0,9.31826902290028E-4,-1.0,
0.32647000196275683,-1.0,4.574897699068087E-7,0.0,1.5497191227867717E-6,0.001302764829594434,0.0010538306891628895,1.5909026805849208E-6,
-1.0,0.0449988713005332,0.2791615822797068,-1.0,0.10215863469739055,-1.0,1.3009617675490176E-8,0.06664810976177481,
0.03598128842647646,0.029342159470681934,-1.0,0.12369076732635802,-1.0,0.022535456521796084,0.08016475054698215,-1.0,
-1.0,4.925984457114096E-7,0.08651797142827376,-1.0,-1.0,0.0,0.012470410384832643,-1.0,
-1.0,0.03882192781056081,0.07160327063015963,-1.0,0.24265481525114843,-1.0,5.0E-7,0.03150123714285102,
0.1267996489204918,-1.0,0.05812350525251682,0.0,0.025393047734536562,7.788875746781717E-4,-1.0,0.05563906314892386,
0.0029585702478828226,0.004210445118142142,-1.0,0.0014232918980099517,0.008611920897605901,-1.0,-1.0,0.10984662973757642,
0.26994106322896083,-1.0,0.0596515852777661,2.9636768523169825E-5,9.418012359557824E-5,6.730791027771636E-5,2.739612358792644E-7,0.00816404030056387,
0.017836436220750748,5.440194680467985E-14,4.200156410791407E-5,9.886609779308932E-7,7.0751622000323005E-6,7.097964840701139E-7,7.769904024389697E-10,7.012836699722536E-4,
0.06965832628784742,-1.0,0.020265874978329275,0.0,0.08728969558198645,0.023142956064697656,0.0041478098585436595,0.035766488206159616,
0.37685324570337037,1.0463282833824106E-10,1.4949658344340303E-5,5.060840736693833E-7,1.150237087423014E-5,9.376293537447036E-5,4.712133098341727E-8,8.149013489532714E-6,
-1.0,0.10825831621096085,0.013034942058658752,-1.0,0.15111523620810893,0.015073322320873998,0.08440456193003239,-1.0,
-1.0,0.07834994389900293,-1.0,0.11760193788606052,-1.0,0.005072527195447015,0.008382877239541873,-1.0,
0.06856168491561242,-1.0,0.09698923226679806,-1.0,0.07045457826653825,1.5538407872713237E-5,0.030831874867867863,-1.0,
0.003268062212702318,6.231671844874426E-7,-1.0,0.0,0.12011997686179847,-1.0,-1.0,0.006123277508478085,
-1.0,0.029838464157138398,-1.0,-1.0,0.10843856324722206,-1.0,0.0,0.051531178652167206,
0.25995957815141824,-1.0,0.14321518521674573,-1.0,0.0,0.0,0.008333573573710144,0.06573247496166017,
-1.0,0.06999035201453427,1.6188346867430638E-6,-1.0,-1.0,0.0028556029263017255,0.009082097659293315,-1.0,
0.004842294589694992,0.014387374715461847,-1.0,0.14469476673861872,0.0034713310057717683,-1.0,0.0018254648277181399,-1.0,
-1.0,9.988431922601849E-7,0.13751072646970797,-1.0,5.042788003380261E-7,0.0038859243197486375,0.0033548805594289825,0.007114666928474251,
0.01066296150410739,2.9185361858603733E-4,-1.0,7.868463934467001E-4,0.002187585395599234,-1.0,9.1441690753251E-7,-1.0,
-1.0,4.032645741884347E-12,0.027559086479563413,-1.0,-1.0,0.0768868898479532,-1.0,0.11927947746683402,
0.0674529468010701,9.952361741257627E-7,0.004218870783480949,5.002760988621022E-7,-1.0,0.03784131046549431,0.0,0.0020906419159273273,
0.002193779224190776,4.7415857601061997E-7,5.990902548552716E-4,0.08203107167741584,0.005109921741972907,3.379292655830089E-4,1.253576106941148E-9,2.62258174924248E-6,
-1.0,0.06636174533099251,-1.0,0.10541011866858216,0.023667613312440234,0.019145146789252127,-1.0,0.16517066931754115,
0.08237509486065947,-1.0,0.0,0.02717411944302137,-1.0,0.002521460560176322,0.018630461221973177,-1.0,
0.06709771172889863,-1.0,0.04291469041610478,-1.0,-1.0,0.011466933939219196,-1.0,0.034723494188095505,
0.040541145726330545,-1.0,-1.0,0.059341228356227446,-1.0,0.1567040202268697,0.0,0.054553210744271684,
4.017383824444894E-6,1.4977341121915427E-6,2.879579016328025E-10,5.0E-7,2.5353200498902827E-23,2.4398411515696785E-7,4.210929852638894E-8,0.4613515206310799,
-1.0,9.949768041066683E-4,-1.0,-1.0,0.3223981784717401,-1.0,5.0E-7,0.010969807456452237,
0.026100943911864124,-1.0,0.009179699969098148,-1.0,0.017213441999405662,-1.0,0.34390285333616977,-1.0,
0.013313213539134026,-1.0,-1.0,0.005585085812044033,0.025834895159838882,-1.0,0.0,0.04853610893673126,
0.04660267575989376,9.941883326251152E-7,0.0857500166308794,0.026956011217714494,0.002377223183374983,-1.0,0.016190538974894884,0.022065659209752408,
6.331774846095716E-5,5.13152255745121E-6,-1.0,4.999726088633627E-7,0.38119378893707323,-1.0,8.101790665153501E-9,-1.0,
0.005403398842473758,4.309466171675161E-7,2.3797872455864555E-5,4.999692233509953E-7,4.2955304945114195E-6,1.8468514437140117E-10,1.6431461595191557E-4,1.9356885390746148E-4,
0.018512190183412273,0.031328276850308416,2.128285286343219E-6,0.014315304473786409,-1.0,0.014410933736513925,0.0021265976722452027,-1.0,
-1.0,0.0681262518876346,0.09791865237160381,-1.0,-1.0,0.0021062623705541002,0.12442399768524906,-1.0,
0.062028902685110895,-1.0,-1.0,0.034603326593340145,0.12651177130108374,-1.0,-1.0,0.03355611983786037,
-1.0,0.05993604892888796,1.0224470568644416E-6,-1.0,2.9066688358115033E-4,1.5144917120051615E-4,0.0012344446205429134,-1.0,
0.1238353924733565,-1.0,-1.0,0.06609492449227293,0.2478782980501935,-1.0,0.11165033284692866,-1.0,
0.03450573541784336,0.001949445113340577,9.281451247591623E-4,0.009547781322220898,0.015874160499683956,-1.0,0.004455166127407884,0.013440228107219933,
0.08703521651598244,-1.0,-1.0,8.73244133502335E-5,0.021207108981318112,-1.0,7.649500909119554E-6,0.005466144446444329,
0.011161501563725104,-1.0,2.5531073714904244E-8,0.05879915366723529,0.007333859712820674,0.005307510986826958,-1.0,0.004436632682147116,
0.005484727234157329,0.0,0.025507919565653882,0.09047735003073741,0.0,0.23117491295288486,-1.0,0.035282213075002365,
0.023815702260345715,7.344046651250373E-5,-1.0,0.06383232349776047,-1.0,0.057011341026699476,0.18552060606809814,0.014203569713543546,
-1.0,0.18174252800916466,2.6292443170034506E-4,-1.0,2.951220614127108E-5,2.654001094078266E-6,2.0832628000484965E-9,-1.0,
-1.0,0.01746475527487543,0.004178839953385794,-1.0,9.326808105904194E-8,3.6798779790529155E-4,8.099522271926936E-5,0.004589161200785326,
0.20028228727465316,-1.0,0.09930669958448146,-1.0,0.0,3.7583695280510204E-5,-1.0,5.665886117929602E-4,
0.017125409040290352,-1.0,0.004707029366241105,0.0011217787280072996,0.006545310852426544,0.012918258978799788,0.0012378818972479326,0.10216550797484648,
0.023018786233418822,0.016777970099638294,3.7320998567514225E-8,0.004287636246327317,-1.0,0.0037018142051950887,-1.0,0.003521512936475016,
-1.0,0.06487059235229495,0.2284262558642568,-1.0,0.0,0.07779257661666455,-1.0,0.0072579732295176835,
-1.0,0.25943760229932544,-1.0,0.03827520589974597,-1.0,0.12014116480970402,3.881468543866989E-5,0.040319437107649306,
-1.0,8.445238425475929E-4,0.09825021450242062,-1.0,5.6307324610324936E-5,-1.0,0.0,9.957920782759663E-4,
0.08363405375404148,-1.0,0.05587871482808666,0.02512394284932915,-1.0,0.02662650115373857,2.5790500525095177E-7,0.02493315122613323,
0.004370086282264457,-1.0,4.568097068194762E-8,0.0,1.0648814124291145E-4,-1.0,0.04191874839173165,8.388432482745732E-4,
1.5614196841997387E-6,0.04678844820419115,4.3453311844853004E-8,0.10784375467186601,-1.0,0.11546041774729071,0.03969258012184935,-1.0,
0.14732570103890502,0.037371240026416466,0.0019412333236155882,0.04324901364856143,-1.0,0.0048242378294360315,-1.0,3.964681301394114E-6,
0.01132338548641372,-1.0,-1.0,0.028707196551563407,4.28751923160424E-5,0.005051074953418794,3.99088348639429E-8,0.02959268282421294,
-1.0,3.447788893401278E-6,9.503413892224132E-6,-1.0,-1.0,3.593151686119989E-6,0.17819687991569136,1.1534874994311906E-5,
0.04529271405714826,0.045271056335584724,0.045273260370642575,0.045341929622863215,-1.0,0.04527173364871911,0.03800657803344992,-1.0,
-1.0,0.013770921783305428,-1.0,1.92052186224449E-5,0.0021790961259568753,3.416285233775769E-4,8.753751173246173E-5,2.1445422660666948E-4,
0.2594964775632434,-1.0,0.0030200009963623586,0.0,1.500484682916041E-6,7.574450431989245E-9,-1.0,4.343785818910851E-6,
0.09609602071766217,0.03659356876269192,0.02249829508734774,0.09575015759829694,8.628495609092909E-9,0.06146274989455812,1.2378275107917393E-7,1.687224940379707E-4,
-1.0,0.04863106217756984,-1.0,0.0024511896980725016,-1.0,1.4677919666051116E-5,0.0011072178459167574,-1.0,
0.08526577237864723,-1.0,0.012532545865087017,8.880808005930937E-5,0.008252883644695834,0.013089455483923498,0.00187918212931799,0.03289907201682437,
0.018590009496947286,-1.0,0.030299451324979288,0.006255117270990338,1.751952505902369E-7,0.0063959949380313925,0.030394338628504314,0.03911909561926632,
-1.0,3.0325404445552296E-4,0.008726237873517687,-1.0,-1.0,5.497748409009872E-7,-1.0,5.22056139699792E-4,
1.512070907595725E-6,0.0364286782220765,9.06781237480352E-7,0.06652937967676388,0.07973054717875973,0.07012822147287509,-1.0,0.01671962939665995,
0.03729948750653367,0.08581572820825818,-1.0,0.0027533887725257073,0.016503736678853374,-1.0,0.007485969379857634,0.010344660363980459,
-1.0,0.29611201999860554,0.05867511361069769,-1.0,0.022481118115883752,0.14729194657553668,0.06706096840383602,-1.0,
0.10342666995729975,-1.0,0.29173184237883754,-1.0,0.13879393300045026,-1.0,-1.0,2.555671377278406E-6,
0.14383726645822814,0.060909186721235936,0.03506540109313413,0.0,4.0431052112448965E-6,0.0,0.08569737240303212,8.992352511433641E-4,
6.514759177421122E-6,-1.0,4.1744214739331675E-5,0.22291387063733506,-1.0,0.08352872984311496,0.015410912377850123,-1.0,
0.008247309932571273,0.01317996052558885,0.008195924685941897,0.006713762151348651,-1.0,0.003130973032242953,0.0055884914304338085,0.004221762445510939,
0.016626849929077356,-1.0,-1.0,0.005428161710692814,9.20544018791487E-4,0.003720689716412434,0.002505182610870733,0.0057157403468880725,
0.015971943540473422,1.4953872796724845E-6,2.3633471236887178E-8,3.3105480443069686E-4,0.013089928418829421,0.01997494045688254,4.205555919080237E-8,0.06907464036738684,
0.044337133075542566,0.038120019216487645,-1.0,3.235834247182464E-6,0.017404253454352113,-1.0,0.04002548067063215,0.031662052769916196,
0.09392971767401909,-1.0,2.949459710328424E-8,7.166564888700033E-6,0.0040847068320555594,0.07785444045549182,-1.0,0.005105690202927721,
0.07653145561918485,-1.0,5.60866781288224E-7,1.9187677734708965E-38,-1.0,0.001790581845028053,0.0050069758874121215,0.0056708413916608785,
6.00778831165887E-6,0.005369859455265365,2.0260990550561854E-6,0.06097422667671373,-1.0,4.979872083933925E-4,0.08174339673529579,-1.0,
0.014414868207418859,0.02276937319704549,0.0,0.008148777709907835,-1.0,0.0634271719018027,0.004012493314333725,-1.0,
-1.0,3.74770770967388E-6,-1.0,0.13720662655311508,0.002440855333219435,-1.0,0.003067345377767957,-1.0,
0.038112113820617674,1.8023831179959658E-4,-1.0,0.0016482122676127128,-1.0,0.007539799414407655,0.06056246883911939,-1.0,
-1.0,0.08833813910586999,0.10428850528825871,-1.0,1.3082026091152928E-7,0.15334640620150256,3.38113607428578E-5,0.04989271533461377,
0.044232381577179285,-1.0,-1.0,9.975291888874555E-7,-1.0,0.320195421734398,-1.0,0.010449730270686004,
0.18596256536198316,0.033366821707487185,0.15803352624977607,0.10399634520299052,-1.0,3.9016071055439724E-4,7.433388588565504E-6,0.03580744052847951,
8.04727191386427E-6,0.0,-1.0,0.0,0.11072136879871103,-1.0,-1.0,0.07075657787510836,
0.14598566595228804,4.909729244376643E-7,1.9084300212188E-6,2.428641573903991E-7,0.02240119293474692,0.008379526565391022,0.051762130559895404,0.018070339214783102,
0.23164203699031471,-1.0,0.04969465654595455,-1.0,0.028744474526296287,0.0,0.0,1.1408508304740653E-5,
-1.0,0.14689756211373378,0.009645120490449754,-1.0,0.003630894489187798,8.907306022447442E-9,0.0012897515020934133,0.008546709312419142,
4.1765779238645294E-5,1.9031168644094972E-6,1.003967887329347E-6,0.08964398134695928,0.006585306424259878,5.08212673708581E-7,-1.0,0.00973503422189676,
0.06879175509620827,-1.0,-1.0,0.001539585453725776,0.017622951918464875,-1.0,3.05175460433455E-4,0.0041807400535498395,
0.0316017874298303,-1.0,0.004198968108518136,0.0,-1.0,0.02923428439445496,-1.0,0.09557185309147721,
-1.0,9.806166420051087E-7,0.1871224184389249,-1.0,6.203156812909776E-4,2.764637777895337E-4,5.451439722628065E-10,8.326327991899321E-6,
1.1006967742100923E-5,9.928345916961106E-7,-1.0,0.10501582985985088,0.012216276515302337,6.729402266983137E-4,-1.0,0.011176983451028709,
0.011524442707109792,0.16113069339428132,-1.0,0.1237199280196425,1.3581550337384889E-5,0.052628145648231484,0.022396760197445326,0.054557227915071706,
0.11858260234630626,-1.0,0.08241451496534916,-1.0,-1.0,0.003159838095819089,0.015162164535345888,-1.0,
0.04074066385814756,-1.0,-1.0,0.1660309318445884,0.028250746581815332,-1.0,8.241692081070233E-4,-1.0,
5.529334690014006E-5,5.015728455234613E-7,-1.0,0.027340370518215137,0.16143913743056174,-1.0,0.11607155320672097,0.05916023383087977,
-1.0,0.15880899358029563,0.013761785458132251,-1.0,0.0025238277186174847,8.591698595319409E-4,1.1964316244800243E-4,0.012468335326780138,
