 Height:  Visitor ;  Weight:  Visitor ;  Age:  -1 ;  Gender:  Visitor; name: malak; color: green; situation: closed eyes
0.01;0;0;0;0;0.0;0.0;0.0;54.23037716615698;13.81;7;4;0;0;3; 184.3357118586478; 231.40663875553503; 6.289883854931884; 2.9666393322595477
0.01;0;0;0;0;0.0;0.0;0.0;54.23037716615698;13.81;7;4;0;0;3; 184.3357118586478; 231.40663875553503; 6.289883854931884; 2.9666393322595477
0.02;0;0;0;0;0.0;0.0;0.0
0.03;0;0;0;0;0.0;0.0;0.0
0.04;0;0;0;0;0.0;0.0;0.0
0.05;0;0;0;0;0.0;0.0;0.0
0.06;0;0;0;0;0.0;0.0;0.0
0.07;0;0;0;0;0.0;0.0;0.0
0.08;0;0;0;0;0.0;0.0;0.0
0.09;0;0;0;0;0.0;0.0;0.0
0.1;0;0;0;0;0.0;0.0;0.0
0.11;0;0;0;0;0.0;0.0;0.0
0.12;0;0;0;0;0.0;0.0;0.0
0.13;0;0;0;0;0.0;0.0;0.0
0.14;0;0;0;0;0.0;0.0;0.0
0.15;0;0;0;0;0.0;0.0;0.0
0.16;0;0;0;0;0.0;0.0;0.0
0.17;0;0;0;0;0.0;0.0;0.0
0.18;0;0;0;0;0.0;0.0;0.0
0.19;0;0;0;0;0.0;0.0;0.0
0.2;0;0;0;0;0.0;0.0;0.0
0.21;0;0;0;0;0.0;0.0;0.0
0.22;0;0;0;0;0.0;0.0;0.0
0.23;0;0;0;0;0.0;0.0;0.0
0.24;0;0;0;0;0.0;0.0;0.0
0.25;0;0;0;0;0.0;0.0;0.0
0.26;0;0;0;0;0.0;0.0;0.0
0.27;0;0;0;0;0.0;0.0;0.0
0.28;0;0;0;0;0.0;0.0;0.0
0.29;0;0;0;0;0.0;0.0;0.0
0.3;0;0;0;0;0.0;0.0;0.0
0.31;0;0;0;0;0.0;0.0;0.0
0.32;0;0;0;0;0.0;0.0;0.0
0.33;0;0;0;0;0.0;0.0;0.0
0.34;0;0;0;0;0.0;0.0;0.0
0.35;0;0;0;0;0.0;0.0;0.0
0.36;0;0;0;0;0.0;0.0;0.0
0.37;0;0;0;0;0.0;0.0;0.0
0.38;0;0;0;0;0.0;0.0;0.0
0.39;0;0;0;0;0.0;0.0;0.0
0.4;0;0;0;0;0.0;0.0;0.0
0.41;0;0;0;0;0.0;0.0;0.0
0.42;0;0;0;0;0.0;0.0;0.0
0.43;0;0;0;0;0.0;0.0;0.0
0.44;0;0;0;0;0.0;0.0;0.0
0.45;0;0;0;0;0.0;0.0;0.0
0.46;0;0;0;0;0.0;0.0;0.0
0.47;0;0;0;0;0.0;0.0;0.0
0.48;0;0;0;0;0.0;0.0;0.0
0.49;0;0;0;0;0.0;0.0;0.0
0.5;0;0;0;0;0.0;0.0;0.0
0.51;0;0;0;0;0.0;0.0;0.0
0.52;0;0;0;0;0.0;0.0;0.0
0.53;0;0;0;0;0.0;0.0;0.0
0.54;0;0;0;0;0.0;0.0;0.0
0.55;0;0;0;0;0.0;0.0;0.0
0.56;0;0;0;0;0.0;0.0;0.0
0.57;0;0;0;0;0.0;0.0;0.0
0.58;0;0;0;0;0.0;0.0;0.0
0.59;0;0;0;0;0.0;0.0;0.0
0.6;0;0;0;0;0.0;0.0;0.0
0.61;0;0;0;0;0.0;0.0;0.0
0.62;0;0;0;0;0.0;0.0;0.0
0.63;0;0;0;0;0.0;0.0;0.0
0.64;0;0;0;0;0.0;0.0;0.0
0.65;0;0;0;0;0.0;0.0;0.0
0.66;0;0;0;0;0.0;0.0;0.0
0.67;0;0;0;0;0.0;0.0;0.0
0.68;0;0;0;0;0.0;0.0;0.0
0.69;0;0;0;0;0.0;0.0;0.0
0.7;0;0;0;0;0.0;0.0;0.0
0.71;0;0;0;0;0.0;0.0;0.0
0.72;0;0;0;0;0.0;0.0;0.0
0.73;0;0;0;0;0.0;0.0;0.0
0.74;0;0;0;0;0.0;0.0;0.0
0.75;0;0;0;0;0.0;0.0;0.0
0.76;0;0;0;0;0.0;0.0;0.0
0.77;0;0;0;0;0.0;0.0;0.0
0.78;0;0;0;0;0.0;0.0;0.0
0.79;0;0;0;0;0.0;0.0;0.0
0.8;0;0;0;0;0.0;0.0;0.0
0.81;0;0;0;0;0.0;0.0;0.0
0.82;0;0;0;0;0.0;0.0;0.0
0.83;0;0;0;0;0.0;0.0;0.0
0.84;0;0;0;0;0.0;0.0;0.0
0.85;0;0;0;0;0.0;0.0;0.0
0.86;0;0;0;0;0.0;0.0;0.0
0.87;0;0;0;0;0.0;0.0;0.0
0.88;0;0;0;0;0.0;0.0;0.0
0.89;0;0;0;0;0.0;0.0;0.0
0.9;0;0;0;0;0.0;0.0;0.0
0.91;0;0;0;0;0.0;0.0;0.0
0.92;0;0;0;0;0.0;0.0;0.0
0.93;0;0;0;0;0.0;0.0;0.0
0.94;0;0;0;0;0.0;0.0;0.0
0.95;0;0;0;0;0.0;0.0;0.0
0.96;0;0;0;0;0.0;0.0;0.0
0.97;0;0;0;0;0.0;0.0;0.0
0.98;0;0;0;0;0.0;0.0;0.0
0.99;0;0;0;0;0.0;0.0;0.0
1.0;0;0;0;0;0.0;0.0;0.0
1.01;0;0;0;0;0.0;0.0;0.0
1.02;0;0;0;0;0.0;0.0;0.0
1.03;0;0;0;0;0.0;0.0;0.0
1.04;0;0;0;0;0.0;0.0;0.0
1.05;0;0;0;0;0.0;0.0;0.0
1.06;0;0;0;0;0.0;0.0;0.0
1.07;0;0;0;0;0.0;0.0;0.0
1.08;0;0;0;0;0.0;0.0;0.0
1.09;0;0;0;0;0.0;0.0;0.0
1.1;0;0;0;0;0.0;0.0;0.0
1.11;0;0;0;0;0.0;0.0;0.0
1.12;0;0;0;0;0.0;0.0;0.0
1.13;0;0;0;0;0.0;0.0;0.0
1.14;0;0;0;0;0.0;0.0;0.0
1.15;0;0;0;0;0.0;0.0;0.0
1.16;0;0;0;0;0.0;0.0;0.0
1.17;0;0;0;0;0.0;0.0;0.0
1.18;0;0;0;0;0.0;0.0;0.0
1.19;0;0;0;0;0.0;0.0;0.0
1.2;0;0;0;0;0.0;0.0;0.0
1.21;0;0;0;0;0.0;0.0;0.0
1.22;0;0;0;0;0.0;0.0;0.0
1.23;0;0;0;0;0.0;0.0;0.0
1.24;0;0;0;0;0.0;0.0;0.0
1.25;0;0;0;0;0.0;0.0;0.0
1.26;0;0;0;0;0.0;0.0;0.0
1.27;0;0;0;0;0.0;0.0;0.0
1.28;0;0;0;0;0.0;0.0;0.0
1.29;0;0;0;0;0.0;0.0;0.0
1.3;0;0;0;0;0.0;0.0;0.0
1.31;0;0;0;0;0.0;0.0;0.0
1.32;0;0;0;0;0.0;0.0;0.0
1.33;0;0;0;0;0.0;0.0;0.0
1.34;0;0;0;0;0.0;0.0;0.0
1.35;0;0;0;0;0.0;0.0;0.0
1.36;0;0;0;0;0.0;0.0;0.0
1.37;0;0;0;0;0.0;0.0;0.0
1.38;0;0;0;0;0.0;0.0;0.0
1.39;0;0;0;0;0.0;0.0;0.0
1.4;0;0;0;0;0.0;0.0;0.0
1.41;0;0;0;0;0.0;0.0;0.0
1.42;0;0;0;0;0.0;0.0;0.0
1.43;0;0;0;0;0.0;0.0;0.0
1.44;0;0;0;0;0.0;0.0;0.0
1.45;0;0;0;0;0.0;0.0;0.0
1.46;0;0;0;0;0.0;0.0;0.0
1.47;0;0;0;0;0.0;0.0;0.0
1.48;0;0;0;0;0.0;0.0;0.0
1.49;0;0;0;0;0.0;0.0;0.0
1.5;0;0;0;0;0.0;0.0;0.0
1.51;0;0;0;0;0.0;0.0;0.0
1.52;0;0;0;0;0.0;0.0;0.0
1.53;0;0;0;0;0.0;0.0;0.0
1.54;0;0;0;0;0.0;0.0;0.0
1.55;0;0;0;0;0.0;0.0;0.0
1.56;0;0;0;0;0.0;0.0;0.0
1.57;0;0;0;0;0.0;0.0;0.0
1.58;0;0;0;0;0.0;0.0;0.0
1.59;0;0;0;0;0.0;0.0;0.0
1.6;0;0;0;0;0.0;0.0;0.0
1.61;0;0;0;0;0.0;0.0;0.0
1.62;0;0;0;0;0.0;0.0;0.0
1.63;0;0;0;0;0.0;0.0;0.0
1.64;0;0;0;0;0.0;0.0;0.0
1.65;0;0;0;0;0.0;0.0;0.0
1.66;0;0;0;0;0.0;0.0;0.0
1.67;0;0;0;0;0.0;0.0;0.0
1.68;0;0;0;0;0.0;0.0;0.0
1.69;0;0;0;0;0.0;0.0;0.0
1.7;0;0;0;0;0.0;0.0;0.0
1.71;0;0;0;0;0.0;0.0;0.0
1.72;0;0;0;0;0.0;0.0;0.0
1.73;0;0;0;0;0.0;0.0;0.0
1.74;0;0;0;0;0.0;0.0;0.0
1.75;0;0;0;0;0.0;0.0;0.0
1.76;0;0;0;0;0.0;0.0;0.0
1.77;0;0;0;0;0.0;0.0;0.0
1.78;0;0;0;0;0.0;0.0;0.0
1.79;0;0;0;1;0.1019367991845056;-13.5;-13.5
1.8;4;0;2;9;1.529051987767584;-9.9;-6.3
1.81;10;0;5;17;3.261977573904179;-9.28125;-5.0625
1.82;15;0;8;21;4.485219164118247;-8.590909;-4.2954545
1.83;19;0;9;26;5.504587155963303;-9.0;-4.0
1.84;25;0;11;28;6.523955147808358;-8.859375;-2.953125
1.85;28;0;11;28;6.829765545361875;-9.067164;-2.216418
1.86;32;0;11;27;7.135575942915392;-9.257143;-1.1571429
1.87;36;0;11;26;7.441386340468909;-9.431507;-0.1849315
1.88;40;0;11;27;7.951070336391437;-9.692307;0.34615386
1.89;46;0;13;28;8.868501529051988;-9.465517;0.7758621
1.9;52;0;14;31;9.887869520897043;-9.603093;0.97422683
1.91;60;0;15;34;11.11111111111111;-9.784404;1.3623853
1.92;70;0;17;39;12.844036697247706;-9.857142;1.5
1.93;82;0;20;45;14.984709480122323;-9.82653;1.5612245
1.94;94;0;24;51;17.227319062181447;-9.665681;1.5177515
1.95;106;1;28;58;19.673802242609582;-9.443006;1.4689119
1.96;118;3;30;67;22.22222222222222;-9.412844;1.4862385
1.97;129;5;32;77;24.77064220183486;-9.388889;1.3888888
1.98;140;7;34;87;27.3190621814475;-9.369403;1.3097014
1.99;151;9;36;97;29.867482161060142;-9.353242;1.2440273
2.0;162;11;39;108;32.61977573904179;-9.28125;1.096875
2.01;173;13;41;118;35.16819571865443;-9.273913;1.0565218
2.02;183;15;44;129;37.81855249745158;-9.2062;0.9097035
2.03;191;16;47;140;40.16309887869521;-9.182741;0.6852792
2.04;199;17;50;151;42.50764525993883;-9.161871;0.4856115
2.05;206;19;53;163;44.95412844036697;-9.091837;0.2755102
2.06;212;20;57;175;47.2986748216106;-9.019397;0.0
2.07;219;21;61;187;49.745158002038735;-8.963115;-0.22131148
2.08;225;23;65;197;51.98776758409786;-8.841176;-0.37058824
2.09;230;24;68;206;53.822629969418955;-8.795455;-0.5113636
2.1;233;25;70;213;55.14780835881753;-8.7587805;-0.62384474
2.11;236;25;72;217;56.06523955147808;-8.738182;-0.6872727
2.12;238;26;72;220;56.676860346585116;-8.741007;-0.6798561
2.13;238;26;72;220;56.676860346585116;-8.741007;-0.6798561
2.14;237;26;72;218;56.3710499490316;-8.71519;-0.659132
2.15;236;26;71;215;55.86136595310907;-8.720803;-0.5912409
2.16;234;26;70;211;55.14780835881753;-8.708873;-0.52402955
2.17;231;26;69;207;54.332313965341484;-8.687617;-0.48123828
2.18;229;26;68;202;53.51681957186544;-8.665714;-0.3857143
2.19;225;25;67;197;52.39551478083588;-8.6673155;-0.36770427
2.2;222;25;66;192;51.47808358817533;-8.634653;-0.2940594
2.21;220;25;65;188;50.76452599388379;-8.6204815;-0.21686748
2.22;217;25;65;185;50.15290519877676;-8.560976;-0.2195122
2.23;215;25;64;182;49.54128440366972;-8.555555;-0.16666667
2.24;213;25;64;180;49.1335372069317;-8.514523;-0.1680498
2.25;212;25;64;178;48.827726809378184;-8.483298;-0.14091858
2.26;211;25;64;178;48.72579001019368;-8.472803;-0.16945606
2.27;210;25;65;178;48.72579001019368;-8.416318;-0.22594142
2.28;209;25;66;179;48.827726809378184;-8.3705635;-0.31002086
2.29;209;25;67;181;49.1335372069317;-8.346473;-0.3921162
2.3;208;25;68;183;49.33741080530071;-8.311983;-0.50206614
2.31;208;25;69;184;49.54128440366972;-8.277778;-0.5555556
2.32;208;25;69;185;49.64322120285423;-8.288501;-0.5821355
2.33;208;25;70;186;49.847094801223236;-8.2546015;-0.63496935
2.34;210;25;71;189;50.45871559633027;-8.263637;-0.6818182
2.35;211;26;72;192;51.07033639143731;-8.218563;-0.7275449
2.36;214;33;78;195;53.00713557594291;-7.7365384;-0.675
2.37;220;45;86;197;55.86136595310907;-7.0456204;-0.44343066
2.38;222;51;90;198;57.186544342507645;-6.713904;-0.36096257
2.39;223;59;98;196;58.715596330275226;-6.140625;-0.28125
2.4;221;61;104;191;58.81753312945973;-5.7790294;-0.30415943
2.41;219;65;106;184;58.51172273190622;-5.456446;-0.14111498
2.42;218;73;108;174;58.40978593272171;-4.9712043;0.21204188
2.43;216;78;109;165;57.90010193679918;-4.6109157;0.4753521
2.44;214;80;111;157;57.288481141692145;-4.3238435;0.6245552
2.45;211;83;113;150;56.77879714576962;-3.9991024;0.7513465
2.46;208;85;115;143;56.16717635066259;-3.699637;0.8575318
2.47;205;86;117;137;55.55555555555555;-3.4431193;0.91651374
2.48;202;88;117;131;54.84199796126401;-3.211896;1.0539033
2.49;199;89;118;125;54.12844036697248;-2.9745762;1.1440678
2.5;196;90;118;119;53.31294597349643;-2.7619503;1.2648183
2.51;194;91;119;115;52.905198776758404;-2.5751445;1.3265896
2.52;192;92;120;112;52.59938837920489;-2.4069767;1.3604652
2.53;190;93;121;110;52.39551478083588;-2.258755;1.3657588
2.54;189;94;122;108;52.293577981651374;-2.131579;1.3947369
2.55;188;95;123;108;52.39551478083588;-2.048638;1.3657588
2.56;187;96;125;108;52.59938837920489;-1.9360465;1.3081396
2.57;186;97;127;108;52.803261977573904;-1.8243244;1.2509652
2.58;185;98;129;108;53.00713557594291;-1.7134615;1.1942308
2.59;184;99;132;108;53.31294597349643;-1.5745698;1.1099427
2.6;182;100;134;108;53.41488277268093;-1.4427481;1.0305344
2.61;180;101;136;108;53.51681957186544;-1.3114285;0.9514286
2.62;179;102;138;109;53.822629969418955;-1.2272727;0.8693182
2.63;179;103;139;109;54.02650356778797;-1.1716981;0.8660377
2.64;178;105;141;109;54.332313965341484;-1.0384616;0.8358349
2.65;178;106;142;109;54.5361875637105;-0.98411214;0.83271027
2.66;177;107;144;109;54.740061162079506;-0.8798883;0.7793296
2.67;176;108;145;108;54.740061162079506;-0.7793296;0.7793296
2.68;175;109;145;107;54.638124362895;-0.70522386;0.80597013
2.69;173;110;146;107;54.638124362895;-0.6044776;0.755597
2.7;172;111;147;106;54.638124362895;-0.50373137;0.755597
2.71;170;112;148;105;54.5361875637105;-0.37850466;0.7317757
2.72;169;112;149;104;54.43425076452599;-0.30337077;0.7078652
2.73;167;113;149;103;54.23037716615698;-0.20300752;0.7105263
2.74;166;113;150;102;54.12844036697248;-0.12711865;0.6864407
2.75;165;114;150;101;54.02650356778797;-0.050943397;0.71320754
2.76;164;114;150;100;53.822629969418955;0.0;0.71590906
2.77;163;114;150;100;53.720693170234455;0.025616698;0.69165087
2.78;162;114;151;100;53.720693170234455;0.076850094;0.64041746
2.79;161;113;151;101;53.61875637104995;0.051330797;0.5646388
2.8;160;113;152;101;53.61875637104995;0.102661595;0.513308
2.81;159;113;153;102;53.720693170234455;0.1280835;0.43548387
2.82;157;114;155;102;53.822629969418955;0.2556818;0.35795453
2.83;156;114;156;103;53.92456676860346;0.28071833;0.28071833
2.84;155;114;158;103;54.02650356778797;0.35660377;0.20377359
2.85;153;114;160;104;54.12844036697248;0.43220338;0.076271184
2.86;152;115;162;104;54.332313965341484;0.5318949;0.02532833
2.87;151;115;163;104;54.332313965341484;0.5825516;-0.02532833
2.88;150;116;165;104;54.5361875637105;0.6813084;-0.07570093
2.89;148;116;167;104;54.5361875637105;0.782243;-0.17663552
2.9;146;117;168;103;54.43425076452599;0.9101124;-0.20224719
2.91;145;117;169;103;54.43425076452599;0.96067417;-0.252809
2.92;143;117;170;102;54.23037716615698;1.0657895;-0.30451128
2.93;141;118;171;101;54.12844036697248;1.1949153;-0.33050847
2.94;139;118;172;101;54.02650356778797;1.273585;-0.40754718
2.95;137;118;173;100;53.822629969418955;1.3806819;-0.46022728
2.96;136;118;174;100;53.822629969418955;1.4318181;-0.5113636
2.97;135;118;175;100;53.822629969418955;1.4829545;-0.5625
2.98;133;118;176;99;53.61875637104995;1.5912547;-0.6159696
2.99;132;118;177;99;53.61875637104995;1.6425855;-0.6673004
3.0;131;118;177;99;53.51681957186544;1.6714286;-0.6942857
3.01;130;118;178;99;53.51681957186544;1.7228571;-0.7457143
3.02;129;118;179;100;53.61875637104995;1.7452471;-0.82129276
3.03;128;118;181;100;53.720693170234455;1.8187855;-0.89658445
3.04;127;118;183;101;53.92456676860346;1.862949;-0.9952741
3.05;126;118;184;102;54.02650356778797;1.8849057;-1.0698113
3.06;125;119;186;102;54.23037716615698;1.9793233;-1.1165414
3.07;123;118;188;103;54.23037716615698;2.030075;-1.268797
3.08;122;118;189;103;54.23037716615698;2.080827;-1.3195488
3.09;121;118;191;104;54.43425076452599;2.1235955;-1.4157304
3.1;120;118;192;105;54.5361875637105;2.1448598;-1.488785
3.11;119;118;193;105;54.5361875637105;2.195327;-1.5392523
3.12;118;118;194;105;54.5361875637105;2.2457943;-1.5897197
3.13;118;118;195;105;54.638124362895;2.266791;-1.6119403
3.14;117;118;195;105;54.5361875637105;2.2962618;-1.6401869
3.15;116;118;196;105;54.5361875637105;2.346729;-1.6906542
3.16;115;118;196;104;54.332313965341484;2.4061913;-1.6969981
3.17;114;118;197;104;54.332313965341484;2.4568481;-1.7476548
3.18;114;118;197;104;54.332313965341484;2.4568481;-1.7476548
3.19;113;118;198;103;54.23037716615698;2.537594;-1.7763158
3.2;113;118;199;103;54.332313965341484;2.5581613;-1.7983115
3.21;112;119;200;103;54.43425076452599;2.6292136;-1.8202248
3.22;112;119;200;103;54.43425076452599;2.6292136;-1.8202248
3.23;111;119;200;103;54.332313965341484;2.6594746;-1.8489681
3.24;111;119;201;102;54.332313965341484;2.7101314;-1.8489681
3.25;110;120;201;102;54.332313965341484;2.760788;-1.8489681
3.26;110;120;201;101;54.23037716615698;2.7913535;-1.8270676
3.27;110;120;202;101;54.332313965341484;2.8114448;-1.8489681
3.28;109;120;202;100;54.12844036697248;2.8728814;-1.8559322
3.29;109;121;202;100;54.23037716615698;2.892857;-1.8270676
3.3;109;121;202;99;54.12844036697248;2.9237287;-1.8050847
3.31;108;122;203;98;54.12844036697248;3.0254238;-1.8050847
3.32;108;122;203;98;54.12844036697248;3.0254238;-1.8050847
3.33;108;122;203;97;54.02650356778797;3.0566037;-1.7830188
3.34;108;123;204;97;54.23037716615698;3.0958648;-1.7763158
3.35;108;123;204;96;54.12844036697248;3.1271186;-1.7542373
3.36;108;124;204;96;54.23037716615698;3.1466165;-1.7255639
3.37;108;124;204;96;54.23037716615698;3.1466165;-1.7255639
3.38;108;125;204;96;54.332313965341484;3.1660414;-1.6969981
3.39;108;125;204;96;54.332313965341484;3.1660414;-1.6969981
3.4;108;125;204;96;54.332313965341484;3.1660414;-1.6969981
3.41;108;125;204;96;54.332313965341484;3.1660414;-1.6969981
3.42;108;125;204;96;54.332313965341484;3.1660414;-1.6969981
3.43;108;125;204;96;54.332313965341484;3.1660414;-1.6969981
3.44;108;125;204;96;54.332313965341484;3.1660414;-1.6969981
3.45;108;125;204;96;54.332313965341484;3.1660414;-1.6969981
3.46;107;125;204;96;54.23037716615698;3.1973684;-1.7255639
3.47;107;125;204;96;54.23037716615698;3.1973684;-1.7255639
3.48;107;125;204;96;54.23037716615698;3.1973684;-1.7255639
3.49;107;125;204;96;54.23037716615698;3.1973684;-1.7255639
3.5;107;125;204;96;54.23037716615698;3.1973684;-1.7255639
3.51;107;125;204;96;54.23037716615698;3.1973684;-1.7255639
3.52;107;125;204;96;54.23037716615698;3.1973684;-1.7255639
3.53;107;125;204;96;54.23037716615698;3.1973684;-1.7255639
3.54;108;125;204;96;54.332313965341484;3.1660414;-1.6969981
3.55;108;125;204;96;54.332313965341484;3.1660414;-1.6969981
3.56;108;125;203;96;54.23037716615698;3.1466165;-1.6748121
3.57;108;125;203;96;54.23037716615698;3.1466165;-1.6748121
3.58;108;126;203;96;54.332313965341484;3.1660414;-1.6463414
3.59;108;126;203;96;54.332313965341484;3.1660414;-1.6463414
3.6;108;126;203;96;54.332313965341484;3.1660414;-1.6463414
3.61;108;126;202;95;54.12844036697248;3.177966;-1.601695
3.62;109;126;202;95;54.23037716615698;3.1466165;-1.5733082
3.63;109;126;202;95;54.23037716615698;3.1466165;-1.5733082
3.64;109;127;202;95;54.332313965341484;3.1660414;-1.5450281
3.65;109;127;201;95;54.23037716615698;3.1466165;-1.5225564
3.66;109;127;201;95;54.23037716615698;3.1466165;-1.5225564
3.67;109;127;201;95;54.23037716615698;3.1466165;-1.5225564
3.68;110;127;201;94;54.23037716615698;3.1466165;-1.4718045
3.69;110;127;200;94;54.12844036697248;3.1271186;-1.4491526
3.7;110;128;200;94;54.23037716615698;3.1466165;-1.4210526
3.71;110;128;200;94;54.23037716615698;3.1466165;-1.4210526
3.72;110;128;200;93;54.12844036697248;3.177966;-1.398305
3.73;110;129;199;93;54.12844036697248;3.177966;-1.3474576
3.74;111;129;199;93;54.23037716615698;3.1466165;-1.3195488
3.75;111;129;199;93;54.23037716615698;3.1466165;-1.3195488
3.76;111;129;198;93;54.12844036697248;3.1271186;-1.2966101
3.77;112;129;198;93;54.23037716615698;3.0958648;-1.268797
3.78;112;129;197;93;54.12844036697248;3.0762713;-1.2457627
3.79;113;129;196;93;54.12844036697248;3.0254238;-1.1949153
3.8;114;129;195;93;54.12844036697248;2.9745762;-1.1440678
3.81;115;129;194;93;54.12844036697248;2.9237287;-1.0932204
3.82;116;129;193;93;54.12844036697248;2.8728814;-1.0423728
3.83;116;129;192;93;54.02650356778797;2.8528302;-1.018868
3.84;117;130;191;92;54.02650356778797;2.8528302;-0.91698116
3.85;118;130;190;92;54.02650356778797;2.8018868;-0.8660377
3.86;119;130;190;92;54.12844036697248;2.7711864;-0.83898306
3.87;120;131;189;92;54.23037716615698;2.7406015;-0.7612782
3.88;120;131;189;91;54.12844036697248;2.7711864;-0.7372881
3.89;121;131;188;91;54.12844036697248;2.720339;-0.6864407
3.9;121;131;188;91;54.12844036697248;2.720339;-0.6864407
3.91;122;131;188;92;54.332313965341484;2.6594746;-0.6838649
3.92;122;131;187;92;54.23037716615698;2.6390977;-0.6597744
3.93;122;131;187;92;54.23037716615698;2.6390977;-0.6597744
3.94;123;131;186;92;54.23037716615698;2.5883458;-0.60902256
3.95;123;131;186;92;54.23037716615698;2.5883458;-0.60902256
3.96;123;130;186;93;54.23037716615698;2.537594;-0.6597744
3.97;123;130;185;93;54.12844036697248;2.5169492;-0.63559324
3.98;124;130;185;93;54.23037716615698;2.4868422;-0.60902256
3.99;124;130;184;94;54.23037716615698;2.4360902;-0.60902256
4.0;124;129;184;94;54.12844036697248;2.4152544;-0.63559324
4.01;124;129;184;95;54.23037716615698;2.3853383;-0.6597744
4.02;125;129;184;95;54.332313965341484;2.3555348;-0.6332083
4.03;125;129;184;95;54.332313965341484;2.3555348;-0.6332083
4.04;125;128;183;96;54.23037716615698;2.2838347;-0.6597744
4.05;125;128;183;96;54.23037716615698;2.2838347;-0.6597744
4.06;125;128;183;97;54.332313965341484;2.2542214;-0.6838649
4.07;125;128;183;97;54.332313965341484;2.2542214;-0.6838649
4.08;125;127;183;97;54.23037716615698;2.2330828;-0.7105263
4.09;125;127;183;97;54.23037716615698;2.2330828;-0.7105263
4.1;125;127;184;98;54.43425076452599;2.224719;-0.75842696
4.11;125;127;184;98;54.43425076452599;2.224719;-0.75842696
4.12;125;127;183;99;54.43425076452599;2.1741574;-0.75842696
4.13;125;126;183;99;54.332313965341484;2.152908;-0.78517824
4.14;125;126;183;99;54.332313965341484;2.152908;-0.78517824
4.15;125;125;183;99;54.23037716615698;2.131579;-0.8120301
4.16;124;125;183;99;54.12844036697248;2.161017;-0.83898306
4.17;124;124;183;99;54.02650356778797;2.1396227;-0.8660377
4.18;124;124;183;100;54.12844036697248;2.1101694;-0.8898305
4.19;124;124;183;100;54.12844036697248;2.1101694;-0.8898305
4.2;123;123;183;100;53.92456676860346;2.1181474;-0.94423443
4.21;123;123;183;101;54.02650356778797;2.0886793;-0.96792454
4.22;123;122;183;101;53.92456676860346;2.0671077;-0.9952741
4.23;123;122;183;102;54.02650356778797;2.037736;-1.018868
4.24;124;122;183;102;54.12844036697248;2.0084746;-0.9915254
4.25;124;122;184;103;54.332313965341484;2.0009382;-1.0384616
4.26;124;122;184;103;54.332313965341484;2.0009382;-1.0384616
4.27;124;122;184;104;54.43425076452599;1.9719101;-1.0617977
4.28;124;121;184;104;54.332313965341484;1.9502814;-1.0891182
4.29;124;121;184;104;54.332313965341484;1.9502814;-1.0891182
4.3;124;121;184;104;54.332313965341484;1.9502814;-1.0891182
4.31;124;121;184;104;54.332313965341484;1.9502814;-1.0891182
4.32;124;121;183;104;54.23037716615698;1.9285715;-1.0657895
4.33;124;120;183;104;54.12844036697248;1.9067796;-1.0932204
4.34;125;120;183;104;54.23037716615698;1.8778195;-1.0657895
4.35;125;120;182;104;54.12844036697248;1.8559322;-1.0423728
4.36;125;120;182;104;54.12844036697248;1.8559322;-1.0423728
4.37;126;120;181;104;54.12844036697248;1.8050847;-0.9915254
4.38;126;120;181;104;54.12844036697248;1.8050847;-0.9915254
4.39;126;120;180;104;54.02650356778797;1.7830188;-0.96792454
4.4;127;120;180;104;54.12844036697248;1.7542373;-0.94067794
4.41;127;119;180;104;54.02650356778797;1.7320755;-0.96792454
4.42;127;119;180;105;54.12844036697248;1.7033899;-0.9915254
4.43;128;119;180;105;54.23037716615698;1.6748121;-0.96428573
4.44;128;119;180;105;54.23037716615698;1.6748121;-0.96428573
4.45;128;119;180;105;54.23037716615698;1.6748121;-0.96428573
4.46;128;119;179;106;54.23037716615698;1.6240602;-0.96428573
4.47;128;118;179;106;54.12844036697248;1.601695;-0.9915254
4.48;129;118;179;106;54.23037716615698;1.5733082;-0.96428573
4.49;129;118;179;107;54.332313965341484;1.5450281;-0.9878049
4.5;129;117;179;107;54.23037716615698;1.5225564;-1.0150375
4.51;129;117;178;107;54.12844036697248;1.5;-0.9915254
4.52;129;117;178;108;54.23037716615698;1.4718045;-1.0150375
4.53;129;116;178;108;54.12844036697248;1.4491526;-1.0423728
4.54;129;116;178;109;54.23037716615698;1.4210526;-1.0657895
4.55;129;116;178;109;54.23037716615698;1.4210526;-1.0657895
4.56;129;115;178;109;54.12844036697248;1.398305;-1.0932204
4.57;129;115;178;109;54.12844036697248;1.398305;-1.0932204
4.58;129;115;178;110;54.23037716615698;1.3703008;-1.1165414
4.59;129;115;178;110;54.23037716615698;1.3703008;-1.1165414
4.6;129;114;178;110;54.12844036697248;1.3474576;-1.1440678
4.61;129;114;178;111;54.23037716615698;1.3195488;-1.1672932
4.62;128;114;178;111;54.12844036697248;1.3474576;-1.1949153
4.63;128;113;179;112;54.23037716615698;1.3195488;-1.268797
4.64;128;113;179;112;54.23037716615698;1.3195488;-1.268797
4.65;128;113;179;113;54.332313965341484;1.2917448;-1.2917448
4.66;128;112;179;113;54.23037716615698;1.268797;-1.3195488
4.67;128;112;179;113;54.23037716615698;1.268797;-1.3195488
4.68;127;112;180;113;54.23037716615698;1.3195488;-1.3703008
4.69;127;111;180;114;54.23037716615698;1.268797;-1.4210526
4.7;127;111;180;114;54.23037716615698;1.268797;-1.4210526
4.71;126;111;180;114;54.12844036697248;1.2966101;-1.4491526
4.72;126;110;180;114;54.02650356778797;1.273585;-1.4773585
4.73;126;110;181;114;54.12844036697248;1.2966101;-1.5
4.74;125;110;181;114;54.02650356778797;1.3245283;-1.5283018
4.75;125;110;181;115;54.12844036697248;1.2966101;-1.5508474
4.76;125;110;181;115;54.12844036697248;1.2966101;-1.5508474
4.77;125;109;181;115;54.02650356778797;1.273585;-1.5792453
4.78;125;109;181;115;54.02650356778797;1.273585;-1.5792453
4.79;125;109;182;116;54.23037716615698;1.268797;-1.6240602
4.8;125;109;182;116;54.23037716615698;1.268797;-1.6240602
4.81;124;109;182;116;54.12844036697248;1.2966101;-1.6525424
4.82;124;109;183;116;54.23037716615698;1.3195488;-1.6748121
4.83;124;109;183;116;54.23037716615698;1.3195488;-1.6748121
4.84;124;109;183;116;54.23037716615698;1.3195488;-1.6748121
4.85;124;109;183;116;54.23037716615698;1.3195488;-1.6748121
4.86;124;109;184;116;54.332313965341484;1.3424015;-1.6969981
4.87;123;109;184;116;54.23037716615698;1.3703008;-1.7255639
4.88;123;109;184;116;54.23037716615698;1.3703008;-1.7255639
4.89;123;109;184;116;54.23037716615698;1.3703008;-1.7255639
4.9;123;109;185;116;54.332313965341484;1.3930582;-1.7476548
4.91;122;108;185;116;54.12844036697248;1.398305;-1.8050847
4.92;122;108;185;116;54.12844036697248;1.398305;-1.8050847
4.93;122;108;185;116;54.12844036697248;1.398305;-1.8050847
4.94;122;108;185;116;54.12844036697248;1.398305;-1.8050847
4.95;122;108;185;116;54.12844036697248;1.398305;-1.8050847
4.96;121;107;185;117;54.02650356778797;1.3754717;-1.8849057
4.97;121;107;186;117;54.12844036697248;1.398305;-1.9067796
4.98;121;107;186;117;54.12844036697248;1.398305;-1.9067796
4.99;121;107;186;117;54.12844036697248;1.398305;-1.9067796
5.0;121;107;186;118;54.23037716615698;1.3703008;-1.9285715
5.01;121;107;187;118;54.332313965341484;1.3930582;-1.9502814
5.02;120;106;187;118;54.12844036697248;1.398305;-2.0084746
5.03;120;106;187;118;54.12844036697248;1.398305;-2.0084746
5.04;120;106;188;118;54.23037716615698;1.4210526;-2.030075
5.05;120;105;188;119;54.23037716615698;1.3703008;-2.080827
5.06;119;105;188;119;54.12844036697248;1.398305;-2.1101694
5.07;119;105;188;119;54.12844036697248;1.398305;-2.1101694
5.08;119;104;189;119;54.12844036697248;1.398305;-2.161017
5.09;119;104;189;120;54.23037716615698;1.3703008;-2.1823308
5.1;118;103;189;120;54.02650356778797;1.3754717;-2.2415094
5.11;118;103;190;120;54.12844036697248;1.398305;-2.2627118
5.12;118;103;190;120;54.12844036697248;1.398305;-2.2627118
5.13;118;103;190;121;54.23037716615698;1.3703008;-2.2838347
5.14;118;103;191;121;54.332313965341484;1.3930582;-2.304878
5.15;117;102;191;121;54.12844036697248;1.398305;-2.3644068
5.16;117;102;191;122;54.23037716615698;1.3703008;-2.3853383
5.17;117;102;191;122;54.23037716615698;1.3703008;-2.3853383
5.18;117;102;191;122;54.23037716615698;1.3703008;-2.3853383
5.19;116;102;192;122;54.23037716615698;1.4210526;-2.4360902
5.2;116;101;192;122;54.12844036697248;1.398305;-2.4661016
5.21;116;101;192;123;54.23037716615698;1.3703008;-2.4868422
5.22;116;101;192;123;54.23037716615698;1.3703008;-2.4868422
5.23;115;101;193;123;54.23037716615698;1.4210526;-2.537594
5.24;115;101;193;123;54.23037716615698;1.4210526;-2.537594
5.25;115;100;194;123;54.23037716615698;1.4210526;-2.5883458
5.26;114;100;194;123;54.12844036697248;1.4491526;-2.618644
5.27;114;100;194;123;54.12844036697248;1.4491526;-2.618644
5.28;114;100;194;123;54.12844036697248;1.4491526;-2.618644
5.29;113;99;194;124;54.02650356778797;1.4264151;-2.7
5.3;113;99;195;124;54.12844036697248;1.4491526;-2.720339
5.31;113;99;195;124;54.12844036697248;1.4491526;-2.720339
5.32;112;99;195;124;54.02650356778797;1.4773585;-2.7509434
5.33;112;99;196;124;54.12844036697248;1.5;-2.7711864
5.34;112;98;196;124;54.02650356778797;1.4773585;-2.8018868
5.35;111;98;196;125;54.02650356778797;1.4773585;-2.8528302
5.36;111;98;196;125;54.02650356778797;1.4773585;-2.8528302
5.37;111;98;197;125;54.12844036697248;1.5;-2.8728814
5.38;110;98;197;126;54.12844036697248;1.5;-2.9237287
5.39;110;97;197;126;54.02650356778797;1.4773585;-2.954717
5.4;110;97;198;127;54.23037716615698;1.4718045;-2.994361
5.41;110;97;198;127;54.23037716615698;1.4718045;-2.994361
5.42;110;97;198;127;54.23037716615698;1.4718045;-2.994361
5.43;109;97;198;127;54.12844036697248;1.5;-3.0254238
5.44;109;97;198;127;54.12844036697248;1.5;-3.0254238
5.45;109;97;198;127;54.12844036697248;1.5;-3.0254238
5.46;109;97;198;127;54.12844036697248;1.5;-3.0254238
5.47;109;97;198;127;54.12844036697248;1.5;-3.0254238
5.48;109;97;198;127;54.12844036697248;1.5;-3.0254238
5.49;109;97;198;127;54.12844036697248;1.5;-3.0254238
5.5;108;96;198;127;53.92456676860346;1.505671;-3.0879016
5.51;108;96;198;127;53.92456676860346;1.505671;-3.0879016
5.52;108;96;199;128;54.12844036697248;1.5;-3.1271186
5.53;108;96;199;128;54.12844036697248;1.5;-3.1271186
5.54;108;96;199;128;54.12844036697248;1.5;-3.1271186
5.55;108;96;199;128;54.12844036697248;1.5;-3.1271186
5.56;108;96;199;128;54.12844036697248;1.5;-3.1271186
5.57;108;96;199;129;54.23037716615698;1.4718045;-3.1466165
5.58;107;96;200;129;54.23037716615698;1.5225564;-3.1973684
5.59;107;96;200;129;54.23037716615698;1.5225564;-3.1973684
5.6;107;95;200;129;54.12844036697248;1.5;-3.2288136
5.61;107;95;200;129;54.12844036697248;1.5;-3.2288136
5.62;107;95;200;129;54.12844036697248;1.5;-3.2288136
5.63;107;95;200;129;54.12844036697248;1.5;-3.2288136
5.64;106;95;201;129;54.12844036697248;1.5508474;-3.279661
5.65;106;95;201;130;54.23037716615698;1.5225564;-3.2988722
5.66;106;95;201;130;54.23037716615698;1.5225564;-3.2988722
5.67;106;94;201;130;54.12844036697248;1.5;-3.3305085
5.68;105;94;202;130;54.12844036697248;1.5508474;-3.381356
5.69;105;94;202;130;54.12844036697248;1.5508474;-3.381356
5.7;105;94;202;130;54.12844036697248;1.5508474;-3.381356
5.71;105;93;202;130;54.02650356778797;1.5283018;-3.4132075
5.72;104;93;203;130;54.02650356778797;1.5792453;-3.464151
5.73;104;93;203;131;54.12844036697248;1.5508474;-3.4830508
5.74;104;92;203;131;54.02650356778797;1.5283018;-3.5150943
5.75;103;92;204;131;54.02650356778797;1.5792453;-3.5660377
5.76;103;92;204;131;54.02650356778797;1.5792453;-3.5660377
5.77;103;91;205;132;54.12844036697248;1.5508474;-3.6355932
5.78;102;91;205;132;54.02650356778797;1.5792453;-3.6679246
5.79;102;91;206;132;54.12844036697248;1.601695;-3.6864407
5.8;102;90;206;133;54.12844036697248;1.5508474;-3.7372882
5.81;101;90;207;133;54.12844036697248;1.601695;-3.7881355
5.82;100;89;208;133;54.02650356778797;1.6301887;-3.8716981
5.83;100;89;208;133;54.02650356778797;1.6301887;-3.8716981
5.84;99;89;209;134;54.12844036697248;1.6525424;-3.940678
5.85;98;88;210;134;54.02650356778797;1.6811321;-4.0245285
5.86;98;88;211;134;54.12844036697248;1.7033899;-4.0423727
5.87;97;87;211;134;53.92456676860346;1.7098299;-4.1086955
5.88;97;87;212;135;54.12844036697248;1.7033899;-4.144068
5.89;97;86;213;135;54.12844036697248;1.7033899;-4.1949153
5.9;96;86;214;135;54.12844036697248;1.7542373;-4.245763
5.91;96;85;214;136;54.12844036697248;1.7033899;-4.2966104
5.92;96;85;215;136;54.23037716615698;1.7255639;-4.31391
5.93;95;84;216;136;54.12844036697248;1.7542373;-4.398305
5.94;95;84;217;137;54.332313965341484;1.7476548;-4.432458
5.95;94;83;217;137;54.12844036697248;1.7542373;-4.5
5.96;94;83;218;137;54.23037716615698;1.7763158;-4.516917
5.97;94;82;219;137;54.23037716615698;1.7763158;-4.5676694
5.98;93;81;219;138;54.12844036697248;1.7542373;-4.6525426
5.99;93;81;220;138;54.23037716615698;1.7763158;-4.669173
6.0;92;80;220;138;54.02650356778797;1.7830188;-4.7377357
6.01;92;80;221;138;54.12844036697248;1.8050847;-4.754237
6.02;91;79;221;139;54.02650356778797;1.7830188;-4.8396225
6.03;91;79;222;139;54.12844036697248;1.8050847;-4.855932
6.04;91;78;222;139;54.02650356778797;1.7830188;-4.890566
6.05;91;78;223;140;54.23037716615698;1.7763158;-4.922932
6.06;90;78;223;140;54.12844036697248;1.8050847;-4.9576273
6.07;90;77;223;140;54.02650356778797;1.7830188;-4.9924526
6.08;90;77;224;140;54.12844036697248;1.8050847;-5.0084743
6.09;90;77;224;140;54.12844036697248;1.8050847;-5.0084743
6.1;90;77;225;140;54.23037716615698;1.8270676;-5.024436
6.11;89;77;225;140;54.12844036697248;1.8559322;-5.059322
6.12;89;77;226;140;54.23037716615698;1.8778195;-5.075188
6.13;89;77;226;139;54.12844036697248;1.9067796;-5.059322
6.14;89;77;226;139;54.12844036697248;1.9067796;-5.059322
6.15;88;77;227;139;54.12844036697248;1.9576272;-5.1101694
6.16;88;77;227;138;54.02650356778797;1.9867924;-5.09434
6.17;88;77;227;138;54.02650356778797;1.9867924;-5.09434
6.18;88;77;227;138;54.02650356778797;1.9867924;-5.09434
6.19;88;78;227;137;54.02650356778797;2.037736;-5.043396
6.2;88;78;227;137;54.02650356778797;2.037736;-5.043396
6.21;88;78;227;137;54.02650356778797;2.037736;-5.043396
6.22;88;78;227;137;54.02650356778797;2.037736;-5.043396
6.23;88;79;227;137;54.12844036697248;2.059322;-5.0084743
6.24;88;79;227;137;54.12844036697248;2.059322;-5.0084743
6.25;88;79;227;136;54.02650356778797;2.0886793;-4.9924526
6.26;89;79;227;136;54.12844036697248;2.059322;-4.9576273
6.27;89;80;227;136;54.23037716615698;2.080827;-4.922932
6.28;89;80;227;136;54.23037716615698;2.080827;-4.922932
6.29;89;80;227;135;54.12844036697248;2.1101694;-4.90678
6.3;89;80;227;135;54.12844036697248;2.1101694;-4.90678
6.31;89;80;227;135;54.12844036697248;2.1101694;-4.90678
6.32;89;81;227;134;54.12844036697248;2.161017;-4.855932
6.33;89;81;226;134;54.02650356778797;2.1396227;-4.8396225
6.34;90;81;226;134;54.12844036697248;2.1101694;-4.8050847
6.35;90;81;226;134;54.12844036697248;2.1101694;-4.8050847
6.36;90;82;225;133;54.02650356778797;2.1396227;-4.7377357
6.37;91;82;225;133;54.12844036697248;2.1101694;-4.7033896
6.38;91;83;224;133;54.12844036697248;2.1101694;-4.6525426
6.39;92;83;224;132;54.12844036697248;2.1101694;-4.601695
6.4;92;83;224;132;54.12844036697248;2.1101694;-4.601695
6.41;93;84;223;132;54.23037716615698;2.080827;-4.516917
6.42;93;84;223;131;54.12844036697248;2.1101694;-4.5
6.43;94;84;222;131;54.12844036697248;2.059322;-4.4491525
6.44;94;85;222;131;54.23037716615698;2.080827;-4.4154134
6.45;94;85;221;130;54.02650356778797;2.0886793;-4.381132
6.46;94;85;221;130;54.02650356778797;2.0886793;-4.381132
6.47;95;85;221;130;54.12844036697248;2.059322;-4.3474574
6.48;95;86;220;130;54.12844036697248;2.059322;-4.2966104
6.49;95;86;220;129;54.02650356778797;2.0886793;-4.2792454
6.5;95;86;220;129;54.02650356778797;2.0886793;-4.2792454
6.51;95;86;220;129;54.02650356778797;2.0886793;-4.2792454
6.52;96;87;220;129;54.23037716615698;2.080827;-4.212406
6.53;96;87;220;128;54.12844036697248;2.1101694;-4.1949153
6.54;96;87;219;128;54.02650356778797;2.0886793;-4.1773586
6.55;96;87;219;128;54.02650356778797;2.0886793;-4.1773586
6.56;96;88;219;128;54.12844036697248;2.1101694;-4.144068
6.57;96;88;219;128;54.12844036697248;2.1101694;-4.144068
6.58;96;88;219;128;54.12844036697248;2.1101694;-4.144068
6.59;96;88;219;128;54.12844036697248;2.1101694;-4.144068
6.6;96;88;219;128;54.12844036697248;2.1101694;-4.144068
6.61;97;88;219;127;54.12844036697248;2.1101694;-4.09322
6.62;97;88;219;127;54.12844036697248;2.1101694;-4.09322
6.63;97;88;219;127;54.12844036697248;2.1101694;-4.09322
6.64;97;89;219;127;54.23037716615698;2.131579;-4.06015
6.65;97;89;219;127;54.23037716615698;2.131579;-4.06015
6.66;97;89;219;127;54.23037716615698;2.131579;-4.06015
6.67;96;89;219;126;54.02650356778797;2.190566;-4.075472
6.68;96;89;219;126;54.02650356778797;2.190566;-4.075472
6.69;96;89;220;126;54.12844036697248;2.2118645;-4.09322
6.7;96;89;220;126;54.12844036697248;2.2118645;-4.09322
6.71;96;89;220;126;54.12844036697248;2.2118645;-4.09322
6.72;96;89;220;125;54.02650356778797;2.2415094;-4.075472
6.73;96;89;220;125;54.02650356778797;2.2415094;-4.075472
6.74;96;89;220;125;54.02650356778797;2.2415094;-4.075472
6.75;96;89;221;125;54.12844036697248;2.2627118;-4.09322
6.76;96;89;221;125;54.12844036697248;2.2627118;-4.09322
6.77;96;90;221;125;54.23037716615698;2.2838347;-4.06015
6.78;96;90;221;124;54.12844036697248;2.3135593;-4.0423727
6.79;96;90;221;124;54.12844036697248;2.3135593;-4.0423727
6.8;96;91;221;123;54.12844036697248;2.3644068;-3.9915254
6.81;96;91;221;123;54.12844036697248;2.3644068;-3.9915254
6.82;96;91;222;123;54.23037716615698;2.3853383;-4.0093985
6.83;96;92;222;123;54.332313965341484;2.4061913;-3.976548
6.84;96;92;222;122;54.23037716615698;2.4360902;-3.9586465
6.85;96;92;221;122;54.12844036697248;2.4152544;-3.940678
6.86;96;93;221;121;54.12844036697248;2.4661016;-3.8898306
6.87;96;93;221;121;54.12844036697248;2.4661016;-3.8898306
6.88;96;94;221;120;54.12844036697248;2.5169492;-3.838983
6.89;96;94;221;120;54.12844036697248;2.5169492;-3.838983
6.9;96;94;220;120;54.02650356778797;2.4962263;-3.8207548
6.91;96;95;220;119;54.02650356778797;2.54717;-3.7698114
6.92;96;95;220;119;54.02650356778797;2.54717;-3.7698114
6.93;96;95;220;118;53.92456676860346;2.5775046;-3.7514179
6.94;96;96;220;118;54.02650356778797;2.5981133;-3.718868
6.95;96;96;220;118;54.02650356778797;2.5981133;-3.718868
6.96;96;97;220;117;54.02650356778797;2.6490567;-3.6679246
6.97;97;97;219;117;54.02650356778797;2.5981133;-3.616981
6.98;97;97;219;117;54.02650356778797;2.5981133;-3.616981
6.99;97;98;219;117;54.12844036697248;2.618644;-3.5847456
7.0;97;98;219;117;54.12844036697248;2.618644;-3.5847456
7.01;97;98;219;116;54.02650356778797;2.6490567;-3.5660377
7.02;97;99;219;116;54.12844036697248;2.6694915;-3.5338984
7.03;97;99;219;116;54.12844036697248;2.6694915;-3.5338984
7.04;97;99;219;115;54.02650356778797;2.7;-3.5150943
7.05;97;99;219;115;54.02650356778797;2.7;-3.5150943
7.06;97;100;219;115;54.12844036697248;2.720339;-3.4830508
7.07;97;100;219;115;54.12844036697248;2.720339;-3.4830508
7.08;97;100;219;115;54.12844036697248;2.720339;-3.4830508
7.09;97;100;219;115;54.12844036697248;2.720339;-3.4830508
7.1;97;100;219;114;54.02650356778797;2.7509434;-3.464151
7.11;97;100;219;114;54.02650356778797;2.7509434;-3.464151
7.12;97;100;219;114;54.02650356778797;2.7509434;-3.464151
7.13;97;100;219;114;54.02650356778797;2.7509434;-3.464151
7.14;97;100;219;114;54.02650356778797;2.7509434;-3.464151
7.15;97;100;219;115;54.12844036697248;2.720339;-3.4830508
7.16;97;100;219;115;54.12844036697248;2.720339;-3.4830508
7.17;97;100;218;115;54.02650356778797;2.7;-3.464151
7.18;97;100;218;115;54.02650356778797;2.7;-3.464151
7.19;97;100;218;115;54.02650356778797;2.7;-3.464151
7.2;97;100;218;115;54.02650356778797;2.7;-3.464151
7.21;98;100;218;115;54.12844036697248;2.6694915;-3.4322033
7.22;98;100;218;115;54.12844036697248;2.6694915;-3.4322033
7.23;98;100;218;115;54.12844036697248;2.6694915;-3.4322033
7.24;98;100;218;115;54.12844036697248;2.6694915;-3.4322033
7.25;98;100;218;115;54.12844036697248;2.6694915;-3.4322033
7.26;98;100;218;115;54.12844036697248;2.6694915;-3.4322033
7.27;98;100;218;115;54.12844036697248;2.6694915;-3.4322033
7.28;98;101;218;115;54.23037716615698;2.6898496;-3.4003758
7.29;98;101;218;115;54.23037716615698;2.6898496;-3.4003758
7.3;98;101;218;115;54.23037716615698;2.6898496;-3.4003758
7.31;98;101;217;115;54.12844036697248;2.6694915;-3.381356
7.32;98;101;217;115;54.12844036697248;2.6694915;-3.381356
7.33;98;101;217;115;54.12844036697248;2.6694915;-3.381356
7.34;98;101;217;115;54.12844036697248;2.6694915;-3.381356
7.35;98;101;217;115;54.12844036697248;2.6694915;-3.381356
7.36;98;101;217;114;54.02650356778797;2.7;-3.3622642
7.37;98;101;217;114;54.02650356778797;2.7;-3.3622642
7.38;98;101;217;114;54.02650356778797;2.7;-3.3622642
7.39;98;101;216;114;53.92456676860346;2.679584;-3.3431
7.4;98;101;216;114;53.92456676860346;2.679584;-3.3431
7.41;99;101;216;115;54.12844036697248;2.618644;-3.3305085
7.42;99;101;216;115;54.12844036697248;2.618644;-3.3305085
7.43;99;101;216;115;54.12844036697248;2.618644;-3.3305085
7.44;99;101;216;115;54.12844036697248;2.618644;-3.3305085
7.45;99;101;216;115;54.12844036697248;2.618644;-3.3305085
7.46;99;101;216;115;54.12844036697248;2.618644;-3.3305085
7.47;99;101;216;116;54.23037716615698;2.5883458;-3.3496242
7.48;99;101;216;116;54.23037716615698;2.5883458;-3.3496242
7.49;99;101;216;116;54.23037716615698;2.5883458;-3.3496242
7.5;99;101;216;115;54.12844036697248;2.618644;-3.3305085
7.51;99;101;215;115;54.02650356778797;2.5981133;-3.3113208
7.52;99;101;215;115;54.02650356778797;2.5981133;-3.3113208
7.53;99;101;215;115;54.02650356778797;2.5981133;-3.3113208
7.54;99;101;215;115;54.02650356778797;2.5981133;-3.3113208
7.55;99;101;215;115;54.02650356778797;2.5981133;-3.3113208
7.56;99;101;215;115;54.02650356778797;2.5981133;-3.3113208
7.57;99;101;215;115;54.02650356778797;2.5981133;-3.3113208
7.58;99;101;215;116;54.12844036697248;2.5677967;-3.3305085
7.59;99;101;215;115;54.02650356778797;2.5981133;-3.3113208
7.6;99;101;215;116;54.12844036697248;2.5677967;-3.3305085
7.61;99;101;216;116;54.23037716615698;2.5883458;-3.3496242
7.62;99;101;216;116;54.23037716615698;2.5883458;-3.3496242
7.63;99;101;216;116;54.23037716615698;2.5883458;-3.3496242
7.64;99;101;216;116;54.23037716615698;2.5883458;-3.3496242
7.65;99;101;216;116;54.23037716615698;2.5883458;-3.3496242
7.66;99;101;216;116;54.23037716615698;2.5883458;-3.3496242
7.67;99;101;216;116;54.23037716615698;2.5883458;-3.3496242
7.68;99;101;216;116;54.23037716615698;2.5883458;-3.3496242
7.69;98;101;216;116;54.12844036697248;2.618644;-3.381356
7.7;98;101;215;116;54.02650356778797;2.5981133;-3.3622642
7.71;98;101;215;116;54.02650356778797;2.5981133;-3.3622642
10.28;112;89;195;136;54.23037716615698;0.9135338;-3.2988722
10.29;112;88;195;136;54.12844036697248;0.8898305;-3.3305085
10.3;112;88;195;136;54.12844036697248;0.8898305;-3.3305085
10.31;112;88;195;136;54.12844036697248;0.8898305;-3.3305085
10.32;112;88;195;136;54.12844036697248;0.8898305;-3.3305085
10.33;112;88;195;136;54.12844036697248;0.8898305;-3.3305085
10.34;112;88;194;137;54.12844036697248;0.83898306;-3.3305085
10.35;112;88;194;137;54.12844036697248;0.83898306;-3.3305085
10.36;112;88;194;137;54.12844036697248;0.83898306;-3.3305085
10.37;112;88;194;137;54.12844036697248;0.83898306;-3.3305085
10.38;112;88;194;137;54.12844036697248;0.83898306;-3.3305085
10.39;112;88;194;137;54.12844036697248;0.83898306;-3.3305085
10.4;112;88;195;137;54.23037716615698;0.86278194;-3.3496242
10.41;112;88;195;137;54.23037716615698;0.86278194;-3.3496242
10.42;112;88;195;138;54.332313965341484;0.8358349;-3.3686678
10.43;112;88;195;138;54.332313965341484;0.8358349;-3.3686678
10.44;112;87;195;138;54.23037716615698;0.8120301;-3.4003758
10.45;112;87;195;138;54.23037716615698;0.8120301;-3.4003758
10.46;112;87;195;138;54.23037716615698;0.8120301;-3.4003758
10.47;112;87;195;138;54.23037716615698;0.8120301;-3.4003758
10.48;112;87;195;138;54.23037716615698;0.8120301;-3.4003758
10.49;112;87;195;138;54.23037716615698;0.8120301;-3.4003758
10.5;111;87;195;138;54.12844036697248;0.83898306;-3.4322033
10.51;111;87;195;138;54.12844036697248;0.83898306;-3.4322033
10.52;111;87;195;139;54.23037716615698;0.8120301;-3.4511278
10.53;111;87;195;139;54.23037716615698;0.8120301;-3.4511278
10.54;111;87;195;139;54.23037716615698;0.8120301;-3.4511278
10.55;111;86;195;139;54.12844036697248;0.7881356;-3.4830508
10.56;111;86;195;139;54.12844036697248;0.7881356;-3.4830508
10.57;111;86;195;139;54.12844036697248;0.7881356;-3.4830508
10.58;111;86;195;139;54.12844036697248;0.7881356;-3.4830508
10.59;111;86;195;139;54.12844036697248;0.7881356;-3.4830508
10.6;111;86;195;139;54.12844036697248;0.7881356;-3.4830508
10.61;111;86;195;139;54.12844036697248;0.7881356;-3.4830508
10.62;111;86;195;139;54.12844036697248;0.7881356;-3.4830508
10.63;111;86;195;139;54.12844036697248;0.7881356;-3.4830508
10.64;111;86;195;139;54.12844036697248;0.7881356;-3.4830508
10.65;111;86;195;140;54.23037716615698;0.7612782;-3.5018797
10.66;111;86;195;140;54.23037716615698;0.7612782;-3.5018797
10.67;111;85;195;140;54.12844036697248;0.7372881;-3.5338984
10.68;111;85;195;140;54.12844036697248;0.7372881;-3.5338984
10.69;111;85;195;140;54.12844036697248;0.7372881;-3.5338984
10.7;111;85;195;140;54.12844036697248;0.7372881;-3.5338984
10.71;111;85;195;141;54.23037716615698;0.7105263;-3.5526316
10.72;112;85;195;141;54.332313965341484;0.6838649;-3.520638
10.73;112;85;194;141;54.23037716615698;0.6597744;-3.5018797
10.74;112;85;194;141;54.23037716615698;0.6597744;-3.5018797
10.75;112;85;194;141;54.23037716615698;0.6597744;-3.5018797
10.76;112;85;194;141;54.23037716615698;0.6597744;-3.5018797
10.77;112;85;194;141;54.23037716615698;0.6597744;-3.5018797
10.78;112;85;194;142;54.332313965341484;0.6332083;-3.520638
10.79;112;84;194;142;54.23037716615698;0.60902256;-3.5526316
10.8;112;84;194;142;54.23037716615698;0.60902256;-3.5526316
10.81;111;84;194;142;54.12844036697248;0.63559324;-3.5847456
10.82;111;84;194;142;54.12844036697248;0.63559324;-3.5847456
10.83;111;84;194;142;54.12844036697248;0.63559324;-3.5847456
10.84;111;83;194;142;54.02650356778797;0.61132073;-3.616981
10.85;111;83;194;143;54.12844036697248;0.58474576;-3.6355932
10.86;111;83;194;143;54.12844036697248;0.58474576;-3.6355932
10.87;111;83;194;143;54.12844036697248;0.58474576;-3.6355932
10.88;111;83;194;143;54.12844036697248;0.58474576;-3.6355932
10.89;111;83;194;143;54.12844036697248;0.58474576;-3.6355932
10.9;111;83;194;144;54.23037716615698;0.5582707;-3.6541352
10.91;111;83;194;144;54.23037716615698;0.5582707;-3.6541352
10.92;111;83;194;144;54.23037716615698;0.5582707;-3.6541352
10.93;111;83;194;144;54.23037716615698;0.5582707;-3.6541352
10.94;111;83;194;144;54.23037716615698;0.5582707;-3.6541352
10.95;111;83;194;144;54.23037716615698;0.5582707;-3.6541352
10.96;111;83;194;144;54.23037716615698;0.5582707;-3.6541352
10.97;111;83;194;144;54.23037716615698;0.5582707;-3.6541352
10.98;111;83;194;144;54.23037716615698;0.5582707;-3.6541352
10.99;112;83;194;144;54.332313965341484;0.5318949;-3.621951
11.0;112;83;194;143;54.23037716615698;0.5582707;-3.6033835
11.01;112;83;194;143;54.23037716615698;0.5582707;-3.6033835
11.02;112;83;194;143;54.23037716615698;0.5582707;-3.6033835
11.03;112;83;193;143;54.12844036697248;0.5338983;-3.5847456
11.04;112;83;193;143;54.12844036697248;0.5338983;-3.5847456
11.05;112;83;193;143;54.12844036697248;0.5338983;-3.5847456
11.06;112;83;193;143;54.12844036697248;0.5338983;-3.5847456
11.07;112;83;193;143;54.12844036697248;0.5338983;-3.5847456
11.08;112;83;193;143;54.12844036697248;0.5338983;-3.5847456
11.09;112;84;193;143;54.23037716615698;0.5582707;-3.5526316
11.1;112;84;193;143;54.23037716615698;0.5582707;-3.5526316
11.11;112;84;194;143;54.332313965341484;0.5825516;-3.5712945
11.12;112;84;194;143;54.332313965341484;0.5825516;-3.5712945
11.13;112;84;194;143;54.332313965341484;0.5825516;-3.5712945
11.14;112;84;194;143;54.332313965341484;0.5825516;-3.5712945
11.15;112;84;194;143;54.332313965341484;0.5825516;-3.5712945
11.16;112;84;194;143;54.332313965341484;0.5825516;-3.5712945
11.17;112;84;194;143;54.332313965341484;0.5825516;-3.5712945
11.18;111;84;194;143;54.23037716615698;0.60902256;-3.6033835
11.19;111;84;194;143;54.23037716615698;0.60902256;-3.6033835
11.2;111;84;194;143;54.23037716615698;0.60902256;-3.6033835
11.21;111;84;194;142;54.12844036697248;0.63559324;-3.5847456
11.22;111;84;194;142;54.12844036697248;0.63559324;-3.5847456
11.23;111;84;194;142;54.12844036697248;0.63559324;-3.5847456
11.24;111;84;194;142;54.12844036697248;0.63559324;-3.5847456
11.25;111;84;194;142;54.12844036697248;0.63559324;-3.5847456
11.26;111;84;194;142;54.12844036697248;0.63559324;-3.5847456
11.27;111;84;194;142;54.12844036697248;0.63559324;-3.5847456
11.28;111;84;194;142;54.12844036697248;0.63559324;-3.5847456
11.29;111;84;194;142;54.12844036697248;0.63559324;-3.5847456
11.3;111;84;195;142;54.23037716615698;0.6597744;-3.6033835
11.31;111;84;195;142;54.23037716615698;0.6597744;-3.6033835
11.32;111;84;195;142;54.23037716615698;0.6597744;-3.6033835
11.33;111;84;195;142;54.23037716615698;0.6597744;-3.6033835
11.34;111;84;195;142;54.23037716615698;0.6597744;-3.6033835
11.35;111;84;195;142;54.23037716615698;0.6597744;-3.6033835
11.36;111;84;195;142;54.23037716615698;0.6597744;-3.6033835
11.37;111;84;195;142;54.23037716615698;0.6597744;-3.6033835
11.38;110;84;195;142;54.12844036697248;0.6864407;-3.6355932
11.39;110;84;195;142;54.12844036697248;0.6864407;-3.6355932
11.4;110;84;196;142;54.23037716615698;0.7105263;-3.6541352
11.41;110;84;196;142;54.23037716615698;0.7105263;-3.6541352
11.42;110;84;196;142;54.23037716615698;0.7105263;-3.6541352
11.43;110;84;196;142;54.23037716615698;0.7105263;-3.6541352
11.44;110;84;196;142;54.23037716615698;0.7105263;-3.6541352
11.45;110;83;196;142;54.12844036697248;0.6864407;-3.6864407
11.46;109;83;196;142;54.02650356778797;0.71320754;-3.718868
11.47;109;83;196;142;54.02650356778797;0.71320754;-3.718868
11.48;109;83;196;142;54.02650356778797;0.71320754;-3.718868
11.49;109;83;196;142;54.02650356778797;0.71320754;-3.718868
11.5;109;83;196;143;54.12844036697248;0.6864407;-3.7372882
11.51;109;83;196;143;54.12844036697248;0.6864407;-3.7372882
11.52;109;83;197;143;54.23037716615698;0.7105263;-3.755639
11.53;109;83;197;143;54.23037716615698;0.7105263;-3.755639
11.54;108;83;197;143;54.12844036697248;0.7372881;-3.7881355
11.55;108;83;197;143;54.12844036697248;0.7372881;-3.7881355
11.56;108;83;198;143;54.23037716615698;0.7612782;-3.806391
11.57;108;83;198;143;54.23037716615698;0.7612782;-3.806391
11.58;108;83;198;143;54.23037716615698;0.7612782;-3.806391
11.59;108;83;198;143;54.23037716615698;0.7612782;-3.806391
11.6;107;83;198;143;54.12844036697248;0.7881356;-3.838983
11.61;107;83;198;143;54.12844036697248;0.7881356;-3.838983
11.62;107;83;198;143;54.12844036697248;0.7881356;-3.838983
11.63;107;83;198;143;54.12844036697248;0.7881356;-3.838983
11.64;107;83;198;143;54.12844036697248;0.7881356;-3.838983
11.65;107;83;198;143;54.12844036697248;0.7881356;-3.838983
11.66;107;83;198;143;54.12844036697248;0.7881356;-3.838983
11.67;107;83;198;143;54.12844036697248;0.7881356;-3.838983
11.68;106;83;198;143;54.02650356778797;0.81509435;-3.8716981
11.69;106;83;199;143;54.12844036697248;0.83898306;-3.8898306
11.7;106;83;199;143;54.12844036697248;0.83898306;-3.8898306
11.71;106;83;199;143;54.12844036697248;0.83898306;-3.8898306
11.72;106;83;199;143;54.12844036697248;0.83898306;-3.8898306
11.73;106;83;199;143;54.12844036697248;0.83898306;-3.8898306
11.74;106;83;200;143;54.23037716615698;0.86278194;-3.9078948
11.75;106;83;200;143;54.23037716615698;0.86278194;-3.9078948
11.76;106;83;200;143;54.23037716615698;0.86278194;-3.9078948
11.77;105;83;200;143;54.12844036697248;0.8898305;-3.940678
11.78;105;83;200;143;54.12844036697248;0.8898305;-3.940678
11.79;105;83;200;143;54.12844036697248;0.8898305;-3.940678
11.8;105;83;200;143;54.12844036697248;0.8898305;-3.940678
11.81;105;83;201;143;54.23037716615698;0.9135338;-3.9586465
11.82;105;83;201;143;54.23037716615698;0.9135338;-3.9586465
11.83;105;83;201;143;54.23037716615698;0.9135338;-3.9586465
11.84;105;83;201;143;54.23037716615698;0.9135338;-3.9586465
11.85;105;83;201;143;54.23037716615698;0.9135338;-3.9586465
11.86;104;83;201;143;54.12844036697248;0.94067794;-3.9915254
11.87;104;83;201;143;54.12844036697248;0.94067794;-3.9915254
11.88;104;83;201;143;54.12844036697248;0.94067794;-3.9915254
11.89;104;83;201;142;54.02650356778797;0.96792454;-3.973585
11.9;104;83;201;142;54.02650356778797;0.96792454;-3.973585
11.91;104;83;201;142;54.02650356778797;0.96792454;-3.973585
11.92;103;83;202;142;54.02650356778797;1.018868;-4.0245285
11.93;103;83;202;142;54.02650356778797;1.018868;-4.0245285
11.94;103;83;202;142;54.02650356778797;1.018868;-4.0245285
11.95;103;83;202;142;54.02650356778797;1.018868;-4.0245285
11.96;103;83;202;142;54.02650356778797;1.018868;-4.0245285
11.97;103;83;203;142;54.12844036697248;1.0423728;-4.0423727
11.98;103;83;203;142;54.12844036697248;1.0423728;-4.0423727
11.99;103;84;203;142;54.23037716615698;1.0657895;-4.0093985
12.0;103;84;203;142;54.23037716615698;1.0657895;-4.0093985
12.01;103;84;204;142;54.332313965341484;1.0891182;-4.0272045
12.02;103;84;204;142;54.332313965341484;1.0891182;-4.0272045
12.03;103;84;204;142;54.332313965341484;1.0891182;-4.0272045
12.04;103;84;204;141;54.23037716615698;1.1165414;-4.0093985
12.05;103;84;204;141;54.23037716615698;1.1165414;-4.0093985
12.06;103;84;204;141;54.23037716615698;1.1165414;-4.0093985
12.07;103;84;204;141;54.23037716615698;1.1165414;-4.0093985
12.08;103;84;204;141;54.23037716615698;1.1165414;-4.0093985
12.09;103;84;204;142;54.332313965341484;1.0891182;-4.0272045
12.1;102;83;204;142;54.12844036697248;1.0932204;-4.09322
12.11;102;83;204;142;54.12844036697248;1.0932204;-4.09322
12.12;102;83;204;142;54.12844036697248;1.0932204;-4.09322
12.13;102;83;205;142;54.23037716615698;1.1165414;-4.1109023
12.14;102;83;205;142;54.23037716615698;1.1165414;-4.1109023
12.15;102;83;205;142;54.23037716615698;1.1165414;-4.1109023
12.16;102;83;205;142;54.23037716615698;1.1165414;-4.1109023
12.17;102;83;205;142;54.23037716615698;1.1165414;-4.1109023
12.18;101;83;205;142;54.12844036697248;1.1440678;-4.144068
12.19;101;83;205;142;54.12844036697248;1.1440678;-4.144068
12.2;101;82;205;142;54.02650356778797;1.1207547;-4.1773586
12.21;101;82;205;142;54.02650356778797;1.1207547;-4.1773586
12.22;101;82;206;142;54.12844036697248;1.1440678;-4.1949153
12.23;101;82;206;142;54.12844036697248;1.1440678;-4.1949153
12.24;101;82;206;142;54.12844036697248;1.1440678;-4.1949153
12.25;101;82;206;142;54.12844036697248;1.1440678;-4.1949153
12.26;101;82;206;142;54.12844036697248;1.1440678;-4.1949153
12.27;101;82;206;142;54.12844036697248;1.1440678;-4.1949153
12.28;101;82;206;142;54.12844036697248;1.1440678;-4.1949153
12.29;101;82;206;142;54.12844036697248;1.1440678;-4.1949153
12.3;101;82;206;142;54.12844036697248;1.1440678;-4.1949153
12.31;100;82;206;142;54.02650356778797;1.1716981;-4.228302
12.32;100;82;206;142;54.02650356778797;1.1716981;-4.228302
12.33;100;82;206;142;54.02650356778797;1.1716981;-4.228302
12.34;100;82;206;142;54.02650356778797;1.1716981;-4.228302
12.35;100;82;207;142;54.12844036697248;1.1949153;-4.245763
12.36;100;82;207;142;54.12844036697248;1.1949153;-4.245763
12.37;100;82;207;142;54.12844036697248;1.1949153;-4.245763
12.38;100;82;207;142;54.12844036697248;1.1949153;-4.245763
12.39;101;82;207;142;54.23037716615698;1.1672932;-4.212406
12.4;101;82;207;142;54.23037716615698;1.1672932;-4.212406
12.41;101;82;207;142;54.23037716615698;1.1672932;-4.212406
12.42;101;82;208;142;54.332313965341484;1.1904315;-4.229831
12.43;101;83;208;142;54.43425076452599;1.2134831;-4.196629
12.44;101;83;208;142;54.43425076452599;1.2134831;-4.196629
12.45;101;83;208;142;54.43425076452599;1.2134831;-4.196629
12.46;101;83;208;142;54.43425076452599;1.2134831;-4.196629
12.47;101;83;207;142;54.332313965341484;1.1904315;-4.1791744
12.48;101;83;207;142;54.332313965341484;1.1904315;-4.1791744
12.49;101;83;207;142;54.332313965341484;1.1904315;-4.1791744
12.5;101;83;206;141;54.12844036697248;1.1949153;-4.144068
12.51;101;83;206;141;54.12844036697248;1.1949153;-4.144068
12.52;101;83;206;141;54.12844036697248;1.1949153;-4.144068
12.53;101;83;206;141;54.12844036697248;1.1949153;-4.144068
12.54;101;83;206;141;54.12844036697248;1.1949153;-4.144068
12.55;101;83;205;141;54.02650356778797;1.1716981;-4.1264153
12.56;101;83;205;141;54.02650356778797;1.1716981;-4.1264153
12.57;101;83;205;141;54.02650356778797;1.1716981;-4.1264153
12.58;102;83;205;141;54.12844036697248;1.1440678;-4.09322
12.59;102;83;205;142;54.23037716615698;1.1165414;-4.1109023
12.6;102;83;205;142;54.23037716615698;1.1165414;-4.1109023
12.61;102;83;205;142;54.23037716615698;1.1165414;-4.1109023
12.62;102;83;205;142;54.23037716615698;1.1165414;-4.1109023
12.63;103;83;205;142;54.332313965341484;1.0891182;-4.0778613
12.64;103;83;205;142;54.332313965341484;1.0891182;-4.0778613
12.65;103;83;204;142;54.23037716615698;1.0657895;-4.06015
12.66;103;83;204;142;54.23037716615698;1.0657895;-4.06015
12.67;103;83;204;142;54.23037716615698;1.0657895;-4.06015
12.68;103;83;204;142;54.23037716615698;1.0657895;-4.06015
12.69;103;83;204;142;54.23037716615698;1.0657895;-4.06015
12.7;103;83;204;142;54.23037716615698;1.0657895;-4.06015
12.71;103;83;204;142;54.23037716615698;1.0657895;-4.06015
12.72;103;83;204;142;54.23037716615698;1.0657895;-4.06015
12.73;103;83;203;142;54.12844036697248;1.0423728;-4.0423727
12.74;103;83;203;142;54.12844036697248;1.0423728;-4.0423727
12.75;103;83;203;142;54.12844036697248;1.0423728;-4.0423727
12.76;103;83;203;142;54.12844036697248;1.0423728;-4.0423727
12.77;103;83;203;142;54.12844036697248;1.0423728;-4.0423727
12.78;103;83;203;142;54.12844036697248;1.0423728;-4.0423727
12.79;103;83;203;142;54.12844036697248;1.0423728;-4.0423727
12.8;104;83;203;142;54.23037716615698;1.0150375;-4.0093985
12.81;104;83;203;142;54.23037716615698;1.0150375;-4.0093985
12.82;104;83;203;143;54.332313965341484;0.9878049;-4.0272045
12.83;104;83;203;143;54.332313965341484;0.9878049;-4.0272045
12.84;104;83;203;143;54.332313965341484;0.9878049;-4.0272045
12.85;104;83;203;143;54.332313965341484;0.9878049;-4.0272045
12.86;104;83;202;143;54.23037716615698;0.96428573;-4.0093985
12.87;104;83;202;143;54.23037716615698;0.96428573;-4.0093985
12.88;105;83;202;142;54.23037716615698;0.96428573;-3.9586465
12.89;105;83;202;142;54.23037716615698;0.96428573;-3.9586465
12.9;105;83;201;142;54.12844036697248;0.94067794;-3.940678
12.91;105;83;201;142;54.12844036697248;0.94067794;-3.940678
12.92;105;83;201;142;54.12844036697248;0.94067794;-3.940678
12.93;106;83;201;142;54.23037716615698;0.9135338;-3.9078948
12.94;106;83;200;142;54.12844036697248;0.8898305;-3.8898306
12.95;106;83;200;142;54.12844036697248;0.8898305;-3.8898306
12.96;106;83;200;142;54.12844036697248;0.8898305;-3.8898306
12.97;106;83;200;142;54.12844036697248;0.8898305;-3.8898306
12.98;106;83;200;142;54.12844036697248;0.8898305;-3.8898306
12.99;106;83;199;142;54.02650356778797;0.8660377;-3.8716981
13.0;107;83;199;142;54.12844036697248;0.83898306;-3.838983
13.01;107;83;199;142;54.12844036697248;0.83898306;-3.838983
13.02;107;83;199;142;54.12844036697248;0.83898306;-3.838983
13.03;107;83;199;142;54.12844036697248;0.83898306;-3.838983
13.04;107;83;199;142;54.12844036697248;0.83898306;-3.838983
13.05;108;84;199;142;54.332313965341484;0.8358349;-3.7739213
13.06;108;84;199;142;54.332313965341484;0.8358349;-3.7739213
13.07;109;84;199;143;54.5361875637105;0.782243;-3.759813
13.08;109;84;198;143;54.43425076452599;0.75842696;-3.741573
13.09;109;84;198;143;54.43425076452599;0.75842696;-3.741573
13.1;110;84;197;143;54.43425076452599;0.7078652;-3.6910112
13.11;110;84;197;143;54.43425076452599;0.7078652;-3.6910112
13.12;110;83;196;143;54.23037716615698;0.6597744;-3.7048872
13.13;110;83;196;143;54.23037716615698;0.6597744;-3.7048872
13.14;111;83;195;143;54.23037716615698;0.60902256;-3.6541352
13.15;111;83;195;143;54.23037716615698;0.60902256;-3.6541352
15.72;49;90;273;118;54.02650356778797;4.9924526;-6.418868
15.73;48;87;269;129;54.332313965341484;4.533771;-6.6613507
15.74;47;84;266;138;54.5361875637105;4.1635513;-6.888785
15.75;47;81;261;144;54.332313965341484;3.8245778;-7.0159473
15.76;46;77;255;150;53.822629969418955;3.4772727;-7.2102275
15.77;45;74;249;155;53.31294597349643;3.1749523;-7.3565965
15.78;44;71;242;159;52.59938837920489;2.877907;-7.4825583
15.79;43;68;237;163;52.08970438328236;2.61546;-7.6350293
15.8;42;65;232;165;51.37614678899082;2.4107144;-7.767857
15.81;42;63;227;166;50.76452599388379;2.2228916;-7.807229
15.82;41;61;224;167;50.254841997961265;2.1085193;-7.913793
15.83;41;60;222;167;49.94903160040774;2.0387754;-7.934694
15.84;41;59;222;163;49.439347604485214;2.1432989;-7.9329896
15.85;41;60;222;155;48.72579001019368;2.4288702;-7.794979
15.86;41;59;220;146;47.50254841997961;2.665236;-7.7060084
15.87;40;57;214;138;45.769622833843016;2.7962139;-7.667038
15.88;39;55;206;129;43.730886850152906;2.9265735;-7.583916
15.89;38;52;195;120;41.28440366972477;2.9666667;-7.5
15.9;36;47;181;111;38.2262996941896;2.916;-7.524
15.91;34;41;166;102;34.96432212028542;2.7944605;-7.59621
15.92;31;35;148;93;31.29459734964322;2.5944626;-7.69544
15.93;28;28;131;85;27.726809378185525;2.2830882;-7.9411764
15.94;25;22;113;77;24.159021406727827;1.8797468;-8.14557
15.95;23;15;97;72;21.10091743119266;1.1086956;-8.543478
15.96;20;9;81;67;18.04281345565749;0.22881356;-9.076271
15.97;17;3;66;63;15.188583078491334;-0.9966443;-9.875839
15.98;12;0;50;61;12.53822629969419;-2.5243902;-10.865853
15.99;5;0;33;61;10.091743119266054;-4.5;-12.136364
16.0;0;0;20;62;8.358817533129459;-6.914634;-13.5
16.01;0;0;11;61;7.339449541284403;-9.375;-13.5
16.02;0;0;7;60;6.829765545361875;-10.679105;-13.5
16.03;0;0;5;58;6.422018348623853;-11.357142;-13.5
16.04;0;0;4;57;6.218144750254842;-11.729508;-13.5
16.05;0;0;2;55;5.810397553516819;-12.552631;-13.5
16.06;0;0;0;53;5.402650356778797;-13.5;-13.5
16.07;0;0;0;50;5.09683995922528;-13.5;-13.5
16.08;0;0;0;49;4.994903160040774;-13.5;-13.5
16.09;0;0;0;47;4.791029561671763;-13.5;-13.5
16.1;0;0;0;45;4.587155963302752;-13.5;-13.5
16.11;0;0;0;43;4.3832823649337405;-13.5;-13.5
16.12;0;0;0;41;4.1794087665647295;-13.5;-13.5
16.13;0;0;0;39;3.9755351681957185;-13.5;-13.5
16.14;0;0;0;38;3.873598369011213;-13.5;-13.5
16.15;0;0;0;37;3.771661569826707;-13.5;-13.5
16.16;0;0;0;36;3.6697247706422016;-13.5;-13.5
16.17;0;0;0;35;3.567787971457696;-13.5;-13.5
16.18;0;0;0;35;3.567787971457696;-13.5;-13.5
16.19;0;0;0;34;3.4658511722731906;-13.5;-13.5
16.2;0;0;0;34;3.4658511722731906;-13.5;-13.5
16.21;0;0;0;33;3.3639143730886847;-13.5;-13.5
16.22;0;0;0;33;3.3639143730886847;-13.5;-13.5
16.23;0;0;0;32;3.261977573904179;-13.5;-13.5
16.24;0;0;0;32;3.261977573904179;-13.5;-13.5
16.25;0;0;0;31;3.1600407747196737;-13.5;-13.5
16.26;0;0;0;31;3.1600407747196737;-13.5;-13.5
16.27;0;0;0;30;3.058103975535168;-13.5;-13.5
16.28;0;0;0;30;3.058103975535168;-13.5;-13.5
16.29;0;0;0;30;3.058103975535168;-13.5;-13.5
16.3;0;0;0;30;3.058103975535168;-13.5;-13.5
16.31;0;0;0;31;3.1600407747196737;-13.5;-13.5
16.32;0;0;0;31;3.1600407747196737;-13.5;-13.5
16.33;0;0;0;32;3.261977573904179;-13.5;-13.5
16.34;0;0;0;33;3.3639143730886847;-13.5;-13.5
16.35;0;0;0;33;3.3639143730886847;-13.5;-13.5
16.36;0;0;0;33;3.3639143730886847;-13.5;-13.5
16.37;0;0;0;33;3.3639143730886847;-13.5;-13.5
16.38;0;0;0;33;3.3639143730886847;-13.5;-13.5
16.39;0;0;0;33;3.3639143730886847;-13.5;-13.5
16.4;0;0;0;33;3.3639143730886847;-13.5;-13.5
16.41;0;0;0;33;3.3639143730886847;-13.5;-13.5
16.42;0;0;0;34;3.4658511722731906;-13.5;-13.5
16.43;0;0;0;35;3.567787971457696;-13.5;-13.5
16.44;0;0;0;36;3.6697247706422016;-13.5;-13.5
16.45;0;0;0;37;3.771661569826707;-13.5;-13.5
16.46;0;0;0;38;3.873598369011213;-13.5;-13.5
16.47;0;0;0;39;3.9755351681957185;-13.5;-13.5
16.48;0;0;0;39;3.9755351681957185;-13.5;-13.5
16.49;0;0;0;40;4.077471967380224;-13.5;-13.5
16.5;0;0;0;41;4.1794087665647295;-13.5;-13.5
16.51;0;0;0;41;4.1794087665647295;-13.5;-13.5
16.52;0;0;0;42;4.281345565749235;-13.5;-13.5
16.53;0;0;0;42;4.281345565749235;-13.5;-13.5
16.54;0;0;0;43;4.3832823649337405;-13.5;-13.5
16.55;0;0;0;43;4.3832823649337405;-13.5;-13.5
16.56;0;0;0;44;4.485219164118247;-13.5;-13.5
16.57;0;0;0;44;4.485219164118247;-13.5;-13.5
16.58;0;0;0;45;4.587155963302752;-13.5;-13.5
16.59;0;0;0;45;4.587155963302752;-13.5;-13.5
16.6;0;0;0;45;4.587155963302752;-13.5;-13.5
16.61;0;0;0;45;4.587155963302752;-13.5;-13.5
16.62;0;0;0;45;4.587155963302752;-13.5;-13.5
16.63;0;0;0;45;4.587155963302752;-13.5;-13.5
16.64;0;0;0;45;4.587155963302752;-13.5;-13.5
16.65;0;0;0;45;4.587155963302752;-13.5;-13.5
16.66;0;0;0;45;4.587155963302752;-13.5;-13.5
16.67;0;0;0;45;4.587155963302752;-13.5;-13.5
16.68;0;0;0;44;4.485219164118247;-13.5;-13.5
16.69;0;0;0;44;4.485219164118247;-13.5;-13.5
16.7;0;0;0;44;4.485219164118247;-13.5;-13.5
16.71;0;0;0;44;4.485219164118247;-13.5;-13.5
16.72;0;0;0;44;4.485219164118247;-13.5;-13.5
16.73;0;0;0;43;4.3832823649337405;-13.5;-13.5
16.74;0;0;0;43;4.3832823649337405;-13.5;-13.5
16.75;0;0;0;43;4.3832823649337405;-13.5;-13.5
16.76;0;0;0;43;4.3832823649337405;-13.5;-13.5
16.77;0;0;0;42;4.281345565749235;-13.5;-13.5
16.78;0;0;0;42;4.281345565749235;-13.5;-13.5
16.79;0;0;0;42;4.281345565749235;-13.5;-13.5
16.8;0;0;0;42;4.281345565749235;-13.5;-13.5
16.81;0;0;0;42;4.281345565749235;-13.5;-13.5
16.82;0;0;0;42;4.281345565749235;-13.5;-13.5
16.83;0;0;0;42;4.281345565749235;-13.5;-13.5
16.84;0;0;0;41;4.1794087665647295;-13.5;-13.5
16.85;0;0;0;41;4.1794087665647295;-13.5;-13.5
16.86;0;0;0;40;4.077471967380224;-13.5;-13.5
16.87;0;0;0;39;3.9755351681957185;-13.5;-13.5
16.88;0;0;0;38;3.873598369011213;-13.5;-13.5
16.89;0;0;0;37;3.771661569826707;-13.5;-13.5
16.9;0;0;0;35;3.567787971457696;-13.5;-13.5
16.91;0;0;0;34;3.4658511722731906;-13.5;-13.5
16.92;0;0;0;32;3.261977573904179;-13.5;-13.5
16.93;0;0;0;31;3.1600407747196737;-13.5;-13.5
16.94;0;0;0;30;3.058103975535168;-13.5;-13.5
16.95;0;0;0;29;2.9561671763506623;-13.5;-13.5
16.96;0;0;0;28;2.854230377166157;-13.5;-13.5
16.97;0;0;0;26;2.650356778797146;-13.5;-13.5
16.98;0;0;0;25;2.54841997961264;-13.5;-13.5
16.99;0;0;0;23;2.344546381243629;-13.5;-13.5
17.0;0;0;0;22;2.2426095820591234;-13.5;-13.5
17.01;0;0;0;20;2.038735983690112;-13.5;-13.5
17.02;0;0;0;18;1.8348623853211008;-13.5;-13.5
17.03;0;0;0;17;1.7329255861365953;-13.5;-13.5
17.04;0;0;0;15;1.529051987767584;-13.5;-13.5
17.05;0;0;0;13;1.325178389398573;-13.5;-13.5
17.06;0;0;0;12;1.2232415902140672;-13.5;-13.5
17.07;0;0;0;10;1.019367991845056;-13.5;-13.5
17.08;0;0;0;8;0.8154943934760448;-13.5;-13.5
17.09;0;0;0;6;0.6116207951070336;-13.5;-13.5
17.1;0;0;0;4;0.4077471967380224;-13.5;-13.5
17.11;0;0;0;3;0.3058103975535168;-13.5;-13.5
17.12;0;0;0;2;0.2038735983690112;-13.5;-13.5
17.13;0;0;0;1;0.1019367991845056;-13.5;-13.5
17.14;0;0;0;0;0.0;0.0;0.0
17.15;0;0;0;0;0.0;0.0;0.0
17.16;0;0;0;0;0.0;0.0;0.0
17.17;0;0;0;0;0.0;0.0;0.0
17.18;0;0;0;0;0.0;0.0;0.0
17.19;0;0;0;0;0.0;0.0;0.0
17.2;0;0;0;0;0.0;0.0;0.0
17.21;0;0;0;0;0.0;0.0;0.0
17.22;0;0;0;0;0.0;0.0;0.0
17.23;0;0;0;0;0.0;0.0;0.0
17.24;0;0;0;0;0.0;0.0;0.0
17.25;0;0;0;0;0.0;0.0;0.0
17.26;0;0;0;0;0.0;0.0;0.0
17.27;0;0;0;0;0.0;0.0;0.0
17.28;0;0;0;0;0.0;0.0;0.0
17.29;0;0;0;0;0.0;0.0;0.0
17.3;0;0;0;0;0.0;0.0;0.0
17.31;0;0;0;0;0.0;0.0;0.0
17.32;0;0;0;0;0.0;0.0;0.0
17.33;0;0;0;0;0.0;0.0;0.0
17.34;0;0;0;0;0.0;0.0;0.0
17.35;0;0;0;0;0.0;0.0;0.0
17.36;0;0;0;0;0.0;0.0;0.0
17.37;0;0;0;0;0.0;0.0;0.0
17.38;0;0;0;0;0.0;0.0;0.0
17.39;0;0;0;0;0.0;0.0;0.0
17.4;0;0;0;0;0.0;0.0;0.0
17.41;0;0;0;0;0.0;0.0;0.0
17.42;0;0;0;0;0.0;0.0;0.0
17.43;0;0;0;0;0.0;0.0;0.0
17.44;0;0;0;0;0.0;0.0;0.0
17.45;0;0;0;0;0.0;0.0;0.0
17.46;0;0;0;0;0.0;0.0;0.0
17.47;0;0;0;0;0.0;0.0;0.0
17.48;0;0;0;0;0.0;0.0;0.0
17.49;0;0;0;0;0.0;0.0;0.0
17.5;0;0;0;0;0.0;0.0;0.0
17.51;0;0;0;0;0.0;0.0;0.0
17.52;0;0;0;0;0.0;0.0;0.0
17.53;0;0;0;0;0.0;0.0;0.0
17.54;0;0;0;0;0.0;0.0;0.0
17.55;0;0;0;0;0.0;0.0;0.0
17.56;0;0;0;0;0.0;0.0;0.0
17.57;0;0;0;0;0.0;0.0;0.0
17.58;0;0;0;0;0.0;0.0;0.0
17.59;0;0;0;0;0.0;0.0;0.0
17.6;0;0;0;0;0.0;0.0;0.0
17.61;0;0;0;0;0.0;0.0;0.0
17.62;0;0;0;0;0.0;0.0;0.0
17.63;0;0;0;0;0.0;0.0;0.0
17.64;0;0;0;0;0.0;0.0;0.0
17.65;0;0;0;0;0.0;0.0;0.0
17.66;0;0;0;0;0.0;0.0;0.0
17.67;0;0;0;0;0.0;0.0;0.0
17.68;0;0;0;0;0.0;0.0;0.0
17.69;0;0;0;0;0.0;0.0;0.0
17.7;0;0;0;0;0.0;0.0;0.0
17.71;0;0;0;0;0.0;0.0;0.0
17.72;0;0;0;0;0.0;0.0;0.0
17.73;0;0;0;0;0.0;0.0;0.0
17.74;0;0;0;0;0.0;0.0;0.0
17.75;0;0;0;0;0.0;0.0;0.0
17.76;0;0;0;0;0.0;0.0;0.0
17.77;0;0;0;0;0.0;0.0;0.0
17.78;0;0;0;0;0.0;0.0;0.0
17.79;0;0;0;0;0.0;0.0;0.0
17.8;0;0;0;0;0.0;0.0;0.0
17.81;0;0;0;0;0.0;0.0;0.0
17.82;0;0;0;0;0.0;0.0;0.0
17.83;0;0;0;0;0.0;0.0;0.0
17.84;0;0;0;0;0.0;0.0;0.0
17.85;0;0;0;0;0.0;0.0;0.0
17.86;0;0;0;0;0.0;0.0;0.0
17.87;0;0;0;0;0.0;0.0;0.0
17.88;0;0;0;0;0.0;0.0;0.0
17.89;0;0;0;0;0.0;0.0;0.0
17.9;0;0;0;0;0.0;0.0;0.0
17.91;0;0;0;0;0.0;0.0;0.0
17.92;0;0;0;0;0.0;0.0;0.0
17.93;0;0;0;0;0.0;0.0;0.0
17.94;0;0;0;0;0.0;0.0;0.0
17.95;0;0;0;0;0.0;0.0;0.0
17.96;0;0;0;0;0.0;0.0;0.0
17.97;0;0;0;0;0.0;0.0;0.0
17.98;0;0;0;0;0.0;0.0;0.0
17.99;0;0;0;0;0.0;0.0;0.0
18.0;0;0;0;0;0.0;0.0;0.0
18.01;0;0;0;0;0.0;0.0;0.0
18.02;0;0;0;0;0.0;0.0;0.0
18.03;0;0;0;0;0.0;0.0;0.0
18.04;0;0;0;0;0.0;0.0;0.0
18.05;0;0;0;0;0.0;0.0;0.0
18.06;0;0;0;0;0.0;0.0;0.0
18.07;0;0;0;0;0.0;0.0;0.0
18.08;0;0;0;0;0.0;0.0;0.0
18.09;0;0;0;0;0.0;0.0;0.0
18.1;0;0;0;0;0.0;0.0;0.0
18.11;0;0;0;0;0.0;0.0;0.0
18.12;0;0;0;0;0.0;0.0;0.0
18.13;0;0;0;0;0.0;0.0;0.0
18.14;0;0;0;0;0.0;0.0;0.0
18.15;0;0;0;0;0.0;0.0;0.0
18.16;0;0;0;0;0.0;0.0;0.0
18.17;0;0;0;0;0.0;0.0;0.0
18.18;0;0;0;0;0.0;0.0;0.0
18.19;0;0;0;0;0.0;0.0;0.0
18.2;0;0;0;0;0.0;0.0;0.0
18.21;0;0;0;0;0.0;0.0;0.0
18.22;0;0;0;0;0.0;0.0;0.0
18.23;0;0;0;0;0.0;0.0;0.0
18.24;0;0;0;0;0.0;0.0;0.0
18.25;0;0;0;0;0.0;0.0;0.0
18.26;0;0;0;0;0.0;0.0;0.0
18.27;0;0;0;0;0.0;0.0;0.0
18.28;0;0;0;0;0.0;0.0;0.0
18.29;0;0;0;0;0.0;0.0;0.0
18.3;0;0;0;0;0.0;0.0;0.0
18.31;0;0;0;0;0.0;0.0;0.0
18.32;0;0;0;0;0.0;0.0;0.0
18.33;0;0;0;0;0.0;0.0;0.0
18.34;0;0;0;0;0.0;0.0;0.0
18.35;0;0;0;0;0.0;0.0;0.0
18.36;0;0;0;0;0.0;0.0;0.0
18.37;0;0;0;0;0.0;0.0;0.0
18.38;0;0;0;0;0.0;0.0;0.0
18.39;0;0;0;0;0.0;0.0;0.0
18.4;0;0;0;0;0.0;0.0;0.0
18.41;0;0;0;0;0.0;0.0;0.0
18.42;0;0;0;0;0.0;0.0;0.0
18.43;0;0;0;0;0.0;0.0;0.0
18.44;0;0;0;0;0.0;0.0;0.0
18.45;0;0;0;0;0.0;0.0;0.0
18.46;0;0;0;0;0.0;0.0;0.0
18.47;0;0;0;0;0.0;0.0;0.0
18.48;0;0;0;0;0.0;0.0;0.0
18.49;0;0;0;0;0.0;0.0;0.0
18.5;0;0;0;0;0.0;0.0;0.0
18.51;0;0;0;0;0.0;0.0;0.0
18.52;0;0;0;0;0.0;0.0;0.0
18.53;0;0;0;0;0.0;0.0;0.0
18.54;0;0;0;0;0.0;0.0;0.0
18.55;0;0;0;0;0.0;0.0;0.0
18.56;0;0;0;0;0.0;0.0;0.0
18.57;0;0;0;0;0.0;0.0;0.0
18.58;0;0;0;0;0.0;0.0;0.0
18.59;0;0;0;0;0.0;0.0;0.0
18.6;0;0;0;0;0.0;0.0;0.0
18.61;0;0;0;0;0.0;0.0;0.0
18.62;0;0;0;0;0.0;0.0;0.0
18.63;0;0;0;0;0.0;0.0;0.0
18.64;0;0;0;0;0.0;0.0;0.0
18.65;0;0;0;0;0.0;0.0;0.0
18.66;0;0;0;0;0.0;0.0;0.0
18.67;0;0;0;0;0.0;0.0;0.0
18.68;0;0;0;0;0.0;0.0;0.0
18.69;0;0;0;0;0.0;0.0;0.0
18.7;0;0;0;0;0.0;0.0;0.0
18.71;0;0;0;0;0.0;0.0;0.0
18.72;0;0;0;0;0.0;0.0;0.0
18.73;0;0;0;0;0.0;0.0;0.0
18.74;0;0;0;0;0.0;0.0;0.0
18.75;0;0;0;0;0.0;0.0;0.0
18.76;0;0;0;0;0.0;0.0;0.0
18.77;0;0;0;0;0.0;0.0;0.0
18.78;0;0;0;0;0.0;0.0;0.0
18.79;0;0;0;0;0.0;0.0;0.0
18.8;0;0;0;0;0.0;0.0;0.0
18.81;0;0;0;0;0.0;0.0;0.0
18.82;0;0;0;0;0.0;0.0;0.0
18.83;0;0;0;0;0.0;0.0;0.0
18.84;0;0;0;0;0.0;0.0;0.0
18.85;0;0;0;0;0.0;0.0;0.0
18.86;0;0;0;0;0.0;0.0;0.0
18.87;0;0;0;0;0.0;0.0;0.0
18.88;0;0;0;0;0.0;0.0;0.0
18.89;0;0;0;0;0.0;0.0;0.0
18.9;0;0;0;0;0.0;0.0;0.0
18.91;0;0;0;0;0.0;0.0;0.0
18.92;0;0;0;0;0.0;0.0;0.0
18.93;0;0;0;0;0.0;0.0;0.0
18.94;0;0;0;0;0.0;0.0;0.0
18.95;0;0;0;0;0.0;0.0;0.0
18.96;0;0;0;0;0.0;0.0;0.0
18.97;0;0;0;0;0.0;0.0;0.0
18.98;0;0;0;0;0.0;0.0;0.0
18.99;0;0;0;0;0.0;0.0;0.0
19.0;0;0;0;0;0.0;0.0;0.0
19.01;0;0;0;0;0.0;0.0;0.0
19.02;0;0;0;0;0.0;0.0;0.0
19.03;0;0;0;0;0.0;0.0;0.0
19.04;0;0;0;0;0.0;0.0;0.0
19.05;0;0;0;0;0.0;0.0;0.0
19.06;0;0;0;0;0.0;0.0;0.0
19.07;0;0;0;0;0.0;0.0;0.0
19.08;0;0;0;0;0.0;0.0;0.0
19.09;0;0;0;0;0.0;0.0;0.0
