 Height:  Visitor ;  Weight:  Visitor ;  Age:  -1 ;  Gender:  Visitor; name: racha; color: pink; situation: closed eyes
0.01;0;0;0;0;0.0;0.0;0.0;21.10091743119266;13.93;11;4;1;3;3; 125.23663899810698; 8.26639298500618; 2.076740585195764; 2.7335082789354117
0.01;0;0;0;0;0.0;0.0;0.0;21.10091743119266;13.93;11;4;1;3;3; 125.23663899810698; 8.26639298500618; 2.076740585195764; 2.7335082789354117
0.02;0;0;0;0;0.0;0.0;0.0
0.03;0;0;0;0;0.0;0.0;0.0
0.04;0;0;0;0;0.0;0.0;0.0
0.05;0;0;0;0;0.0;0.0;0.0
0.06;0;0;0;0;0.0;0.0;0.0
0.07;0;0;0;0;0.0;0.0;0.0
0.08;0;0;0;0;0.0;0.0;0.0
0.09;0;0;0;0;0.0;0.0;0.0
0.1;0;0;0;0;0.0;0.0;0.0
0.11;0;0;0;0;0.0;0.0;0.0
0.12;0;0;0;0;0.0;0.0;0.0
0.13;0;0;0;0;0.0;0.0;0.0
0.14;0;0;0;0;0.0;0.0;0.0
0.15;0;0;0;0;0.0;0.0;0.0
0.16;0;0;0;0;0.0;0.0;0.0
0.17;0;0;0;0;0.0;0.0;0.0
0.18;0;0;0;0;0.0;0.0;0.0
0.19;0;0;0;0;0.0;0.0;0.0
0.2;0;0;0;0;0.0;0.0;0.0
0.21;0;0;0;0;0.0;0.0;0.0
0.22;0;0;0;0;0.0;0.0;0.0
0.23;0;0;0;0;0.0;0.0;0.0
0.24;0;0;0;0;0.0;0.0;0.0
0.25;0;0;0;0;0.0;0.0;0.0
0.26;0;0;0;0;0.0;0.0;0.0
0.27;0;0;0;0;0.0;0.0;0.0
0.28;0;0;0;0;0.0;0.0;0.0
0.29;0;0;0;0;0.0;0.0;0.0
0.3;0;0;0;0;0.0;0.0;0.0
0.31;0;0;0;0;0.0;0.0;0.0
0.32;0;0;0;0;0.0;0.0;0.0
0.33;0;0;0;0;0.0;0.0;0.0
0.34;0;0;0;0;0.0;0.0;0.0
0.35;0;0;0;0;0.0;0.0;0.0
0.36;0;0;0;0;0.0;0.0;0.0
0.37;0;0;0;0;0.0;0.0;0.0
0.38;0;0;0;0;0.0;0.0;0.0
0.39;0;0;0;0;0.0;0.0;0.0
0.4;0;0;0;0;0.0;0.0;0.0
0.41;0;0;0;0;0.0;0.0;0.0
0.42;0;0;0;0;0.0;0.0;0.0
0.43;0;0;0;0;0.0;0.0;0.0
0.44;0;0;0;0;0.0;0.0;0.0
0.45;0;0;0;0;0.0;0.0;0.0
0.46;0;0;0;0;0.0;0.0;0.0
0.47;0;0;0;0;0.0;0.0;0.0
0.48;0;0;0;0;0.0;0.0;0.0
0.49;0;0;0;0;0.0;0.0;0.0
0.5;0;0;0;0;0.0;0.0;0.0
0.51;0;0;0;0;0.0;0.0;0.0
0.52;0;0;0;0;0.0;0.0;0.0
0.53;0;0;0;0;0.0;0.0;0.0
0.54;0;0;0;0;0.0;0.0;0.0
0.55;0;0;0;0;0.0;0.0;0.0
0.56;0;0;0;0;0.0;0.0;0.0
0.57;0;0;0;0;0.0;0.0;0.0
0.58;0;0;0;0;0.0;0.0;0.0
0.59;0;0;0;0;0.0;0.0;0.0
0.6;0;0;0;0;0.0;0.0;0.0
0.61;0;0;0;0;0.0;0.0;0.0
0.62;0;0;0;0;0.0;0.0;0.0
0.63;0;0;0;0;0.0;0.0;0.0
0.64;0;0;0;0;0.0;0.0;0.0
0.65;0;0;0;0;0.0;0.0;0.0
0.66;0;0;0;0;0.0;0.0;0.0
0.67;0;0;0;0;0.0;0.0;0.0
0.68;0;0;0;0;0.0;0.0;0.0
0.69;0;0;0;0;0.0;0.0;0.0
0.7;0;0;0;0;0.0;0.0;0.0
0.71;0;0;0;0;0.0;0.0;0.0
0.72;0;0;0;0;0.0;0.0;0.0
0.73;0;0;0;0;0.0;0.0;0.0
0.74;0;0;0;0;0.0;0.0;0.0
0.75;0;0;0;0;0.0;0.0;0.0
0.76;0;0;0;0;0.0;0.0;0.0
0.77;0;0;0;0;0.0;0.0;0.0
0.78;0;0;0;0;0.0;0.0;0.0
0.79;0;0;0;0;0.0;0.0;0.0
0.8;0;0;0;0;0.0;0.0;0.0
0.81;0;0;0;0;0.0;0.0;0.0
0.82;0;0;0;0;0.0;0.0;0.0
0.83;0;0;0;0;0.0;0.0;0.0
0.84;0;0;0;0;0.0;0.0;0.0
0.85;0;0;0;0;0.0;0.0;0.0
0.86;0;0;0;0;0.0;0.0;0.0
0.87;0;0;0;0;0.0;0.0;0.0
0.88;0;0;0;0;0.0;0.0;0.0
0.89;0;0;0;0;0.0;0.0;0.0
0.9;0;0;0;0;0.0;0.0;0.0
0.91;0;0;0;0;0.0;0.0;0.0
0.92;0;0;0;0;0.0;0.0;0.0
0.93;0;0;0;0;0.0;0.0;0.0
0.94;0;0;0;0;0.0;0.0;0.0
0.95;0;0;0;0;0.0;0.0;0.0
0.96;0;0;0;0;0.0;0.0;0.0
0.97;0;0;0;0;0.0;0.0;0.0
0.98;0;0;0;0;0.0;0.0;0.0
0.99;0;0;0;0;0.0;0.0;0.0
1.0;0;0;0;0;0.0;0.0;0.0
1.01;0;0;0;0;0.0;0.0;0.0
1.02;0;0;0;0;0.0;0.0;0.0
1.03;0;0;0;0;0.0;0.0;0.0
1.04;0;0;0;0;0.0;0.0;0.0
1.05;0;0;0;0;0.0;0.0;0.0
1.06;0;0;0;0;0.0;0.0;0.0
1.07;0;0;0;0;0.0;0.0;0.0
1.08;0;0;0;0;0.0;0.0;0.0
1.09;0;0;0;0;0.0;0.0;0.0
1.1;0;0;0;0;0.0;0.0;0.0
1.11;0;0;0;0;0.0;0.0;0.0
1.12;0;0;0;0;0.0;0.0;0.0
1.13;0;0;0;0;0.0;0.0;0.0
1.14;0;0;0;0;0.0;0.0;0.0
1.15;0;0;0;0;0.0;0.0;0.0
1.16;0;0;0;0;0.0;0.0;0.0
1.17;0;0;0;0;0.0;0.0;0.0
1.18;0;0;0;0;0.0;0.0;0.0
1.19;0;0;0;0;0.0;0.0;0.0
1.2;0;0;0;0;0.0;0.0;0.0
1.21;0;0;0;0;0.0;0.0;0.0
1.22;0;0;0;0;0.0;0.0;0.0
1.23;0;0;0;0;0.0;0.0;0.0
1.24;0;0;0;0;0.0;0.0;0.0
1.25;0;0;0;0;0.0;0.0;0.0
1.26;0;0;0;0;0.0;0.0;0.0
1.27;0;0;0;0;0.0;0.0;0.0
1.28;0;0;0;0;0.0;0.0;0.0
1.29;0;0;0;0;0.0;0.0;0.0
1.3;0;0;0;0;0.0;0.0;0.0
1.31;0;0;0;0;0.0;0.0;0.0
1.32;0;0;0;0;0.0;0.0;0.0
1.33;0;0;0;0;0.0;0.0;0.0
1.34;0;0;0;0;0.0;0.0;0.0
1.35;0;0;0;0;0.0;0.0;0.0
1.36;0;0;0;0;0.0;0.0;0.0
1.37;0;0;0;0;0.0;0.0;0.0
1.38;0;0;0;0;0.0;0.0;0.0
1.39;0;0;0;0;0.0;0.0;0.0
1.4;0;0;0;0;0.0;0.0;0.0
1.41;0;0;0;0;0.0;0.0;0.0
1.42;0;0;0;0;0.0;0.0;0.0
1.43;0;0;0;0;0.0;0.0;0.0
1.44;0;0;0;0;0.0;0.0;0.0
1.45;0;0;0;0;0.0;0.0;0.0
1.46;0;0;0;0;0.0;0.0;0.0
1.47;0;0;0;0;0.0;0.0;0.0
1.48;0;0;0;0;0.0;0.0;0.0
1.49;0;0;0;0;0.0;0.0;0.0
1.5;0;0;0;0;0.0;0.0;0.0
1.51;0;0;0;0;0.0;0.0;0.0
1.52;0;0;0;0;0.0;0.0;0.0
1.53;0;0;0;0;0.0;0.0;0.0
1.54;0;0;0;0;0.0;0.0;0.0
1.55;0;0;0;0;0.0;0.0;0.0
1.56;0;0;0;0;0.0;0.0;0.0
1.57;0;0;0;0;0.0;0.0;0.0
1.58;0;0;0;0;0.0;0.0;0.0
1.59;0;0;0;0;0.0;0.0;0.0
1.6;0;0;0;0;0.0;0.0;0.0
1.61;0;0;0;0;0.0;0.0;0.0
1.62;0;0;0;0;0.0;0.0;0.0
1.63;0;0;0;0;0.0;0.0;0.0
1.64;0;0;0;0;0.0;0.0;0.0
1.65;0;0;0;0;0.0;0.0;0.0
1.66;0;0;0;0;0.0;0.0;0.0
1.67;0;0;0;0;0.0;0.0;0.0
1.68;0;0;0;0;0.0;0.0;0.0
1.69;0;0;0;0;0.0;0.0;0.0
1.7;0;0;0;0;0.0;0.0;0.0
1.71;0;0;0;0;0.0;0.0;0.0
1.72;0;0;0;0;0.0;0.0;0.0
1.73;0;0;0;1;0.1019367991845056;-13.5;-13.5
1.74;0;0;0;2;0.2038735983690112;-13.5;-13.5
1.75;0;0;0;3;0.3058103975535168;-13.5;-13.5
1.76;0;0;0;4;0.4077471967380224;-13.5;-13.5
1.77;0;0;0;4;0.4077471967380224;-13.5;-13.5
1.78;0;0;0;4;0.4077471967380224;-13.5;-13.5
1.79;0;0;0;2;0.2038735983690112;-13.5;-13.5
1.8;0;0;0;1;0.1019367991845056;-13.5;-13.5
1.81;0;0;0;0;0.0;0.0;0.0
1.82;0;1;0;0;0.1019367991845056;13.5;13.5
1.83;0;3;0;0;0.3058103975535168;13.5;13.5
1.84;0;3;0;0;0.3058103975535168;13.5;13.5
1.85;0;4;0;0;0.4077471967380224;13.5;13.5
1.86;0;4;0;0;0.4077471967380224;13.5;13.5
1.87;0;5;0;1;0.6116207951070336;9.0;9.0
1.88;0;7;0;3;1.019367991845056;5.4;5.4
1.89;0;9;0;4;1.325178389398573;5.1923075;5.1923075
1.9;0;12;0;7;1.9367991845056065;3.5526316;3.5526316
1.91;0;16;0;9;2.54841997961264;3.78;3.78
1.92;0;21;0;11;3.261977573904179;4.21875;4.21875
1.93;0;27;0;13;4.077471967380224;4.725;4.725
1.94;0;33;0;15;4.892966360856269;5.0625;5.0625
1.95;0;40;0;18;5.912334352701325;5.12069;5.12069
1.96;0;48;0;22;7.135575942915392;5.0142856;5.0142856
1.97;0;58;0;26;8.56269113149847;5.142857;5.142857
1.98;0;68;0;30;9.989806320081549;5.234694;5.234694
1.99;0;79;0;34;11.518858307849133;5.3761063;5.3761063
2.0;0;90;0;39;13.149847094801222;5.337209;5.337209
2.01;0;101;0;42;14.576962283384301;5.56993;5.56993
2.02;0;112;0;46;16.106014271151885;5.6392407;5.6392407
2.03;0;123;0;49;17.533129459734962;5.8081393;5.8081393
2.04;0;134;0;51;18.858307849133535;6.056757;6.056757
2.05;0;144;0;53;20.081549439347604;6.2360406;6.2360406
2.06;0;153;0;54;21.10091743119266;6.4565215;6.4565215
2.07;0;161;0;54;21.916411824668703;6.7186046;6.7186046
2.08;0;168;0;53;22.52803261977574;7.024887;7.024887
2.09;0;173;0;51;22.833843017329254;7.352679;7.352679
2.1;0;177;0;49;23.037716615698265;7.6460176;7.6460176
2.11;0;179;0;47;23.037716615698265;7.884956;7.884956
2.12;0;180;0;45;22.93577981651376;8.1;8.1
2.13;0;180;0;43;22.73190621814475;8.293722;8.293722
2.14;0;179;0;41;22.426095820591232;8.468182;8.468182
2.15;0;177;0;38;21.916411824668703;8.727907;8.727907
2.16;0;175;0;36;21.50866462793068;8.893365;8.893365
2.17;0;173;0;34;21.10091743119266;9.065217;9.065217
2.18;0;172;0;31;20.693170234454637;9.376847;9.376847
2.19;0;170;0;30;20.38735983690112;9.45;9.45
2.2;0;169;0;28;20.081549439347604;9.6624365;9.6624365
2.21;0;168;0;27;19.877675840978593;9.7615385;9.7615385
2.22;0;167;0;26;19.673802242609582;9.862695;9.862695
2.23;0;167;0;26;19.673802242609582;9.862695;9.862695
2.24;0;167;0;26;19.673802242609582;9.862695;9.862695
2.25;0;168;0;27;19.877675840978593;9.7615385;9.7615385
2.26;0;169;0;27;19.979612640163097;9.780612;9.780612
2.27;0;170;0;28;20.183486238532108;9.681818;9.681818
2.28;0;172;0;29;20.489296636085626;9.604478;9.604478
2.29;0;174;0;31;20.89704383282365;9.417073;9.417073
2.3;0;175;0;32;21.10091743119266;9.326087;9.326087
2.31;0;177;0;34;21.50866462793068;9.149289;9.149289
2.32;0;178;0;35;21.712538226299692;9.06338;9.06338
2.33;0;178;0;37;21.916411824668703;8.853488;8.853488
2.34;0;177;0;38;21.916411824668703;8.727907;8.727907
2.35;0;177;0;40;22.120285423037714;8.523042;8.523042
2.36;0;176;0;41;22.120285423037714;8.398618;8.398618
2.37;0;174;0;42;22.01834862385321;8.25;8.25
2.38;0;173;0;43;22.01834862385321;8.125;8.125
2.39;0;172;0;45;22.120285423037714;7.900922;7.900922
2.4;0;171;0;49;22.426095820591232;7.4863634;7.4863634
2.41;0;169;0;53;22.629969418960243;7.0540543;7.0540543
2.42;0;167;0;57;22.833843017329254;6.629464;6.629464
2.43;0;164;0;59;22.73190621814475;6.356502;6.356502
2.44;0;161;0;61;22.629969418960243;6.081081;6.081081
2.45;0;158;0;62;22.426095820591232;5.890909;5.890909
2.46;0;154;0;63;22.120285423037714;5.66129;5.66129
2.47;0;150;0;64;21.8144750254842;5.425234;5.425234
2.48;0;147;0;65;21.61060142711519;5.2216983;5.2216983
2.49;0;145;0;66;21.50866462793068;5.0545025;5.0545025
2.5;0;142;0;66;21.202854230377167;4.9326925;4.9326925
2.51;0;139;0;67;20.998980632008156;4.7184467;4.7184467
2.52;0;137;0;69;20.998980632008156;4.4563107;4.4563107
2.53;0;135;0;71;20.998980632008156;4.194175;4.194175
2.54;0;134;0;73;21.10091743119266;3.9782608;3.9782608
2.55;0;133;0;75;21.202854230377167;3.7644231;3.7644231
2.56;0;132;0;77;21.30479102956167;3.5526316;3.5526316
2.57;0;131;0;78;21.30479102956167;3.423445;3.423445
2.58;0;130;0;79;21.30479102956167;3.2942584;3.2942584
2.59;0;129;0;80;21.30479102956167;3.1650717;3.1650717
2.6;0;128;0;80;21.202854230377167;3.1153846;3.1153846
2.61;0;127;0;80;21.10091743119266;3.0652175;3.0652175
2.62;0;126;0;80;20.998980632008156;3.014563;3.014563
2.63;0;126;0;80;20.998980632008156;3.014563;3.014563
2.64;0;125;0;80;20.89704383282365;2.9634147;2.9634147
2.65;0;124;0;81;20.89704383282365;2.8317072;2.8317072
2.66;0;123;0;82;20.89704383282365;2.7;2.7
2.67;0;122;0;83;20.89704383282365;2.5682926;2.5682926
2.68;0;121;0;84;20.89704383282365;2.4365854;2.4365854
2.69;0;120;0;85;20.89704383282365;2.304878;2.304878
2.7;0;120;0;87;21.10091743119266;2.152174;2.152174
2.71;0;119;0;88;21.10091743119266;2.0217392;2.0217392
2.72;0;119;0;90;21.30479102956167;1.8732058;1.8732058
2.73;0;118;0;91;21.30479102956167;1.7440192;1.7440192
2.74;0;118;0;92;21.406727828746178;1.6714286;1.6714286
2.75;0;117;0;92;21.30479102956167;1.6148325;1.6148325
2.76;0;117;0;93;21.406727828746178;1.5428572;1.5428572
2.77;0;117;0;93;21.406727828746178;1.5428572;1.5428572
2.78;0;117;0;93;21.406727828746178;1.5428572;1.5428572
2.79;0;116;0;93;21.30479102956167;1.4856459;1.4856459
2.8;0;116;0;93;21.30479102956167;1.4856459;1.4856459
2.81;0;116;0;94;21.406727828746178;1.4142857;1.4142857
2.82;0;116;0;94;21.406727828746178;1.4142857;1.4142857
2.83;0;116;0;94;21.406727828746178;1.4142857;1.4142857
2.84;0;117;0;94;21.50866462793068;1.4715639;1.4715639
2.85;0;117;0;94;21.50866462793068;1.4715639;1.4715639
2.86;0;117;0;94;21.50866462793068;1.4715639;1.4715639
2.87;0;117;0;94;21.50866462793068;1.4715639;1.4715639
2.88;0;117;0;94;21.50866462793068;1.4715639;1.4715639
2.89;0;117;0;94;21.50866462793068;1.4715639;1.4715639
2.9;0;117;0;95;21.61060142711519;1.4009434;1.4009434
2.91;0;117;0;95;21.61060142711519;1.4009434;1.4009434
2.92;0;117;0;96;21.712538226299692;1.3309859;1.3309859
2.93;0;117;0;97;21.8144750254842;1.2616823;1.2616823
2.94;0;117;0;97;21.8144750254842;1.2616823;1.2616823
2.95;0;116;0;98;21.8144750254842;1.135514;1.135514
2.96;0;116;0;98;21.8144750254842;1.135514;1.135514
2.97;0;115;0;99;21.8144750254842;1.0093458;1.0093458
2.98;0;115;0;99;21.8144750254842;1.0093458;1.0093458
2.99;0;114;0;100;21.8144750254842;0.8831776;0.8831776
3.0;0;113;0;100;21.712538226299692;0.8239437;0.8239437
3.01;0;112;0;101;21.712538226299692;0.6971831;0.6971831
3.02;0;111;0;101;21.61060142711519;0.6367925;0.6367925
3.03;0;111;0;102;21.712538226299692;0.57042253;0.57042253
3.04;0;110;0;103;21.712538226299692;0.44366196;0.44366196
3.05;0;109;0;103;21.61060142711519;0.38207546;0.38207546
3.06;0;108;0;104;21.61060142711519;0.254717;0.254717
3.07;0;108;0;105;21.712538226299692;0.19014084;0.19014084
3.08;0;107;0;106;21.712538226299692;0.06338028;0.06338028
3.09;0;106;0;106;21.61060142711519;0.0;0.0
3.1;0;106;0;107;21.712538226299692;-0.06338028;-0.06338028
3.11;0;105;0;107;21.61060142711519;-0.1273585;-0.1273585
3.12;0;105;0;108;21.712538226299692;-0.19014084;-0.19014084
3.13;0;105;0;108;21.712538226299692;-0.19014084;-0.19014084
3.14;0;104;0;108;21.61060142711519;-0.254717;-0.254717
3.15;0;104;0;109;21.712538226299692;-0.31690142;-0.31690142
3.16;0;104;0;109;21.712538226299692;-0.31690142;-0.31690142
3.17;0;103;0;109;21.61060142711519;-0.38207546;-0.38207546
3.18;0;103;0;109;21.61060142711519;-0.38207546;-0.38207546
3.19;0;103;0;109;21.61060142711519;-0.38207546;-0.38207546
3.2;0;102;0;110;21.61060142711519;-0.509434;-0.509434
3.21;0;102;0;110;21.61060142711519;-0.509434;-0.509434
3.22;0;101;0;111;21.61060142711519;-0.6367925;-0.6367925
3.23;0;101;0;111;21.61060142711519;-0.6367925;-0.6367925
3.24;0;100;0;112;21.61060142711519;-0.7641509;-0.7641509
3.25;0;100;0;113;21.712538226299692;-0.8239437;-0.8239437
3.26;0;99;0;113;21.61060142711519;-0.8915094;-0.8915094
3.27;0;99;0;114;21.712538226299692;-0.9507042;-0.9507042
3.28;0;98;0;114;21.61060142711519;-1.018868;-1.018868
3.29;0;98;0;115;21.712538226299692;-1.0774648;-1.0774648
3.3;0;97;0;115;21.61060142711519;-1.1462264;-1.1462264
3.31;0;97;0;115;21.61060142711519;-1.1462264;-1.1462264
3.32;0;97;0;116;21.712538226299692;-1.2042253;-1.2042253
3.33;0;96;0;116;21.61060142711519;-1.273585;-1.273585
3.34;0;96;0;116;21.61060142711519;-1.273585;-1.273585
3.35;0;96;0;116;21.61060142711519;-1.273585;-1.273585
3.36;0;96;0;116;21.61060142711519;-1.273585;-1.273585
3.37;0;96;0;117;21.712538226299692;-1.3309859;-1.3309859
3.38;0;95;0;117;21.61060142711519;-1.4009434;-1.4009434
3.39;0;95;0;117;21.61060142711519;-1.4009434;-1.4009434
3.4;0;95;0;116;21.50866462793068;-1.343602;-1.343602
3.41;0;95;0;116;21.50866462793068;-1.343602;-1.343602
3.42;0;95;0;116;21.50866462793068;-1.343602;-1.343602
3.43;0;95;0;116;21.50866462793068;-1.343602;-1.343602
3.44;0;95;0;116;21.50866462793068;-1.343602;-1.343602
3.45;0;95;0;116;21.50866462793068;-1.343602;-1.343602
3.46;0;95;0;116;21.50866462793068;-1.343602;-1.343602
3.47;0;94;0;117;21.50866462793068;-1.4715639;-1.4715639
3.48;0;94;0;117;21.50866462793068;-1.4715639;-1.4715639
3.49;0;94;0;117;21.50866462793068;-1.4715639;-1.4715639
3.5;0;94;0;118;21.61060142711519;-1.5283018;-1.5283018
3.51;0;93;0;118;21.50866462793068;-1.599526;-1.599526
3.52;0;93;0;118;21.50866462793068;-1.599526;-1.599526
3.53;0;93;0;118;21.50866462793068;-1.599526;-1.599526
3.54;0;92;0;118;21.406727828746178;-1.6714286;-1.6714286
3.55;0;92;0;119;21.50866462793068;-1.7274882;-1.7274882
3.56;0;92;0;119;21.50866462793068;-1.7274882;-1.7274882
3.57;0;91;0;119;21.406727828746178;-1.8;-1.8
3.58;0;91;0;119;21.406727828746178;-1.8;-1.8
3.59;0;91;0;120;21.50866462793068;-1.8554503;-1.8554503
3.6;0;91;0;120;21.50866462793068;-1.8554503;-1.8554503
3.61;0;90;0;120;21.406727828746178;-1.9285715;-1.9285715
3.62;0;90;0;120;21.406727828746178;-1.9285715;-1.9285715
3.63;0;90;0;120;21.406727828746178;-1.9285715;-1.9285715
3.64;0;90;0;120;21.406727828746178;-1.9285715;-1.9285715
3.65;0;90;0;120;21.406727828746178;-1.9285715;-1.9285715
3.66;0;90;0;120;21.406727828746178;-1.9285715;-1.9285715
3.67;0;90;0;119;21.30479102956167;-1.8732058;-1.8732058
3.68;0;90;0;119;21.30479102956167;-1.8732058;-1.8732058
3.69;0;90;0;118;21.202854230377167;-1.8173077;-1.8173077
3.7;0;90;0;118;21.202854230377167;-1.8173077;-1.8173077
3.71;0;90;0;117;21.10091743119266;-1.7608696;-1.7608696
3.72;0;90;0;117;21.10091743119266;-1.7608696;-1.7608696
3.73;0;90;0;117;21.10091743119266;-1.7608696;-1.7608696
3.74;0;90;0;116;20.998980632008156;-1.7038835;-1.7038835
3.75;0;90;0;116;20.998980632008156;-1.7038835;-1.7038835
3.76;0;90;0;116;20.998980632008156;-1.7038835;-1.7038835
3.77;0;90;0;116;20.998980632008156;-1.7038835;-1.7038835
3.78;0;90;0;116;20.998980632008156;-1.7038835;-1.7038835
3.79;0;90;0;115;20.89704383282365;-1.6463414;-1.6463414
3.8;0;90;0;115;20.89704383282365;-1.6463414;-1.6463414
3.81;0;90;0;115;20.89704383282365;-1.6463414;-1.6463414
3.82;0;90;0;115;20.89704383282365;-1.6463414;-1.6463414
3.83;0;90;0;115;20.89704383282365;-1.6463414;-1.6463414
3.84;0;90;0;114;20.79510703363914;-1.5882353;-1.5882353
3.85;0;90;0;114;20.79510703363914;-1.5882353;-1.5882353
3.86;0;90;0;114;20.79510703363914;-1.5882353;-1.5882353
3.87;0;90;0;114;20.79510703363914;-1.5882353;-1.5882353
3.88;0;90;0;114;20.79510703363914;-1.5882353;-1.5882353
3.89;0;90;0;114;20.79510703363914;-1.5882353;-1.5882353
3.9;0;90;0;114;20.79510703363914;-1.5882353;-1.5882353
3.91;0;90;0;114;20.79510703363914;-1.5882353;-1.5882353
3.92;0;90;0;114;20.79510703363914;-1.5882353;-1.5882353
3.93;0;90;0;114;20.79510703363914;-1.5882353;-1.5882353
3.94;0;90;0;113;20.693170234454637;-1.5295566;-1.5295566
3.95;0;90;0;113;20.693170234454637;-1.5295566;-1.5295566
3.96;0;90;0;113;20.693170234454637;-1.5295566;-1.5295566
3.97;0;90;0;113;20.693170234454637;-1.5295566;-1.5295566
3.98;0;90;0;113;20.693170234454637;-1.5295566;-1.5295566
3.99;0;90;0;113;20.693170234454637;-1.5295566;-1.5295566
4.0;0;90;0;113;20.693170234454637;-1.5295566;-1.5295566
4.01;0;90;0;113;20.693170234454637;-1.5295566;-1.5295566
4.02;0;90;0;113;20.693170234454637;-1.5295566;-1.5295566
4.03;0;90;0;113;20.693170234454637;-1.5295566;-1.5295566
4.04;0;90;0;112;20.59123343527013;-1.470297;-1.470297
4.05;0;90;0;112;20.59123343527013;-1.470297;-1.470297
4.06;0;90;0;112;20.59123343527013;-1.470297;-1.470297
4.07;0;90;0;112;20.59123343527013;-1.470297;-1.470297
4.08;0;90;0;112;20.59123343527013;-1.470297;-1.470297
4.09;0;90;0;112;20.59123343527013;-1.470297;-1.470297
4.1;0;90;0;111;20.489296636085626;-1.4104477;-1.4104477
4.11;0;90;0;111;20.489296636085626;-1.4104477;-1.4104477
4.12;0;90;0;111;20.489296636085626;-1.4104477;-1.4104477
4.13;0;90;0;111;20.489296636085626;-1.4104477;-1.4104477
4.14;0;90;0;110;20.38735983690112;-1.35;-1.35
4.15;0;90;0;110;20.38735983690112;-1.35;-1.35
4.16;0;90;0;110;20.38735983690112;-1.35;-1.35
4.17;0;90;0;110;20.38735983690112;-1.35;-1.35
4.18;0;90;0;110;20.38735983690112;-1.35;-1.35
4.19;0;90;0;110;20.38735983690112;-1.35;-1.35
4.2;0;90;0;109;20.285423037716615;-1.2889447;-1.2889447
4.21;0;90;0;109;20.285423037716615;-1.2889447;-1.2889447
4.22;0;90;0;109;20.285423037716615;-1.2889447;-1.2889447
4.23;0;91;0;108;20.285423037716615;-1.1532663;-1.1532663
4.24;0;91;0;108;20.285423037716615;-1.1532663;-1.1532663
4.25;0;91;0;108;20.285423037716615;-1.1532663;-1.1532663
4.26;0;92;0;107;20.285423037716615;-1.0175879;-1.0175879
4.27;0;92;0;107;20.285423037716615;-1.0175879;-1.0175879
4.28;0;92;0;107;20.285423037716615;-1.0175879;-1.0175879
4.29;0;92;0;107;20.285423037716615;-1.0175879;-1.0175879
4.3;0;93;0;107;20.38735983690112;-0.945;-0.945
4.31;0;93;0;107;20.38735983690112;-0.945;-0.945
4.32;0;93;0;107;20.38735983690112;-0.945;-0.945
4.33;0;93;0;107;20.38735983690112;-0.945;-0.945
4.34;0;93;0;107;20.38735983690112;-0.945;-0.945
4.35;0;94;0;107;20.489296636085626;-0.8731343;-0.8731343
4.36;0;94;0;107;20.489296636085626;-0.8731343;-0.8731343
4.37;0;94;0;107;20.489296636085626;-0.8731343;-0.8731343
4.38;0;94;0;107;20.489296636085626;-0.8731343;-0.8731343
4.39;0;95;0;107;20.59123343527013;-0.8019802;-0.8019802
4.4;0;95;0;107;20.59123343527013;-0.8019802;-0.8019802
4.41;0;95;0;107;20.59123343527013;-0.8019802;-0.8019802
4.42;0;95;0;107;20.59123343527013;-0.8019802;-0.8019802
4.43;0;96;0;108;20.79510703363914;-0.7941176;-0.7941176
4.44;0;96;0;108;20.79510703363914;-0.7941176;-0.7941176
4.45;0;96;0;108;20.79510703363914;-0.7941176;-0.7941176
4.46;0;96;0;108;20.79510703363914;-0.7941176;-0.7941176
4.47;0;96;0;108;20.79510703363914;-0.7941176;-0.7941176
4.48;0;96;0;109;20.89704383282365;-0.8560976;-0.8560976
4.49;0;96;0;109;20.89704383282365;-0.8560976;-0.8560976
4.5;0;96;0;109;20.89704383282365;-0.8560976;-0.8560976
4.51;0;96;0;109;20.89704383282365;-0.8560976;-0.8560976
4.52;0;97;0;109;20.998980632008156;-0.78640777;-0.78640777
4.53;0;97;0;109;20.998980632008156;-0.78640777;-0.78640777
4.54;0;97;0;109;20.998980632008156;-0.78640777;-0.78640777
4.55;0;97;0;109;20.998980632008156;-0.78640777;-0.78640777
4.56;0;97;0;109;20.998980632008156;-0.78640777;-0.78640777
4.57;0;97;0;109;20.998980632008156;-0.78640777;-0.78640777
4.58;0;98;0;109;21.10091743119266;-0.7173913;-0.7173913
4.59;0;98;0;109;21.10091743119266;-0.7173913;-0.7173913
4.6;0;98;0;109;21.10091743119266;-0.7173913;-0.7173913
4.61;0;98;0;109;21.10091743119266;-0.7173913;-0.7173913
4.62;0;98;0;109;21.10091743119266;-0.7173913;-0.7173913
4.63;0;98;0;109;21.10091743119266;-0.7173913;-0.7173913
4.64;0;98;0;109;21.10091743119266;-0.7173913;-0.7173913
4.65;0;97;0;110;21.10091743119266;-0.84782606;-0.84782606
4.66;0;97;0;110;21.10091743119266;-0.84782606;-0.84782606
4.67;0;97;0;110;21.10091743119266;-0.84782606;-0.84782606
4.68;0;97;0;110;21.10091743119266;-0.84782606;-0.84782606
4.69;0;97;0;110;21.10091743119266;-0.84782606;-0.84782606
4.7;0;97;0;110;21.10091743119266;-0.84782606;-0.84782606
4.71;0;97;0;110;21.10091743119266;-0.84782606;-0.84782606
4.72;0;96;0;111;21.10091743119266;-0.9782609;-0.9782609
4.73;0;96;0;111;21.10091743119266;-0.9782609;-0.9782609
4.74;0;96;0;111;21.10091743119266;-0.9782609;-0.9782609
4.75;0;96;0;111;21.10091743119266;-0.9782609;-0.9782609
4.76;0;96;0;111;21.10091743119266;-0.9782609;-0.9782609
4.77;0;96;0;111;21.10091743119266;-0.9782609;-0.9782609
4.78;0;95;0;111;20.998980632008156;-1.0485437;-1.0485437
4.79;0;95;0;111;20.998980632008156;-1.0485437;-1.0485437
4.8;0;95;0;111;20.998980632008156;-1.0485437;-1.0485437
4.81;0;95;0;111;20.998980632008156;-1.0485437;-1.0485437
4.82;0;95;0;111;20.998980632008156;-1.0485437;-1.0485437
4.83;0;95;0;111;20.998980632008156;-1.0485437;-1.0485437
4.84;0;95;0;111;20.998980632008156;-1.0485437;-1.0485437
4.85;0;95;0;111;20.998980632008156;-1.0485437;-1.0485437
4.86;0;95;0;112;21.10091743119266;-1.1086956;-1.1086956
4.87;0;95;0;112;21.10091743119266;-1.1086956;-1.1086956
4.88;0;95;0;112;21.10091743119266;-1.1086956;-1.1086956
4.89;0;95;0;112;21.10091743119266;-1.1086956;-1.1086956
4.9;0;95;0;112;21.10091743119266;-1.1086956;-1.1086956
4.91;0;95;0;112;21.10091743119266;-1.1086956;-1.1086956
4.92;0;95;0;112;21.10091743119266;-1.1086956;-1.1086956
4.93;0;95;0;111;20.998980632008156;-1.0485437;-1.0485437
4.94;0;95;0;111;20.998980632008156;-1.0485437;-1.0485437
4.95;0;95;0;110;20.89704383282365;-0.9878049;-0.9878049
4.96;0;95;0;110;20.89704383282365;-0.9878049;-0.9878049
4.97;0;95;0;110;20.89704383282365;-0.9878049;-0.9878049
4.98;0;95;0;109;20.79510703363914;-0.9264706;-0.9264706
4.99;0;95;0;109;20.79510703363914;-0.9264706;-0.9264706
5.0;0;95;0;109;20.79510703363914;-0.9264706;-0.9264706
5.01;0;95;0;110;20.89704383282365;-0.9878049;-0.9878049
5.02;0;95;0;110;20.89704383282365;-0.9878049;-0.9878049
5.03;0;95;0;110;20.89704383282365;-0.9878049;-0.9878049
5.04;0;95;0;110;20.89704383282365;-0.9878049;-0.9878049
5.05;0;95;0;111;20.998980632008156;-1.0485437;-1.0485437
5.06;0;94;0;111;20.89704383282365;-1.1195122;-1.1195122
5.07;0;94;0;111;20.89704383282365;-1.1195122;-1.1195122
5.08;0;94;0;111;20.89704383282365;-1.1195122;-1.1195122
5.09;0;94;0;112;20.998980632008156;-1.1796117;-1.1796117
5.1;0;94;0;112;20.998980632008156;-1.1796117;-1.1796117
5.11;0;94;0;112;20.998980632008156;-1.1796117;-1.1796117
5.12;0;93;0;112;20.89704383282365;-1.2512195;-1.2512195
5.13;0;93;0;112;20.89704383282365;-1.2512195;-1.2512195
5.14;0;93;0;112;20.89704383282365;-1.2512195;-1.2512195
5.15;0;93;0;112;20.89704383282365;-1.2512195;-1.2512195
5.16;0;93;0;112;20.89704383282365;-1.2512195;-1.2512195
5.17;0;93;0;113;20.998980632008156;-1.3106796;-1.3106796
5.18;0;93;0;113;20.998980632008156;-1.3106796;-1.3106796
5.19;0;93;0;113;20.998980632008156;-1.3106796;-1.3106796
5.2;0;93;0;113;20.998980632008156;-1.3106796;-1.3106796
5.21;0;93;0;113;20.998980632008156;-1.3106796;-1.3106796
5.22;0;93;0;113;20.998980632008156;-1.3106796;-1.3106796
5.23;0;93;0;113;20.998980632008156;-1.3106796;-1.3106796
5.24;0;93;0;113;20.998980632008156;-1.3106796;-1.3106796
5.25;0;93;0;113;20.998980632008156;-1.3106796;-1.3106796
5.26;0;93;0;113;20.998980632008156;-1.3106796;-1.3106796
5.27;0;93;0;113;20.998980632008156;-1.3106796;-1.3106796
5.28;0;93;0;113;20.998980632008156;-1.3106796;-1.3106796
5.29;0;93;0;113;20.998980632008156;-1.3106796;-1.3106796
5.3;0;93;0;112;20.89704383282365;-1.2512195;-1.2512195
5.31;0;93;0;112;20.89704383282365;-1.2512195;-1.2512195
5.32;0;93;0;112;20.89704383282365;-1.2512195;-1.2512195
5.33;0;93;0;112;20.89704383282365;-1.2512195;-1.2512195
5.34;0;93;0;112;20.89704383282365;-1.2512195;-1.2512195
5.35;0;93;0;111;20.79510703363914;-1.1911764;-1.1911764
5.36;0;93;0;111;20.79510703363914;-1.1911764;-1.1911764
5.37;0;93;0;111;20.79510703363914;-1.1911764;-1.1911764
5.38;0;93;0;111;20.79510703363914;-1.1911764;-1.1911764
5.39;0;93;0;111;20.79510703363914;-1.1911764;-1.1911764
5.4;0;93;0;111;20.79510703363914;-1.1911764;-1.1911764
5.41;0;93;0;110;20.693170234454637;-1.1305419;-1.1305419
5.42;0;93;0;110;20.693170234454637;-1.1305419;-1.1305419
5.43;0;93;0;110;20.693170234454637;-1.1305419;-1.1305419
5.44;0;93;0;110;20.693170234454637;-1.1305419;-1.1305419
5.45;0;93;0;110;20.693170234454637;-1.1305419;-1.1305419
5.46;0;93;0;110;20.693170234454637;-1.1305419;-1.1305419
5.47;0;93;0;110;20.693170234454637;-1.1305419;-1.1305419
5.48;0;93;0;110;20.693170234454637;-1.1305419;-1.1305419
5.49;0;93;0;110;20.693170234454637;-1.1305419;-1.1305419
5.5;0;93;0;110;20.693170234454637;-1.1305419;-1.1305419
5.51;0;93;0;110;20.693170234454637;-1.1305419;-1.1305419
5.52;0;93;0;110;20.693170234454637;-1.1305419;-1.1305419
5.53;0;93;0;110;20.693170234454637;-1.1305419;-1.1305419
5.54;0;93;0;110;20.693170234454637;-1.1305419;-1.1305419
5.55;0;93;0;110;20.693170234454637;-1.1305419;-1.1305419
5.56;0;93;0;110;20.693170234454637;-1.1305419;-1.1305419
5.57;0;93;0;109;20.59123343527013;-1.069307;-1.069307
5.58;0;93;0;109;20.59123343527013;-1.069307;-1.069307
5.59;0;94;0;109;20.693170234454637;-0.99753696;-0.99753696
5.6;0;94;0;109;20.693170234454637;-0.99753696;-0.99753696
5.61;0;94;0;108;20.59123343527013;-0.93564355;-0.93564355
5.62;0;94;0;108;20.59123343527013;-0.93564355;-0.93564355
5.63;0;94;0;108;20.59123343527013;-0.93564355;-0.93564355
5.64;0;94;0;108;20.59123343527013;-0.93564355;-0.93564355
5.65;0;94;0;108;20.59123343527013;-0.93564355;-0.93564355
5.66;0;94;0;108;20.59123343527013;-0.93564355;-0.93564355
5.67;0;94;0;108;20.59123343527013;-0.93564355;-0.93564355
5.68;0;94;0;108;20.59123343527013;-0.93564355;-0.93564355
5.69;0;94;0;108;20.59123343527013;-0.93564355;-0.93564355
5.7;0;94;0;108;20.59123343527013;-0.93564355;-0.93564355
5.71;0;94;0;108;20.59123343527013;-0.93564355;-0.93564355
5.72;0;94;0;108;20.59123343527013;-0.93564355;-0.93564355
5.73;0;94;0;108;20.59123343527013;-0.93564355;-0.93564355
5.74;0;94;0;108;20.59123343527013;-0.93564355;-0.93564355
5.75;0;94;0;108;20.59123343527013;-0.93564355;-0.93564355
5.76;0;94;0;108;20.59123343527013;-0.93564355;-0.93564355
5.77;0;93;0;108;20.489296636085626;-1.0074627;-1.0074627
5.78;0;93;0;108;20.489296636085626;-1.0074627;-1.0074627
5.79;0;93;0;108;20.489296636085626;-1.0074627;-1.0074627
5.8;0;93;0;108;20.489296636085626;-1.0074627;-1.0074627
5.81;0;93;0;109;20.59123343527013;-1.069307;-1.069307
5.82;0;92;0;109;20.489296636085626;-1.141791;-1.141791
5.83;0;92;0;109;20.489296636085626;-1.141791;-1.141791
5.84;0;92;0;109;20.489296636085626;-1.141791;-1.141791
5.85;0;92;0;110;20.59123343527013;-1.2029703;-1.2029703
5.86;0;91;0;110;20.489296636085626;-1.2761194;-1.2761194
5.87;0;91;0;110;20.489296636085626;-1.2761194;-1.2761194
5.88;0;91;0;110;20.489296636085626;-1.2761194;-1.2761194
5.89;0;90;0;111;20.489296636085626;-1.4104477;-1.4104477
5.9;0;90;0;111;20.489296636085626;-1.4104477;-1.4104477
5.91;0;89;0;112;20.489296636085626;-1.5447761;-1.5447761
5.92;0;88;0;112;20.38735983690112;-1.62;-1.62
5.93;0;88;0;113;20.489296636085626;-1.6791044;-1.6791044
5.94;0;87;0;113;20.38735983690112;-1.755;-1.755
5.95;0;86;0;114;20.38735983690112;-1.89;-1.89
5.96;0;85;0;115;20.38735983690112;-2.025;-2.025
5.97;0;85;0;115;20.38735983690112;-2.025;-2.025
5.98;0;84;0;116;20.38735983690112;-2.16;-2.16
5.99;0;84;0;116;20.38735983690112;-2.16;-2.16
6.0;0;84;0;116;20.38735983690112;-2.16;-2.16
6.01;0;84;0;116;20.38735983690112;-2.16;-2.16
6.02;0;84;0;116;20.38735983690112;-2.16;-2.16
6.03;0;84;0;116;20.38735983690112;-2.16;-2.16
6.04;0;83;0;116;20.285423037716615;-2.2386935;-2.2386935
6.05;0;83;0;116;20.285423037716615;-2.2386935;-2.2386935
6.06;0;83;0;116;20.285423037716615;-2.2386935;-2.2386935
6.07;0;83;0;116;20.285423037716615;-2.2386935;-2.2386935
6.08;0;83;0;117;20.38735983690112;-2.295;-2.295
6.09;0;83;0;117;20.38735983690112;-2.295;-2.295
6.1;0;83;0;117;20.38735983690112;-2.295;-2.295
6.11;0;83;0;117;20.38735983690112;-2.295;-2.295
6.12;0;83;0;118;20.489296636085626;-2.3507462;-2.3507462
6.13;0;83;0;118;20.489296636085626;-2.3507462;-2.3507462
6.14;0;83;0;118;20.489296636085626;-2.3507462;-2.3507462
6.15;0;83;0;118;20.489296636085626;-2.3507462;-2.3507462
6.16;0;82;0;118;20.38735983690112;-2.43;-2.43
6.17;0;82;0;118;20.38735983690112;-2.43;-2.43
6.18;0;82;0;118;20.38735983690112;-2.43;-2.43
6.19;0;82;0;118;20.38735983690112;-2.43;-2.43
6.2;0;82;0;118;20.38735983690112;-2.43;-2.43
6.21;0;82;0;118;20.38735983690112;-2.43;-2.43
6.22;0;82;0;118;20.38735983690112;-2.43;-2.43
6.23;0;82;0;119;20.489296636085626;-2.4850745;-2.4850745
6.24;0;82;0;119;20.489296636085626;-2.4850745;-2.4850745
6.25;0;82;0;119;20.489296636085626;-2.4850745;-2.4850745
6.26;0;82;0;118;20.38735983690112;-2.43;-2.43
6.27;0;82;0;118;20.38735983690112;-2.43;-2.43
6.28;0;82;0;118;20.38735983690112;-2.43;-2.43
6.29;0;81;0;118;20.285423037716615;-2.5100503;-2.5100503
6.3;0;81;0;119;20.38735983690112;-2.565;-2.565
6.31;0;81;0;119;20.38735983690112;-2.565;-2.565
6.32;0;81;0;119;20.38735983690112;-2.565;-2.565
6.33;0;81;0;119;20.38735983690112;-2.565;-2.565
6.34;0;81;0;119;20.38735983690112;-2.565;-2.565
6.35;0;81;0;119;20.38735983690112;-2.565;-2.565
6.36;0;81;0;119;20.38735983690112;-2.565;-2.565
6.37;0;81;0;120;20.489296636085626;-2.619403;-2.619403
6.38;0;81;0;119;20.38735983690112;-2.565;-2.565
6.39;0;82;0;119;20.489296636085626;-2.4850745;-2.4850745
6.4;0;82;0;119;20.489296636085626;-2.4850745;-2.4850745
6.41;0;82;0;119;20.489296636085626;-2.4850745;-2.4850745
6.42;0;82;0;119;20.489296636085626;-2.4850745;-2.4850745
6.43;0;82;0;119;20.489296636085626;-2.4850745;-2.4850745
6.44;0;82;0;119;20.489296636085626;-2.4850745;-2.4850745
6.45;0;82;0;119;20.489296636085626;-2.4850745;-2.4850745
6.46;0;82;0;119;20.489296636085626;-2.4850745;-2.4850745
6.47;0;82;0;119;20.489296636085626;-2.4850745;-2.4850745
6.48;0;82;0;119;20.489296636085626;-2.4850745;-2.4850745
6.49;0;82;0;118;20.38735983690112;-2.43;-2.43
6.5;0;82;0;118;20.38735983690112;-2.43;-2.43
6.51;0;82;0;118;20.38735983690112;-2.43;-2.43
6.52;0;82;0;118;20.38735983690112;-2.43;-2.43
6.53;0;82;0;118;20.38735983690112;-2.43;-2.43
6.54;0;82;0;118;20.38735983690112;-2.43;-2.43
6.55;0;82;0;118;20.38735983690112;-2.43;-2.43
6.56;0;82;0;118;20.38735983690112;-2.43;-2.43
6.57;0;83;0;118;20.489296636085626;-2.3507462;-2.3507462
6.58;0;83;0;117;20.38735983690112;-2.295;-2.295
6.59;0;83;0;117;20.38735983690112;-2.295;-2.295
6.6;0;83;0;117;20.38735983690112;-2.295;-2.295
6.61;0;83;0;117;20.38735983690112;-2.295;-2.295
6.62;0;83;0;116;20.285423037716615;-2.2386935;-2.2386935
6.63;0;84;0;116;20.38735983690112;-2.16;-2.16
6.64;0;84;0;116;20.38735983690112;-2.16;-2.16
6.65;0;84;0;116;20.38735983690112;-2.16;-2.16
6.66;0;84;0;115;20.285423037716615;-2.1030152;-2.1030152
6.67;0;84;0;115;20.285423037716615;-2.1030152;-2.1030152
6.68;0;85;0;115;20.38735983690112;-2.025;-2.025
6.69;0;85;0;115;20.38735983690112;-2.025;-2.025
6.7;0;85;0;114;20.285423037716615;-1.9673367;-1.9673367
6.71;0;86;0;114;20.38735983690112;-1.89;-1.89
6.72;0;86;0;114;20.38735983690112;-1.89;-1.89
6.73;0;86;0;113;20.285423037716615;-1.8316582;-1.8316582
6.74;0;87;0;113;20.38735983690112;-1.755;-1.755
6.75;0;87;0;113;20.38735983690112;-1.755;-1.755
6.76;0;87;0;112;20.285423037716615;-1.69598;-1.69598
6.77;0;88;0;112;20.38735983690112;-1.62;-1.62
6.78;0;88;0;112;20.38735983690112;-1.62;-1.62
6.79;0;88;0;111;20.285423037716615;-1.5603015;-1.5603015
6.8;0;89;0;111;20.38735983690112;-1.485;-1.485
6.81;0;89;0;111;20.38735983690112;-1.485;-1.485
6.82;0;90;0;111;20.489296636085626;-1.4104477;-1.4104477
6.83;0;90;0;110;20.38735983690112;-1.35;-1.35
6.84;0;91;0;110;20.489296636085626;-1.2761194;-1.2761194
6.85;0;91;0;110;20.489296636085626;-1.2761194;-1.2761194
6.86;0;92;0;110;20.59123343527013;-1.2029703;-1.2029703
6.87;0;92;0;109;20.489296636085626;-1.141791;-1.141791
6.88;0;92;0;109;20.489296636085626;-1.141791;-1.141791
6.89;0;92;0;109;20.489296636085626;-1.141791;-1.141791
6.9;0;93;0;109;20.59123343527013;-1.069307;-1.069307
6.91;0;93;0;108;20.489296636085626;-1.0074627;-1.0074627
6.92;0;93;0;108;20.489296636085626;-1.0074627;-1.0074627
6.93;0;93;0;108;20.489296636085626;-1.0074627;-1.0074627
6.94;0;93;0;107;20.38735983690112;-0.945;-0.945
6.95;0;93;0;108;20.489296636085626;-1.0074627;-1.0074627
6.96;0;93;0;108;20.489296636085626;-1.0074627;-1.0074627
6.97;0;93;0;108;20.489296636085626;-1.0074627;-1.0074627
6.98;0;93;0;108;20.489296636085626;-1.0074627;-1.0074627
6.99;0;93;0;108;20.489296636085626;-1.0074627;-1.0074627
7.0;0;93;0;108;20.489296636085626;-1.0074627;-1.0074627
7.01;0;93;0;108;20.489296636085626;-1.0074627;-1.0074627
7.02;0;94;0;108;20.59123343527013;-0.93564355;-0.93564355
7.03;0;94;0;108;20.59123343527013;-0.93564355;-0.93564355
7.04;0;94;0;108;20.59123343527013;-0.93564355;-0.93564355
7.05;0;94;0;108;20.59123343527013;-0.93564355;-0.93564355
7.06;0;95;0;108;20.693170234454637;-0.864532;-0.864532
7.07;0;95;0;108;20.693170234454637;-0.864532;-0.864532
7.08;0;95;0;107;20.59123343527013;-0.8019802;-0.8019802
7.09;0;95;0;107;20.59123343527013;-0.8019802;-0.8019802
7.1;0;96;0;107;20.693170234454637;-0.7315271;-0.7315271
7.11;0;96;0;107;20.693170234454637;-0.7315271;-0.7315271
7.12;0;97;0;107;20.79510703363914;-0.6617647;-0.6617647
7.13;0;97;0;106;20.693170234454637;-0.5985222;-0.5985222
7.14;0;98;0;106;20.79510703363914;-0.5294118;-0.5294118
7.15;0;98;0;106;20.79510703363914;-0.5294118;-0.5294118
7.16;0;99;0;105;20.79510703363914;-0.3970588;-0.3970588
7.17;0;99;0;105;20.79510703363914;-0.3970588;-0.3970588
7.18;0;99;0;105;20.79510703363914;-0.3970588;-0.3970588
7.19;0;100;0;104;20.79510703363914;-0.2647059;-0.2647059
7.2;0;100;0;104;20.79510703363914;-0.2647059;-0.2647059
7.21;0;100;0;104;20.79510703363914;-0.2647059;-0.2647059
7.22;0;100;0;104;20.79510703363914;-0.2647059;-0.2647059
7.23;0;101;0;104;20.89704383282365;-0.19756098;-0.19756098
7.24;0;101;0;104;20.89704383282365;-0.19756098;-0.19756098
7.25;0;101;0;104;20.89704383282365;-0.19756098;-0.19756098
7.26;0;101;0;104;20.89704383282365;-0.19756098;-0.19756098
7.27;0;101;0;104;20.89704383282365;-0.19756098;-0.19756098
7.28;0;101;0;104;20.89704383282365;-0.19756098;-0.19756098
7.29;0;101;0;104;20.89704383282365;-0.19756098;-0.19756098
7.3;0;101;0;104;20.89704383282365;-0.19756098;-0.19756098
7.31;0;101;0;104;20.89704383282365;-0.19756098;-0.19756098
7.32;0;101;0;103;20.79510703363914;-0.13235295;-0.13235295
7.33;0;101;0;103;20.79510703363914;-0.13235295;-0.13235295
7.34;0;102;0;103;20.89704383282365;-0.065853655;-0.065853655
7.35;0;102;0;103;20.89704383282365;-0.065853655;-0.065853655
7.36;0;102;0;103;20.89704383282365;-0.065853655;-0.065853655
7.37;0;102;0;103;20.89704383282365;-0.065853655;-0.065853655
7.38;0;102;0;103;20.89704383282365;-0.065853655;-0.065853655
7.39;0;102;0;103;20.89704383282365;-0.065853655;-0.065853655
7.4;0;102;0;103;20.89704383282365;-0.065853655;-0.065853655
7.41;0;102;0;103;20.89704383282365;-0.065853655;-0.065853655
7.42;0;102;0;103;20.89704383282365;-0.065853655;-0.065853655
7.43;0;103;0;103;20.998980632008156;0.0;0.0
7.44;0;103;0;103;20.998980632008156;0.0;0.0
7.45;0;103;0;103;20.998980632008156;0.0;0.0
7.46;0;103;0;102;20.89704383282365;0.065853655;0.065853655
7.47;0;104;0;102;20.998980632008156;0.13106796;0.13106796
7.48;0;104;0;102;20.998980632008156;0.13106796;0.13106796
7.49;0;104;0;102;20.998980632008156;0.13106796;0.13106796
7.5;0;104;0;102;20.998980632008156;0.13106796;0.13106796
7.51;0;104;0;102;20.998980632008156;0.13106796;0.13106796
7.52;0;104;0;102;20.998980632008156;0.13106796;0.13106796
7.53;0;104;0;102;20.998980632008156;0.13106796;0.13106796
7.54;0;104;0;102;20.998980632008156;0.13106796;0.13106796
7.55;0;104;0;102;20.998980632008156;0.13106796;0.13106796
7.56;0;104;0;102;20.998980632008156;0.13106796;0.13106796
7.57;0;104;0;102;20.998980632008156;0.13106796;0.13106796
7.58;0;104;0;101;20.89704383282365;0.19756098;0.19756098
7.59;0;104;0;101;20.89704383282365;0.19756098;0.19756098
7.6;0;104;0;101;20.89704383282365;0.19756098;0.19756098
7.61;0;105;0;101;20.998980632008156;0.26213592;0.26213592
7.62;0;105;0;101;20.998980632008156;0.26213592;0.26213592
7.63;0;105;0;101;20.998980632008156;0.26213592;0.26213592
7.64;0;105;0;101;20.998980632008156;0.26213592;0.26213592
7.65;0;105;0;101;20.998980632008156;0.26213592;0.26213592
7.66;0;105;0;101;20.998980632008156;0.26213592;0.26213592
7.67;0;106;0;101;21.10091743119266;0.32608697;0.32608697
7.68;0;106;0;101;21.10091743119266;0.32608697;0.32608697
7.69;0;106;0;101;21.10091743119266;0.32608697;0.32608697
7.7;0;106;0;101;21.10091743119266;0.32608697;0.32608697
7.71;0;106;0;101;21.10091743119266;0.32608697;0.32608697
7.72;0;106;0;101;21.10091743119266;0.32608697;0.32608697
7.73;0;106;0;101;21.10091743119266;0.32608697;0.32608697
7.74;0;106;0;101;21.10091743119266;0.32608697;0.32608697
7.75;0;106;0;101;21.10091743119266;0.32608697;0.32608697
7.76;0;106;0;101;21.10091743119266;0.32608697;0.32608697
7.77;0;106;0;101;21.10091743119266;0.32608697;0.32608697
7.78;0;106;0;101;21.10091743119266;0.32608697;0.32608697
7.79;0;106;0;101;21.10091743119266;0.32608697;0.32608697
7.8;0;106;0;101;21.10091743119266;0.32608697;0.32608697
7.81;0;106;0;102;21.202854230377167;0.2596154;0.2596154
7.82;0;106;0;102;21.202854230377167;0.2596154;0.2596154
7.83;0;106;0;102;21.202854230377167;0.2596154;0.2596154
7.84;0;106;0;102;21.202854230377167;0.2596154;0.2596154
7.85;0;105;0;103;21.202854230377167;0.1298077;0.1298077
7.86;0;105;0;103;21.202854230377167;0.1298077;0.1298077
7.87;0;105;0;103;21.202854230377167;0.1298077;0.1298077
7.88;0;105;0;103;21.202854230377167;0.1298077;0.1298077
7.89;0;105;0;104;21.30479102956167;0.0645933;0.0645933
7.9;0;105;0;104;21.30479102956167;0.0645933;0.0645933
7.91;0;105;0;104;21.30479102956167;0.0645933;0.0645933
7.92;0;105;0;104;21.30479102956167;0.0645933;0.0645933
7.93;0;105;0;104;21.30479102956167;0.0645933;0.0645933
7.94;0;105;0;104;21.30479102956167;0.0645933;0.0645933
7.95;0;105;0;104;21.30479102956167;0.0645933;0.0645933
7.96;0;105;0;104;21.30479102956167;0.0645933;0.0645933
7.97;0;105;0;105;21.406727828746178;0.0;0.0
7.98;0;105;0;105;21.406727828746178;0.0;0.0
7.99;0;105;0;105;21.406727828746178;0.0;0.0
8.0;0;105;0;105;21.406727828746178;0.0;0.0
8.01;0;105;0;104;21.30479102956167;0.0645933;0.0645933
8.02;0;105;0;104;21.30479102956167;0.0645933;0.0645933
8.03;0;105;0;104;21.30479102956167;0.0645933;0.0645933
8.04;0;105;0;104;21.30479102956167;0.0645933;0.0645933
8.05;0;105;0;104;21.30479102956167;0.0645933;0.0645933
8.06;0;105;0;104;21.30479102956167;0.0645933;0.0645933
8.07;0;105;0;104;21.30479102956167;0.0645933;0.0645933
8.08;0;105;0;104;21.30479102956167;0.0645933;0.0645933
8.09;0;105;0;104;21.30479102956167;0.0645933;0.0645933
8.1;0;105;0;104;21.30479102956167;0.0645933;0.0645933
8.11;0;105;0;105;21.406727828746178;0.0;0.0
8.12;0;105;0;105;21.406727828746178;0.0;0.0
8.13;0;105;0;105;21.406727828746178;0.0;0.0
8.14;0;104;0;105;21.30479102956167;-0.0645933;-0.0645933
8.15;0;104;0;105;21.30479102956167;-0.0645933;-0.0645933
8.16;0;104;0;105;21.30479102956167;-0.0645933;-0.0645933
8.17;0;104;0;105;21.30479102956167;-0.0645933;-0.0645933
8.18;0;104;0;105;21.30479102956167;-0.0645933;-0.0645933
8.19;0;104;0;105;21.30479102956167;-0.0645933;-0.0645933
8.2;0;104;0;105;21.30479102956167;-0.0645933;-0.0645933
8.21;0;103;0;105;21.202854230377167;-0.1298077;-0.1298077
8.22;0;103;0;105;21.202854230377167;-0.1298077;-0.1298077
8.23;0;103;0;105;21.202854230377167;-0.1298077;-0.1298077
8.24;0;103;0;105;21.202854230377167;-0.1298077;-0.1298077
8.25;0;102;0;105;21.10091743119266;-0.19565217;-0.19565217
8.26;0;102;0;105;21.10091743119266;-0.19565217;-0.19565217
8.27;0;102;0;105;21.10091743119266;-0.19565217;-0.19565217
8.28;0;102;0;105;21.10091743119266;-0.19565217;-0.19565217
8.29;0;101;0;105;20.998980632008156;-0.26213592;-0.26213592
8.3;0;101;0;106;21.10091743119266;-0.32608697;-0.32608697
8.31;0;101;0;106;21.10091743119266;-0.32608697;-0.32608697
8.32;0;101;0;106;21.10091743119266;-0.32608697;-0.32608697
8.33;0;100;0;107;21.10091743119266;-0.45652175;-0.45652175
8.34;0;100;0;107;21.10091743119266;-0.45652175;-0.45652175
8.35;0;100;0;107;21.10091743119266;-0.45652175;-0.45652175
8.36;0;100;0;107;21.10091743119266;-0.45652175;-0.45652175
8.37;0;100;0;108;21.202854230377167;-0.5192308;-0.5192308
8.38;0;99;0;108;21.10091743119266;-0.5869565;-0.5869565
8.39;0;99;0;108;21.10091743119266;-0.5869565;-0.5869565
8.4;0;99;0;108;21.10091743119266;-0.5869565;-0.5869565
8.41;0;99;0;108;21.10091743119266;-0.5869565;-0.5869565
8.42;0;99;0;108;21.10091743119266;-0.5869565;-0.5869565
8.43;0;99;0;108;21.10091743119266;-0.5869565;-0.5869565
8.44;0;98;0;109;21.10091743119266;-0.7173913;-0.7173913
8.45;0;98;0;109;21.10091743119266;-0.7173913;-0.7173913
8.46;0;98;0;109;21.10091743119266;-0.7173913;-0.7173913
8.47;0;98;0;109;21.10091743119266;-0.7173913;-0.7173913
8.48;0;98;0;109;21.10091743119266;-0.7173913;-0.7173913
8.49;0;98;0;109;21.10091743119266;-0.7173913;-0.7173913
8.5;0;98;0;109;21.10091743119266;-0.7173913;-0.7173913
8.51;0;98;0;109;21.10091743119266;-0.7173913;-0.7173913
8.52;0;98;0;109;21.10091743119266;-0.7173913;-0.7173913
8.53;0;98;0;108;20.998980632008156;-0.6553398;-0.6553398
8.54;0;98;0;108;20.998980632008156;-0.6553398;-0.6553398
8.55;0;99;0;108;21.10091743119266;-0.5869565;-0.5869565
8.56;0;99;0;108;21.10091743119266;-0.5869565;-0.5869565
8.57;0;99;0;108;21.10091743119266;-0.5869565;-0.5869565
8.58;0;99;0;108;21.10091743119266;-0.5869565;-0.5869565
8.59;0;99;0;107;20.998980632008156;-0.52427185;-0.52427185
8.6;0;100;0;107;21.10091743119266;-0.45652175;-0.45652175
8.61;0;100;0;107;21.10091743119266;-0.45652175;-0.45652175
8.62;0;100;0;107;21.10091743119266;-0.45652175;-0.45652175
8.63;0;100;0;107;21.10091743119266;-0.45652175;-0.45652175
8.64;0;101;0;106;21.10091743119266;-0.32608697;-0.32608697
8.65;0;101;0;106;21.10091743119266;-0.32608697;-0.32608697
8.66;0;101;0;106;21.10091743119266;-0.32608697;-0.32608697
8.67;0;101;0;106;21.10091743119266;-0.32608697;-0.32608697
8.68;0;101;0;106;21.10091743119266;-0.32608697;-0.32608697
8.69;0;101;0;106;21.10091743119266;-0.32608697;-0.32608697
8.7;0;101;0;106;21.10091743119266;-0.32608697;-0.32608697
8.71;0;101;0;106;21.10091743119266;-0.32608697;-0.32608697
8.72;0;101;0;106;21.10091743119266;-0.32608697;-0.32608697
8.73;0;102;0;106;21.202854230377167;-0.2596154;-0.2596154
8.74;0;102;0;106;21.202854230377167;-0.2596154;-0.2596154
8.75;0;102;0;106;21.202854230377167;-0.2596154;-0.2596154
8.76;0;102;0;106;21.202854230377167;-0.2596154;-0.2596154
8.77;0;102;0;106;21.202854230377167;-0.2596154;-0.2596154
8.78;0;102;0;106;21.202854230377167;-0.2596154;-0.2596154
8.79;0;102;0;106;21.202854230377167;-0.2596154;-0.2596154
8.8;0;102;0;106;21.202854230377167;-0.2596154;-0.2596154
8.81;0;102;0;106;21.202854230377167;-0.2596154;-0.2596154
8.82;0;102;0;106;21.202854230377167;-0.2596154;-0.2596154
8.83;0;102;0;106;21.202854230377167;-0.2596154;-0.2596154
8.84;0;102;0;106;21.202854230377167;-0.2596154;-0.2596154
8.85;0;102;0;107;21.30479102956167;-0.32296652;-0.32296652
8.86;0;102;0;107;21.30479102956167;-0.32296652;-0.32296652
8.87;0;102;0;107;21.30479102956167;-0.32296652;-0.32296652
8.88;0;102;0;107;21.30479102956167;-0.32296652;-0.32296652
8.89;0;102;0;107;21.30479102956167;-0.32296652;-0.32296652
8.9;0;102;0;106;21.202854230377167;-0.2596154;-0.2596154
8.91;0;101;0;106;21.10091743119266;-0.32608697;-0.32608697
8.92;0;101;0;106;21.10091743119266;-0.32608697;-0.32608697
8.93;0;101;0;106;21.10091743119266;-0.32608697;-0.32608697
8.94;0;101;0;106;21.10091743119266;-0.32608697;-0.32608697
8.95;0;101;0;106;21.10091743119266;-0.32608697;-0.32608697
8.96;0;101;0;106;21.10091743119266;-0.32608697;-0.32608697
8.97;0;101;0;106;21.10091743119266;-0.32608697;-0.32608697
8.98;0;101;0;106;21.10091743119266;-0.32608697;-0.32608697
8.99;0;101;0;106;21.10091743119266;-0.32608697;-0.32608697
9.0;0;101;0;107;21.202854230377167;-0.38942307;-0.38942307
9.01;0;101;0;107;21.202854230377167;-0.38942307;-0.38942307
9.02;0;101;0;106;21.10091743119266;-0.32608697;-0.32608697
9.03;0;101;0;106;21.10091743119266;-0.32608697;-0.32608697
9.04;0;101;0;106;21.10091743119266;-0.32608697;-0.32608697
9.05;0;101;0;106;21.10091743119266;-0.32608697;-0.32608697
9.06;0;102;0;105;21.10091743119266;-0.19565217;-0.19565217
9.07;0;102;0;105;21.10091743119266;-0.19565217;-0.19565217
9.08;0;102;0;105;21.10091743119266;-0.19565217;-0.19565217
9.09;0;102;0;105;21.10091743119266;-0.19565217;-0.19565217
9.1;0;102;0;105;21.10091743119266;-0.19565217;-0.19565217
9.11;0;102;0;104;20.998980632008156;-0.13106796;-0.13106796
9.12;0;102;0;104;20.998980632008156;-0.13106796;-0.13106796
9.13;0;102;0;104;20.998980632008156;-0.13106796;-0.13106796
9.14;0;103;0;104;21.10091743119266;-0.06521739;-0.06521739
9.15;0;103;0;104;21.10091743119266;-0.06521739;-0.06521739
9.16;0;103;0;104;21.10091743119266;-0.06521739;-0.06521739
9.17;0;103;0;103;20.998980632008156;0.0;0.0
9.18;0;103;0;103;20.998980632008156;0.0;0.0
9.19;0;104;0;103;21.10091743119266;0.06521739;0.06521739
9.2;0;104;0;103;21.10091743119266;0.06521739;0.06521739
9.21;0;104;0;103;21.10091743119266;0.06521739;0.06521739
9.22;0;104;0;103;21.10091743119266;0.06521739;0.06521739
9.23;0;104;0;103;21.10091743119266;0.06521739;0.06521739
9.24;0;104;0;103;21.10091743119266;0.06521739;0.06521739
9.25;0;105;0;103;21.202854230377167;0.1298077;0.1298077
9.26;0;105;0;103;21.202854230377167;0.1298077;0.1298077
9.27;0;105;0;103;21.202854230377167;0.1298077;0.1298077
9.28;0;105;0;103;21.202854230377167;0.1298077;0.1298077
9.29;0;105;0;103;21.202854230377167;0.1298077;0.1298077
9.3;0;105;0;103;21.202854230377167;0.1298077;0.1298077
9.31;0;105;0;103;21.202854230377167;0.1298077;0.1298077
9.32;0;105;0;103;21.202854230377167;0.1298077;0.1298077
9.33;0;105;0;102;21.10091743119266;0.19565217;0.19565217
9.34;0;105;0;102;21.10091743119266;0.19565217;0.19565217
9.35;0;105;0;102;21.10091743119266;0.19565217;0.19565217
9.36;0;105;0;102;21.10091743119266;0.19565217;0.19565217
9.37;0;105;0;102;21.10091743119266;0.19565217;0.19565217
9.38;0;105;0;102;21.10091743119266;0.19565217;0.19565217
9.39;0;105;0;102;21.10091743119266;0.19565217;0.19565217
9.4;0;105;0;102;21.10091743119266;0.19565217;0.19565217
9.41;0;105;0;102;21.10091743119266;0.19565217;0.19565217
9.42;0;105;0;102;21.10091743119266;0.19565217;0.19565217
9.43;0;104;0;102;20.998980632008156;0.13106796;0.13106796
9.44;0;104;0;102;20.998980632008156;0.13106796;0.13106796
9.45;0;104;0;102;20.998980632008156;0.13106796;0.13106796
9.46;0;104;0;102;20.998980632008156;0.13106796;0.13106796
9.47;0;104;0;103;21.10091743119266;0.06521739;0.06521739
9.48;0;103;0;103;20.998980632008156;0.0;0.0
9.49;0;103;0;103;20.998980632008156;0.0;0.0
9.5;0;103;0;103;20.998980632008156;0.0;0.0
9.51;0;103;0;103;20.998980632008156;0.0;0.0
9.52;0;103;0;103;20.998980632008156;0.0;0.0
9.53;0;103;0;103;20.998980632008156;0.0;0.0
9.54;0;103;0;103;20.998980632008156;0.0;0.0
9.55;0;104;0;103;21.10091743119266;0.06521739;0.06521739
9.56;0;104;0;103;21.10091743119266;0.06521739;0.06521739
9.57;0;104;0;103;21.10091743119266;0.06521739;0.06521739
9.58;0;104;0;103;21.10091743119266;0.06521739;0.06521739
9.59;0;104;0;102;20.998980632008156;0.13106796;0.13106796
9.6;0;105;0;102;21.10091743119266;0.19565217;0.19565217
9.61;0;105;0;102;21.10091743119266;0.19565217;0.19565217
9.62;0;105;0;101;20.998980632008156;0.26213592;0.26213592
9.63;0;105;0;101;20.998980632008156;0.26213592;0.26213592
9.64;0;105;0;101;20.998980632008156;0.26213592;0.26213592
9.65;0;106;0;101;21.10091743119266;0.32608697;0.32608697
9.66;0;106;0;101;21.10091743119266;0.32608697;0.32608697
9.67;0;106;0;101;21.10091743119266;0.32608697;0.32608697
9.68;0;106;0;101;21.10091743119266;0.32608697;0.32608697
9.69;0;106;0;101;21.10091743119266;0.32608697;0.32608697
9.7;0;106;0;101;21.10091743119266;0.32608697;0.32608697
9.71;0;107;0;101;21.202854230377167;0.38942307;0.38942307
9.72;0;107;0;101;21.202854230377167;0.38942307;0.38942307
9.73;0;107;0;102;21.30479102956167;0.32296652;0.32296652
9.74;0;107;0;102;21.30479102956167;0.32296652;0.32296652
9.75;0;107;0;101;21.202854230377167;0.38942307;0.38942307
9.76;0;107;0;101;21.202854230377167;0.38942307;0.38942307
9.77;0;107;0;101;21.202854230377167;0.38942307;0.38942307
9.78;0;107;0;101;21.202854230377167;0.38942307;0.38942307
9.79;0;107;0;101;21.202854230377167;0.38942307;0.38942307
9.8;0;107;0;101;21.202854230377167;0.38942307;0.38942307
9.81;0;108;0;101;21.30479102956167;0.45215312;0.45215312
9.82;0;108;0;101;21.30479102956167;0.45215312;0.45215312
9.83;0;108;0;101;21.30479102956167;0.45215312;0.45215312
9.84;0;108;0;101;21.30479102956167;0.45215312;0.45215312
9.85;0;108;0;101;21.30479102956167;0.45215312;0.45215312
9.86;0;108;0;101;21.30479102956167;0.45215312;0.45215312
9.87;0;108;0;101;21.30479102956167;0.45215312;0.45215312
9.88;0;108;0;101;21.30479102956167;0.45215312;0.45215312
9.89;0;108;0;101;21.30479102956167;0.45215312;0.45215312
9.9;0;108;0;101;21.30479102956167;0.45215312;0.45215312
9.91;0;108;0;101;21.30479102956167;0.45215312;0.45215312
9.92;0;108;0;101;21.30479102956167;0.45215312;0.45215312
9.93;0;107;0;101;21.202854230377167;0.38942307;0.38942307
9.94;0;107;0;101;21.202854230377167;0.38942307;0.38942307
9.95;0;107;0;101;21.202854230377167;0.38942307;0.38942307
9.96;0;107;0;101;21.202854230377167;0.38942307;0.38942307
9.97;0;106;0;101;21.10091743119266;0.32608697;0.32608697
9.98;0;106;0;102;21.202854230377167;0.2596154;0.2596154
9.99;0;106;0;102;21.202854230377167;0.2596154;0.2596154
10.0;0;106;0;102;21.202854230377167;0.2596154;0.2596154
10.01;0;106;0;103;21.30479102956167;0.1937799;0.1937799
10.02;0;105;0;103;21.202854230377167;0.1298077;0.1298077
10.03;0;105;0;103;21.202854230377167;0.1298077;0.1298077
10.04;0;106;0;103;21.30479102956167;0.1937799;0.1937799
10.05;0;106;0;103;21.30479102956167;0.1937799;0.1937799
10.06;0;106;0;103;21.30479102956167;0.1937799;0.1937799
10.07;0;106;0;103;21.30479102956167;0.1937799;0.1937799
10.08;0;106;0;103;21.30479102956167;0.1937799;0.1937799
10.09;0;106;0;103;21.30479102956167;0.1937799;0.1937799
10.1;0;106;0;103;21.30479102956167;0.1937799;0.1937799
10.11;0;106;0;102;21.202854230377167;0.2596154;0.2596154
10.12;0;106;0;102;21.202854230377167;0.2596154;0.2596154
10.13;0;106;0;102;21.202854230377167;0.2596154;0.2596154
10.14;0;106;0;102;21.202854230377167;0.2596154;0.2596154
10.15;0;107;0;102;21.30479102956167;0.32296652;0.32296652
10.16;0;107;0;102;21.30479102956167;0.32296652;0.32296652
10.17;0;107;0;102;21.30479102956167;0.32296652;0.32296652
10.18;0;107;0;102;21.30479102956167;0.32296652;0.32296652
10.19;0;107;0;102;21.30479102956167;0.32296652;0.32296652
10.2;0;108;0;101;21.30479102956167;0.45215312;0.45215312
10.21;0;108;0;101;21.30479102956167;0.45215312;0.45215312
10.22;0;108;0;101;21.30479102956167;0.45215312;0.45215312
10.23;0;109;0;101;21.406727828746178;0.51428574;0.51428574
10.24;0;109;0;100;21.30479102956167;0.5813397;0.5813397
10.25;0;109;0;100;21.30479102956167;0.5813397;0.5813397
10.26;0;109;0;100;21.30479102956167;0.5813397;0.5813397
10.27;0;110;0;100;21.406727828746178;0.64285713;0.64285713
10.28;0;110;0;100;21.406727828746178;0.64285713;0.64285713
10.29;0;110;0;100;21.406727828746178;0.64285713;0.64285713
10.3;0;110;0;99;21.30479102956167;0.7105263;0.7105263
10.31;0;110;0;99;21.30479102956167;0.7105263;0.7105263
10.32;0;110;0;99;21.30479102956167;0.7105263;0.7105263
10.33;0;110;0;99;21.30479102956167;0.7105263;0.7105263
10.34;0;110;0;99;21.30479102956167;0.7105263;0.7105263
10.35;0;110;0;99;21.30479102956167;0.7105263;0.7105263
10.36;0;110;0;99;21.30479102956167;0.7105263;0.7105263
10.37;0;110;0;99;21.30479102956167;0.7105263;0.7105263
10.38;0;110;0;99;21.30479102956167;0.7105263;0.7105263
10.39;0;110;0;99;21.30479102956167;0.7105263;0.7105263
10.4;0;110;0;100;21.406727828746178;0.64285713;0.64285713
10.41;0;110;0;100;21.406727828746178;0.64285713;0.64285713
10.42;0;110;0;100;21.406727828746178;0.64285713;0.64285713
10.43;0;110;0;100;21.406727828746178;0.64285713;0.64285713
10.44;0;110;0;100;21.406727828746178;0.64285713;0.64285713
10.45;0;110;0;100;21.406727828746178;0.64285713;0.64285713
10.46;0;110;0;100;21.406727828746178;0.64285713;0.64285713
10.47;0;110;0;100;21.406727828746178;0.64285713;0.64285713
10.48;0;109;0;100;21.30479102956167;0.5813397;0.5813397
10.49;0;109;0;100;21.30479102956167;0.5813397;0.5813397
10.5;0;109;0;101;21.406727828746178;0.51428574;0.51428574
10.51;0;109;0;101;21.406727828746178;0.51428574;0.51428574
10.52;0;109;0;101;21.406727828746178;0.51428574;0.51428574
10.53;0;109;0;101;21.406727828746178;0.51428574;0.51428574
10.54;0;108;0;101;21.30479102956167;0.45215312;0.45215312
10.55;0;108;0;101;21.30479102956167;0.45215312;0.45215312
10.56;0;108;0;102;21.406727828746178;0.3857143;0.3857143
10.57;0;108;0;102;21.406727828746178;0.3857143;0.3857143
10.58;0;108;0;102;21.406727828746178;0.3857143;0.3857143
10.59;0;108;0;102;21.406727828746178;0.3857143;0.3857143
10.6;0;108;0;102;21.406727828746178;0.3857143;0.3857143
10.61;0;108;0;102;21.406727828746178;0.3857143;0.3857143
10.62;0;108;0;102;21.406727828746178;0.3857143;0.3857143
10.63;0;108;0;102;21.406727828746178;0.3857143;0.3857143
10.64;0;108;0;102;21.406727828746178;0.3857143;0.3857143
10.65;0;108;0;102;21.406727828746178;0.3857143;0.3857143
10.66;0;108;0;102;21.406727828746178;0.3857143;0.3857143
10.67;0;108;0;102;21.406727828746178;0.3857143;0.3857143
10.68;0;108;0;102;21.406727828746178;0.3857143;0.3857143
10.69;0;108;0;102;21.406727828746178;0.3857143;0.3857143
10.7;0;108;0;102;21.406727828746178;0.3857143;0.3857143
10.71;0;108;0;102;21.406727828746178;0.3857143;0.3857143
10.72;0;107;0;102;21.30479102956167;0.32296652;0.32296652
10.73;0;107;0;102;21.30479102956167;0.32296652;0.32296652
10.74;0;107;0;102;21.30479102956167;0.32296652;0.32296652
10.75;0;107;0;103;21.406727828746178;0.25714287;0.25714287
10.76;0;107;0;103;21.406727828746178;0.25714287;0.25714287
10.77;0;107;0;103;21.406727828746178;0.25714287;0.25714287
10.78;0;107;0;103;21.406727828746178;0.25714287;0.25714287
10.79;0;107;0;103;21.406727828746178;0.25714287;0.25714287
10.8;0;107;0;103;21.406727828746178;0.25714287;0.25714287
10.81;0;107;0;103;21.406727828746178;0.25714287;0.25714287
10.82;0;107;0;103;21.406727828746178;0.25714287;0.25714287
10.83;0;107;0;103;21.406727828746178;0.25714287;0.25714287
10.84;0;107;0;103;21.406727828746178;0.25714287;0.25714287
10.85;0;107;0;103;21.406727828746178;0.25714287;0.25714287
10.86;0;107;0;103;21.406727828746178;0.25714287;0.25714287
10.87;0;107;0;103;21.406727828746178;0.25714287;0.25714287
10.88;0;107;0;103;21.406727828746178;0.25714287;0.25714287
10.89;0;107;0;103;21.406727828746178;0.25714287;0.25714287
10.9;0;106;0;103;21.30479102956167;0.1937799;0.1937799
10.91;0;106;0;103;21.30479102956167;0.1937799;0.1937799
10.92;0;106;0;103;21.30479102956167;0.1937799;0.1937799
10.93;0;106;0;103;21.30479102956167;0.1937799;0.1937799
10.94;0;106;0;102;21.202854230377167;0.2596154;0.2596154
10.95;0;106;0;102;21.202854230377167;0.2596154;0.2596154
10.96;0;106;0;102;21.202854230377167;0.2596154;0.2596154
10.97;0;106;0;102;21.202854230377167;0.2596154;0.2596154
10.98;0;106;0;102;21.202854230377167;0.2596154;0.2596154
10.99;0;106;0;103;21.30479102956167;0.1937799;0.1937799
11.0;0;106;0;103;21.30479102956167;0.1937799;0.1937799
11.01;0;106;0;102;21.202854230377167;0.2596154;0.2596154
11.02;0;106;0;102;21.202854230377167;0.2596154;0.2596154
11.03;0;105;0;102;21.10091743119266;0.19565217;0.19565217
11.04;0;105;0;102;21.10091743119266;0.19565217;0.19565217
11.05;0;105;0;102;21.10091743119266;0.19565217;0.19565217
11.06;0;105;0;102;21.10091743119266;0.19565217;0.19565217
11.07;0;105;0;102;21.10091743119266;0.19565217;0.19565217
11.08;0;105;0;102;21.10091743119266;0.19565217;0.19565217
11.09;0;104;0;102;20.998980632008156;0.13106796;0.13106796
11.1;0;104;0;102;20.998980632008156;0.13106796;0.13106796
11.11;0;104;0;103;21.10091743119266;0.06521739;0.06521739
11.12;0;104;0;103;21.10091743119266;0.06521739;0.06521739
11.13;0;104;0;103;21.10091743119266;0.06521739;0.06521739
11.14;0;104;0;103;21.10091743119266;0.06521739;0.06521739
11.15;0;104;0;103;21.10091743119266;0.06521739;0.06521739
11.16;0;104;0;103;21.10091743119266;0.06521739;0.06521739
11.17;0;104;0;103;21.10091743119266;0.06521739;0.06521739
11.18;0;104;0;103;21.10091743119266;0.06521739;0.06521739
11.19;0;104;0;103;21.10091743119266;0.06521739;0.06521739
11.2;0;104;0;103;21.10091743119266;0.06521739;0.06521739
11.21;0;104;0;103;21.10091743119266;0.06521739;0.06521739
11.22;0;104;0;103;21.10091743119266;0.06521739;0.06521739
11.23;0;104;0;103;21.10091743119266;0.06521739;0.06521739
11.24;0;104;0;103;21.10091743119266;0.06521739;0.06521739
11.25;0;104;0;103;21.10091743119266;0.06521739;0.06521739
11.26;0;104;0;103;21.10091743119266;0.06521739;0.06521739
11.27;0;104;0;103;21.10091743119266;0.06521739;0.06521739
11.28;0;103;0;104;21.10091743119266;-0.06521739;-0.06521739
11.29;0;103;0;104;21.10091743119266;-0.06521739;-0.06521739
11.3;0;103;0;104;21.10091743119266;-0.06521739;-0.06521739
11.31;0;103;0;104;21.10091743119266;-0.06521739;-0.06521739
11.32;0;103;0;104;21.10091743119266;-0.06521739;-0.06521739
11.33;0;102;0;105;21.10091743119266;-0.19565217;-0.19565217
11.34;0;102;0;105;21.10091743119266;-0.19565217;-0.19565217
11.35;0;102;0;105;21.10091743119266;-0.19565217;-0.19565217
11.36;0;102;0;105;21.10091743119266;-0.19565217;-0.19565217
11.37;0;102;0;106;21.202854230377167;-0.2596154;-0.2596154
11.38;0;101;0;106;21.10091743119266;-0.32608697;-0.32608697
11.39;0;101;0;106;21.10091743119266;-0.32608697;-0.32608697
11.4;0;101;0;106;21.10091743119266;-0.32608697;-0.32608697
11.41;0;101;0;107;21.202854230377167;-0.38942307;-0.38942307
11.42;0;101;0;107;21.202854230377167;-0.38942307;-0.38942307
11.43;0;101;0;107;21.202854230377167;-0.38942307;-0.38942307
11.44;0;101;0;107;21.202854230377167;-0.38942307;-0.38942307
11.45;0;100;0;107;21.10091743119266;-0.45652175;-0.45652175
11.46;0;100;0;107;21.10091743119266;-0.45652175;-0.45652175
11.47;0;100;0;107;21.10091743119266;-0.45652175;-0.45652175
11.48;0;100;0;107;21.10091743119266;-0.45652175;-0.45652175
11.49;0;100;0;107;21.10091743119266;-0.45652175;-0.45652175
11.5;0;100;0;107;21.10091743119266;-0.45652175;-0.45652175
11.51;0;100;0;107;21.10091743119266;-0.45652175;-0.45652175
11.52;0;100;0;107;21.10091743119266;-0.45652175;-0.45652175
11.53;0;100;0;107;21.10091743119266;-0.45652175;-0.45652175
11.54;0;100;0;107;21.10091743119266;-0.45652175;-0.45652175
11.55;0;100;0;107;21.10091743119266;-0.45652175;-0.45652175
11.56;0;101;0;107;21.202854230377167;-0.38942307;-0.38942307
11.57;0;101;0;108;21.30479102956167;-0.45215312;-0.45215312
11.58;0;101;0;108;21.30479102956167;-0.45215312;-0.45215312
11.59;0;101;0;108;21.30479102956167;-0.45215312;-0.45215312
11.6;0;101;0;107;21.202854230377167;-0.38942307;-0.38942307
11.61;0;101;0;107;21.202854230377167;-0.38942307;-0.38942307
11.62;0;101;0;107;21.202854230377167;-0.38942307;-0.38942307
11.63;0;101;0;107;21.202854230377167;-0.38942307;-0.38942307
11.64;0;101;0;107;21.202854230377167;-0.38942307;-0.38942307
11.65;0;101;0;107;21.202854230377167;-0.38942307;-0.38942307
11.66;0;101;0;107;21.202854230377167;-0.38942307;-0.38942307
11.67;0;101;0;107;21.202854230377167;-0.38942307;-0.38942307
11.68;0;101;0;107;21.202854230377167;-0.38942307;-0.38942307
11.69;0;101;0;107;21.202854230377167;-0.38942307;-0.38942307
11.7;0;101;0;107;21.202854230377167;-0.38942307;-0.38942307
11.71;0;102;0;107;21.30479102956167;-0.32296652;-0.32296652
11.72;0;102;0;107;21.30479102956167;-0.32296652;-0.32296652
11.73;0;102;0;107;21.30479102956167;-0.32296652;-0.32296652
11.74;0;102;0;107;21.30479102956167;-0.32296652;-0.32296652
11.75;0;102;0;107;21.30479102956167;-0.32296652;-0.32296652
11.76;0;102;0;106;21.202854230377167;-0.2596154;-0.2596154
11.77;0;102;0;106;21.202854230377167;-0.2596154;-0.2596154
11.78;0;102;0;106;21.202854230377167;-0.2596154;-0.2596154
11.79;0;102;0;106;21.202854230377167;-0.2596154;-0.2596154
11.8;0;102;0;106;21.202854230377167;-0.2596154;-0.2596154
11.81;0;102;0;106;21.202854230377167;-0.2596154;-0.2596154
11.82;0;102;0;106;21.202854230377167;-0.2596154;-0.2596154
11.83;0;102;0;106;21.202854230377167;-0.2596154;-0.2596154
11.84;0;103;0;106;21.30479102956167;-0.1937799;-0.1937799
11.85;0;103;0;106;21.30479102956167;-0.1937799;-0.1937799
11.86;0;103;0;106;21.30479102956167;-0.1937799;-0.1937799
11.87;0;103;0;106;21.30479102956167;-0.1937799;-0.1937799
11.88;0;103;0;106;21.30479102956167;-0.1937799;-0.1937799
11.89;0;103;0;106;21.30479102956167;-0.1937799;-0.1937799
11.9;0;103;0;106;21.30479102956167;-0.1937799;-0.1937799
11.91;0;103;0;106;21.30479102956167;-0.1937799;-0.1937799
11.92;0;103;0;106;21.30479102956167;-0.1937799;-0.1937799
11.93;0;103;0;106;21.30479102956167;-0.1937799;-0.1937799
11.94;0;103;0;106;21.30479102956167;-0.1937799;-0.1937799
11.95;0;103;0;106;21.30479102956167;-0.1937799;-0.1937799
11.96;0;103;0;106;21.30479102956167;-0.1937799;-0.1937799
11.97;0;103;0;106;21.30479102956167;-0.1937799;-0.1937799
11.98;0;103;0;106;21.30479102956167;-0.1937799;-0.1937799
11.99;0;103;0;106;21.30479102956167;-0.1937799;-0.1937799
12.0;0;103;0;106;21.30479102956167;-0.1937799;-0.1937799
12.01;0;104;0;106;21.406727828746178;-0.12857144;-0.12857144
12.02;0;104;0;106;21.406727828746178;-0.12857144;-0.12857144
12.03;0;104;0;106;21.406727828746178;-0.12857144;-0.12857144
12.04;0;104;0;106;21.406727828746178;-0.12857144;-0.12857144
12.05;0;104;0;106;21.406727828746178;-0.12857144;-0.12857144
12.06;0;104;0;106;21.406727828746178;-0.12857144;-0.12857144
12.07;0;104;0;105;21.30479102956167;-0.0645933;-0.0645933
12.08;0;104;0;105;21.30479102956167;-0.0645933;-0.0645933
12.09;0;105;0;105;21.406727828746178;0.0;0.0
12.1;0;105;0;105;21.406727828746178;0.0;0.0
12.11;0;105;0;105;21.406727828746178;0.0;0.0
12.12;0;105;0;105;21.406727828746178;0.0;0.0
12.13;0;105;0;105;21.406727828746178;0.0;0.0
12.14;0;105;0;105;21.406727828746178;0.0;0.0
12.15;0;105;0;105;21.406727828746178;0.0;0.0
12.16;0;105;0;105;21.406727828746178;0.0;0.0
12.17;0;105;0;105;21.406727828746178;0.0;0.0
12.18;0;105;0;105;21.406727828746178;0.0;0.0
12.19;0;105;0;105;21.406727828746178;0.0;0.0
12.2;0;105;0;104;21.30479102956167;0.0645933;0.0645933
12.21;0;105;0;104;21.30479102956167;0.0645933;0.0645933
12.22;0;105;0;104;21.30479102956167;0.0645933;0.0645933
12.23;0;105;0;104;21.30479102956167;0.0645933;0.0645933
12.24;0;105;0;104;21.30479102956167;0.0645933;0.0645933
12.25;0;105;0;104;21.30479102956167;0.0645933;0.0645933
12.26;0;105;0;104;21.30479102956167;0.0645933;0.0645933
12.27;0;105;0;104;21.30479102956167;0.0645933;0.0645933
12.28;0;105;0;104;21.30479102956167;0.0645933;0.0645933
12.29;0;105;0;104;21.30479102956167;0.0645933;0.0645933
12.3;0;105;0;104;21.30479102956167;0.0645933;0.0645933
12.31;0;105;0;104;21.30479102956167;0.0645933;0.0645933
12.32;0;105;0;104;21.30479102956167;0.0645933;0.0645933
12.33;0;105;0;103;21.202854230377167;0.1298077;0.1298077
12.34;0;105;0;103;21.202854230377167;0.1298077;0.1298077
12.35;0;105;0;103;21.202854230377167;0.1298077;0.1298077
12.36;0;105;0;103;21.202854230377167;0.1298077;0.1298077
12.37;0;106;0;103;21.30479102956167;0.1937799;0.1937799
12.38;0;106;0;103;21.30479102956167;0.1937799;0.1937799
12.39;0;106;0;103;21.30479102956167;0.1937799;0.1937799
12.4;0;106;0;103;21.30479102956167;0.1937799;0.1937799
12.41;0;106;0;103;21.30479102956167;0.1937799;0.1937799
12.42;0;106;0;103;21.30479102956167;0.1937799;0.1937799
12.43;0;106;0;103;21.30479102956167;0.1937799;0.1937799
12.44;0;106;0;103;21.30479102956167;0.1937799;0.1937799
12.45;0;106;0;103;21.30479102956167;0.1937799;0.1937799
12.46;0;106;0;103;21.30479102956167;0.1937799;0.1937799
12.47;0;106;0;103;21.30479102956167;0.1937799;0.1937799
12.48;0;106;0;103;21.30479102956167;0.1937799;0.1937799
12.49;0;106;0;103;21.30479102956167;0.1937799;0.1937799
12.5;0;106;0;103;21.30479102956167;0.1937799;0.1937799
12.51;0;106;0;103;21.30479102956167;0.1937799;0.1937799
12.52;0;106;0;103;21.30479102956167;0.1937799;0.1937799
12.53;0;106;0;103;21.30479102956167;0.1937799;0.1937799
12.54;0;106;0;103;21.30479102956167;0.1937799;0.1937799
12.55;0;106;0;103;21.30479102956167;0.1937799;0.1937799
12.56;0;106;0;103;21.30479102956167;0.1937799;0.1937799
12.57;0;106;0;103;21.30479102956167;0.1937799;0.1937799
12.58;0;106;0;103;21.30479102956167;0.1937799;0.1937799
12.59;0;106;0;103;21.30479102956167;0.1937799;0.1937799
12.6;0;106;0;103;21.30479102956167;0.1937799;0.1937799
12.61;0;106;0;104;21.406727828746178;0.12857144;0.12857144
12.62;0;106;0;103;21.30479102956167;0.1937799;0.1937799
12.63;0;106;0;103;21.30479102956167;0.1937799;0.1937799
12.64;0;106;0;103;21.30479102956167;0.1937799;0.1937799
12.65;0;106;0;103;21.30479102956167;0.1937799;0.1937799
12.66;0;106;0;103;21.30479102956167;0.1937799;0.1937799
12.67;0;106;0;102;21.202854230377167;0.2596154;0.2596154
12.68;0;106;0;102;21.202854230377167;0.2596154;0.2596154
12.69;0;106;0;102;21.202854230377167;0.2596154;0.2596154
12.7;0;106;0;102;21.202854230377167;0.2596154;0.2596154
12.71;0;106;0;102;21.202854230377167;0.2596154;0.2596154
12.72;0;106;0;102;21.202854230377167;0.2596154;0.2596154
12.73;0;106;0;102;21.202854230377167;0.2596154;0.2596154
12.74;0;106;0;102;21.202854230377167;0.2596154;0.2596154
12.75;0;106;0;102;21.202854230377167;0.2596154;0.2596154
12.76;0;106;0;102;21.202854230377167;0.2596154;0.2596154
12.77;0;106;0;102;21.202854230377167;0.2596154;0.2596154
12.78;0;106;0;102;21.202854230377167;0.2596154;0.2596154
12.79;0;106;0;102;21.202854230377167;0.2596154;0.2596154
12.8;0;106;0;102;21.202854230377167;0.2596154;0.2596154
12.81;0;106;0;102;21.202854230377167;0.2596154;0.2596154
12.82;0;106;0;102;21.202854230377167;0.2596154;0.2596154
12.83;0;106;0;102;21.202854230377167;0.2596154;0.2596154
12.84;0;106;0;102;21.202854230377167;0.2596154;0.2596154
12.85;0;107;0;101;21.202854230377167;0.38942307;0.38942307
12.86;0;107;0;101;21.202854230377167;0.38942307;0.38942307
12.87;0;107;0;101;21.202854230377167;0.38942307;0.38942307
12.88;0;107;0;101;21.202854230377167;0.38942307;0.38942307
12.89;0;107;0;101;21.202854230377167;0.38942307;0.38942307
12.9;0;107;0;101;21.202854230377167;0.38942307;0.38942307
12.91;0;107;0;101;21.202854230377167;0.38942307;0.38942307
12.92;0;107;0;101;21.202854230377167;0.38942307;0.38942307
12.93;0;107;0;101;21.202854230377167;0.38942307;0.38942307
12.94;0;107;0;101;21.202854230377167;0.38942307;0.38942307
12.95;0;107;0;100;21.10091743119266;0.45652175;0.45652175
12.96;0;107;0;100;21.10091743119266;0.45652175;0.45652175
12.97;0;107;0;100;21.10091743119266;0.45652175;0.45652175
12.98;0;107;0;100;21.10091743119266;0.45652175;0.45652175
12.99;0;107;0;100;21.10091743119266;0.45652175;0.45652175
13.0;0;107;0;100;21.10091743119266;0.45652175;0.45652175
13.01;0;107;0;100;21.10091743119266;0.45652175;0.45652175
13.02;0;107;0;100;21.10091743119266;0.45652175;0.45652175
13.03;0;107;0;100;21.10091743119266;0.45652175;0.45652175
13.04;0;107;0;100;21.10091743119266;0.45652175;0.45652175
13.05;0;107;0;99;20.998980632008156;0.52427185;0.52427185
13.06;0;107;0;99;20.998980632008156;0.52427185;0.52427185
13.07;0;107;0;99;20.998980632008156;0.52427185;0.52427185
13.08;0;107;0;99;20.998980632008156;0.52427185;0.52427185
13.09;0;107;0;99;20.998980632008156;0.52427185;0.52427185
13.1;0;107;0;99;20.998980632008156;0.52427185;0.52427185
13.11;0;107;0;99;20.998980632008156;0.52427185;0.52427185
13.12;0;107;0;99;20.998980632008156;0.52427185;0.52427185
13.13;0;107;0;99;20.998980632008156;0.52427185;0.52427185
13.14;0;107;0;99;20.998980632008156;0.52427185;0.52427185
13.15;0;108;0;99;21.10091743119266;0.5869565;0.5869565
13.16;0;108;0;99;21.10091743119266;0.5869565;0.5869565
13.17;0;108;0;99;21.10091743119266;0.5869565;0.5869565
13.18;0;108;0;99;21.10091743119266;0.5869565;0.5869565
13.19;0;108;0;99;21.10091743119266;0.5869565;0.5869565
13.2;0;108;0;100;21.202854230377167;0.5192308;0.5192308
13.21;0;108;0;100;21.202854230377167;0.5192308;0.5192308
13.22;0;108;0;100;21.202854230377167;0.5192308;0.5192308
13.23;0;108;0;100;21.202854230377167;0.5192308;0.5192308
13.24;0;107;0;99;20.998980632008156;0.52427185;0.52427185
13.25;0;107;0;99;20.998980632008156;0.52427185;0.52427185
13.26;0;107;0;99;20.998980632008156;0.52427185;0.52427185
13.27;0;107;0;99;20.998980632008156;0.52427185;0.52427185
13.28;0;107;0;99;20.998980632008156;0.52427185;0.52427185
13.29;0;107;0;99;20.998980632008156;0.52427185;0.52427185
13.3;0;107;0;99;20.998980632008156;0.52427185;0.52427185
13.31;0;107;0;99;20.998980632008156;0.52427185;0.52427185
13.32;0;107;0;99;20.998980632008156;0.52427185;0.52427185
13.33;0;107;0;99;20.998980632008156;0.52427185;0.52427185
13.34;0;107;0;100;21.10091743119266;0.45652175;0.45652175
13.35;0;107;0;100;21.10091743119266;0.45652175;0.45652175
13.36;0;107;0;100;21.10091743119266;0.45652175;0.45652175
13.37;0;107;0;100;21.10091743119266;0.45652175;0.45652175
13.38;0;107;0;100;21.10091743119266;0.45652175;0.45652175
13.39;0;107;0;100;21.10091743119266;0.45652175;0.45652175
13.4;0;107;0;100;21.10091743119266;0.45652175;0.45652175
13.41;0;107;0;100;21.10091743119266;0.45652175;0.45652175
13.42;0;106;0;100;20.998980632008156;0.39320388;0.39320388
13.43;0;106;0;100;20.998980632008156;0.39320388;0.39320388
13.44;0;106;0;100;20.998980632008156;0.39320388;0.39320388
13.45;0;106;0;100;20.998980632008156;0.39320388;0.39320388
13.46;0;106;0;100;20.998980632008156;0.39320388;0.39320388
13.47;0;106;0;100;20.998980632008156;0.39320388;0.39320388
13.48;0;106;0;100;20.998980632008156;0.39320388;0.39320388
13.49;0;106;0;100;20.998980632008156;0.39320388;0.39320388
13.5;0;106;0;101;21.10091743119266;0.32608697;0.32608697
13.51;0;106;0;101;21.10091743119266;0.32608697;0.32608697
13.52;0;106;0;101;21.10091743119266;0.32608697;0.32608697
13.53;0;106;0;101;21.10091743119266;0.32608697;0.32608697
13.54;0;106;0;101;21.10091743119266;0.32608697;0.32608697
13.55;0;106;0;101;21.10091743119266;0.32608697;0.32608697
13.56;0;106;0;101;21.10091743119266;0.32608697;0.32608697
13.57;0;106;0;101;21.10091743119266;0.32608697;0.32608697
13.58;0;106;0;101;21.10091743119266;0.32608697;0.32608697
13.59;0;106;0;101;21.10091743119266;0.32608697;0.32608697
13.6;0;106;0;101;21.10091743119266;0.32608697;0.32608697
13.61;0;106;0;101;21.10091743119266;0.32608697;0.32608697
13.62;0;106;0;101;21.10091743119266;0.32608697;0.32608697
13.63;0;106;0;101;21.10091743119266;0.32608697;0.32608697
13.64;0;105;0;101;20.998980632008156;0.26213592;0.26213592
13.65;0;105;0;101;20.998980632008156;0.26213592;0.26213592
13.66;0;105;0;101;20.998980632008156;0.26213592;0.26213592
13.67;0;105;0;101;20.998980632008156;0.26213592;0.26213592
13.68;0;105;0;101;20.998980632008156;0.26213592;0.26213592
13.69;0;105;0;101;20.998980632008156;0.26213592;0.26213592
13.7;0;105;0;101;20.998980632008156;0.26213592;0.26213592
13.71;0;105;0;101;20.998980632008156;0.26213592;0.26213592
13.72;0;105;0;101;20.998980632008156;0.26213592;0.26213592
13.73;0;105;0;102;21.10091743119266;0.19565217;0.19565217
13.74;0;105;0;102;21.10091743119266;0.19565217;0.19565217
13.75;0;105;0;102;21.10091743119266;0.19565217;0.19565217
13.76;0;105;0;102;21.10091743119266;0.19565217;0.19565217
13.77;0;105;0;102;21.10091743119266;0.19565217;0.19565217
13.78;0;105;0;102;21.10091743119266;0.19565217;0.19565217
13.79;0;105;0;102;21.10091743119266;0.19565217;0.19565217
13.8;0;105;0;102;21.10091743119266;0.19565217;0.19565217
13.81;0;105;0;102;21.10091743119266;0.19565217;0.19565217
13.82;0;105;0;102;21.10091743119266;0.19565217;0.19565217
13.83;0;105;0;102;21.10091743119266;0.19565217;0.19565217
13.84;0;105;0;102;21.10091743119266;0.19565217;0.19565217
13.85;0;105;0;102;21.10091743119266;0.19565217;0.19565217
13.86;0;105;0;102;21.10091743119266;0.19565217;0.19565217
13.87;0;105;0;102;21.10091743119266;0.19565217;0.19565217
13.88;0;105;0;101;20.998980632008156;0.26213592;0.26213592
13.89;0;105;0;101;20.998980632008156;0.26213592;0.26213592
13.9;0;105;0;101;20.998980632008156;0.26213592;0.26213592
13.91;0;105;0;101;20.998980632008156;0.26213592;0.26213592
13.92;0;105;0;102;21.10091743119266;0.19565217;0.19565217
13.93;0;105;0;102;21.10091743119266;0.19565217;0.19565217
13.94;0;107;0;103;21.406727828746178;0.25714287;0.25714287
13.95;0;107;0;103;21.406727828746178;0.25714287;0.25714287
13.96;0;107;0;103;21.406727828746178;0.25714287;0.25714287
13.97;0;107;0;103;21.406727828746178;0.25714287;0.25714287
13.98;0;107;0;103;21.406727828746178;0.25714287;0.25714287
13.99;0;108;0;103;21.50866462793068;0.31990522;0.31990522
14.0;0;108;0;103;21.50866462793068;0.31990522;0.31990522
14.01;0;108;0;103;21.50866462793068;0.31990522;0.31990522
14.02;0;108;0;103;21.50866462793068;0.31990522;0.31990522
14.03;0;109;0;103;21.61060142711519;0.38207546;0.38207546
14.04;0;109;0;103;21.61060142711519;0.38207546;0.38207546
14.05;0;109;0;102;21.50866462793068;0.4478673;0.4478673
14.06;0;109;0;102;21.50866462793068;0.4478673;0.4478673
14.07;0;109;0;102;21.50866462793068;0.4478673;0.4478673
14.08;0;110;0;102;21.61060142711519;0.509434;0.509434
14.09;0;110;0;102;21.61060142711519;0.509434;0.509434
14.1;0;110;0;102;21.61060142711519;0.509434;0.509434
14.11;0;110;0;102;21.61060142711519;0.509434;0.509434
14.12;0;110;0;102;21.61060142711519;0.509434;0.509434
14.13;0;110;0;102;21.61060142711519;0.509434;0.509434
14.14;0;110;0;102;21.61060142711519;0.509434;0.509434
14.15;0;110;0;102;21.61060142711519;0.509434;0.509434
14.16;0;110;0;101;21.50866462793068;0.5758294;0.5758294
14.17;0;110;0;101;21.50866462793068;0.5758294;0.5758294
14.18;0;111;0;101;21.61060142711519;0.6367925;0.6367925
14.19;0;111;0;101;21.61060142711519;0.6367925;0.6367925
14.2;0;111;0;101;21.61060142711519;0.6367925;0.6367925
14.21;0;111;0;101;21.61060142711519;0.6367925;0.6367925
14.22;0;111;0;101;21.61060142711519;0.6367925;0.6367925
14.23;0;111;0;101;21.61060142711519;0.6367925;0.6367925
14.24;0;112;0;101;21.712538226299692;0.6971831;0.6971831
14.25;0;112;0;100;21.61060142711519;0.7641509;0.7641509
14.26;0;112;0;100;21.61060142711519;0.7641509;0.7641509
14.27;0;112;0;100;21.61060142711519;0.7641509;0.7641509
14.28;0;112;0;100;21.61060142711519;0.7641509;0.7641509
14.29;0;113;0;100;21.712538226299692;0.8239437;0.8239437
14.3;0;113;0;100;21.712538226299692;0.8239437;0.8239437
14.31;0;113;0;100;21.712538226299692;0.8239437;0.8239437
14.32;0;113;0;100;21.712538226299692;0.8239437;0.8239437
14.33;0;114;0;99;21.712538226299692;0.9507042;0.9507042
14.34;0;114;0;99;21.712538226299692;0.9507042;0.9507042
14.35;0;114;0;99;21.712538226299692;0.9507042;0.9507042
14.36;0;114;0;99;21.712538226299692;0.9507042;0.9507042
14.37;0;114;0;99;21.712538226299692;0.9507042;0.9507042
14.38;0;114;0;99;21.712538226299692;0.9507042;0.9507042
14.39;0;114;0;99;21.712538226299692;0.9507042;0.9507042
14.4;0;115;0;98;21.712538226299692;1.0774648;1.0774648
14.41;0;115;0;98;21.712538226299692;1.0774648;1.0774648
14.42;0;115;0;98;21.712538226299692;1.0774648;1.0774648
14.43;0;115;0;98;21.712538226299692;1.0774648;1.0774648
14.44;0;115;0;98;21.712538226299692;1.0774648;1.0774648
14.45;0;115;0;99;21.8144750254842;1.0093458;1.0093458
14.46;0;115;0;99;21.8144750254842;1.0093458;1.0093458
14.47;0;115;0;99;21.8144750254842;1.0093458;1.0093458
14.48;0;115;0;99;21.8144750254842;1.0093458;1.0093458
14.49;0;115;0;98;21.712538226299692;1.0774648;1.0774648
14.5;0;115;0;98;21.712538226299692;1.0774648;1.0774648
14.51;0;115;0;98;21.712538226299692;1.0774648;1.0774648
14.52;0;116;0;98;21.8144750254842;1.135514;1.135514
14.53;0;116;0;98;21.8144750254842;1.135514;1.135514
14.54;0;116;0;98;21.8144750254842;1.135514;1.135514
14.55;0;116;0;97;21.712538226299692;1.2042253;1.2042253
14.56;0;117;0;97;21.8144750254842;1.2616823;1.2616823
14.57;0;117;0;97;21.8144750254842;1.2616823;1.2616823
14.58;0;117;0;97;21.8144750254842;1.2616823;1.2616823
14.59;0;117;0;97;21.8144750254842;1.2616823;1.2616823
14.6;0;117;0;97;21.8144750254842;1.2616823;1.2616823
14.61;0;118;0;97;21.916411824668703;1.3186047;1.3186047
14.62;0;118;0;96;21.8144750254842;1.3878505;1.3878505
14.63;0;118;0;96;21.8144750254842;1.3878505;1.3878505
14.64;0;118;0;96;21.8144750254842;1.3878505;1.3878505
14.65;0;119;0;96;21.916411824668703;1.4441861;1.4441861
14.66;0;119;0;95;21.8144750254842;1.5140187;1.5140187
14.67;0;119;0;95;21.8144750254842;1.5140187;1.5140187
14.68;0;119;0;94;21.712538226299692;1.584507;1.584507
14.69;0;119;0;94;21.712538226299692;1.584507;1.584507
14.7;0;120;0;94;21.8144750254842;1.6401869;1.6401869
14.71;0;120;0;94;21.8144750254842;1.6401869;1.6401869
14.72;0;120;0;94;21.8144750254842;1.6401869;1.6401869
14.73;0;120;0;94;21.8144750254842;1.6401869;1.6401869
14.74;0;120;0;94;21.8144750254842;1.6401869;1.6401869
14.75;0;120;0;94;21.8144750254842;1.6401869;1.6401869
14.76;0;120;0;94;21.8144750254842;1.6401869;1.6401869
14.77;0;120;0;94;21.8144750254842;1.6401869;1.6401869
14.78;0;121;0;94;21.916411824668703;1.6953489;1.6953489
14.79;0;121;0;94;21.916411824668703;1.6953489;1.6953489
14.8;0;121;0;93;21.8144750254842;1.7663552;1.7663552
14.81;0;122;0;93;21.916411824668703;1.8209302;1.8209302
14.82;0;122;0;93;21.916411824668703;1.8209302;1.8209302
14.83;0;122;0;92;21.8144750254842;1.8925234;1.8925234
14.84;0;123;0;92;21.916411824668703;1.9465116;1.9465116
14.85;0;123;0;91;21.8144750254842;2.0186915;2.0186915
14.86;0;124;0;91;21.916411824668703;2.072093;2.072093
14.87;0;124;0;91;21.916411824668703;2.072093;2.072093
14.88;0;124;0;90;21.8144750254842;2.1448598;2.1448598
14.89;0;125;0;90;21.916411824668703;2.1976745;2.1976745
14.9;0;125;0;89;21.8144750254842;2.271028;2.271028
14.91;0;126;0;89;21.916411824668703;2.3232558;2.3232558
14.92;0;126;0;89;21.916411824668703;2.3232558;2.3232558
14.93;0;126;0;89;21.916411824668703;2.3232558;2.3232558
14.94;0;127;0;88;21.916411824668703;2.4488373;2.4488373
14.95;0;127;0;88;21.916411824668703;2.4488373;2.4488373
14.96;0;128;0;87;21.916411824668703;2.5744185;2.5744185
14.97;0;128;0;87;21.916411824668703;2.5744185;2.5744185
14.98;0;129;0;87;22.01834862385321;2.625;2.625
14.99;0;129;0;86;21.916411824668703;2.7;2.7
15.0;0;130;0;86;22.01834862385321;2.75;2.75
15.01;0;130;0;85;21.916411824668703;2.8255813;2.8255813
15.02;0;131;0;85;22.01834862385321;2.875;2.875
15.03;0;131;0;85;22.01834862385321;2.875;2.875
15.04;0;131;0;84;21.916411824668703;2.9511628;2.9511628
15.05;0;132;0;84;22.01834862385321;3.0;3.0
15.06;0;132;0;84;22.01834862385321;3.0;3.0
15.07;0;132;0;84;22.01834862385321;3.0;3.0
15.08;0;132;0;84;22.01834862385321;3.0;3.0
15.09;0;132;0;84;22.01834862385321;3.0;3.0
15.1;0;133;0;84;22.120285423037714;3.048387;3.048387
15.11;0;133;0;83;22.01834862385321;3.125;3.125
15.12;0;133;0;83;22.01834862385321;3.125;3.125
15.13;0;133;0;83;22.01834862385321;3.125;3.125
15.14;0;133;0;83;22.01834862385321;3.125;3.125
15.15;0;133;0;83;22.01834862385321;3.125;3.125
15.16;0;133;0;83;22.01834862385321;3.125;3.125
15.17;0;133;0;83;22.01834862385321;3.125;3.125
15.18;0;133;0;83;22.01834862385321;3.125;3.125
15.19;0;133;0;83;22.01834862385321;3.125;3.125
15.2;0;133;0;83;22.01834862385321;3.125;3.125
15.21;0;132;0;84;22.01834862385321;3.0;3.0
15.22;0;132;0;84;22.01834862385321;3.0;3.0
15.23;0;132;0;84;22.01834862385321;3.0;3.0
15.24;0;132;0;84;22.01834862385321;3.0;3.0
15.25;0;131;0;85;22.01834862385321;2.875;2.875
15.26;0;131;0;85;22.01834862385321;2.875;2.875
15.27;0;131;0;85;22.01834862385321;2.875;2.875
15.28;0;130;0;85;21.916411824668703;2.8255813;2.8255813
15.29;0;130;0;86;22.01834862385321;2.75;2.75
15.3;0;129;0;86;21.916411824668703;2.7;2.7
15.31;0;129;0;86;21.916411824668703;2.7;2.7
15.32;0;128;0;87;21.916411824668703;2.5744185;2.5744185
15.33;0;128;0;87;21.916411824668703;2.5744185;2.5744185
15.34;0;127;0;88;21.916411824668703;2.4488373;2.4488373
15.35;0;127;0;88;21.916411824668703;2.4488373;2.4488373
15.36;0;126;0;89;21.916411824668703;2.3232558;2.3232558
15.37;0;125;0;89;21.8144750254842;2.271028;2.271028
15.38;0;125;0;89;21.8144750254842;2.271028;2.271028
15.39;0;124;0;90;21.8144750254842;2.1448598;2.1448598
15.4;0;123;0;90;21.712538226299692;2.0915494;2.0915494
15.41;0;123;0;91;21.8144750254842;2.0186915;2.0186915
15.42;0;122;0;91;21.712538226299692;1.9647887;1.9647887
15.43;0;122;0;92;21.8144750254842;1.8925234;1.8925234
15.44;0;121;0;92;21.712538226299692;1.8380282;1.8380282
15.45;0;121;0;93;21.8144750254842;1.7663552;1.7663552
15.46;0;120;0;94;21.8144750254842;1.6401869;1.6401869
15.47;0;120;0;94;21.8144750254842;1.6401869;1.6401869
15.48;0;119;0;95;21.8144750254842;1.5140187;1.5140187
15.49;0;119;0;95;21.8144750254842;1.5140187;1.5140187
15.5;0;118;0;96;21.8144750254842;1.3878505;1.3878505
15.51;0;118;0;97;21.916411824668703;1.3186047;1.3186047
15.52;0;117;0;97;21.8144750254842;1.2616823;1.2616823
15.53;0;117;0;98;21.916411824668703;1.1930232;1.1930232
15.54;0;117;0;98;21.916411824668703;1.1930232;1.1930232
15.55;0;116;0;99;21.916411824668703;1.0674418;1.0674418
15.56;0;116;0;99;21.916411824668703;1.0674418;1.0674418
15.57;0;115;0;100;21.916411824668703;0.94186044;0.94186044
15.58;0;115;0;100;21.916411824668703;0.94186044;0.94186044
15.59;0;115;0;101;22.01834862385321;0.875;0.875
15.6;0;114;0;101;21.916411824668703;0.81627905;0.81627905
15.61;0;114;0;102;22.01834862385321;0.75;0.75
15.62;0;114;0;102;22.01834862385321;0.75;0.75
15.63;0;114;0;103;22.120285423037714;0.6843318;0.6843318
15.64;0;113;0;103;22.01834862385321;0.625;0.625
15.65;0;113;0;103;22.01834862385321;0.625;0.625
15.66;0;113;0;103;22.01834862385321;0.625;0.625
15.67;0;113;0;103;22.01834862385321;0.625;0.625
15.68;0;113;0;103;22.01834862385321;0.625;0.625
15.69;0;113;0;103;22.01834862385321;0.625;0.625
15.7;0;113;0;103;22.01834862385321;0.625;0.625
15.71;0;113;0;103;22.01834862385321;0.625;0.625
15.72;0;113;0;103;22.01834862385321;0.625;0.625
15.73;0;113;0;103;22.01834862385321;0.625;0.625
15.74;0;113;0;103;22.01834862385321;0.625;0.625
15.75;0;113;0;104;22.120285423037714;0.55990785;0.55990785
15.76;0;113;0;104;22.120285423037714;0.55990785;0.55990785
15.77;0;113;0;104;22.120285423037714;0.55990785;0.55990785
15.78;0;113;0;104;22.120285423037714;0.55990785;0.55990785
15.79;0;113;0;104;22.120285423037714;0.55990785;0.55990785
15.8;0;113;0;104;22.120285423037714;0.55990785;0.55990785
15.81;0;112;0;104;22.01834862385321;0.5;0.5
15.82;0;112;0;104;22.01834862385321;0.5;0.5
15.83;0;112;0;104;22.01834862385321;0.5;0.5
15.84;0;112;0;104;22.01834862385321;0.5;0.5
15.85;0;112;0;104;22.01834862385321;0.5;0.5
15.86;0;111;0;104;21.916411824668703;0.43953487;0.43953487
15.87;0;111;0;104;21.916411824668703;0.43953487;0.43953487
15.88;0;111;0;104;21.916411824668703;0.43953487;0.43953487
15.89;0;111;0;104;21.916411824668703;0.43953487;0.43953487
15.9;0;110;0;104;21.8144750254842;0.37850466;0.37850466
15.91;0;110;0;104;21.8144750254842;0.37850466;0.37850466
15.92;0;109;0;104;21.712538226299692;0.31690142;0.31690142
15.93;0;109;0;105;21.8144750254842;0.25233644;0.25233644
15.94;0;109;0;105;21.8144750254842;0.25233644;0.25233644
15.95;0;108;0;105;21.712538226299692;0.19014084;0.19014084
15.96;0;108;0;105;21.712538226299692;0.19014084;0.19014084
15.97;0;108;0;105;21.712538226299692;0.19014084;0.19014084
15.98;0;107;0;105;21.61060142711519;0.1273585;0.1273585
15.99;0;107;0;106;21.712538226299692;0.06338028;0.06338028
16.0;0;107;0;106;21.712538226299692;0.06338028;0.06338028
16.01;0;107;0;106;21.712538226299692;0.06338028;0.06338028
16.02;0;106;0;106;21.61060142711519;0.0;0.0
16.03;0;106;0;105;21.50866462793068;0.06398104;0.06398104
16.04;0;106;0;105;21.50866462793068;0.06398104;0.06398104
16.05;0;106;0;105;21.50866462793068;0.06398104;0.06398104
16.06;0;106;0;104;21.406727828746178;0.12857144;0.12857144
16.07;0;106;0;103;21.30479102956167;0.1937799;0.1937799
16.08;0;106;0;102;21.202854230377167;0.2596154;0.2596154
16.09;0;106;0;101;21.10091743119266;0.32608697;0.32608697
16.1;0;106;0;99;20.89704383282365;0.46097562;0.46097562
16.11;0;106;0;98;20.79510703363914;0.5294118;0.5294118
16.12;0;106;0;96;20.59123343527013;0.66831684;0.66831684
16.13;0;106;0;94;20.38735983690112;0.81;0.81
16.14;0;106;0;92;20.183486238532108;0.95454544;0.95454544
16.15;0;107;0;90;20.081549439347604;1.1649746;1.1649746
16.16;0;107;0;88;19.877675840978593;1.3153846;1.3153846
16.17;0;107;0;86;19.673802242609582;1.4689119;1.4689119
16.18;0;108;0;84;19.571865443425075;1.6875;1.6875
16.19;0;108;0;82;19.367991845056064;1.8473685;1.8473685
16.2;0;108;0;80;19.164118246687053;2.0106382;2.0106382
16.21;0;108;0;79;19.062181447502546;2.0935829;2.0935829
16.22;0;108;0;77;18.858307849133535;2.2621622;2.2621622
16.23;0;108;0;76;18.75637104994903;2.347826;2.347826
16.24;0;108;0;74;18.55249745158002;2.5219781;2.5219781
16.25;0;108;0;73;18.450560652395513;2.6104972;2.6104972
16.26;0;108;0;72;18.34862385321101;2.7;2.7
16.27;0;107;0;71;18.144750254842;2.7303371;2.7303371
16.28;0;107;0;70;18.04281345565749;2.822034;2.822034
16.29;0;106;0;69;17.83893985728848;2.8542857;2.8542857
16.3;0;106;0;68;17.737003058103976;2.9482758;2.9482758
16.31;0;106;0;67;17.63506625891947;3.0433526;3.0433526
16.32;0;106;0;67;17.63506625891947;3.0433526;3.0433526
16.33;0;106;0;68;17.737003058103976;2.9482758;2.9482758
16.34;0;105;0;68;17.63506625891947;2.8872833;2.8872833
16.35;0;105;0;69;17.737003058103976;2.7931035;2.7931035
16.36;0;104;0;69;17.63506625891947;2.7312138;2.7312138
16.37;0;103;0;69;17.533129459734962;2.6686046;2.6686046
16.38;0;103;0;69;17.533129459734962;2.6686046;2.6686046
16.39;0;102;0;69;17.431192660550458;2.6052632;2.6052632
16.4;0;102;0;69;17.431192660550458;2.6052632;2.6052632
16.41;0;101;0;68;17.227319062181447;2.6360946;2.6360946
16.42;0;101;0;68;17.227319062181447;2.6360946;2.6360946
16.43;0;100;0;68;17.12538226299694;2.5714285;2.5714285
16.44;0;99;0;68;17.023445463812436;2.5059881;2.5059881
16.45;0;99;0;68;17.023445463812436;2.5059881;2.5059881
16.46;0;98;0;68;16.92150866462793;2.439759;2.439759
16.47;0;98;0;68;16.92150866462793;2.439759;2.439759
16.48;0;97;0;69;16.92150866462793;2.2771084;2.2771084
16.49;0;97;0;69;16.92150866462793;2.2771084;2.2771084
16.5;0;96;0;69;16.819571865443425;2.209091;2.209091
16.51;0;95;0;70;16.819571865443425;2.0454545;2.0454545
16.52;0;95;0;70;16.819571865443425;2.0454545;2.0454545
16.53;0;94;0;71;16.819571865443425;1.8818182;1.8818182
16.54;0;93;0;71;16.717635066258918;1.8109756;1.8109756
16.55;0;93;0;72;16.819571865443425;1.7181818;1.7181818
16.56;0;92;0;72;16.717635066258918;1.6463414;1.6463414
16.57;0;91;0;72;16.615698267074414;1.5736196;1.5736196
16.58;0;90;0;72;16.513761467889907;1.5;1.5
16.59;0;89;0;73;16.513761467889907;1.3333334;1.3333334
16.6;0;88;0;73;16.411824668705403;1.257764;1.257764
16.61;0;87;0;73;16.309887869520896;1.18125;1.18125
16.62;0;86;0;73;16.207951070336392;1.1037736;1.1037736
16.63;0;85;0;73;16.106014271151885;1.0253165;1.0253165
16.64;0;84;0;73;16.004077471967378;0.94585985;0.94585985
16.65;0;83;0;73;15.902140672782874;0.86538464;0.86538464
16.66;0;81;0;73;15.698267074413863;0.7012987;0.7012987
16.67;0;80;0;73;15.596330275229358;0.61764705;0.61764705
16.68;0;79;0;74;15.596330275229358;0.44117647;0.44117647
16.69;0;78;0;74;15.494393476044852;0.35526314;0.35526314
16.7;0;77;0;74;15.392456676860347;0.26821193;0.26821193
16.71;0;76;0;74;15.290519877675841;0.18;0.18
16.72;0;75;0;75;15.290519877675841;0.0;0.0
16.73;0;74;0;75;15.188583078491334;-0.09060403;-0.09060403
16.74;0;74;0;75;15.188583078491334;-0.09060403;-0.09060403
16.75;0;73;0;75;15.086646279306828;-0.18243243;-0.18243243
16.76;0;72;0;75;14.984709480122323;-0.2755102;-0.2755102
16.77;0;71;0;76;14.984709480122323;-0.45918366;-0.45918366
16.78;0;70;0;76;14.882772680937817;-0.55479455;-0.55479455
16.79;0;69;0;76;14.780835881753312;-0.65172416;-0.65172416
16.8;0;69;0;76;14.780835881753312;-0.65172416;-0.65172416
16.81;0;68;0;76;14.678899082568806;-0.75;-0.75
16.82;0;66;0;75;14.37308868501529;-0.86170214;-0.86170214
16.83;0;65;0;75;14.271151885830784;-0.96428573;-0.96428573
16.84;0;63;0;74;13.965341488277268;-1.0839416;-1.0839416
16.85;0;62;0;73;13.761467889908257;-1.1;-1.1
16.86;0;60;0;72;13.455657492354739;-1.2272727;-1.2272727
16.87;0;59;0;71;13.251783893985728;-1.2461538;-1.2461538
16.88;0;57;0;69;12.844036697247706;-1.2857143;-1.2857143
16.89;0;55;0;68;12.53822629969419;-1.4268292;-1.4268292
16.9;0;53;0;66;12.130479102956167;-1.4747899;-1.4747899
16.91;0;52;0;64;11.82466870540265;-1.3965517;-1.3965517
16.92;0;50;0;62;11.416921508664627;-1.4464285;-1.4464285
16.93;0;48;0;60;11.009174311926605;-1.5;-1.5
16.94;0;45;0;57;10.39755351681957;-1.5882353;-1.5882353
16.95;0;43;0;55;9.989806320081549;-1.6530613;-1.6530613
16.96;0;41;0;53;9.582059123343527;-1.7234043;-1.7234043
16.97;0;38;0;51;9.072375127421;-1.9719101;-1.9719101
16.98;0;36;0;49;8.664627930682975;-2.0647058;-2.0647058
16.99;0;34;0;46;8.154943934760448;-2.025;-2.025
17.0;0;32;0;44;7.747196738022426;-2.131579;-2.131579
17.01;0;30;0;43;7.441386340468909;-2.4041095;-2.4041095
17.02;0;28;0;41;7.033639143730887;-2.5434783;-2.5434783
17.03;0;27;0;39;6.727828746177369;-2.4545455;-2.4545455
17.04;0;25;0;38;6.422018348623853;-2.7857144;-2.7857144
17.05;0;24;0;37;6.218144750254842;-2.8770492;-2.8770492
17.06;0;23;0;36;6.01427115188583;-2.9745762;-2.9745762
17.07;0;22;0;35;5.810397553516819;-3.0789473;-3.0789473
17.08;0;21;0;34;5.606523955147808;-3.1909091;-3.1909091
17.09;0;20;0;33;5.402650356778797;-3.3113208;-3.3113208
17.1;0;19;0;32;5.198776758409785;-3.4411764;-3.4411764
17.11;0;18;0;31;4.994903160040774;-3.5816326;-3.5816326
17.12;0;16;0;29;4.587155963302752;-3.9;-3.9
17.13;0;14;0;28;4.281345565749235;-4.5;-4.5
17.14;0;13;0;26;3.9755351681957185;-4.5;-4.5
17.15;0;11;0;24;3.567787971457696;-5.0142856;-5.0142856
17.16;0;10;0;23;3.3639143730886847;-5.318182;-5.318182
17.17;0;8;0;21;2.9561671763506623;-6.051724;-6.051724
17.18;0;7;0;20;2.7522935779816513;-6.5;-6.5
17.19;0;6;0;18;2.4464831804281344;-6.75;-6.75
17.2;0;5;0;17;2.2426095820591234;-7.3636365;-7.3636365
17.21;0;3;0;16;1.9367991845056065;-9.236842;-9.236842
17.22;0;2;0;15;1.7329255861365953;-10.323529;-10.323529
17.23;0;1;0;14;1.529051987767584;-11.7;-11.7
17.24;0;1;0;13;1.4271151885830784;-11.571428;-11.571428
17.25;0;0;0;12;1.2232415902140672;-13.5;-13.5
17.26;0;0;0;11;1.1213047910295617;-13.5;-13.5
17.27;0;0;0;11;1.1213047910295617;-13.5;-13.5
17.28;0;0;0;10;1.019367991845056;-13.5;-13.5
17.29;0;0;0;9;0.9174311926605504;-13.5;-13.5
17.3;0;0;0;8;0.8154943934760448;-13.5;-13.5
17.31;0;0;0;7;0.7135575942915392;-13.5;-13.5
17.32;0;0;0;5;0.509683995922528;-13.5;-13.5
17.33;0;0;0;4;0.4077471967380224;-13.5;-13.5
17.34;0;0;0;2;0.2038735983690112;-13.5;-13.5
17.35;0;0;0;1;0.1019367991845056;-13.5;-13.5
17.36;0;0;0;0;0.0;0.0;0.0
17.37;0;0;0;0;0.0;0.0;0.0
17.38;0;0;0;0;0.0;0.0;0.0
17.39;0;0;0;0;0.0;0.0;0.0
17.4;0;0;0;0;0.0;0.0;0.0
17.41;0;0;0;0;0.0;0.0;0.0
17.42;0;0;0;0;0.0;0.0;0.0
17.43;0;0;0;0;0.0;0.0;0.0
17.44;0;0;0;0;0.0;0.0;0.0
17.45;0;0;0;0;0.0;0.0;0.0
17.46;0;0;0;0;0.0;0.0;0.0
17.47;0;0;0;0;0.0;0.0;0.0
17.48;0;0;0;0;0.0;0.0;0.0
17.49;0;0;0;0;0.0;0.0;0.0
17.5;0;0;0;0;0.0;0.0;0.0
17.51;0;0;0;0;0.0;0.0;0.0
17.52;0;0;0;0;0.0;0.0;0.0
17.53;0;0;0;0;0.0;0.0;0.0
17.54;0;0;0;0;0.0;0.0;0.0
17.55;0;0;0;0;0.0;0.0;0.0
17.56;0;0;0;0;0.0;0.0;0.0
17.57;0;0;0;0;0.0;0.0;0.0
17.58;0;0;0;0;0.0;0.0;0.0
17.59;0;0;0;0;0.0;0.0;0.0
17.6;0;0;0;0;0.0;0.0;0.0
17.61;0;0;0;0;0.0;0.0;0.0
17.62;0;0;0;0;0.0;0.0;0.0
17.63;0;0;0;0;0.0;0.0;0.0
17.64;0;0;0;0;0.0;0.0;0.0
17.65;0;0;0;0;0.0;0.0;0.0
17.66;0;0;0;0;0.0;0.0;0.0
17.67;0;0;0;0;0.0;0.0;0.0
17.68;0;0;0;0;0.0;0.0;0.0
17.69;0;0;0;0;0.0;0.0;0.0
17.7;0;0;0;0;0.0;0.0;0.0
17.71;0;0;0;0;0.0;0.0;0.0
17.72;0;0;0;0;0.0;0.0;0.0
17.73;0;0;0;0;0.0;0.0;0.0
17.74;0;0;0;0;0.0;0.0;0.0
17.75;0;0;0;0;0.0;0.0;0.0
17.76;0;0;0;0;0.0;0.0;0.0
17.77;0;0;0;0;0.0;0.0;0.0
17.78;0;0;0;0;0.0;0.0;0.0
17.79;0;0;0;0;0.0;0.0;0.0
17.8;0;0;0;0;0.0;0.0;0.0
17.81;0;0;0;0;0.0;0.0;0.0
17.82;0;0;0;0;0.0;0.0;0.0
17.83;0;0;0;0;0.0;0.0;0.0
17.84;0;0;0;0;0.0;0.0;0.0
17.85;0;0;0;0;0.0;0.0;0.0
17.86;0;0;0;0;0.0;0.0;0.0
17.87;0;0;0;0;0.0;0.0;0.0
17.88;0;0;0;0;0.0;0.0;0.0
17.89;0;0;0;0;0.0;0.0;0.0
17.9;0;0;0;0;0.0;0.0;0.0
17.91;0;0;0;0;0.0;0.0;0.0
17.92;0;0;0;0;0.0;0.0;0.0
17.93;0;0;0;0;0.0;0.0;0.0
17.94;0;0;0;0;0.0;0.0;0.0
17.95;0;0;0;0;0.0;0.0;0.0
17.96;0;0;0;0;0.0;0.0;0.0
17.97;0;0;0;0;0.0;0.0;0.0
17.98;0;0;0;0;0.0;0.0;0.0
17.99;0;0;0;0;0.0;0.0;0.0
18.0;0;0;0;0;0.0;0.0;0.0
18.01;0;0;0;0;0.0;0.0;0.0
18.02;0;0;0;0;0.0;0.0;0.0
18.03;0;0;0;0;0.0;0.0;0.0
18.04;0;0;0;0;0.0;0.0;0.0
18.05;0;0;0;0;0.0;0.0;0.0
18.06;0;0;0;0;0.0;0.0;0.0
18.07;0;0;0;0;0.0;0.0;0.0
18.08;0;0;0;0;0.0;0.0;0.0
18.09;0;0;0;0;0.0;0.0;0.0
18.1;0;0;0;0;0.0;0.0;0.0
18.11;0;0;0;0;0.0;0.0;0.0
18.12;0;0;0;0;0.0;0.0;0.0
18.13;0;0;0;0;0.0;0.0;0.0
18.14;0;0;0;0;0.0;0.0;0.0
18.15;0;0;0;0;0.0;0.0;0.0
18.16;0;0;0;0;0.0;0.0;0.0
18.17;0;0;0;0;0.0;0.0;0.0
18.18;0;0;0;0;0.0;0.0;0.0
18.19;0;0;0;0;0.0;0.0;0.0
18.2;0;0;0;0;0.0;0.0;0.0
18.21;0;0;0;0;0.0;0.0;0.0
18.22;0;0;0;0;0.0;0.0;0.0
18.23;0;0;0;0;0.0;0.0;0.0
18.24;0;0;0;0;0.0;0.0;0.0
18.25;0;0;0;0;0.0;0.0;0.0
18.26;0;0;0;0;0.0;0.0;0.0
18.27;0;0;0;0;0.0;0.0;0.0
18.28;0;0;0;0;0.0;0.0;0.0
18.29;0;0;0;0;0.0;0.0;0.0
18.3;0;0;0;0;0.0;0.0;0.0
18.31;0;0;0;0;0.0;0.0;0.0
18.32;0;0;0;0;0.0;0.0;0.0
18.33;0;0;0;0;0.0;0.0;0.0
18.34;0;0;0;0;0.0;0.0;0.0
18.35;0;0;0;0;0.0;0.0;0.0
18.36;0;0;0;0;0.0;0.0;0.0
18.37;0;0;0;0;0.0;0.0;0.0
18.38;0;0;0;0;0.0;0.0;0.0
18.39;0;0;0;0;0.0;0.0;0.0
18.4;0;0;0;0;0.0;0.0;0.0
18.41;0;0;0;0;0.0;0.0;0.0
18.42;0;0;0;0;0.0;0.0;0.0
18.43;0;0;0;0;0.0;0.0;0.0
18.44;0;0;0;0;0.0;0.0;0.0
18.45;0;0;0;0;0.0;0.0;0.0
18.46;0;0;0;0;0.0;0.0;0.0
18.47;0;0;0;0;0.0;0.0;0.0
18.48;0;0;0;0;0.0;0.0;0.0
18.49;0;0;0;0;0.0;0.0;0.0
18.5;0;0;0;0;0.0;0.0;0.0
18.51;0;0;0;0;0.0;0.0;0.0
18.52;0;0;0;0;0.0;0.0;0.0
18.53;0;0;0;0;0.0;0.0;0.0
18.54;0;0;0;0;0.0;0.0;0.0
18.55;0;0;0;0;0.0;0.0;0.0
18.56;0;0;0;0;0.0;0.0;0.0
18.57;0;0;0;0;0.0;0.0;0.0
18.58;0;0;0;0;0.0;0.0;0.0
18.59;0;0;0;0;0.0;0.0;0.0
18.6;0;0;0;0;0.0;0.0;0.0
18.61;0;0;0;0;0.0;0.0;0.0
18.62;0;0;0;0;0.0;0.0;0.0
18.63;0;0;0;0;0.0;0.0;0.0
18.64;0;0;0;0;0.0;0.0;0.0
18.65;0;0;0;0;0.0;0.0;0.0
18.66;0;0;0;0;0.0;0.0;0.0
18.67;0;0;0;0;0.0;0.0;0.0
18.68;0;0;0;0;0.0;0.0;0.0
18.69;0;0;0;0;0.0;0.0;0.0
18.7;0;0;0;0;0.0;0.0;0.0
18.71;0;0;0;0;0.0;0.0;0.0
18.72;0;0;0;0;0.0;0.0;0.0
18.73;0;0;0;0;0.0;0.0;0.0
18.74;0;0;0;0;0.0;0.0;0.0
18.75;0;0;0;0;0.0;0.0;0.0
18.76;0;0;0;0;0.0;0.0;0.0
18.77;0;0;0;0;0.0;0.0;0.0
18.78;0;0;0;0;0.0;0.0;0.0
18.79;0;0;0;0;0.0;0.0;0.0
18.8;0;0;0;0;0.0;0.0;0.0
18.81;0;0;0;0;0.0;0.0;0.0
18.82;0;0;0;0;0.0;0.0;0.0
18.83;0;0;0;0;0.0;0.0;0.0
18.84;0;0;0;0;0.0;0.0;0.0
18.85;0;0;0;0;0.0;0.0;0.0
18.86;0;0;0;0;0.0;0.0;0.0
18.87;0;0;0;0;0.0;0.0;0.0
18.88;0;0;0;0;0.0;0.0;0.0
18.89;0;0;0;0;0.0;0.0;0.0
18.9;0;0;0;0;0.0;0.0;0.0
18.91;0;0;0;0;0.0;0.0;0.0
18.92;0;0;0;0;0.0;0.0;0.0
18.93;0;0;0;0;0.0;0.0;0.0
18.94;0;0;0;0;0.0;0.0;0.0
18.95;0;0;0;0;0.0;0.0;0.0
18.96;0;0;0;0;0.0;0.0;0.0
18.97;0;0;0;0;0.0;0.0;0.0
18.98;0;0;0;0;0.0;0.0;0.0
18.99;0;0;0;0;0.0;0.0;0.0
19.0;0;0;0;0;0.0;0.0;0.0
19.01;0;0;0;0;0.0;0.0;0.0
19.02;0;0;0;0;0.0;0.0;0.0
19.03;0;0;0;0;0.0;0.0;0.0
19.04;0;0;0;0;0.0;0.0;0.0
19.05;0;0;0;0;0.0;0.0;0.0
19.06;0;0;0;0;0.0;0.0;0.0
19.07;0;0;0;0;0.0;0.0;0.0
19.08;0;0;0;0;0.0;0.0;0.0
19.09;0;0;0;0;0.0;0.0;0.0
19.1;0;0;0;0;0.0;0.0;0.0
19.11;0;0;0;0;0.0;0.0;0.0
19.12;0;0;0;0;0.0;0.0;0.0
19.13;0;0;0;0;0.0;0.0;0.0
19.14;0;0;0;0;0.0;0.0;0.0
19.15;0;0;0;0;0.0;0.0;0.0
19.16;0;0;0;0;0.0;0.0;0.0
19.17;0;0;0;0;0.0;0.0;0.0
19.18;0;0;0;0;0.0;0.0;0.0
19.19;0;0;0;0;0.0;0.0;0.0
19.2;0;0;0;0;0.0;0.0;0.0
19.21;0;0;0;0;0.0;0.0;0.0
19.22;0;0;0;0;0.0;0.0;0.0
19.23;0;0;0;0;0.0;0.0;0.0
19.24;0;0;0;0;0.0;0.0;0.0
19.25;0;0;0;0;0.0;0.0;0.0
19.26;0;0;0;0;0.0;0.0;0.0
19.27;0;0;0;0;0.0;0.0;0.0
19.28;0;0;0;0;0.0;0.0;0.0
19.29;0;0;0;0;0.0;0.0;0.0
19.3;0;0;0;0;0.0;0.0;0.0
19.31;0;0;0;0;0.0;0.0;0.0
19.32;0;0;0;0;0.0;0.0;0.0
