 Height:  Visitor ;  Weight:  Visitor ;  Age:  -1 ;  Gender:  Visitor; name: racha; color: green; situation: normal
Temps (s);F1 (N);F2 (N);F3 (N);F4 (N);Fz (kg);ML (cm);AP (cm);Poids (kg);Instant apparition poids (s);Score equilibre;Vitesse de la phase de montee;Surface du stabilogramme;Vitesse de deplacement du centre des pressions;Phase de stabilisation
0.01;0;0;0;0;0.0;0.0;0.0;50.356778797145765;13.0;16;4;4;4;4; 163.91437308868498; 1.4087897122434625; 1.335359827166681; 1.8026996278838237
0.02;0;0;0;0;0.0;0.0;0.0
0.03;0;0;0;0;0.0;0.0;0.0
0.04;0;0;0;0;0.0;0.0;0.0
0.05;0;0;0;0;0.0;0.0;0.0
0.06;0;0;0;0;0.0;0.0;0.0
0.07;0;0;0;0;0.0;0.0;0.0
0.08;0;0;0;0;0.0;0.0;0.0
0.09;0;0;0;0;0.0;0.0;0.0
0.1;0;0;0;0;0.0;0.0;0.0
0.11;0;0;0;0;0.0;0.0;0.0
0.12;0;0;0;0;0.0;0.0;0.0
0.13;0;0;0;0;0.0;0.0;0.0
0.14;0;0;0;0;0.0;0.0;0.0
0.15;0;0;0;0;0.0;0.0;0.0
0.16;0;0;0;0;0.0;0.0;0.0
0.17;0;0;0;0;0.0;0.0;0.0
0.18;0;0;0;0;0.0;0.0;0.0
0.19;0;0;0;0;0.0;0.0;0.0
0.2;0;0;0;0;0.0;0.0;0.0
0.21;0;0;0;0;0.0;0.0;0.0
0.22;0;0;0;0;0.0;0.0;0.0
0.23;0;0;0;0;0.0;0.0;0.0
0.24;0;0;0;0;0.0;0.0;0.0
0.25;0;0;0;0;0.0;0.0;0.0
0.26;0;0;0;0;0.0;0.0;0.0
0.27;0;0;0;0;0.0;0.0;0.0
0.28;0;0;0;0;0.0;0.0;0.0
0.29;0;0;0;0;0.0;0.0;0.0
0.3;0;0;0;0;0.0;0.0;0.0
0.31;0;0;0;0;0.0;0.0;0.0
0.32;0;0;0;0;0.0;0.0;0.0
0.33;0;0;0;0;0.0;0.0;0.0
0.34;0;0;0;0;0.0;0.0;0.0
0.35;0;0;0;0;0.0;0.0;0.0
0.36;0;0;0;0;0.0;0.0;0.0
0.37;0;0;0;0;0.0;0.0;0.0
0.38;0;0;0;0;0.0;0.0;0.0
0.39;0;0;0;0;0.0;0.0;0.0
0.4;0;0;0;0;0.0;0.0;0.0
0.41;0;0;0;0;0.0;0.0;0.0
0.42;0;0;0;0;0.0;0.0;0.0
0.43;0;0;0;0;0.0;0.0;0.0
0.44;0;0;0;0;0.0;0.0;0.0
0.45;0;0;0;0;0.0;0.0;0.0
0.46;0;0;0;0;0.0;0.0;0.0
0.47;0;0;0;0;0.0;0.0;0.0
0.48;0;0;0;0;0.0;0.0;0.0
0.49;0;0;0;0;0.0;0.0;0.0
0.5;0;0;0;0;0.0;0.0;0.0
0.51;0;0;0;0;0.0;0.0;0.0
0.52;0;0;0;0;0.0;0.0;0.0
0.53;0;0;0;0;0.0;0.0;0.0
0.54;0;0;0;0;0.0;0.0;0.0
0.55;0;0;0;0;0.0;0.0;0.0
0.56;0;0;0;0;0.0;0.0;0.0
0.57;0;0;0;0;0.0;0.0;0.0
0.58;0;0;0;0;0.0;0.0;0.0
0.59;0;0;0;0;0.0;0.0;0.0
0.6;0;0;0;0;0.0;0.0;0.0
0.61;0;0;0;0;0.0;0.0;0.0
0.62;0;0;0;0;0.0;0.0;0.0
0.63;0;0;0;0;0.0;0.0;0.0
0.64;0;0;0;0;0.0;0.0;0.0
0.65;0;0;0;0;0.0;0.0;0.0
0.66;0;0;0;0;0.0;0.0;0.0
0.67;0;0;0;0;0.0;0.0;0.0
0.68;0;0;0;0;0.0;0.0;0.0
0.69;0;0;0;0;0.0;0.0;0.0
0.7;0;0;0;0;0.0;0.0;0.0
0.71;0;0;0;0;0.0;0.0;0.0
0.72;0;0;0;0;0.0;0.0;0.0
0.73;0;0;0;0;0.0;0.0;0.0
0.74;0;0;0;0;0.0;0.0;0.0
0.75;0;0;0;0;0.0;0.0;0.0
0.76;0;0;0;0;0.0;0.0;0.0
0.77;0;0;0;0;0.0;0.0;0.0
0.78;0;0;0;0;0.0;0.0;0.0
0.79;0;0;0;0;0.0;0.0;0.0
0.8;0;0;0;0;0.0;0.0;0.0
0.81;0;0;0;0;0.0;0.0;0.0
0.82;0;0;0;0;0.0;0.0;0.0
0.83;0;0;0;0;0.0;0.0;0.0
0.84;0;0;0;0;0.0;0.0;0.0
0.85;0;0;0;0;0.0;0.0;0.0
0.86;0;0;0;0;0.0;0.0;0.0
0.87;0;0;0;0;0.0;0.0;0.0
0.88;0;0;0;0;0.0;0.0;0.0
0.89;0;0;0;0;0.0;0.0;0.0
0.9;0;0;0;0;0.0;0.0;0.0
0.91;0;0;0;0;0.0;0.0;0.0
0.92;0;0;0;0;0.0;0.0;0.0
0.93;0;0;0;0;0.0;0.0;0.0
0.94;0;0;0;0;0.0;0.0;0.0
0.95;0;0;0;0;0.0;0.0;0.0
0.96;0;0;0;0;0.0;0.0;0.0
0.97;0;0;1;2;0.3058103975535168;-4.5;-13.5
0.98;0;0;2;10;1.2232415902140672;-9.0;-13.5
0.99;0;0;5;21;2.650356778797146;-8.307693;-13.5
1.0;0;0;8;29;3.771661569826707;-7.6621623;-13.5
1.01;2;0;10;35;4.791029561671763;-7.755319;-12.351064
1.02;3;0;12;38;5.402650356778797;-7.3867927;-11.971698
1.03;4;0;13;40;5.810397553516819;-7.3421054;-11.605263
1.04;6;0;14;41;6.218144750254842;-7.303279;-10.844262
1.05;8;0;14;41;6.422018348623853;-7.5;-10.071428
1.06;10;0;15;42;6.829765545361875;-7.455224;-9.470149
1.07;12;0;15;42;7.033639143730887;-7.630435;-8.804348
1.08;13;0;16;44;7.441386340468909;-7.582192;-8.691781
1.09;15;0;17;47;8.053007135575942;-7.689873;-8.373418
1.1;18;0;19;53;9.174311926605505;-7.8;-8.1
1.11;20;0;21;60;10.295616717635065;-7.8861384;-8.153465
1.12;23;0;24;68;11.722731906218144;-7.865217;-8.1
1.13;26;0;27;78;13.353720693170233;-7.9351144;-8.141221
1.14;28;0;31;89;15.086646279306828;-7.8445945;-8.3918915
1.15;31;0;35;101;17.023445463812436;-7.841317;-8.488024
1.16;34;0;39;116;19.266055045871557;-7.928571;-8.642858
1.17;39;0;44;132;21.916411824668703;-7.9744186;-8.602325
1.18;44;0;50;150;24.872579001019368;-7.967213;-8.631147
1.19;50;0;55;168;27.82874617737003;-8.060439;-8.554945
1.2;55;0;60;185;30.581039755351682;-8.1;-8.55
1.21;60;0;66;202;33.435270132517836;-8.067073;-8.560976
1.22;64;0;71;219;36.08562691131498;-8.084745;-8.618644
1.23;69;0;76;234;38.63404689092762;-8.085752;-8.584433
1.24;73;0;81;248;40.97859327217125;-8.059702;-8.597015
1.25;77;0;85;261;43.11926605504587;-8.074468;-8.585107
1.26;80;0;89;271;44.852191641182465;-8.038636;-8.590909
1.27;83;0;92;280;46.381243628950045;-8.040659;-8.574725
1.28;86;0;96;286;47.70642201834862;-7.9615383;-8.538462
1.29;88;0;98;289;48.41997961264016;-7.929474;-8.497894
1.3;90;0;100;290;48.92966360856269;-7.875;-8.4375
1.31;92;0;102;288;49.1335372069317;-7.786307;-8.346473
1.32;93;0;103;285;49.03160040774719;-7.718295;-8.279626
1.33;93;0;104;281;48.72579001019368;-7.625523;-8.246861
1.34;93;0;104;276;48.21610601427115;-7.563425;-8.191332
1.35;92;0;105;272;47.808358817533126;-7.455224;-8.203625
1.36;91;0;104;267;47.09480122324159;-7.422078;-8.181818
1.37;90;0;104;263;46.58511722731906;-7.35558;-8.1827135
1.38;90;0;103;258;45.97349643221202;-7.333703;-8.111974
1.39;89;0;102;254;45.361875637104994;-7.311236;-8.1
1.4;90;0;101;250;44.95412844036697;-7.3163266;-7.9897957
1.41;91;0;99;247;44.54638124362895;-7.383295;-7.8775744
1.42;92;0;98;244;44.24057084607543;-7.403226;-7.776498
1.43;94;0;98;241;44.13863404689093;-7.3891454;-7.638568
1.44;97;0;98;240;44.342507645259936;-7.4172416;-7.4793105
1.45;100;0;98;240;44.64831804281345;-7.4589043;-7.3356166
1.46;103;0;100;242;45.361875637104994;-7.4325843;-7.2505617
1.47;106;0;102;245;46.17737003058104;-7.42053;-7.1821194
1.48;110;0;104;248;47.09480122324159;-7.422078;-7.071429
1.49;113;0;107;252;48.11416921508664;-7.379237;-7.036017
1.5;116;0;109;256;49.03160040774719;-7.381497;-6.9885654
1.51;119;0;111;259;49.847094801223236;-7.3711658;-6.9294477
1.52;121;0;112;261;50.356778797145765;-7.3785424;-6.8866396
1.53;123;0;113;263;50.866462793068294;-7.3857718;-6.8446894
1.54;124;0;114;263;51.07033639143731;-7.3562875;-6.817365
1.55;126;0;114;263;51.274209989806316;-7.380716;-6.7365804
1.56;127;0;114;263;51.37614678899082;-7.392857;-6.696429
1.57;127;0;113;261;51.07033639143731;-7.4101796;-6.655689
1.58;127;0;113;259;50.866462793068294;-7.3857718;-6.6282563
1.59;127;0;112;257;50.56065239551478;-7.403226;-6.586694
1.6;127;0;111;255;50.254841997961265;-7.4208927;-6.544625
1.61;126;0;109;252;49.64322120285423;-7.4568787;-6.514374
1.62;125;0;108;250;49.235474006116206;-7.462733;-6.5124226
1.63;124;0;107;248;48.827726809378184;-7.4686847;-6.5104384
1.64;123;0;106;246;48.41997961264016;-7.4747367;-6.508421
1.65;121;0;104;245;47.91029561671763;-7.525532;-6.5489364
1.66;120;0;103;244;47.60448521916412;-7.5449677;-6.5620985
1.67;119;0;103;244;47.50254841997961;-7.532189;-6.60515
1.68;120;2;106;242;47.91029561671763;-7.295745;-6.4914894
1.69;122;6;114;241;49.235474006116206;-6.7919254;-6.3447204
1.7;122;9;122;241;50.356778797145765;-6.3400807;-6.3400807
1.71;119;9;131;242;51.07033639143731;-5.95509;-6.6017966
1.72;117;11;143;242;52.293577981651374;-5.394737;-6.763158
1.73;115;15;156;240;53.61875637104995;-4.7224336;-6.8269963
1.74;113;19;167;237;54.638124362895;-4.130597;-6.850746
1.75;110;22;174;231;54.740061162079506;-3.6452515;-6.8631287
1.76;107;25;177;221;54.02650356778797;-3.209434;-6.7754717
1.77;103;28;177;210;52.803261977573904;-2.8146718;-6.6718144
1.78;100;30;177;198;51.47808358817533;-2.4326732;-6.5495048
1.79;97;32;177;187;50.254841997961265;-2.0537524;-6.4350915
1.8;94;34;177;177;49.1335372069317;-1.6804979;-6.3298755
1.81;92;36;179;169;48.52191641182467;-1.3046218;-6.2394958
1.82;90;38;181;161;47.91029561671763;-0.9191489;-6.1468086
1.83;88;40;184;155;47.60448521916412;-0.54925054;-6.0995717
1.84;87;42;187;151;47.60448521916412;-0.2601713;-6.0417557
1.85;86;45;191;148;47.91029561671763;0.057446808;-5.974468
1.86;86;47;194;146;48.21610601427115;0.25687104;-5.908034
1.87;86;50;198;144;48.72579001019368;0.5083682;-5.8179917
1.88;87;53;201;143;49.33741080530071;0.6694215;-5.6900826
1.89;87;55;203;142;49.64322120285423;0.80390143;-5.6273103
1.9;87;57;206;141;50.05096839959225;0.9623218;-5.581466
1.91;87;59;207;140;50.254841997961265;1.0679513;-5.504057
1.92;87;61;209;138;50.45871559633027;1.2272727;-5.427273
1.93;88;62;209;136;50.45871559633027;1.2818182;-5.318182
1.94;88;64;209;134;50.45871559633027;1.3909091;-5.2090907
1.95;88;65;209;132;50.356778797145765;1.4757085;-5.137652
1.96;88;65;208;130;50.05096839959225;1.5122199;-5.086558
1.97;88;66;207;129;49.94903160040774;1.5428572;-5.0142856
1.98;88;67;207;127;49.847094801223236;1.6288344;-4.9417176
1.99;89;68;207;127;50.05096839959225;1.6221995;-4.8665986
2.0;89;70;206;126;50.05096839959225;1.6771894;-4.756619
2.01;90;71;206;125;50.15290519877676;1.7012196;-4.664634
2.02;91;73;206;124;50.356778797145765;1.7489879;-4.536437
2.03;92;74;206;123;50.45871559633027;1.7727273;-4.4454546
2.04;93;75;205;122;50.45871559633027;1.7727273;-4.336364
2.05;94;77;205;122;50.76452599388379;1.7891567;-4.2289157
2.06;95;78;205;121;50.866462793068294;1.8126253;-4.1392784
2.07;96;80;204;120;50.9683995922528;1.836;-3.996
2.08;97;82;204;119;51.17227319062181;1.8824701;-3.87251
2.09;98;84;202;118;51.17227319062181;1.8824701;-3.7111554
2.1;99;87;201;116;51.274209989806316;1.9592445;-3.5159047
2.11;100;89;199;114;51.17227319062181;1.9900398;-3.3346612
2.12;101;91;197;112;51.07033639143731;2.0209582;-3.1526947
2.13;102;92;194;109;50.66258919469929;2.0372233;-2.9607646
2.14;103;94;192;106;50.45871559633027;2.1;-2.7545455
2.15;103;95;190;104;50.15290519877676;2.140244;-2.6341465
2.16;104;96;188;102;49.94903160040774;2.1489797;-2.4795918
2.17;104;97;186;101;49.745158002038735;2.1577868;-2.3790984
2.18;105;97;185;100;49.64322120285423;2.134497;-2.3008213
2.19;106;97;185;100;49.745158002038735;2.102459;-2.2684426
2.2;106;97;185;100;49.745158002038735;2.102459;-2.2684426
2.21;107;97;185;101;49.94903160040774;2.0387754;-2.2591836
2.22;108;97;186;102;50.254841997961265;1.9989858;-2.2728195
2.23;109;96;186;103;50.356778797145765;1.9129555;-2.2955465
2.24;110;96;186;105;50.66258919469929;1.8199195;-2.3088531
2.25;111;95;186;106;50.76452599388379;1.7349398;-2.3313253
2.26;111;95;186;107;50.866462793068294;1.7044088;-2.3537073
2.27;112;94;186;107;50.866462793068294;1.6503006;-2.3537073
2.28;112;94;185;108;50.866462793068294;1.5961924;-2.3537073
2.29;113;93;185;109;50.9683995922528;1.512;-2.376
2.3;113;92;184;109;50.76452599388379;1.4638554;-2.3855422
2.31;114;92;183;110;50.866462793068294;1.3797596;-2.3537073
2.32;114;91;181;111;50.66258919469929;1.27666;-2.363179
2.33;115;91;180;111;50.66258919469929;1.222334;-2.3088531
2.34;116;90;179;112;50.66258919469929;1.1136822;-2.3088531
2.35;116;89;178;112;50.45871559633027;1.0636364;-2.3181818
2.36;117;89;176;113;50.45871559633027;0.95454544;-2.2636364
2.37;118;88;174;114;50.356778797145765;0.81983805;-2.2408907
2.38;119;88;173;114;50.356778797145765;0.7651822;-2.1862347
2.39;120;88;171;115;50.356778797145765;0.65587044;-2.131579
2.4;120;87;170;116;50.254841997961265;0.5750507;-2.163286
2.41;121;87;169;117;50.356778797145765;0.49190283;-2.131579
2.42;122;86;167;118;50.254841997961265;0.35598376;-2.1085193
2.43;123;86;167;119;50.45871559633027;0.3;-2.1
2.44;124;85;166;120;50.45871559633027;0.19090909;-2.1
2.45;124;85;165;121;50.45871559633027;0.13636364;-2.1
2.46;125;85;164;122;50.56065239551478;0.054435484;-2.0685484
2.47;126;84;163;123;50.56065239551478;-0.054435484;-2.0685484
2.48;127;84;162;124;50.66258919469929;-0.13581489;-2.0372233
2.49;128;84;161;124;50.66258919469929;-0.19014084;-1.9828974
2.5;128;84;160;124;50.56065239551478;-0.21774194;-1.9596775
2.51;129;83;159;124;50.45871559633027;-0.3;-1.9363636
2.52;129;83;158;124;50.356778797145765;-0.32793522;-1.9129555
2.53;130;83;157;124;50.356778797145765;-0.3825911;-1.8582996
2.54;130;83;156;124;50.254841997961265;-0.4107505;-1.8346856
2.55;131;82;155;125;50.254841997961265;-0.520284;-1.8346856
2.56;132;82;154;125;50.254841997961265;-0.5750507;-1.7799189
2.57;132;81;154;125;50.15290519877676;-0.60365856;-1.8109756
2.58;132;81;153;126;50.15290519877676;-0.6585366;-1.8109756
2.59;132;81;153;126;50.15290519877676;-0.6585366;-1.8109756
2.6;133;80;153;127;50.254841997961265;-0.7393509;-1.8346856
2.61;133;80;153;128;50.356778797145765;-0.7651822;-1.8582996
2.62;133;79;153;128;50.254841997961265;-0.7941176;-1.8894523
2.63;133;79;153;129;50.356778797145765;-0.81983805;-1.9129555
2.64;133;78;152;130;50.254841997961265;-0.9036511;-1.9442191
2.65;133;78;152;131;50.356778797145765;-0.9291498;-1.9676113
2.66;133;78;152;132;50.45871559633027;-0.95454544;-1.9909091
2.67;133;77;152;132;50.356778797145765;-0.98380566;-2.022267
2.68;133;77;153;133;50.56065239551478;-0.9798387;-2.0685484
2.69;133;77;152;133;50.45871559633027;-1.0090909;-2.0454545
2.7;133;76;152;134;50.45871559633027;-1.0636364;-2.1
2.71;133;76;152;134;50.45871559633027;-1.0636364;-2.1
2.72;133;76;152;134;50.45871559633027;-1.0636364;-2.1
2.73;133;76;152;134;50.45871559633027;-1.0636364;-2.1
2.74;133;76;152;134;50.45871559633027;-1.0636364;-2.1
2.75;133;76;152;134;50.45871559633027;-1.0636364;-2.1
2.76;133;76;152;134;50.45871559633027;-1.0636364;-2.1
2.77;134;76;152;133;50.45871559633027;-1.0636364;-2.0454545
2.78;134;77;152;133;50.56065239551478;-1.0342742;-2.014113
2.79;134;77;152;133;50.56065239551478;-1.0342742;-2.014113
2.8;134;77;151;132;50.356778797145765;-1.0384616;-1.9676113
2.81;134;77;151;132;50.356778797145765;-1.0384616;-1.9676113
2.82;134;77;151;132;50.356778797145765;-1.0384616;-1.9676113
2.83;134;78;151;131;50.356778797145765;-0.98380566;-1.9129555
2.84;134;78;151;131;50.356778797145765;-0.98380566;-1.9129555
2.85;134;78;151;131;50.356778797145765;-0.98380566;-1.9129555
2.86;134;78;151;131;50.356778797145765;-0.98380566;-1.9129555
2.87;134;78;151;130;50.254841997961265;-0.95841783;-1.8894523
2.88;134;78;151;130;50.254841997961265;-0.95841783;-1.8894523
2.89;134;78;151;130;50.254841997961265;-0.95841783;-1.8894523
2.9;134;79;151;130;50.356778797145765;-0.9291498;-1.8582996
2.91;134;79;151;130;50.356778797145765;-0.9291498;-1.8582996
2.92;134;79;152;130;50.45871559633027;-0.9;-1.8818182
2.93;134;79;152;130;50.45871559633027;-0.9;-1.8818182
2.94;134;79;152;130;50.45871559633027;-0.9;-1.8818182
2.95;134;79;152;130;50.45871559633027;-0.9;-1.8818182
2.96;134;79;152;130;50.45871559633027;-0.9;-1.8818182
2.97;134;79;152;129;50.356778797145765;-0.87449396;-1.8582996
2.98;134;79;152;129;50.356778797145765;-0.87449396;-1.8582996
2.99;134;79;152;129;50.356778797145765;-0.87449396;-1.8582996
3.0;133;79;153;129;50.356778797145765;-0.81983805;-1.9129555
3.01;133;79;153;129;50.356778797145765;-0.81983805;-1.9129555
3.02;133;79;153;129;50.356778797145765;-0.81983805;-1.9129555
3.03;133;79;154;129;50.45871559633027;-0.7909091;-1.9363636
3.04;132;79;154;129;50.356778797145765;-0.7651822;-1.9676113
3.05;132;79;154;129;50.356778797145765;-0.7651822;-1.9676113
3.06;132;79;155;129;50.45871559633027;-0.73636365;-1.9909091
3.07;131;79;155;128;50.254841997961265;-0.6845842;-1.9989858
3.08;131;79;155;128;50.254841997961265;-0.6845842;-1.9989858
3.09;131;79;156;128;50.356778797145765;-0.65587044;-2.022267
3.1;130;79;156;128;50.254841997961265;-0.6298174;-2.0537524
3.11;130;79;157;128;50.356778797145765;-0.6012146;-2.0769231
3.12;130;79;158;127;50.356778797145765;-0.5465587;-2.0769231
3.13;129;79;158;127;50.254841997961265;-0.520284;-2.1085193
3.14;129;79;159;127;50.356778797145765;-0.49190283;-2.131579
3.15;129;79;159;127;50.356778797145765;-0.49190283;-2.131579
3.16;128;79;160;126;50.254841997961265;-0.4107505;-2.163286
3.17;128;79;160;126;50.254841997961265;-0.4107505;-2.163286
3.18;128;79;161;126;50.356778797145765;-0.3825911;-2.1862347
3.19;128;79;161;126;50.356778797145765;-0.3825911;-2.1862347
3.2;127;79;161;126;50.254841997961265;-0.35598376;-2.2180526
3.21;127;79;162;126;50.356778797145765;-0.32793522;-2.2408907
3.22;127;79;162;127;50.45871559633027;-0.35454544;-2.2636364
3.23;127;79;162;127;50.45871559633027;-0.35454544;-2.2636364
3.24;127;79;162;127;50.45871559633027;-0.35454544;-2.2636364
3.25;128;79;162;127;50.56065239551478;-0.38104838;-2.231855
3.26;128;79;162;127;50.56065239551478;-0.38104838;-2.231855
3.27;128;79;161;127;50.45871559633027;-0.4090909;-2.209091
3.28;128;79;161;127;50.45871559633027;-0.4090909;-2.209091
3.29;129;79;160;127;50.45871559633027;-0.46363637;-2.1545455
3.3;129;79;160;127;50.45871559633027;-0.46363637;-2.1545455
3.31;129;79;159;127;50.356778797145765;-0.49190283;-2.131579
3.32;130;79;159;127;50.45871559633027;-0.5181818;-2.1
3.33;130;79;158;127;50.356778797145765;-0.5465587;-2.0769231
3.34;131;79;158;127;50.45871559633027;-0.57272726;-2.0454545
3.35;131;79;157;127;50.356778797145765;-0.6012146;-2.022267
3.36;132;79;157;127;50.45871559633027;-0.6272727;-1.9909091
3.37;132;79;157;127;50.45871559633027;-0.6272727;-1.9909091
3.38;133;79;156;127;50.45871559633027;-0.6818182;-1.9363636
3.39;133;79;156;127;50.45871559633027;-0.6818182;-1.9363636
3.4;133;78;155;128;50.356778797145765;-0.7651822;-1.9676113
3.41;134;78;155;128;50.45871559633027;-0.7909091;-1.9363636
3.42;134;78;155;128;50.45871559633027;-0.7909091;-1.9363636
3.43;134;78;154;128;50.356778797145765;-0.81983805;-1.9129555
3.44;135;78;154;128;50.45871559633027;-0.8454546;-1.8818182
3.45;135;78;154;129;50.56065239551478;-0.87096775;-1.905242
3.46;135;77;153;129;50.356778797145765;-0.9291498;-1.9129555
3.47;135;77;153;129;50.356778797145765;-0.9291498;-1.9129555
3.48;136;77;152;129;50.356778797145765;-0.98380566;-1.8582996
3.49;136;77;152;129;50.356778797145765;-0.98380566;-1.8582996
3.5;136;77;152;129;50.356778797145765;-0.98380566;-1.8582996
3.51;136;77;151;129;50.254841997961265;-1.0131845;-1.8346856
3.52;136;77;151;129;50.254841997961265;-1.0131845;-1.8346856
3.53;137;77;151;128;50.254841997961265;-1.0131845;-1.7799189
3.54;137;77;151;128;50.254841997961265;-1.0131845;-1.7799189
3.55;137;77;151;128;50.254841997961265;-1.0131845;-1.7799189
3.56;137;77;151;128;50.254841997961265;-1.0131845;-1.7799189
3.57;137;77;151;128;50.254841997961265;-1.0131845;-1.7799189
3.58;137;78;152;128;50.45871559633027;-0.95454544;-1.7727273
3.59;137;78;152;128;50.45871559633027;-0.95454544;-1.7727273
3.6;137;78;152;128;50.45871559633027;-0.95454544;-1.7727273
3.61;136;78;153;128;50.45871559633027;-0.9;-1.8272728
3.62;136;78;153;127;50.356778797145765;-0.87449396;-1.8036437
3.63;136;78;153;127;50.356778797145765;-0.87449396;-1.8036437
3.64;135;78;153;127;50.254841997961265;-0.8488844;-1.8346856
3.65;135;78;154;126;50.254841997961265;-0.7941176;-1.8346856
3.66;134;78;154;126;50.15290519877676;-0.76829267;-1.8658537
3.67;134;78;155;126;50.254841997961265;-0.7393509;-1.8894523
3.68;133;78;155;126;50.15290519877676;-0.7134146;-1.9207317
3.69;133;78;156;126;50.254841997961265;-0.6845842;-1.9442191
3.7;133;78;157;126;50.356778797145765;-0.65587044;-1.9676113
3.71;132;79;157;126;50.356778797145765;-0.6012146;-1.9676113
3.72;132;79;158;126;50.45871559633027;-0.57272726;-1.9909091
3.73;132;79;158;126;50.45871559633027;-0.57272726;-1.9909091
3.74;132;79;158;126;50.45871559633027;-0.57272726;-1.9909091
3.75;132;79;159;127;50.66258919469929;-0.57042253;-2.0372233
3.76;132;79;159;126;50.56065239551478;-0.54435486;-2.014113
3.77;131;79;159;126;50.45871559633027;-0.5181818;-2.0454545
3.78;131;79;159;126;50.45871559633027;-0.5181818;-2.0454545
3.79;131;79;159;126;50.45871559633027;-0.5181818;-2.0454545
3.8;131;79;159;126;50.45871559633027;-0.5181818;-2.0454545
3.81;131;79;159;126;50.45871559633027;-0.5181818;-2.0454545
3.82;131;78;159;126;50.356778797145765;-0.5465587;-2.0769231
3.83;131;78;159;126;50.356778797145765;-0.5465587;-2.0769231
3.84;130;78;159;126;50.254841997961265;-0.520284;-2.1085193
3.85;130;78;159;126;50.254841997961265;-0.520284;-2.1085193
3.86;130;78;159;127;50.356778797145765;-0.5465587;-2.131579
3.87;130;78;159;127;50.356778797145765;-0.5465587;-2.131579
3.88;130;78;159;127;50.356778797145765;-0.5465587;-2.131579
3.89;130;78;159;127;50.356778797145765;-0.5465587;-2.131579
3.9;130;78;160;127;50.45871559633027;-0.5181818;-2.1545455
3.91;129;78;160;127;50.356778797145765;-0.49190283;-2.1862347
3.92;129;77;160;128;50.356778797145765;-0.5465587;-2.2408907
3.93;129;77;160;128;50.356778797145765;-0.5465587;-2.2408907
3.94;129;77;160;128;50.356778797145765;-0.5465587;-2.2408907
3.95;129;77;161;128;50.45871559633027;-0.5181818;-2.2636364
3.96;129;77;161;127;50.356778797145765;-0.49190283;-2.2408907
3.97;129;78;161;127;50.45871559633027;-0.46363637;-2.209091
3.98;129;78;161;127;50.45871559633027;-0.46363637;-2.209091
3.99;128;78;161;127;50.356778797145765;-0.43724698;-2.2408907
4.0;128;78;161;127;50.356778797145765;-0.43724698;-2.2408907
4.01;128;78;161;126;50.254841997961265;-0.4107505;-2.2180526
4.02;128;78;161;126;50.254841997961265;-0.4107505;-2.2180526
4.03;128;79;161;126;50.356778797145765;-0.3825911;-2.1862347
4.04;128;79;162;126;50.45871559633027;-0.35454544;-2.209091
4.05;128;79;162;125;50.356778797145765;-0.32793522;-2.1862347
4.06;128;80;162;125;50.45871559633027;-0.3;-2.1545455
4.07;128;81;162;124;50.45871559633027;-0.24545455;-2.1
4.08;128;81;162;124;50.45871559633027;-0.24545455;-2.1
4.09;128;82;163;123;50.56065239551478;-0.16330644;-2.0685484
4.1;127;82;163;123;50.45871559633027;-0.13636364;-2.1
4.11;127;82;163;122;50.356778797145765;-0.109311745;-2.0769231
4.12;127;83;163;122;50.45871559633027;-0.08181818;-2.0454545
4.13;127;83;163;121;50.356778797145765;-0.054655872;-2.022267
4.14;127;83;163;121;50.356778797145765;-0.054655872;-2.022267
4.15;127;83;163;121;50.356778797145765;-0.054655872;-2.022267
4.16;126;84;164;120;50.356778797145765;0.054655872;-2.022267
4.17;126;84;164;120;50.356778797145765;0.054655872;-2.022267
4.18;126;84;164;120;50.356778797145765;0.054655872;-2.022267
4.19;126;84;165;120;50.45871559633027;0.08181818;-2.0454545
4.2;125;84;165;120;50.356778797145765;0.109311745;-2.0769231
4.21;125;84;165;119;50.254841997961265;0.13691683;-2.0537524
4.22;125;84;165;119;50.254841997961265;0.13691683;-2.0537524
4.23;124;84;165;119;50.15290519877676;0.16463415;-2.0853658
4.24;124;84;166;119;50.254841997961265;0.19168358;-2.1085193
4.25;124;84;166;119;50.254841997961265;0.19168358;-2.1085193
4.26;124;84;166;119;50.254841997961265;0.19168358;-2.1085193
4.27;124;84;166;119;50.254841997961265;0.19168358;-2.1085193
4.28;124;84;167;119;50.356778797145765;0.21862349;-2.131579
4.29;124;84;167;119;50.356778797145765;0.21862349;-2.131579
4.3;124;84;167;119;50.356778797145765;0.21862349;-2.131579
4.31;124;85;167;119;50.45871559633027;0.24545455;-2.1
4.32;124;85;167;119;50.45871559633027;0.24545455;-2.1
4.33;124;85;167;119;50.45871559633027;0.24545455;-2.1
4.34;124;85;167;119;50.45871559633027;0.24545455;-2.1
4.35;124;84;167;119;50.356778797145765;0.21862349;-2.131579
4.36;124;84;167;119;50.356778797145765;0.21862349;-2.131579
4.37;124;84;167;119;50.356778797145765;0.21862349;-2.131579
4.38;124;84;167;119;50.356778797145765;0.21862349;-2.131579
4.39;124;84;167;120;50.45871559633027;0.19090909;-2.1545455
4.4;124;83;167;120;50.356778797145765;0.16396761;-2.1862347
4.41;124;83;167;120;50.356778797145765;0.16396761;-2.1862347
4.42;124;83;168;121;50.56065239551478;0.16330644;-2.231855
4.43;124;83;168;121;50.56065239551478;0.16330644;-2.231855
4.44;124;83;168;121;50.56065239551478;0.16330644;-2.231855
4.45;124;83;168;122;50.66258919469929;0.13581489;-2.254527
4.46;124;83;167;122;50.56065239551478;0.10887097;-2.231855
4.47;124;83;167;121;50.45871559633027;0.13636364;-2.209091
4.48;124;83;167;121;50.45871559633027;0.13636364;-2.209091
4.49;124;83;167;121;50.45871559633027;0.13636364;-2.209091
4.5;124;83;166;121;50.356778797145765;0.109311745;-2.1862347
4.51;124;82;166;121;50.254841997961265;0.0821501;-2.2180526
4.52;124;83;166;121;50.356778797145765;0.109311745;-2.1862347
4.53;124;83;166;120;50.254841997961265;0.13691683;-2.163286
4.54;124;83;166;120;50.254841997961265;0.13691683;-2.163286
4.55;124;83;165;120;50.15290519877676;0.1097561;-2.140244
4.56;124;83;165;120;50.15290519877676;0.1097561;-2.140244
4.57;124;83;165;120;50.15290519877676;0.1097561;-2.140244
4.58;124;83;165;120;50.15290519877676;0.1097561;-2.140244
4.59;125;83;166;121;50.45871559633027;0.08181818;-2.1545455
4.6;125;83;166;121;50.45871559633027;0.08181818;-2.1545455
4.61;125;83;166;121;50.45871559633027;0.08181818;-2.1545455
4.62;125;83;166;121;50.45871559633027;0.08181818;-2.1545455
4.63;125;82;166;121;50.356778797145765;0.054655872;-2.1862347
4.64;125;82;166;122;50.45871559633027;0.027272727;-2.209091
4.65;125;82;165;122;50.356778797145765;0.0;-2.1862347
4.66;125;82;165;122;50.356778797145765;0.0;-2.1862347
4.67;125;82;165;122;50.356778797145765;0.0;-2.1862347
4.68;125;82;165;122;50.356778797145765;0.0;-2.1862347
4.69;125;82;165;122;50.356778797145765;0.0;-2.1862347
4.7;125;82;166;122;50.45871559633027;0.027272727;-2.209091
4.71;124;82;166;122;50.356778797145765;0.054655872;-2.2408907
4.72;124;82;166;122;50.356778797145765;0.054655872;-2.2408907
4.73;124;82;166;122;50.356778797145765;0.054655872;-2.2408907
4.74;124;82;166;122;50.356778797145765;0.054655872;-2.2408907
4.75;124;82;166;122;50.356778797145765;0.054655872;-2.2408907
4.76;124;82;166;122;50.356778797145765;0.054655872;-2.2408907
4.77;124;82;166;122;50.356778797145765;0.054655872;-2.2408907
4.78;124;82;166;122;50.356778797145765;0.054655872;-2.2408907
4.79;124;82;166;122;50.356778797145765;0.054655872;-2.2408907
4.8;124;82;166;122;50.356778797145765;0.054655872;-2.2408907
4.81;124;82;166;121;50.254841997961265;0.0821501;-2.2180526
4.82;124;82;166;121;50.254841997961265;0.0821501;-2.2180526
4.83;124;82;167;121;50.356778797145765;0.109311745;-2.2408907
4.84;124;82;167;121;50.356778797145765;0.109311745;-2.2408907
4.85;124;82;167;121;50.356778797145765;0.109311745;-2.2408907
4.86;124;82;167;122;50.45871559633027;0.08181818;-2.2636364
4.87;124;82;167;122;50.45871559633027;0.08181818;-2.2636364
4.88;124;82;167;122;50.45871559633027;0.08181818;-2.2636364
4.89;124;82;167;122;50.45871559633027;0.08181818;-2.2636364
4.9;123;82;167;122;50.356778797145765;0.109311745;-2.2955465
4.91;123;82;167;122;50.356778797145765;0.109311745;-2.2955465
4.92;123;82;166;122;50.254841997961265;0.0821501;-2.2728195
4.93;123;82;166;122;50.254841997961265;0.0821501;-2.2728195
4.94;123;82;166;122;50.254841997961265;0.0821501;-2.2728195
4.95;123;82;166;122;50.254841997961265;0.0821501;-2.2728195
4.96;124;82;166;122;50.356778797145765;0.054655872;-2.2408907
4.97;124;82;166;122;50.356778797145765;0.054655872;-2.2408907
4.98;124;82;166;122;50.356778797145765;0.054655872;-2.2408907
4.99;124;82;166;122;50.356778797145765;0.054655872;-2.2408907
5.0;124;82;166;122;50.356778797145765;0.054655872;-2.2408907
5.01;124;82;166;122;50.356778797145765;0.054655872;-2.2408907
5.02;124;82;166;122;50.356778797145765;0.054655872;-2.2408907
5.03;124;82;166;122;50.356778797145765;0.054655872;-2.2408907
5.04;124;82;166;122;50.356778797145765;0.054655872;-2.2408907
5.05;124;82;166;122;50.356778797145765;0.054655872;-2.2408907
5.06;124;82;166;122;50.356778797145765;0.054655872;-2.2408907
5.07;124;82;166;122;50.356778797145765;0.054655872;-2.2408907
5.08;124;82;166;122;50.356778797145765;0.054655872;-2.2408907
5.09;124;82;166;122;50.356778797145765;0.054655872;-2.2408907
5.1;124;82;166;122;50.356778797145765;0.054655872;-2.2408907
5.11;124;82;166;122;50.356778797145765;0.054655872;-2.2408907
5.12;124;82;166;122;50.356778797145765;0.054655872;-2.2408907
5.13;124;82;166;122;50.356778797145765;0.054655872;-2.2408907
5.14;124;82;166;123;50.45871559633027;0.027272727;-2.2636364
5.15;124;82;166;123;50.45871559633027;0.027272727;-2.2636364
5.16;124;82;166;123;50.45871559633027;0.027272727;-2.2636364
5.17;124;82;166;123;50.45871559633027;0.027272727;-2.2636364
5.18;123;82;166;123;50.356778797145765;0.054655872;-2.2955465
5.19;123;82;166;123;50.356778797145765;0.054655872;-2.2955465
5.2;123;82;167;123;50.45871559633027;0.08181818;-2.3181818
5.21;123;82;167;122;50.356778797145765;0.109311745;-2.2955465
5.22;123;82;167;122;50.356778797145765;0.109311745;-2.2955465
5.23;123;82;167;122;50.356778797145765;0.109311745;-2.2955465
5.24;123;82;167;122;50.356778797145765;0.109311745;-2.2955465
5.25;123;83;167;121;50.356778797145765;0.16396761;-2.2408907
5.26;123;83;168;121;50.45871559633027;0.19090909;-2.2636364
5.27;122;83;168;121;50.356778797145765;0.21862349;-2.2955465
5.28;122;83;168;121;50.356778797145765;0.21862349;-2.2955465
5.29;122;83;168;121;50.356778797145765;0.21862349;-2.2955465
5.3;122;83;168;121;50.356778797145765;0.21862349;-2.2955465
5.31;122;83;168;120;50.254841997961265;0.2464503;-2.2728195
5.32;122;84;168;120;50.356778797145765;0.27327934;-2.2408907
5.33;122;84;169;120;50.45871559633027;0.3;-2.2636364
5.34;122;84;169;120;50.45871559633027;0.3;-2.2636364
5.35;122;84;169;120;50.45871559633027;0.3;-2.2636364
5.36;122;84;169;119;50.356778797145765;0.32793522;-2.2408907
5.37;122;84;169;119;50.356778797145765;0.32793522;-2.2408907
5.38;122;84;169;119;50.356778797145765;0.32793522;-2.2408907
5.39;122;85;169;119;50.45871559633027;0.35454544;-2.209091
5.4;122;85;169;119;50.45871559633027;0.35454544;-2.209091
5.41;122;85;169;119;50.45871559633027;0.35454544;-2.209091
5.42;122;85;169;119;50.45871559633027;0.35454544;-2.209091
5.43;122;85;169;119;50.45871559633027;0.35454544;-2.209091
5.44;122;85;169;119;50.45871559633027;0.35454544;-2.209091
5.45;122;85;169;119;50.45871559633027;0.35454544;-2.209091
5.46;122;85;169;119;50.45871559633027;0.35454544;-2.209091
5.47;122;85;169;119;50.45871559633027;0.35454544;-2.209091
5.48;122;85;169;119;50.45871559633027;0.35454544;-2.209091
5.49;122;85;169;119;50.45871559633027;0.35454544;-2.209091
5.5;122;85;169;119;50.45871559633027;0.35454544;-2.209091
5.51;122;85;169;118;50.356778797145765;0.3825911;-2.1862347
5.52;122;85;169;118;50.356778797145765;0.3825911;-2.1862347
5.53;122;86;169;118;50.45871559633027;0.4090909;-2.1545455
5.54;122;86;169;118;50.45871559633027;0.4090909;-2.1545455
5.55;122;86;169;118;50.45871559633027;0.4090909;-2.1545455
5.56;122;86;169;118;50.45871559633027;0.4090909;-2.1545455
5.57;122;86;169;118;50.45871559633027;0.4090909;-2.1545455
5.58;122;86;169;118;50.45871559633027;0.4090909;-2.1545455
5.59;122;86;169;118;50.45871559633027;0.4090909;-2.1545455
5.6;121;86;170;118;50.45871559633027;0.46363637;-2.209091
5.61;121;86;170;118;50.45871559633027;0.46363637;-2.209091
5.62;121;86;170;118;50.45871559633027;0.46363637;-2.209091
5.63;121;86;170;117;50.356778797145765;0.49190283;-2.1862347
5.64;121;86;170;117;50.356778797145765;0.49190283;-2.1862347
5.65;120;86;170;117;50.254841997961265;0.520284;-2.2180526
5.66;120;86;170;117;50.254841997961265;0.520284;-2.2180526
5.67;120;86;170;116;50.15290519877676;0.5487805;-2.195122
5.68;120;86;170;116;50.15290519877676;0.5487805;-2.195122
5.69;120;86;170;116;50.15290519877676;0.5487805;-2.195122
5.7;120;86;171;116;50.254841997961265;0.5750507;-2.2180526
5.71;119;86;171;117;50.254841997961265;0.5750507;-2.2728195
5.72;119;86;171;117;50.254841997961265;0.5750507;-2.2728195
5.73;119;85;172;117;50.254841997961265;0.5750507;-2.3275862
5.74;119;85;172;118;50.356778797145765;0.5465587;-2.3502023
5.75;119;85;172;118;50.356778797145765;0.5465587;-2.3502023
5.76;119;85;173;118;50.45871559633027;0.57272726;-2.3727272
5.77;119;85;173;118;50.45871559633027;0.57272726;-2.3727272
5.78;119;85;173;118;50.45871559633027;0.57272726;-2.3727272
5.79;119;85;173;118;50.45871559633027;0.57272726;-2.3727272
5.8;119;85;173;119;50.56065239551478;0.54435486;-2.3951614
5.81;118;85;173;119;50.45871559633027;0.57272726;-2.4272728
5.82;118;84;173;119;50.356778797145765;0.5465587;-2.4595141
5.83;118;84;172;119;50.254841997961265;0.520284;-2.4371197
5.84;118;84;172;119;50.254841997961265;0.520284;-2.4371197
5.85;118;84;172;119;50.254841997961265;0.520284;-2.4371197
5.86;118;84;172;119;50.254841997961265;0.520284;-2.4371197
5.87;118;84;172;119;50.254841997961265;0.520284;-2.4371197
5.88;118;83;173;120;50.356778797145765;0.49190283;-2.51417
5.89;118;83;173;120;50.356778797145765;0.49190283;-2.51417
5.9;118;83;173;120;50.356778797145765;0.49190283;-2.51417
5.91;118;83;173;120;50.356778797145765;0.49190283;-2.51417
5.92;118;83;173;121;50.45871559633027;0.46363637;-2.5363636
5.93;118;83;173;121;50.45871559633027;0.46363637;-2.5363636
5.94;118;83;173;121;50.45871559633027;0.46363637;-2.5363636
5.95;118;82;173;121;50.356778797145765;0.43724698;-2.568826
5.96;118;82;173;121;50.356778797145765;0.43724698;-2.568826
5.97;118;82;172;121;50.254841997961265;0.4107505;-2.546653
5.98;118;82;172;121;50.254841997961265;0.4107505;-2.546653
5.99;118;82;172;122;50.356778797145765;0.3825911;-2.568826
6.0;118;81;172;122;50.254841997961265;0.35598376;-2.60142
6.01;118;81;172;122;50.254841997961265;0.35598376;-2.60142
6.02;118;81;172;122;50.254841997961265;0.35598376;-2.60142
6.03;118;81;172;122;50.254841997961265;0.35598376;-2.60142
6.04;118;81;172;122;50.254841997961265;0.35598376;-2.60142
6.05;118;80;172;123;50.254841997961265;0.30121705;-2.6561866
6.06;118;80;172;123;50.254841997961265;0.30121705;-2.6561866
6.07;118;80;172;123;50.254841997961265;0.30121705;-2.6561866
6.08;118;80;172;123;50.254841997961265;0.30121705;-2.6561866
6.09;118;80;172;124;50.356778797145765;0.27327934;-2.6781375
6.1;118;79;172;124;50.254841997961265;0.2464503;-2.7109532
6.11;119;79;172;124;50.356778797145765;0.21862349;-2.6781375
6.12;119;79;172;124;50.356778797145765;0.21862349;-2.6781375
6.13;119;79;172;124;50.356778797145765;0.21862349;-2.6781375
6.14;119;79;172;125;50.45871559633027;0.19090909;-2.7
6.15;119;79;172;125;50.45871559633027;0.19090909;-2.7
6.16;119;78;172;125;50.356778797145765;0.16396761;-2.7327936
6.17;119;78;172;125;50.356778797145765;0.16396761;-2.7327936
6.18;119;78;172;126;50.45871559633027;0.13636364;-2.7545455
6.19;119;78;172;126;50.45871559633027;0.13636364;-2.7545455
6.2;119;78;172;126;50.45871559633027;0.13636364;-2.7545455
6.21;119;78;172;126;50.45871559633027;0.13636364;-2.7545455
6.22;119;78;172;126;50.45871559633027;0.13636364;-2.7545455
6.23;119;78;172;127;50.56065239551478;0.10887097;-2.7762096
6.24;119;78;171;127;50.45871559633027;0.08181818;-2.7545455
6.25;119;78;171;127;50.45871559633027;0.08181818;-2.7545455
6.26;119;78;171;127;50.45871559633027;0.08181818;-2.7545455
6.27;119;78;171;127;50.45871559633027;0.08181818;-2.7545455
6.28;119;78;171;127;50.45871559633027;0.08181818;-2.7545455
6.29;119;78;171;127;50.45871559633027;0.08181818;-2.7545455
6.3;119;78;171;127;50.45871559633027;0.08181818;-2.7545455
6.31;119;78;171;127;50.45871559633027;0.08181818;-2.7545455
6.32;119;78;171;127;50.45871559633027;0.08181818;-2.7545455
6.33;119;78;170;127;50.356778797145765;0.054655872;-2.7327936
6.34;119;78;170;127;50.356778797145765;0.054655872;-2.7327936
6.35;119;78;170;127;50.356778797145765;0.054655872;-2.7327936
6.36;119;77;170;127;50.254841997961265;0.027383367;-2.7657201
6.37;119;77;170;127;50.254841997961265;0.027383367;-2.7657201
6.38;119;77;170;127;50.254841997961265;0.027383367;-2.7657201
6.39;119;77;170;127;50.254841997961265;0.027383367;-2.7657201
6.4;119;77;170;127;50.254841997961265;0.027383367;-2.7657201
6.41;119;77;170;127;50.254841997961265;0.027383367;-2.7657201
6.42;119;77;170;127;50.254841997961265;0.027383367;-2.7657201
6.43;119;77;170;127;50.254841997961265;0.027383367;-2.7657201
6.44;119;77;170;128;50.356778797145765;0.0;-2.7874494
6.45;119;77;170;128;50.356778797145765;0.0;-2.7874494
6.46;119;77;170;128;50.356778797145765;0.0;-2.7874494
6.47;119;77;171;128;50.45871559633027;0.027272727;-2.8090909
6.48;119;77;171;128;50.45871559633027;0.027272727;-2.8090909
6.49;119;77;171;128;50.45871559633027;0.027272727;-2.8090909
6.5;119;77;171;128;50.45871559633027;0.027272727;-2.8090909
6.51;119;77;171;128;50.45871559633027;0.027272727;-2.8090909
6.52;119;77;171;128;50.45871559633027;0.027272727;-2.8090909
6.53;119;77;170;128;50.356778797145765;0.0;-2.7874494
6.54;119;77;170;128;50.356778797145765;0.0;-2.7874494
6.55;119;77;170;128;50.356778797145765;0.0;-2.7874494
6.56;119;76;170;128;50.254841997961265;-0.027383367;-2.8204868
6.57;119;76;170;128;50.254841997961265;-0.027383367;-2.8204868
6.58;119;76;170;128;50.254841997961265;-0.027383367;-2.8204868
6.59;119;76;170;129;50.356778797145765;-0.054655872;-2.8421052
6.6;119;76;170;129;50.356778797145765;-0.054655872;-2.8421052
6.61;119;76;170;129;50.356778797145765;-0.054655872;-2.8421052
6.62;119;76;170;129;50.356778797145765;-0.054655872;-2.8421052
6.63;119;76;170;129;50.356778797145765;-0.054655872;-2.8421052
6.64;119;75;170;129;50.254841997961265;-0.0821501;-2.8752534
6.65;119;75;170;130;50.356778797145765;-0.109311745;-2.8967612
6.66;119;75;170;130;50.356778797145765;-0.109311745;-2.8967612
6.67;119;75;169;130;50.254841997961265;-0.13691683;-2.8752534
6.68;119;75;169;130;50.254841997961265;-0.13691683;-2.8752534
6.69;119;75;169;130;50.254841997961265;-0.13691683;-2.8752534
6.7;119;74;169;131;50.254841997961265;-0.19168358;-2.9300203
6.71;119;74;169;131;50.254841997961265;-0.19168358;-2.9300203
6.72;119;74;169;131;50.254841997961265;-0.19168358;-2.9300203
6.73;119;74;169;132;50.356778797145765;-0.21862349;-2.951417
6.74;119;74;169;132;50.356778797145765;-0.21862349;-2.951417
6.75;119;73;169;132;50.254841997961265;-0.2464503;-2.984787
6.76;119;73;169;133;50.356778797145765;-0.27327934;-3.0060728
6.77;119;73;169;133;50.356778797145765;-0.27327934;-3.0060728
6.78;119;73;169;133;50.356778797145765;-0.27327934;-3.0060728
6.79;119;73;169;133;50.356778797145765;-0.27327934;-3.0060728
6.8;119;73;169;133;50.356778797145765;-0.27327934;-3.0060728
6.81;119;72;169;134;50.356778797145765;-0.32793522;-3.0607288
6.82;119;72;169;134;50.356778797145765;-0.32793522;-3.0607288
6.83;119;72;169;134;50.356778797145765;-0.32793522;-3.0607288
6.84;119;72;169;134;50.356778797145765;-0.32793522;-3.0607288
6.85;119;72;169;134;50.356778797145765;-0.32793522;-3.0607288
6.86;119;72;169;134;50.356778797145765;-0.32793522;-3.0607288
6.87;119;72;169;134;50.356778797145765;-0.32793522;-3.0607288
6.88;119;72;169;134;50.356778797145765;-0.32793522;-3.0607288
6.89;119;72;169;134;50.356778797145765;-0.32793522;-3.0607288
6.9;119;72;169;134;50.356778797145765;-0.32793522;-3.0607288
6.91;120;72;169;134;50.45871559633027;-0.35454544;-3.0272727
6.92;120;72;169;134;50.45871559633027;-0.35454544;-3.0272727
6.93;120;72;168;134;50.356778797145765;-0.3825911;-3.0060728
6.94;120;72;168;134;50.356778797145765;-0.3825911;-3.0060728
6.95;120;72;168;134;50.356778797145765;-0.3825911;-3.0060728
6.96;120;72;168;134;50.356778797145765;-0.3825911;-3.0060728
6.97;120;72;168;134;50.356778797145765;-0.3825911;-3.0060728
6.98;120;72;168;134;50.356778797145765;-0.3825911;-3.0060728
6.99;120;72;168;134;50.356778797145765;-0.3825911;-3.0060728
7.0;120;72;168;134;50.356778797145765;-0.3825911;-3.0060728
7.01;120;72;168;134;50.356778797145765;-0.3825911;-3.0060728
7.02;120;72;168;134;50.356778797145765;-0.3825911;-3.0060728
7.03;120;72;168;134;50.356778797145765;-0.3825911;-3.0060728
7.04;120;72;169;134;50.45871559633027;-0.35454544;-3.0272727
7.05;120;72;169;134;50.45871559633027;-0.35454544;-3.0272727
7.06;120;72;169;134;50.45871559633027;-0.35454544;-3.0272727
7.07;120;72;169;134;50.45871559633027;-0.35454544;-3.0272727
7.08;120;72;169;134;50.45871559633027;-0.35454544;-3.0272727
7.09;120;72;168;134;50.356778797145765;-0.3825911;-3.0060728
7.1;120;72;168;134;50.356778797145765;-0.3825911;-3.0060728
7.11;120;72;168;134;50.356778797145765;-0.3825911;-3.0060728
7.12;120;72;168;133;50.254841997961265;-0.35598376;-2.984787
7.13;120;72;168;133;50.254841997961265;-0.35598376;-2.984787
7.14;120;72;167;133;50.15290519877676;-0.38414633;-2.9634147
7.15;120;73;167;133;50.254841997961265;-0.35598376;-2.9300203
7.16;120;73;167;133;50.254841997961265;-0.35598376;-2.9300203
7.17;120;73;167;133;50.254841997961265;-0.35598376;-2.9300203
7.18;120;73;167;133;50.254841997961265;-0.35598376;-2.9300203
7.19;120;73;167;133;50.254841997961265;-0.35598376;-2.9300203
7.2;121;73;168;133;50.45871559633027;-0.35454544;-2.918182
7.21;121;73;168;133;50.45871559633027;-0.35454544;-2.918182
7.22;121;74;168;133;50.56065239551478;-0.3266129;-2.8850806
7.23;121;74;167;133;50.45871559633027;-0.35454544;-2.8636363
7.24;121;74;167;133;50.45871559633027;-0.35454544;-2.8636363
7.25;121;74;167;132;50.356778797145765;-0.32793522;-2.8421052
7.26;121;74;167;132;50.356778797145765;-0.32793522;-2.8421052
7.27;121;75;167;132;50.45871559633027;-0.3;-2.8090909
7.28;122;75;166;132;50.45871559633027;-0.35454544;-2.7545455
7.29;122;75;166;131;50.356778797145765;-0.32793522;-2.7327936
7.3;122;75;166;131;50.356778797145765;-0.32793522;-2.7327936
7.31;122;75;166;131;50.356778797145765;-0.32793522;-2.7327936
7.32;122;75;165;131;50.254841997961265;-0.35598376;-2.7109532
7.33;122;76;165;131;50.356778797145765;-0.32793522;-2.6781375
7.34;122;76;165;131;50.356778797145765;-0.32793522;-2.6781375
7.35;122;76;165;130;50.254841997961265;-0.30121705;-2.6561866
7.36;122;76;165;130;50.254841997961265;-0.30121705;-2.6561866
7.37;122;76;165;130;50.254841997961265;-0.30121705;-2.6561866
7.38;122;76;165;130;50.254841997961265;-0.30121705;-2.6561866
7.39;122;77;165;130;50.356778797145765;-0.27327934;-2.6234818
7.4;122;77;165;130;50.356778797145765;-0.27327934;-2.6234818
7.41;122;77;165;130;50.356778797145765;-0.27327934;-2.6234818
7.42;122;77;165;129;50.254841997961265;-0.2464503;-2.60142
7.43;122;77;165;129;50.254841997961265;-0.2464503;-2.60142
7.44;123;77;165;129;50.356778797145765;-0.27327934;-2.568826
7.45;123;77;165;129;50.356778797145765;-0.27327934;-2.568826
7.46;123;77;165;129;50.356778797145765;-0.27327934;-2.568826
7.47;123;78;165;129;50.45871559633027;-0.24545455;-2.5363636
7.48;123;78;165;129;50.45871559633027;-0.24545455;-2.5363636
7.49;123;78;165;128;50.356778797145765;-0.21862349;-2.51417
7.5;123;78;165;128;50.356778797145765;-0.21862349;-2.51417
7.51;123;78;165;128;50.356778797145765;-0.21862349;-2.51417
7.52;123;78;165;128;50.356778797145765;-0.21862349;-2.51417
7.53;123;78;165;128;50.356778797145765;-0.21862349;-2.51417
7.54;123;78;165;128;50.356778797145765;-0.21862349;-2.51417
7.55;123;78;165;128;50.356778797145765;-0.21862349;-2.51417
7.56;123;78;165;128;50.356778797145765;-0.21862349;-2.51417
7.57;123;79;165;128;50.45871559633027;-0.19090909;-2.4818182
7.58;123;79;165;128;50.45871559633027;-0.19090909;-2.4818182
7.59;123;79;165;128;50.45871559633027;-0.19090909;-2.4818182
7.6;123;79;165;127;50.356778797145765;-0.16396761;-2.4595141
7.61;123;79;165;127;50.356778797145765;-0.16396761;-2.4595141
7.62;124;79;165;127;50.45871559633027;-0.19090909;-2.4272728
7.63;124;79;165;127;50.45871559633027;-0.19090909;-2.4272728
7.64;124;79;165;127;50.45871559633027;-0.19090909;-2.4272728
7.65;124;79;165;127;50.45871559633027;-0.19090909;-2.4272728
7.66;124;79;165;126;50.356778797145765;-0.16396761;-2.4048584
7.67;124;80;165;126;50.45871559633027;-0.13636364;-2.3727272
7.68;124;80;164;126;50.356778797145765;-0.16396761;-2.3502023
7.69;124;80;164;125;50.254841997961265;-0.13691683;-2.3275862
7.7;124;80;164;125;50.254841997961265;-0.13691683;-2.3275862
7.71;124;80;164;125;50.254841997961265;-0.13691683;-2.3275862
7.72;125;80;164;125;50.356778797145765;-0.16396761;-2.2955465
7.73;125;80;164;125;50.356778797145765;-0.16396761;-2.2955465
7.74;125;81;164;125;50.45871559633027;-0.13636364;-2.2636364
7.75;125;81;164;125;50.45871559633027;-0.13636364;-2.2636364
7.76;124;81;164;124;50.254841997961265;-0.0821501;-2.2728195
7.77;124;81;164;124;50.254841997961265;-0.0821501;-2.2728195
7.78;124;81;165;125;50.45871559633027;-0.08181818;-2.3181818
7.79;124;81;165;125;50.45871559633027;-0.08181818;-2.3181818
7.8;124;81;165;125;50.45871559633027;-0.08181818;-2.3181818
7.81;124;81;165;125;50.45871559633027;-0.08181818;-2.3181818
7.82;124;81;165;124;50.356778797145765;-0.054655872;-2.2955465
7.83;124;81;165;124;50.356778797145765;-0.054655872;-2.2955465
7.84;124;81;165;124;50.356778797145765;-0.054655872;-2.2955465
7.85;124;81;165;124;50.356778797145765;-0.054655872;-2.2955465
7.86;124;81;165;124;50.356778797145765;-0.054655872;-2.2955465
7.87;123;81;165;124;50.254841997961265;-0.027383367;-2.3275862
7.88;123;81;165;124;50.254841997961265;-0.027383367;-2.3275862
7.89;123;81;165;124;50.254841997961265;-0.027383367;-2.3275862
7.9;123;81;166;124;50.356778797145765;0.0;-2.3502023
7.91;123;81;166;124;50.356778797145765;0.0;-2.3502023
7.92;123;81;166;124;50.356778797145765;0.0;-2.3502023
7.93;123;81;166;124;50.356778797145765;0.0;-2.3502023
7.94;123;81;167;124;50.45871559633027;0.027272727;-2.3727272
7.95;123;81;167;124;50.45871559633027;0.027272727;-2.3727272
7.96;122;81;167;124;50.356778797145765;0.054655872;-2.4048584
7.97;122;81;167;124;50.356778797145765;0.054655872;-2.4048584
7.98;122;81;168;124;50.45871559633027;0.08181818;-2.4272728
7.99;122;82;168;124;50.56065239551478;0.10887097;-2.3951614
8.0;122;82;168;123;50.45871559633027;0.13636364;-2.3727272
8.01;122;82;168;123;50.45871559633027;0.13636364;-2.3727272
8.02;122;82;168;123;50.45871559633027;0.13636364;-2.3727272
8.03;121;82;168;123;50.356778797145765;0.16396761;-2.4048584
8.04;121;82;168;123;50.356778797145765;0.16396761;-2.4048584
8.05;121;82;168;123;50.356778797145765;0.16396761;-2.4048584
8.06;121;82;168;123;50.356778797145765;0.16396761;-2.4048584
8.07;121;82;168;123;50.356778797145765;0.16396761;-2.4048584
8.08;121;81;169;123;50.356778797145765;0.16396761;-2.4595141
8.09;121;81;169;123;50.356778797145765;0.16396761;-2.4595141
8.1;120;81;169;123;50.254841997961265;0.19168358;-2.4918864
8.11;120;81;169;123;50.254841997961265;0.19168358;-2.4918864
8.12;120;81;170;123;50.356778797145765;0.21862349;-2.51417
8.13;120;81;170;123;50.356778797145765;0.21862349;-2.51417
8.14;120;81;170;123;50.356778797145765;0.21862349;-2.51417
8.15;120;81;171;123;50.45871559633027;0.24545455;-2.5363636
8.16;120;80;171;123;50.356778797145765;0.21862349;-2.568826
8.17;120;80;171;123;50.356778797145765;0.21862349;-2.568826
8.18;119;80;171;123;50.254841997961265;0.2464503;-2.60142
8.19;119;80;171;123;50.254841997961265;0.2464503;-2.60142
8.2;119;80;171;123;50.254841997961265;0.2464503;-2.60142
8.21;119;80;172;123;50.356778797145765;0.27327934;-2.6234818
8.22;119;80;172;123;50.356778797145765;0.27327934;-2.6234818
8.23;119;80;172;123;50.356778797145765;0.27327934;-2.6234818
8.24;119;79;172;123;50.254841997961265;0.2464503;-2.6561866
8.25;119;79;172;124;50.356778797145765;0.21862349;-2.6781375
8.26;119;79;172;124;50.356778797145765;0.21862349;-2.6781375
8.27;118;79;173;124;50.356778797145765;0.27327934;-2.7327936
8.28;118;79;173;124;50.356778797145765;0.27327934;-2.7327936
8.29;118;79;173;124;50.356778797145765;0.27327934;-2.7327936
8.3;118;79;173;124;50.356778797145765;0.27327934;-2.7327936
8.31;118;79;173;124;50.356778797145765;0.27327934;-2.7327936
8.32;118;79;173;124;50.356778797145765;0.27327934;-2.7327936
8.33;118;79;174;124;50.45871559633027;0.3;-2.7545455
8.34;118;78;174;124;50.356778797145765;0.27327934;-2.7874494
8.35;117;78;174;125;50.356778797145765;0.27327934;-2.8421052
8.36;117;78;174;125;50.356778797145765;0.27327934;-2.8421052
8.37;117;78;174;125;50.356778797145765;0.27327934;-2.8421052
8.38;117;78;174;125;50.356778797145765;0.27327934;-2.8421052
8.39;117;78;174;125;50.356778797145765;0.27327934;-2.8421052
8.4;117;78;174;125;50.356778797145765;0.27327934;-2.8421052
8.41;117;78;174;125;50.356778797145765;0.27327934;-2.8421052
8.42;117;78;174;125;50.356778797145765;0.27327934;-2.8421052
8.43;117;78;175;125;50.45871559633027;0.3;-2.8636363
8.44;117;78;175;125;50.45871559633027;0.3;-2.8636363
8.45;116;78;175;125;50.356778797145765;0.32793522;-2.8967612
8.46;116;78;175;125;50.356778797145765;0.32793522;-2.8967612
8.47;116;77;175;125;50.254841997961265;0.30121705;-2.9300203
8.48;116;77;175;125;50.254841997961265;0.30121705;-2.9300203
8.49;116;77;175;125;50.254841997961265;0.30121705;-2.9300203
8.5;116;77;176;125;50.356778797145765;0.32793522;-2.951417
8.51;116;77;176;126;50.45871559633027;0.3;-2.9727273
8.52;116;77;176;126;50.45871559633027;0.3;-2.9727273
8.53;116;77;176;126;50.45871559633027;0.3;-2.9727273
8.54;116;77;176;126;50.45871559633027;0.3;-2.9727273
8.55;116;77;176;126;50.45871559633027;0.3;-2.9727273
8.56;116;77;176;126;50.45871559633027;0.3;-2.9727273
8.57;116;78;176;126;50.56065239551478;0.3266129;-2.939516
8.58;116;78;176;125;50.45871559633027;0.35454544;-2.918182
8.59;116;78;176;125;50.45871559633027;0.35454544;-2.918182
8.6;116;78;176;125;50.45871559633027;0.35454544;-2.918182
8.61;115;78;175;125;50.254841997961265;0.35598376;-2.9300203
8.62;115;78;175;124;50.15290519877676;0.38414633;-2.9085367
8.63;115;78;175;124;50.15290519877676;0.38414633;-2.9085367
8.64;115;78;175;124;50.15290519877676;0.38414633;-2.9085367
8.65;116;78;175;124;50.254841997961265;0.35598376;-2.8752534
8.66;116;79;175;124;50.356778797145765;0.3825911;-2.8421052
8.67;116;79;175;124;50.356778797145765;0.3825911;-2.8421052
8.68;116;79;175;124;50.356778797145765;0.3825911;-2.8421052
8.69;116;79;175;124;50.356778797145765;0.3825911;-2.8421052
8.7;116;79;175;124;50.356778797145765;0.3825911;-2.8421052
8.71;116;80;175;123;50.356778797145765;0.43724698;-2.7874494
8.72;116;80;175;123;50.356778797145765;0.43724698;-2.7874494
8.73;116;80;175;123;50.356778797145765;0.43724698;-2.7874494
8.74;116;80;175;123;50.356778797145765;0.43724698;-2.7874494
8.75;116;80;175;123;50.356778797145765;0.43724698;-2.7874494
8.76;116;80;175;123;50.356778797145765;0.43724698;-2.7874494
8.77;116;80;175;123;50.356778797145765;0.43724698;-2.7874494
8.78;116;80;174;123;50.254841997961265;0.4107505;-2.7657201
8.79;116;80;174;123;50.254841997961265;0.4107505;-2.7657201
8.8;117;80;174;123;50.356778797145765;0.3825911;-2.7327936
8.81;117;80;174;123;50.356778797145765;0.3825911;-2.7327936
8.82;117;80;174;123;50.356778797145765;0.3825911;-2.7327936
8.83;117;80;174;124;50.45871559633027;0.35454544;-2.7545455
8.84;117;81;174;124;50.56065239551478;0.38104838;-2.721774
8.85;117;81;173;123;50.356778797145765;0.3825911;-2.6781375
8.86;117;81;173;123;50.356778797145765;0.3825911;-2.6781375
8.87;118;81;173;123;50.45871559633027;0.35454544;-2.6454546
8.88;118;82;172;123;50.45871559633027;0.35454544;-2.590909
8.89;118;82;172;122;50.356778797145765;0.3825911;-2.568826
8.9;118;82;172;122;50.356778797145765;0.3825911;-2.568826
8.91;118;82;172;122;50.356778797145765;0.3825911;-2.568826
8.92;118;83;171;121;50.254841997961265;0.4107505;-2.4918864
8.93;118;83;171;121;50.254841997961265;0.4107505;-2.4918864
8.94;118;83;171;121;50.254841997961265;0.4107505;-2.4918864
8.95;118;83;171;121;50.254841997961265;0.4107505;-2.4918864
8.96;118;84;171;121;50.356778797145765;0.43724698;-2.4595141
8.97;119;84;171;121;50.45871559633027;0.4090909;-2.4272728
8.98;119;84;171;120;50.356778797145765;0.43724698;-2.4048584
8.99;119;84;171;120;50.356778797145765;0.43724698;-2.4048584
9.0;119;85;171;120;50.45871559633027;0.46363637;-2.3727272
9.01;119;85;171;120;50.45871559633027;0.46363637;-2.3727272
9.02;118;85;171;120;50.356778797145765;0.49190283;-2.4048584
9.03;118;85;171;120;50.356778797145765;0.49190283;-2.4048584
9.04;118;85;171;120;50.356778797145765;0.49190283;-2.4048584
9.05;118;85;171;120;50.356778797145765;0.49190283;-2.4048584
9.06;118;85;171;120;50.356778797145765;0.49190283;-2.4048584
9.07;118;85;172;120;50.45871559633027;0.5181818;-2.4272728
9.08;118;85;172;120;50.45871559633027;0.5181818;-2.4272728
9.09;118;85;172;120;50.45871559633027;0.5181818;-2.4272728
9.1;118;85;172;120;50.45871559633027;0.5181818;-2.4272728
9.11;118;85;172;119;50.356778797145765;0.5465587;-2.4048584
9.12;118;85;172;119;50.356778797145765;0.5465587;-2.4048584
9.13;118;85;172;119;50.356778797145765;0.5465587;-2.4048584
9.14;118;86;172;119;50.45871559633027;0.57272726;-2.3727272
9.15;118;86;172;119;50.45871559633027;0.57272726;-2.3727272
9.16;118;86;172;119;50.45871559633027;0.57272726;-2.3727272
9.17;118;86;172;118;50.356778797145765;0.6012146;-2.3502023
9.18;118;86;172;118;50.356778797145765;0.6012146;-2.3502023
9.19;118;86;172;118;50.356778797145765;0.6012146;-2.3502023
9.2;118;86;172;118;50.356778797145765;0.6012146;-2.3502023
9.21;118;86;172;118;50.356778797145765;0.6012146;-2.3502023
9.22;118;87;172;118;50.45871559633027;0.6272727;-2.3181818
9.23;118;87;172;117;50.356778797145765;0.65587044;-2.2955465
9.24;118;87;172;117;50.356778797145765;0.65587044;-2.2955465
9.25;118;87;172;117;50.356778797145765;0.65587044;-2.2955465
9.26;118;87;172;117;50.356778797145765;0.65587044;-2.2955465
9.27;118;87;171;117;50.254841997961265;0.6298174;-2.2728195
9.28;118;87;171;117;50.254841997961265;0.6298174;-2.2728195
9.29;118;87;171;117;50.254841997961265;0.6298174;-2.2728195
9.3;118;87;171;118;50.356778797145765;0.6012146;-2.2955465
9.31;118;87;172;118;50.45871559633027;0.6272727;-2.3181818
9.32;118;87;172;118;50.45871559633027;0.6272727;-2.3181818
9.33;118;87;172;118;50.45871559633027;0.6272727;-2.3181818
9.34;118;87;172;118;50.45871559633027;0.6272727;-2.3181818
9.35;118;86;172;118;50.356778797145765;0.6012146;-2.3502023
9.36;118;86;171;118;50.254841997961265;0.5750507;-2.3275862
9.37;118;86;171;118;50.254841997961265;0.5750507;-2.3275862
9.38;118;86;171;118;50.254841997961265;0.5750507;-2.3275862
9.39;118;86;171;118;50.254841997961265;0.5750507;-2.3275862
9.4;118;86;171;118;50.254841997961265;0.5750507;-2.3275862
9.41;118;86;171;117;50.15290519877676;0.60365856;-2.304878
9.42;118;86;171;117;50.15290519877676;0.60365856;-2.304878
9.43;118;86;171;117;50.15290519877676;0.60365856;-2.304878
9.44;118;86;171;118;50.254841997961265;0.5750507;-2.3275862
9.45;118;86;171;118;50.254841997961265;0.5750507;-2.3275862
9.46;118;86;171;118;50.254841997961265;0.5750507;-2.3275862
9.47;118;87;171;118;50.356778797145765;0.6012146;-2.2955465
9.48;118;87;172;118;50.45871559633027;0.6272727;-2.3181818
9.49;118;87;172;118;50.45871559633027;0.6272727;-2.3181818
9.5;118;87;172;118;50.45871559633027;0.6272727;-2.3181818
9.51;118;87;172;118;50.45871559633027;0.6272727;-2.3181818
9.52;118;86;172;118;50.356778797145765;0.6012146;-2.3502023
9.53;118;86;172;118;50.356778797145765;0.6012146;-2.3502023
9.54;118;86;172;118;50.356778797145765;0.6012146;-2.3502023
9.55;118;86;172;118;50.356778797145765;0.6012146;-2.3502023
9.56;118;86;172;118;50.356778797145765;0.6012146;-2.3502023
9.57;118;86;172;118;50.356778797145765;0.6012146;-2.3502023
9.58;118;86;172;118;50.356778797145765;0.6012146;-2.3502023
9.59;118;86;172;118;50.356778797145765;0.6012146;-2.3502023
9.6;118;86;172;118;50.356778797145765;0.6012146;-2.3502023
9.61;118;86;172;118;50.356778797145765;0.6012146;-2.3502023
9.62;118;85;172;118;50.254841997961265;0.5750507;-2.3823528
9.63;118;85;173;119;50.45871559633027;0.57272726;-2.4272728
9.64;118;85;173;119;50.45871559633027;0.57272726;-2.4272728
9.65;118;85;173;119;50.45871559633027;0.57272726;-2.4272728
9.66;118;85;173;119;50.45871559633027;0.57272726;-2.4272728
9.67;118;85;173;119;50.45871559633027;0.57272726;-2.4272728
9.68;118;85;173;119;50.45871559633027;0.57272726;-2.4272728
9.69;118;85;173;119;50.45871559633027;0.57272726;-2.4272728
9.7;118;85;173;119;50.45871559633027;0.57272726;-2.4272728
9.71;118;85;173;119;50.45871559633027;0.57272726;-2.4272728
9.72;118;85;173;119;50.45871559633027;0.57272726;-2.4272728
9.73;118;85;173;119;50.45871559633027;0.57272726;-2.4272728
9.74;118;84;173;119;50.356778797145765;0.5465587;-2.4595141
9.75;118;84;173;119;50.356778797145765;0.5465587;-2.4595141
9.76;118;84;173;119;50.356778797145765;0.5465587;-2.4595141
9.77;118;84;173;119;50.356778797145765;0.5465587;-2.4595141
9.78;118;84;173;119;50.356778797145765;0.5465587;-2.4595141
9.79;118;84;173;120;50.45871559633027;0.5181818;-2.4818182
9.8;118;84;173;120;50.45871559633027;0.5181818;-2.4818182
9.81;118;84;173;120;50.45871559633027;0.5181818;-2.4818182
9.82;118;84;173;120;50.45871559633027;0.5181818;-2.4818182
9.83;118;84;173;120;50.45871559633027;0.5181818;-2.4818182
9.84;118;84;173;120;50.45871559633027;0.5181818;-2.4818182
9.85;118;84;173;120;50.45871559633027;0.5181818;-2.4818182
9.86;118;84;173;120;50.45871559633027;0.5181818;-2.4818182
9.87;118;84;173;119;50.356778797145765;0.5465587;-2.4595141
9.88;118;84;173;119;50.356778797145765;0.5465587;-2.4595141
9.89;118;84;173;119;50.356778797145765;0.5465587;-2.4595141
9.9;118;85;173;119;50.45871559633027;0.57272726;-2.4272728
9.91;118;85;173;119;50.45871559633027;0.57272726;-2.4272728
9.92;118;85;173;119;50.45871559633027;0.57272726;-2.4272728
9.93;118;85;173;119;50.45871559633027;0.57272726;-2.4272728
9.94;118;85;173;119;50.45871559633027;0.57272726;-2.4272728
9.95;118;85;173;118;50.356778797145765;0.6012146;-2.4048584
9.96;118;86;173;118;50.45871559633027;0.6272727;-2.3727272
9.97;118;86;173;118;50.45871559633027;0.6272727;-2.3727272
9.98;118;86;172;118;50.356778797145765;0.6012146;-2.3502023
9.99;118;86;172;118;50.356778797145765;0.6012146;-2.3502023
10.0;118;86;172;117;50.254841997961265;0.6298174;-2.3275862
10.01;118;87;172;117;50.356778797145765;0.65587044;-2.2955465
10.02;118;87;172;117;50.356778797145765;0.65587044;-2.2955465
10.03;118;87;172;117;50.356778797145765;0.65587044;-2.2955465
10.04;118;87;172;117;50.356778797145765;0.65587044;-2.2955465
10.05;118;87;172;117;50.356778797145765;0.65587044;-2.2955465
10.06;118;87;172;117;50.356778797145765;0.65587044;-2.2955465
10.07;118;88;173;117;50.56065239551478;0.7076613;-2.2862904
10.08;118;88;173;116;50.45871559633027;0.73636365;-2.2636364
10.09;118;88;173;116;50.45871559633027;0.73636365;-2.2636364
10.1;118;88;173;116;50.45871559633027;0.73636365;-2.2636364
10.11;118;88;173;116;50.45871559633027;0.73636365;-2.2636364
10.12;118;89;172;116;50.45871559633027;0.73636365;-2.209091
10.13;118;89;172;115;50.356778797145765;0.7651822;-2.1862347
10.14;118;89;172;115;50.356778797145765;0.7651822;-2.1862347
10.15;118;89;172;115;50.356778797145765;0.7651822;-2.1862347
10.16;118;89;172;114;50.254841997961265;0.7941176;-2.163286
10.17;118;89;172;114;50.254841997961265;0.7941176;-2.163286
10.18;118;89;172;114;50.254841997961265;0.7941176;-2.163286
10.19;118;89;172;114;50.254841997961265;0.7941176;-2.163286
10.2;118;89;172;114;50.254841997961265;0.7941176;-2.163286
10.21;118;89;173;115;50.45871559633027;0.7909091;-2.209091
10.22;118;89;173;115;50.45871559633027;0.7909091;-2.209091
10.23;118;89;173;115;50.45871559633027;0.7909091;-2.209091
10.24;118;89;173;115;50.45871559633027;0.7909091;-2.209091
10.25;118;89;173;115;50.45871559633027;0.7909091;-2.209091
10.26;118;89;174;115;50.56065239551478;0.81653225;-2.231855
10.27;118;90;173;115;50.56065239551478;0.81653225;-2.1774194
10.28;118;90;173;115;50.56065239551478;0.81653225;-2.1774194
10.29;118;90;173;115;50.56065239551478;0.81653225;-2.1774194
10.3;118;90;173;114;50.45871559633027;0.8454546;-2.1545455
10.31;118;90;173;114;50.45871559633027;0.8454546;-2.1545455
10.32;118;90;173;114;50.45871559633027;0.8454546;-2.1545455
10.33;118;90;173;114;50.45871559633027;0.8454546;-2.1545455
10.34;118;90;172;114;50.356778797145765;0.81983805;-2.131579
10.35;118;90;172;114;50.356778797145765;0.81983805;-2.131579
10.36;118;90;172;114;50.356778797145765;0.81983805;-2.131579
10.37;118;90;172;114;50.356778797145765;0.81983805;-2.131579
10.38;118;90;172;114;50.356778797145765;0.81983805;-2.131579
10.39;118;90;172;114;50.356778797145765;0.81983805;-2.131579
10.4;118;90;172;114;50.356778797145765;0.81983805;-2.131579
10.41;118;90;172;114;50.356778797145765;0.81983805;-2.131579
10.42;118;90;172;114;50.356778797145765;0.81983805;-2.131579
10.43;118;90;172;114;50.356778797145765;0.81983805;-2.131579
10.44;118;89;172;114;50.254841997961265;0.7941176;-2.163286
10.45;118;89;172;115;50.356778797145765;0.7651822;-2.1862347
10.46;118;89;172;115;50.356778797145765;0.7651822;-2.1862347
10.47;118;89;172;115;50.356778797145765;0.7651822;-2.1862347
10.48;118;89;172;115;50.356778797145765;0.7651822;-2.1862347
10.49;118;89;172;115;50.356778797145765;0.7651822;-2.1862347
10.5;118;89;172;115;50.356778797145765;0.7651822;-2.1862347
10.51;118;89;172;115;50.356778797145765;0.7651822;-2.1862347
10.52;118;89;172;116;50.45871559633027;0.73636365;-2.209091
10.53;118;88;172;116;50.356778797145765;0.7105263;-2.2408907
10.54;118;88;172;116;50.356778797145765;0.7105263;-2.2408907
10.55;118;88;172;116;50.356778797145765;0.7105263;-2.2408907
10.56;118;88;172;116;50.356778797145765;0.7105263;-2.2408907
10.57;118;88;172;116;50.356778797145765;0.7105263;-2.2408907
10.58;118;88;172;116;50.356778797145765;0.7105263;-2.2408907
10.59;118;88;172;116;50.356778797145765;0.7105263;-2.2408907
10.6;118;88;172;116;50.356778797145765;0.7105263;-2.2408907
10.61;118;88;172;117;50.45871559633027;0.6818182;-2.2636364
10.62;118;88;172;117;50.45871559633027;0.6818182;-2.2636364
10.63;118;88;172;117;50.45871559633027;0.6818182;-2.2636364
10.64;118;87;172;117;50.356778797145765;0.65587044;-2.2955465
10.65;118;87;172;117;50.356778797145765;0.65587044;-2.2955465
10.66;118;87;172;117;50.356778797145765;0.65587044;-2.2955465
10.67;118;87;172;117;50.356778797145765;0.65587044;-2.2955465
10.68;118;87;172;118;50.45871559633027;0.6272727;-2.3181818
10.69;118;87;172;118;50.45871559633027;0.6272727;-2.3181818
10.7;118;87;172;118;50.45871559633027;0.6272727;-2.3181818
10.71;118;87;172;118;50.45871559633027;0.6272727;-2.3181818
10.72;118;87;172;118;50.45871559633027;0.6272727;-2.3181818
10.73;118;86;172;118;50.356778797145765;0.6012146;-2.3502023
10.74;118;86;172;118;50.356778797145765;0.6012146;-2.3502023
10.75;118;86;172;118;50.356778797145765;0.6012146;-2.3502023
10.76;118;86;172;118;50.356778797145765;0.6012146;-2.3502023
10.77;118;86;172;118;50.356778797145765;0.6012146;-2.3502023
10.78;118;86;172;119;50.45871559633027;0.57272726;-2.3727272
10.79;118;86;172;119;50.45871559633027;0.57272726;-2.3727272
10.8;118;86;172;119;50.45871559633027;0.57272726;-2.3727272
10.81;118;86;172;119;50.45871559633027;0.57272726;-2.3727272
10.82;118;85;172;119;50.356778797145765;0.5465587;-2.4048584
10.83;118;85;172;119;50.356778797145765;0.5465587;-2.4048584
10.84;118;85;172;119;50.356778797145765;0.5465587;-2.4048584
10.85;117;85;172;120;50.356778797145765;0.5465587;-2.4595141
10.86;117;85;172;120;50.356778797145765;0.5465587;-2.4595141
10.87;117;85;172;120;50.356778797145765;0.5465587;-2.4595141
10.88;117;85;172;120;50.356778797145765;0.5465587;-2.4595141
10.89;117;85;172;120;50.356778797145765;0.5465587;-2.4595141
10.9;117;85;172;120;50.356778797145765;0.5465587;-2.4595141
10.91;117;85;172;120;50.356778797145765;0.5465587;-2.4595141
10.92;117;85;172;120;50.356778797145765;0.5465587;-2.4595141
10.93;117;84;172;120;50.254841997961265;0.520284;-2.4918864
10.94;117;84;172;120;50.254841997961265;0.520284;-2.4918864
10.95;117;84;172;120;50.254841997961265;0.520284;-2.4918864
10.96;117;84;172;120;50.254841997961265;0.520284;-2.4918864
10.97;117;84;172;120;50.254841997961265;0.520284;-2.4918864
10.98;117;84;172;121;50.356778797145765;0.49190283;-2.51417
10.99;117;84;172;121;50.356778797145765;0.49190283;-2.51417
11.0;117;84;172;121;50.356778797145765;0.49190283;-2.51417
11.01;117;84;172;121;50.356778797145765;0.49190283;-2.51417
11.02;117;84;172;121;50.356778797145765;0.49190283;-2.51417
11.03;118;84;172;121;50.45871559633027;0.46363637;-2.4818182
11.04;118;84;172;121;50.45871559633027;0.46363637;-2.4818182
11.05;118;84;172;121;50.45871559633027;0.46363637;-2.4818182
11.06;118;84;172;121;50.45871559633027;0.46363637;-2.4818182
11.07;118;84;172;121;50.45871559633027;0.46363637;-2.4818182
11.08;118;84;171;121;50.356778797145765;0.43724698;-2.4595141
11.09;118;84;171;121;50.356778797145765;0.43724698;-2.4595141
11.1;118;84;171;121;50.356778797145765;0.43724698;-2.4595141
11.11;118;84;171;121;50.356778797145765;0.43724698;-2.4595141
11.12;118;84;171;121;50.356778797145765;0.43724698;-2.4595141
11.13;118;84;172;121;50.45871559633027;0.46363637;-2.4818182
11.14;118;84;172;121;50.45871559633027;0.46363637;-2.4818182
11.15;118;84;172;121;50.45871559633027;0.46363637;-2.4818182
11.16;117;84;172;121;50.356778797145765;0.49190283;-2.51417
11.17;117;84;172;121;50.356778797145765;0.49190283;-2.51417
11.18;117;84;172;121;50.356778797145765;0.49190283;-2.51417
11.19;117;84;172;121;50.356778797145765;0.49190283;-2.51417
11.2;117;84;172;121;50.356778797145765;0.49190283;-2.51417
11.21;117;84;172;121;50.356778797145765;0.49190283;-2.51417
11.22;117;84;172;121;50.356778797145765;0.49190283;-2.51417
11.23;117;84;172;121;50.356778797145765;0.49190283;-2.51417
11.24;117;84;172;121;50.356778797145765;0.49190283;-2.51417
11.25;117;84;172;121;50.356778797145765;0.49190283;-2.51417
11.26;117;84;172;121;50.356778797145765;0.49190283;-2.51417
11.27;117;84;172;121;50.356778797145765;0.49190283;-2.51417
11.28;117;84;172;121;50.356778797145765;0.49190283;-2.51417
11.29;117;84;172;121;50.356778797145765;0.49190283;-2.51417
11.3;117;84;172;121;50.356778797145765;0.49190283;-2.51417
11.31;117;84;172;121;50.356778797145765;0.49190283;-2.51417
11.32;118;84;172;121;50.45871559633027;0.46363637;-2.4818182
11.33;118;84;172;121;50.45871559633027;0.46363637;-2.4818182
11.34;118;84;171;121;50.356778797145765;0.43724698;-2.4595141
11.35;118;84;171;121;50.356778797145765;0.43724698;-2.4595141
11.36;118;84;171;121;50.356778797145765;0.43724698;-2.4595141
11.37;118;84;171;121;50.356778797145765;0.43724698;-2.4595141
11.38;118;84;171;121;50.356778797145765;0.43724698;-2.4595141
11.39;118;84;170;121;50.254841997961265;0.4107505;-2.4371197
11.4;118;84;170;121;50.254841997961265;0.4107505;-2.4371197
11.41;119;84;170;122;50.45871559633027;0.35454544;-2.4272728
11.42;119;84;170;122;50.45871559633027;0.35454544;-2.4272728
11.43;119;84;170;122;50.45871559633027;0.35454544;-2.4272728
11.44;119;84;170;122;50.45871559633027;0.35454544;-2.4272728
11.45;119;84;170;122;50.45871559633027;0.35454544;-2.4272728
11.46;119;84;170;122;50.45871559633027;0.35454544;-2.4272728
11.47;119;84;170;122;50.45871559633027;0.35454544;-2.4272728
11.48;119;84;170;122;50.45871559633027;0.35454544;-2.4272728
11.49;119;84;169;122;50.356778797145765;0.32793522;-2.4048584
11.5;119;84;169;121;50.254841997961265;0.35598376;-2.3823528
11.51;119;84;169;121;50.254841997961265;0.35598376;-2.3823528
11.52;119;85;169;121;50.356778797145765;0.3825911;-2.3502023
11.53;119;85;169;121;50.356778797145765;0.3825911;-2.3502023
11.54;119;85;169;121;50.356778797145765;0.3825911;-2.3502023
11.55;120;85;169;121;50.45871559633027;0.35454544;-2.3181818
11.56;120;85;169;121;50.45871559633027;0.35454544;-2.3181818
11.57;120;85;168;121;50.356778797145765;0.32793522;-2.2955465
11.58;120;85;168;120;50.254841997961265;0.35598376;-2.2728195
11.59;120;86;168;120;50.356778797145765;0.3825911;-2.2408907
11.6;120;86;168;120;50.356778797145765;0.3825911;-2.2408907
11.61;120;86;168;120;50.356778797145765;0.3825911;-2.2408907
11.62;121;86;168;120;50.45871559633027;0.35454544;-2.209091
11.63;121;86;168;120;50.45871559633027;0.35454544;-2.209091
11.64;121;86;168;120;50.45871559633027;0.35454544;-2.209091
11.65;121;86;167;120;50.356778797145765;0.32793522;-2.1862347
11.66;121;86;167;120;50.356778797145765;0.32793522;-2.1862347
11.67;121;86;167;120;50.356778797145765;0.32793522;-2.1862347
11.68;121;86;167;120;50.356778797145765;0.32793522;-2.1862347
11.69;121;86;166;120;50.254841997961265;0.30121705;-2.163286
11.7;121;87;166;120;50.356778797145765;0.32793522;-2.131579
11.71;121;87;166;120;50.356778797145765;0.32793522;-2.131579
11.72;121;87;165;120;50.254841997961265;0.30121705;-2.1085193
11.73;122;87;165;120;50.356778797145765;0.27327934;-2.0769231
11.74;122;87;165;120;50.356778797145765;0.27327934;-2.0769231
11.75;122;87;165;120;50.356778797145765;0.27327934;-2.0769231
11.76;122;87;165;120;50.356778797145765;0.27327934;-2.0769231
11.77;122;87;165;120;50.356778797145765;0.27327934;-2.0769231
11.78;122;87;165;120;50.356778797145765;0.27327934;-2.0769231
11.79;122;88;165;120;50.45871559633027;0.3;-2.0454545
11.8;122;88;165;120;50.45871559633027;0.3;-2.0454545
11.81;122;88;165;120;50.45871559633027;0.3;-2.0454545
11.82;122;88;165;120;50.45871559633027;0.3;-2.0454545
11.83;122;88;165;120;50.45871559633027;0.3;-2.0454545
11.84;123;88;165;120;50.56065239551478;0.27217743;-2.014113
11.85;123;88;165;119;50.45871559633027;0.3;-1.9909091
11.86;123;88;164;119;50.356778797145765;0.27327934;-1.9676113
11.87;123;88;164;119;50.356778797145765;0.27327934;-1.9676113
11.88;123;88;164;119;50.356778797145765;0.27327934;-1.9676113
11.89;123;89;164;118;50.356778797145765;0.32793522;-1.9129555
11.9;123;89;164;118;50.356778797145765;0.32793522;-1.9129555
11.91;123;89;164;118;50.356778797145765;0.32793522;-1.9129555
11.92;123;89;164;118;50.356778797145765;0.32793522;-1.9129555
11.93;123;89;164;118;50.356778797145765;0.32793522;-1.9129555
11.94;123;89;164;118;50.356778797145765;0.32793522;-1.9129555
11.95;123;89;164;119;50.45871559633027;0.3;-1.9363636
11.96;123;89;164;119;50.45871559633027;0.3;-1.9363636
11.97;123;89;164;119;50.45871559633027;0.3;-1.9363636
11.98;123;89;164;119;50.45871559633027;0.3;-1.9363636
11.99;123;88;164;119;50.356778797145765;0.27327934;-1.9676113
12.0;123;88;164;119;50.356778797145765;0.27327934;-1.9676113
12.01;123;88;163;119;50.254841997961265;0.2464503;-1.9442191
12.02;123;88;163;119;50.254841997961265;0.2464503;-1.9442191
12.03;123;88;163;119;50.254841997961265;0.2464503;-1.9442191
12.04;123;88;163;119;50.254841997961265;0.2464503;-1.9442191
12.05;124;88;163;119;50.356778797145765;0.21862349;-1.9129555
12.06;124;88;163;119;50.356778797145765;0.21862349;-1.9129555
12.07;124;88;163;119;50.356778797145765;0.21862349;-1.9129555
12.08;124;88;163;119;50.356778797145765;0.21862349;-1.9129555
12.09;124;88;163;119;50.356778797145765;0.21862349;-1.9129555
12.1;124;88;163;120;50.45871559633027;0.19090909;-1.9363636
12.11;124;88;163;120;50.45871559633027;0.19090909;-1.9363636
12.12;124;88;163;120;50.45871559633027;0.19090909;-1.9363636
12.13;124;88;163;120;50.45871559633027;0.19090909;-1.9363636
12.14;124;88;163;120;50.45871559633027;0.19090909;-1.9363636
12.15;124;88;163;120;50.45871559633027;0.19090909;-1.9363636
12.16;124;87;163;120;50.356778797145765;0.16396761;-1.9676113
12.17;124;87;163;120;50.356778797145765;0.16396761;-1.9676113
12.18;124;87;163;120;50.356778797145765;0.16396761;-1.9676113
12.19;124;87;163;120;50.356778797145765;0.16396761;-1.9676113
12.2;124;87;163;120;50.356778797145765;0.16396761;-1.9676113
12.21;124;87;163;120;50.356778797145765;0.16396761;-1.9676113
12.22;124;87;163;120;50.356778797145765;0.16396761;-1.9676113
12.23;124;87;163;120;50.356778797145765;0.16396761;-1.9676113
12.24;124;87;163;120;50.356778797145765;0.16396761;-1.9676113
12.25;124;87;163;120;50.356778797145765;0.16396761;-1.9676113
12.26;124;87;163;120;50.356778797145765;0.16396761;-1.9676113
12.27;124;88;163;120;50.45871559633027;0.19090909;-1.9363636
12.28;124;88;162;120;50.356778797145765;0.16396761;-1.9129555
12.29;124;88;162;120;50.356778797145765;0.16396761;-1.9129555
12.3;124;88;162;120;50.356778797145765;0.16396761;-1.9129555
12.31;124;88;162;120;50.356778797145765;0.16396761;-1.9129555
12.32;124;88;162;120;50.356778797145765;0.16396761;-1.9129555
12.33;124;88;162;120;50.356778797145765;0.16396761;-1.9129555
12.34;124;88;162;120;50.356778797145765;0.16396761;-1.9129555
12.35;124;88;162;120;50.356778797145765;0.16396761;-1.9129555
12.36;124;88;162;120;50.356778797145765;0.16396761;-1.9129555
12.37;125;88;162;120;50.45871559633027;0.13636364;-1.8818182
12.38;125;88;162;120;50.45871559633027;0.13636364;-1.8818182
12.39;125;88;162;120;50.45871559633027;0.13636364;-1.8818182
12.4;125;88;162;120;50.45871559633027;0.13636364;-1.8818182
12.41;125;88;161;120;50.356778797145765;0.109311745;-1.8582996
12.42;125;88;161;120;50.356778797145765;0.109311745;-1.8582996
12.43;125;88;161;120;50.356778797145765;0.109311745;-1.8582996
12.44;125;88;161;120;50.356778797145765;0.109311745;-1.8582996
12.45;125;88;161;121;50.45871559633027;0.08181818;-1.8818182
12.46;125;88;161;121;50.45871559633027;0.08181818;-1.8818182
12.47;125;88;161;121;50.45871559633027;0.08181818;-1.8818182
12.48;125;88;161;121;50.45871559633027;0.08181818;-1.8818182
12.49;125;88;161;120;50.356778797145765;0.109311745;-1.8582996
12.5;125;88;161;120;50.356778797145765;0.109311745;-1.8582996
12.51;125;88;161;120;50.356778797145765;0.109311745;-1.8582996
12.52;125;88;160;120;50.254841997961265;0.0821501;-1.8346856
12.53;125;88;160;120;50.254841997961265;0.0821501;-1.8346856
12.54;125;88;160;119;50.15290519877676;0.1097561;-1.8109756
12.55;126;88;160;119;50.254841997961265;0.0821501;-1.7799189
12.56;126;88;160;119;50.254841997961265;0.0821501;-1.7799189
12.57;126;88;160;119;50.254841997961265;0.0821501;-1.7799189
12.58;126;88;160;120;50.356778797145765;0.054655872;-1.8036437
12.59;126;88;160;120;50.356778797145765;0.054655872;-1.8036437
12.6;126;88;160;120;50.356778797145765;0.054655872;-1.8036437
12.61;126;88;160;120;50.356778797145765;0.054655872;-1.8036437
12.62;126;88;161;121;50.56065239551478;0.054435484;-1.8508065
12.63;126;88;161;121;50.56065239551478;0.054435484;-1.8508065
12.64;126;88;161;121;50.56065239551478;0.054435484;-1.8508065
12.65;126;88;161;121;50.56065239551478;0.054435484;-1.8508065
12.66;126;88;161;121;50.56065239551478;0.054435484;-1.8508065
12.67;126;88;161;121;50.56065239551478;0.054435484;-1.8508065
12.68;125;87;161;121;50.356778797145765;0.054655872;-1.9129555
12.69;125;87;161;121;50.356778797145765;0.054655872;-1.9129555
12.7;125;87;161;121;50.356778797145765;0.054655872;-1.9129555
12.71;125;87;161;121;50.356778797145765;0.054655872;-1.9129555
12.72;125;87;161;121;50.356778797145765;0.054655872;-1.9129555
12.73;124;87;161;121;50.254841997961265;0.0821501;-1.9442191
12.74;124;87;161;121;50.254841997961265;0.0821501;-1.9442191
12.75;124;87;162;122;50.45871559633027;0.08181818;-1.9909091
12.76;124;87;162;122;50.45871559633027;0.08181818;-1.9909091
12.77;124;87;162;122;50.45871559633027;0.08181818;-1.9909091
12.78;124;87;162;122;50.45871559633027;0.08181818;-1.9909091
12.79;124;87;162;122;50.45871559633027;0.08181818;-1.9909091
12.8;124;87;162;122;50.45871559633027;0.08181818;-1.9909091
12.81;124;87;162;122;50.45871559633027;0.08181818;-1.9909091
12.82;124;87;162;122;50.45871559633027;0.08181818;-1.9909091
12.83;124;87;162;122;50.45871559633027;0.08181818;-1.9909091
12.84;124;86;162;121;50.254841997961265;0.0821501;-1.9989858
12.85;124;86;162;121;50.254841997961265;0.0821501;-1.9989858
12.86;124;86;162;121;50.254841997961265;0.0821501;-1.9989858
12.87;124;86;162;121;50.254841997961265;0.0821501;-1.9989858
12.88;124;86;162;121;50.254841997961265;0.0821501;-1.9989858
12.89;124;86;162;122;50.356778797145765;0.054655872;-2.022267
12.9;124;86;162;122;50.356778797145765;0.054655872;-2.022267
12.91;124;86;162;122;50.356778797145765;0.054655872;-2.022267
12.92;124;86;162;122;50.356778797145765;0.054655872;-2.022267
12.93;124;86;162;122;50.356778797145765;0.054655872;-2.022267
12.94;124;86;162;122;50.356778797145765;0.054655872;-2.022267
12.95;124;86;162;122;50.356778797145765;0.054655872;-2.022267
12.96;124;86;162;122;50.356778797145765;0.054655872;-2.022267
12.97;124;86;162;122;50.356778797145765;0.054655872;-2.022267
12.98;124;86;162;123;50.45871559633027;0.027272727;-2.0454545
12.99;123;86;162;123;50.356778797145765;0.054655872;-2.0769231
13.0;123;86;162;123;50.356778797145765;0.054655872;-2.0769231
13.01;120;88;167;119;50.356778797145765;0.43724698;-2.131579
13.02;120;88;167;119;50.356778797145765;0.43724698;-2.131579
13.03;120;88;167;119;50.356778797145765;0.43724698;-2.131579
13.04;120;88;167;119;50.356778797145765;0.43724698;-2.131579
13.05;120;88;167;119;50.356778797145765;0.43724698;-2.131579
13.06;120;88;167;119;50.356778797145765;0.43724698;-2.131579
13.07;120;88;167;119;50.356778797145765;0.43724698;-2.131579
13.08;120;88;167;119;50.356778797145765;0.43724698;-2.131579
13.09;120;88;167;119;50.356778797145765;0.43724698;-2.131579
13.1;120;88;167;119;50.356778797145765;0.43724698;-2.131579
13.11;120;88;167;119;50.356778797145765;0.43724698;-2.131579
13.12;120;88;167;119;50.356778797145765;0.43724698;-2.131579
13.13;120;88;167;119;50.356778797145765;0.43724698;-2.131579
13.14;120;88;167;119;50.356778797145765;0.43724698;-2.131579
13.15;120;88;167;119;50.356778797145765;0.43724698;-2.131579
13.16;120;88;167;119;50.356778797145765;0.43724698;-2.131579
13.17;120;88;167;119;50.356778797145765;0.43724698;-2.131579
13.18;120;88;167;119;50.356778797145765;0.43724698;-2.131579
13.19;120;88;167;119;50.356778797145765;0.43724698;-2.131579
13.2;120;88;167;119;50.356778797145765;0.43724698;-2.131579
13.21;120;88;167;119;50.356778797145765;0.43724698;-2.131579
13.22;120;88;167;120;50.45871559633027;0.4090909;-2.1545455
13.23;120;88;167;120;50.45871559633027;0.4090909;-2.1545455
13.24;120;88;167;120;50.45871559633027;0.4090909;-2.1545455
13.25;120;88;167;120;50.45871559633027;0.4090909;-2.1545455
13.26;120;88;167;120;50.45871559633027;0.4090909;-2.1545455
13.27;120;88;167;119;50.356778797145765;0.43724698;-2.131579
13.28;120;88;167;119;50.356778797145765;0.43724698;-2.131579
13.29;119;87;167;119;50.15290519877676;0.4390244;-2.195122
13.3;119;87;167;119;50.15290519877676;0.4390244;-2.195122
13.31;119;87;167;119;50.15290519877676;0.4390244;-2.195122
13.32;119;87;167;119;50.15290519877676;0.4390244;-2.195122
13.33;119;87;167;119;50.15290519877676;0.4390244;-2.195122
13.34;119;87;167;119;50.15290519877676;0.4390244;-2.195122
13.35;119;87;167;120;50.254841997961265;0.4107505;-2.2180526
13.36;119;87;167;120;50.254841997961265;0.4107505;-2.2180526
13.37;120;87;168;120;50.45871559633027;0.4090909;-2.209091
13.38;120;87;168;120;50.45871559633027;0.4090909;-2.209091
13.39;120;87;168;120;50.45871559633027;0.4090909;-2.209091
13.4;120;87;168;120;50.45871559633027;0.4090909;-2.209091
13.41;120;87;168;120;50.45871559633027;0.4090909;-2.209091
13.42;120;87;168;120;50.45871559633027;0.4090909;-2.209091
13.43;120;87;168;120;50.45871559633027;0.4090909;-2.209091
13.44;120;87;168;120;50.45871559633027;0.4090909;-2.209091
13.45;120;87;167;120;50.356778797145765;0.3825911;-2.1862347
13.46;119;87;167;120;50.254841997961265;0.4107505;-2.2180526
13.47;119;87;167;120;50.254841997961265;0.4107505;-2.2180526
13.48;119;86;167;120;50.15290519877676;0.38414633;-2.25
13.49;119;86;167;120;50.15290519877676;0.38414633;-2.25
13.5;119;86;167;120;50.15290519877676;0.38414633;-2.25
13.51;119;86;167;121;50.254841997961265;0.35598376;-2.2728195
13.52;119;86;167;121;50.254841997961265;0.35598376;-2.2728195
13.53;119;86;168;121;50.356778797145765;0.3825911;-2.2955465
13.54;119;86;168;121;50.356778797145765;0.3825911;-2.2955465
13.55;119;86;168;122;50.45871559633027;0.35454544;-2.3181818
13.56;119;86;168;122;50.45871559633027;0.35454544;-2.3181818
13.57;119;86;168;122;50.45871559633027;0.35454544;-2.3181818
13.58;119;85;168;122;50.356778797145765;0.32793522;-2.3502023
13.59;119;85;168;122;50.356778797145765;0.32793522;-2.3502023
13.6;119;85;168;122;50.356778797145765;0.32793522;-2.3502023
13.61;119;85;168;122;50.356778797145765;0.32793522;-2.3502023
13.62;119;85;168;122;50.356778797145765;0.32793522;-2.3502023
13.63;119;85;168;122;50.356778797145765;0.32793522;-2.3502023
13.64;118;85;168;122;50.254841997961265;0.35598376;-2.3823528
13.65;118;85;168;122;50.254841997961265;0.35598376;-2.3823528
13.66;118;85;168;122;50.254841997961265;0.35598376;-2.3823528
13.67;118;85;168;122;50.254841997961265;0.35598376;-2.3823528
13.68;118;85;169;123;50.45871559633027;0.35454544;-2.4272728
13.69;118;85;169;123;50.45871559633027;0.35454544;-2.4272728
13.7;118;85;169;123;50.45871559633027;0.35454544;-2.4272728
13.71;118;84;169;123;50.356778797145765;0.32793522;-2.4595141
13.72;118;84;169;123;50.356778797145765;0.32793522;-2.4595141
13.73;118;84;169;123;50.356778797145765;0.32793522;-2.4595141
13.74;118;84;169;123;50.356778797145765;0.32793522;-2.4595141
13.75;118;84;169;123;50.356778797145765;0.32793522;-2.4595141
13.76;118;84;169;123;50.356778797145765;0.32793522;-2.4595141
13.77;118;84;169;122;50.254841997961265;0.35598376;-2.4371197
13.78;118;85;169;122;50.356778797145765;0.3825911;-2.4048584
13.79;118;85;169;122;50.356778797145765;0.3825911;-2.4048584
13.8;118;85;169;122;50.356778797145765;0.3825911;-2.4048584
13.81;118;85;169;122;50.356778797145765;0.3825911;-2.4048584
13.82;118;85;169;122;50.356778797145765;0.3825911;-2.4048584
13.83;118;85;169;122;50.356778797145765;0.3825911;-2.4048584
13.84;118;85;169;122;50.356778797145765;0.3825911;-2.4048584
13.85;118;85;169;122;50.356778797145765;0.3825911;-2.4048584
13.86;118;85;169;122;50.356778797145765;0.3825911;-2.4048584
13.87;118;85;169;122;50.356778797145765;0.3825911;-2.4048584
13.88;118;85;169;122;50.356778797145765;0.3825911;-2.4048584
13.89;118;85;169;122;50.356778797145765;0.3825911;-2.4048584
13.9;118;85;169;122;50.356778797145765;0.3825911;-2.4048584
13.91;118;85;168;122;50.254841997961265;0.35598376;-2.3823528
13.92;118;85;168;122;50.254841997961265;0.35598376;-2.3823528
13.93;118;85;168;122;50.254841997961265;0.35598376;-2.3823528
13.94;118;85;168;122;50.254841997961265;0.35598376;-2.3823528
13.95;118;85;168;122;50.254841997961265;0.35598376;-2.3823528
13.96;118;85;168;122;50.254841997961265;0.35598376;-2.3823528
13.97;118;85;168;122;50.254841997961265;0.35598376;-2.3823528
13.98;118;85;168;122;50.254841997961265;0.35598376;-2.3823528
13.99;118;85;168;122;50.254841997961265;0.35598376;-2.3823528
14.0;118;85;168;122;50.254841997961265;0.35598376;-2.3823528
14.01;119;85;168;122;50.356778797145765;0.32793522;-2.3502023
14.02;119;85;168;122;50.356778797145765;0.32793522;-2.3502023
14.03;119;85;168;122;50.356778797145765;0.32793522;-2.3502023
14.04;119;85;168;122;50.356778797145765;0.32793522;-2.3502023
14.05;119;85;168;122;50.356778797145765;0.32793522;-2.3502023
14.06;119;85;168;123;50.45871559633027;0.3;-2.3727272
14.07;119;85;168;123;50.45871559633027;0.3;-2.3727272
14.08;119;85;168;123;50.45871559633027;0.3;-2.3727272
14.09;119;85;167;123;50.356778797145765;0.27327934;-2.3502023
14.1;119;85;167;123;50.356778797145765;0.27327934;-2.3502023
14.11;119;85;167;123;50.356778797145765;0.27327934;-2.3502023
14.12;120;85;166;123;50.356778797145765;0.21862349;-2.2955465
14.13;120;85;166;123;50.356778797145765;0.21862349;-2.2955465
14.14;120;85;166;123;50.356778797145765;0.21862349;-2.2955465
14.15;121;85;165;123;50.356778797145765;0.16396761;-2.2408907
14.16;121;85;165;123;50.356778797145765;0.16396761;-2.2408907
14.17;121;85;165;123;50.356778797145765;0.16396761;-2.2408907
14.18;122;85;164;124;50.45871559633027;0.08181818;-2.209091
14.19;123;85;164;124;50.56065239551478;0.054435484;-2.1774194
14.2;123;85;164;124;50.56065239551478;0.054435484;-2.1774194
14.21;124;85;163;124;50.56065239551478;0.0;-2.122984
14.22;125;85;162;124;50.56065239551478;-0.054435484;-2.0685484
14.23;127;85;161;124;50.66258919469929;-0.13581489;-1.9828974
14.24;128;85;160;124;50.66258919469929;-0.19014084;-1.9285715
14.25;130;85;159;124;50.76452599388379;-0.27108434;-1.8433735
14.26;131;85;157;124;50.66258919469929;-0.35311872;-1.7655935
14.27;132;85;156;123;50.56065239551478;-0.38104838;-1.6875
14.28;134;85;154;123;50.56065239551478;-0.48991936;-1.578629
14.29;135;84;152;123;50.356778797145765;-0.6012146;-1.5303644
14.3;136;84;151;122;50.254841997961265;-0.6298174;-1.4513185
14.31;138;84;150;122;50.356778797145765;-0.7105263;-1.3663968
14.32;139;84;148;122;50.254841997961265;-0.7941176;-1.2870183
14.33;140;84;147;122;50.254841997961265;-0.8488844;-1.2322515
14.34;141;84;146;122;50.254841997961265;-0.9036511;-1.1774848
14.35;142;84;145;122;50.254841997961265;-0.95841783;-1.1227181
14.36;142;84;145;122;50.254841997961265;-0.95841783;-1.1227181
14.37;143;83;144;122;50.15290519877676;-1.0426829;-1.097561
14.38;143;83;144;122;50.15290519877676;-1.0426829;-1.097561
14.39;144;83;143;122;50.15290519877676;-1.097561;-1.0426829
14.4;144;83;143;122;50.15290519877676;-1.097561;-1.0426829
14.41;144;83;143;123;50.254841997961265;-1.1227181;-1.0679513
14.42;144;83;143;123;50.254841997961265;-1.1227181;-1.0679513
14.43;144;83;144;123;50.356778797145765;-1.0931174;-1.0931174
14.44;143;82;144;123;50.15290519877676;-1.097561;-1.152439
14.45;143;82;144;123;50.15290519877676;-1.097561;-1.152439
14.46;143;82;145;124;50.356778797145765;-1.0931174;-1.2024292
14.47;143;82;145;124;50.356778797145765;-1.0931174;-1.2024292
14.48;142;82;146;124;50.356778797145765;-1.0384616;-1.257085
14.49;142;82;146;124;50.356778797145765;-1.0384616;-1.257085
14.5;142;82;146;124;50.356778797145765;-1.0384616;-1.257085
14.51;141;82;147;124;50.356778797145765;-0.98380566;-1.3117409
14.52;141;82;147;123;50.254841997961265;-0.95841783;-1.2870183
14.53;140;82;148;123;50.254841997961265;-0.9036511;-1.341785
14.54;139;82;149;123;50.254841997961265;-0.8488844;-1.3965517
14.55;138;82;150;122;50.15290519877676;-0.76829267;-1.4268292
14.56;138;83;150;122;50.254841997961265;-0.7393509;-1.3965517
14.57;137;83;151;121;50.15290519877676;-0.6585366;-1.4268292
14.58;136;83;152;121;50.15290519877676;-0.60365856;-1.4817073
14.59;135;84;153;120;50.15290519877676;-0.49390244;-1.4817073
14.6;134;84;154;119;50.05096839959225;-0.4124236;-1.5122199
14.61;132;85;156;118;50.05096839959225;-0.24745418;-1.5672097
14.62;131;86;157;117;50.05096839959225;-0.13747454;-1.5672097
14.63;130;87;159;116;50.15290519877676;0.0;-1.5914634
14.64;128;88;161;114;50.05096839959225;0.19246435;-1.6221995
14.65;127;89;163;113;50.15290519877676;0.3292683;-1.6463414
14.66;125;91;165;111;50.15290519877676;0.5487805;-1.6463414
14.67;122;92;167;109;49.94903160040774;0.7714286;-1.7081633
14.68;120;93;169;107;49.847094801223236;0.9662577;-1.7392638
14.69;117;94;171;105;49.64322120285423;1.1919918;-1.801848
14.7;115;95;174;103;49.64322120285423;1.4137577;-1.8572896
14.71;112;96;177;102;49.64322120285423;1.6355236;-1.9681724
14.72;109;98;181;100;49.745158002038735;1.9364754;-2.047131
14.73;106;99;185;98;49.745158002038735;2.2131147;-2.1577868
14.74;104;100;190;97;50.05096839959225;2.4470468;-2.2820773
14.75;101;101;195;96;50.254841997961265;2.7109532;-2.4371197
14.76;98;102;200;96;50.56065239551478;2.939516;-2.612903
14.77;95;103;205;95;50.76452599388379;3.198795;-2.7650602
14.78;92;103;210;94;50.866462793068294;3.4358718;-2.9488978
14.79;88;104;215;93;50.9683995922528;3.726;-3.132
14.8;84;104;219;92;50.866462793068294;3.976954;-3.3276553
14.81;80;104;223;90;50.66258919469929;4.2645874;-3.504024
14.82;75;103;226;88;50.15290519877676;4.554878;-3.7317073
14.83;70;103;229;85;49.64322120285423;4.906571;-3.9086242
14.84;66;103;233;82;49.33741080530071;5.2438016;-4.0723143
14.85;62;103;236;80;49.03160040774719;5.529106;-4.2380457
14.86;60;104;239;79;49.1335372069317;5.713693;-4.313278
14.87;59;104;241;79;49.235474006116206;5.785714;-4.388199
14.88;59;105;244;80;49.745158002038735;5.8094263;-4.4262295
14.89;59;105;247;81;50.15290519877676;5.8170733;-4.5
14.9;59;105;248;81;50.254841997961265;5.8326573;-4.5182557
14.91;58;104;250;81;50.254841997961265;5.887424;-4.627789
14.92;58;104;250;82;50.356778797145765;5.848178;-4.645749
14.93;57;103;251;81;50.15290519877676;5.9268293;-4.719512
14.94;57;103;251;81;50.15290519877676;5.9268293;-4.719512
14.95;56;102;251;81;49.94903160040774;5.9510202;-4.7938776
14.96;55;101;252;81;49.847094801223236;5.9907975;-4.886503
14.97;55;100;252;80;49.64322120285423;6.0154004;-4.906571
14.98;54;99;252;80;49.439347604485214;6.040206;-4.9824743
14.99;53;98;252;79;49.1335372069317;6.105809;-5.041494
15.0;53;97;253;79;49.1335372069317;6.105809;-5.0975103
15.01;52;96;254;80;49.1335372069317;6.105809;-5.2095437
15.02;51;95;256;80;49.1335372069317;6.1618257;-5.3215766
15.03;51;94;258;80;49.235474006116206;6.1770186;-5.39441
15.04;50;94;259;80;49.235474006116206;6.232919;-5.4503107
15.05;50;93;261;81;49.439347604485214;6.2072163;-5.539175
15.06;49;92;263;81;49.439347604485214;6.2628865;-5.6505156
15.07;49;91;265;82;49.64322120285423;6.2371664;-5.738193
15.08;48;90;267;82;49.64322120285423;6.292608;-5.849076
15.09;48;89;268;83;49.745158002038735;6.252049;-5.920082
15.1;47;88;269;83;49.64322120285423;6.292608;-6.0154004
15.11;47;88;270;83;49.745158002038735;6.307377;-6.030738
15.12;46;87;270;83;49.54128440366972;6.3333335;-6.111111
15.13;46;86;271;84;49.64322120285423;6.292608;-6.181725
15.14;46;85;272;84;49.64322120285423;6.292608;-6.2371664
15.15;45;84;273;84;49.54128440366972;6.3333335;-6.3333335
15.16;45;83;273;84;49.439347604485214;6.318557;-6.3742266
15.17;44;82;273;85;49.33741080530071;6.303719;-6.4710746
15.18;44;80;274;85;49.235474006116206;6.28882;-6.568323
15.19;43;79;274;85;49.03160040774719;6.3149686;-6.6517673
15.2;43;77;274;85;48.827726809378184;6.284969;-6.735908
15.21;42;75;274;85;48.52191641182467;6.2962184;-6.8634453
15.22;41;74;274;86;48.41997961264016;6.2810526;-6.963158
15.23;41;72;274;86;48.21610601427115;6.2505283;-7.049683
15.24;40;70;273;86;47.808358817533126;6.2462687;-7.1673775
15.25;40;68;273;86;47.60448521916412;6.2152033;-7.2558885
15.26;39;67;272;86;47.2986748216106;6.226293;-7.331897
15.27;38;65;271;85;46.788990825688074;6.2647057;-7.4411764
15.28;38;63;270;85;46.48318042813455;6.2171054;-7.519737
15.29;37;61;270;85;46.17737003058104;6.228477;-7.6589403
15.3;36;59;268;84;45.565749235474;6.251678;-7.761745
15.31;36;58;267;84;45.361875637104994;6.219101;-7.7966294
15.32;35;56;265;83;44.75025484199796;6.2425966;-7.903189
15.33;34;55;263;82;44.24057084607543;6.28341;-7.963134
15.34;34;53;260;81;43.6289500509684;6.245327;-8.0116825
15.35;33;51;257;80;42.915392456676855;6.2529693;-8.112826
15.36;33;50;253;78;42.20183486238532;6.2608695;-8.086957
15.37;32;48;248;76;41.18246687054026;6.2821784;-8.153465
15.38;31;46;243;74;40.16309887869521;6.3045683;-8.223351
15.39;31;45;238;72;39.347604485219165;6.2953367;-8.183938
15.4;30;43;232;70;38.2262996941896;6.3;-8.244
15.41;30;42;226;68;37.30886850152905;6.2704916;-8.188524
15.42;29;40;219;65;35.983690112130475;6.3101983;-8.22238
15.43;28;37;210;62;34.35270132517839;6.2893176;-8.292285
15.44;27;35;201;59;32.82364933741081;6.28882;-8.301242
15.45;26;33;192;55;31.192660550458715;6.352941;-8.294118
15.46;25;30;182;52;29.45973496432212;6.306228;-8.361591
15.47;24;27;172;48;27.624872579001018;6.326568;-8.418819
15.48;23;25;162;45;25.99388379204893;6.3;-8.417647
15.49;22;22;151;41;24.05708460754332;6.2923727;-8.466102
15.5;20;19;140;37;22.01834862385321;6.375;-8.625
15.51;19;16;129;33;20.081549439347604;6.3730965;-8.703046
15.52;17;13;117;29;17.940876656472987;6.443182;-8.897727
15.53;16;10;106;25;16.004077471967378;6.4490447;-9.028663
15.54;15;7;94;21;13.965341488277268;6.4051094;-9.164233
15.55;14;4;82;17;11.926605504587155;6.3461537;-9.346154
15.56;13;1;71;14;10.091743119266054;6.1363635;-9.681818
15.57;10;0;60;12;8.358817533129459;6.256098;-10.207317
15.58;7;0;49;11;6.829765545361875;6.2462687;-10.679105
15.59;6;0;39;10;5.606523955147808;5.6454544;-10.554545
15.6;4;0;31;9;4.485219164118247;5.5227275;-11.045455
15.61;2;0;24;8;3.4658511722731906;5.5588236;-11.911765
15.62;1;0;19;7;2.7522935779816513;5.5;-12.5
15.63;0;0;14;6;2.038735983690112;5.4;-13.5
15.64;0;0;10;5;1.529051987767584;4.5;-13.5
15.65;0;0;7;4;1.1213047910295617;3.6818182;-13.5
15.66;0;0;4;2;0.6116207951070336;4.5;-13.5
15.67;0;0;2;1;0.3058103975535168;4.5;-13.5
15.68;0;0;0;0;0.0;0.0;0.0
15.69;0;0;0;0;0.0;0.0;0.0
15.7;0;0;0;0;0.0;0.0;0.0
15.71;0;0;0;0;0.0;0.0;0.0
15.72;0;0;0;0;0.0;0.0;0.0
15.73;0;0;0;0;0.0;0.0;0.0
15.74;0;0;0;0;0.0;0.0;0.0
15.75;0;0;0;0;0.0;0.0;0.0
15.76;0;0;0;0;0.0;0.0;0.0
15.77;0;0;0;0;0.0;0.0;0.0
15.78;0;0;0;0;0.0;0.0;0.0
15.79;0;0;0;0;0.0;0.0;0.0
15.8;0;0;0;0;0.0;0.0;0.0
15.81;0;0;0;0;0.0;0.0;0.0
15.82;0;0;0;0;0.0;0.0;0.0
15.83;0;0;0;0;0.0;0.0;0.0
15.84;0;0;0;0;0.0;0.0;0.0
15.85;0;0;0;0;0.0;0.0;0.0
15.86;0;0;0;0;0.0;0.0;0.0
15.87;0;0;0;0;0.0;0.0;0.0
15.88;0;0;0;0;0.0;0.0;0.0
15.89;0;0;0;0;0.0;0.0;0.0
15.9;0;0;0;0;0.0;0.0;0.0
15.91;0;0;0;0;0.0;0.0;0.0
15.92;0;0;0;0;0.0;0.0;0.0
15.93;0;0;0;0;0.0;0.0;0.0
15.94;0;0;0;0;0.0;0.0;0.0
15.95;0;0;0;0;0.0;0.0;0.0
15.96;0;0;0;0;0.0;0.0;0.0
15.97;0;0;0;0;0.0;0.0;0.0
15.98;0;0;0;0;0.0;0.0;0.0
15.99;0;0;0;0;0.0;0.0;0.0
16.0;0;0;0;0;0.0;0.0;0.0
16.01;0;0;0;0;0.0;0.0;0.0
16.02;0;0;0;0;0.0;0.0;0.0
16.03;0;0;0;0;0.0;0.0;0.0
16.04;0;0;0;0;0.0;0.0;0.0
16.05;0;0;0;0;0.0;0.0;0.0
16.06;0;0;0;0;0.0;0.0;0.0
16.07;0;0;0;0;0.0;0.0;0.0
16.08;0;0;0;0;0.0;0.0;0.0
16.09;0;0;0;0;0.0;0.0;0.0
16.1;0;0;0;0;0.0;0.0;0.0
16.11;0;0;0;0;0.0;0.0;0.0
16.12;0;0;0;0;0.0;0.0;0.0
16.13;0;0;0;0;0.0;0.0;0.0
16.14;0;0;0;0;0.0;0.0;0.0
16.15;0;0;0;0;0.0;0.0;0.0
16.16;0;0;0;0;0.0;0.0;0.0
16.17;0;0;0;0;0.0;0.0;0.0
16.18;0;0;0;0;0.0;0.0;0.0
16.19;0;0;0;0;0.0;0.0;0.0
16.2;0;0;0;0;0.0;0.0;0.0
16.21;0;0;0;0;0.0;0.0;0.0
16.22;0;0;0;0;0.0;0.0;0.0
16.23;0;0;0;0;0.0;0.0;0.0
16.24;0;0;0;0;0.0;0.0;0.0
16.25;0;0;0;0;0.0;0.0;0.0
16.26;0;0;0;0;0.0;0.0;0.0
16.27;0;0;0;0;0.0;0.0;0.0
16.28;0;0;0;0;0.0;0.0;0.0
16.29;0;0;0;0;0.0;0.0;0.0
16.3;0;0;0;0;0.0;0.0;0.0
16.31;0;0;0;0;0.0;0.0;0.0
16.32;0;0;0;0;0.0;0.0;0.0
16.33;0;0;0;0;0.0;0.0;0.0
16.34;0;0;0;0;0.0;0.0;0.0
16.35;0;0;0;0;0.0;0.0;0.0
16.36;0;0;0;0;0.0;0.0;0.0
16.37;0;0;0;0;0.0;0.0;0.0
16.38;0;0;0;0;0.0;0.0;0.0
16.39;0;0;0;0;0.0;0.0;0.0
16.4;0;0;0;0;0.0;0.0;0.0
16.41;0;0;0;0;0.0;0.0;0.0
16.42;0;0;0;0;0.0;0.0;0.0
16.43;0;0;0;0;0.0;0.0;0.0
16.44;0;0;0;0;0.0;0.0;0.0
16.45;0;0;0;0;0.0;0.0;0.0
16.46;0;0;0;0;0.0;0.0;0.0
16.47;0;0;0;0;0.0;0.0;0.0
16.48;0;0;0;0;0.0;0.0;0.0
16.49;0;0;0;0;0.0;0.0;0.0
16.5;0;0;0;0;0.0;0.0;0.0
16.51;0;0;0;0;0.0;0.0;0.0
16.52;0;0;0;0;0.0;0.0;0.0
16.53;0;0;0;0;0.0;0.0;0.0
16.54;0;0;0;0;0.0;0.0;0.0
16.55;0;0;0;0;0.0;0.0;0.0
16.56;0;0;0;0;0.0;0.0;0.0
16.57;0;0;0;0;0.0;0.0;0.0
16.58;0;0;0;0;0.0;0.0;0.0
16.59;0;0;0;0;0.0;0.0;0.0
16.6;0;0;0;0;0.0;0.0;0.0
16.61;0;0;0;0;0.0;0.0;0.0
16.62;0;0;0;0;0.0;0.0;0.0
16.63;0;0;0;0;0.0;0.0;0.0
16.64;0;0;0;0;0.0;0.0;0.0
16.65;0;0;0;0;0.0;0.0;0.0
16.66;0;0;0;0;0.0;0.0;0.0
16.67;0;0;0;0;0.0;0.0;0.0
16.68;0;0;0;0;0.0;0.0;0.0
16.69;0;0;0;0;0.0;0.0;0.0
16.7;0;0;0;0;0.0;0.0;0.0
16.71;0;0;0;0;0.0;0.0;0.0
16.72;0;0;0;0;0.0;0.0;0.0
16.73;0;0;0;0;0.0;0.0;0.0
16.74;0;0;0;0;0.0;0.0;0.0
16.75;0;0;0;0;0.0;0.0;0.0
16.76;0;0;0;0;0.0;0.0;0.0
16.77;0;0;0;0;0.0;0.0;0.0
16.78;0;0;0;0;0.0;0.0;0.0
16.79;0;0;0;0;0.0;0.0;0.0
16.8;0;0;0;0;0.0;0.0;0.0
16.81;0;0;0;0;0.0;0.0;0.0
16.82;0;0;0;0;0.0;0.0;0.0
16.83;0;0;0;0;0.0;0.0;0.0
16.84;0;0;0;0;0.0;0.0;0.0
16.85;0;0;0;0;0.0;0.0;0.0
16.86;0;0;0;0;0.0;0.0;0.0
16.87;0;0;0;0;0.0;0.0;0.0
16.88;0;0;0;0;0.0;0.0;0.0
16.89;0;0;0;0;0.0;0.0;0.0
16.9;0;0;0;0;0.0;0.0;0.0
16.91;0;0;0;0;0.0;0.0;0.0
16.92;0;0;0;0;0.0;0.0;0.0
16.93;0;0;0;0;0.0;0.0;0.0
16.94;0;0;0;0;0.0;0.0;0.0
16.95;0;0;0;0;0.0;0.0;0.0
16.96;0;0;0;0;0.0;0.0;0.0
16.97;0;0;0;0;0.0;0.0;0.0
16.98;0;0;0;0;0.0;0.0;0.0
16.99;0;0;0;0;0.0;0.0;0.0
17.0;0;0;0;0;0.0;0.0;0.0
17.01;0;0;0;0;0.0;0.0;0.0
17.02;0;0;0;0;0.0;0.0;0.0
17.03;0;0;0;0;0.0;0.0;0.0
17.04;0;0;0;0;0.0;0.0;0.0
17.05;0;0;0;0;0.0;0.0;0.0
17.06;0;0;0;0;0.0;0.0;0.0
17.07;0;0;0;0;0.0;0.0;0.0
17.08;0;0;0;0;0.0;0.0;0.0
17.09;0;0;0;0;0.0;0.0;0.0
17.1;0;0;0;0;0.0;0.0;0.0
17.11;0;0;0;0;0.0;0.0;0.0
17.12;0;0;0;0;0.0;0.0;0.0
17.13;0;0;0;0;0.0;0.0;0.0
17.14;0;0;0;0;0.0;0.0;0.0
17.15;0;0;0;0;0.0;0.0;0.0
17.16;0;0;0;0;0.0;0.0;0.0
17.17;0;0;0;0;0.0;0.0;0.0
17.18;0;0;0;0;0.0;0.0;0.0
17.19;0;0;0;0;0.0;0.0;0.0
17.2;0;0;0;0;0.0;0.0;0.0
17.21;0;0;0;0;0.0;0.0;0.0
17.22;0;0;0;0;0.0;0.0;0.0
17.23;0;0;0;0;0.0;0.0;0.0
17.24;0;0;0;0;0.0;0.0;0.0
17.25;0;0;0;0;0.0;0.0;0.0
17.26;0;0;0;0;0.0;0.0;0.0
17.27;0;0;0;0;0.0;0.0;0.0
17.28;0;0;0;0;0.0;0.0;0.0
17.29;0;0;0;0;0.0;0.0;0.0
17.3;0;0;0;0;0.0;0.0;0.0
17.31;0;0;0;0;0.0;0.0;0.0
17.32;0;0;0;0;0.0;0.0;0.0
17.33;0;0;0;0;0.0;0.0;0.0
17.34;0;0;0;0;0.0;0.0;0.0
17.35;0;0;0;0;0.0;0.0;0.0
17.36;0;0;0;0;0.0;0.0;0.0
17.37;0;0;0;0;0.0;0.0;0.0
17.38;0;0;0;0;0.0;0.0;0.0
17.39;0;0;0;0;0.0;0.0;0.0
17.4;0;0;0;0;0.0;0.0;0.0
17.41;0;0;0;0;0.0;0.0;0.0
17.42;0;0;0;0;0.0;0.0;0.0
17.43;0;0;0;0;0.0;0.0;0.0
17.44;0;0;0;0;0.0;0.0;0.0
17.45;0;0;0;0;0.0;0.0;0.0
17.46;0;0;0;0;0.0;0.0;0.0
17.47;0;0;0;0;0.0;0.0;0.0
17.48;0;0;0;0;0.0;0.0;0.0
17.49;0;0;0;0;0.0;0.0;0.0
17.5;0;0;0;0;0.0;0.0;0.0
17.51;0;0;0;0;0.0;0.0;0.0
17.52;0;0;0;0;0.0;0.0;0.0
17.53;0;0;0;0;0.0;0.0;0.0
17.54;0;0;0;0;0.0;0.0;0.0
17.55;0;0;0;0;0.0;0.0;0.0
17.56;0;0;0;0;0.0;0.0;0.0
17.57;0;0;0;0;0.0;0.0;0.0
17.58;0;0;0;0;0.0;0.0;0.0
17.59;0;0;0;0;0.0;0.0;0.0
17.6;0;0;0;0;0.0;0.0;0.0
17.61;0;0;0;0;0.0;0.0;0.0
17.62;0;0;0;0;0.0;0.0;0.0
17.63;0;0;0;0;0.0;0.0;0.0
17.64;0;0;0;0;0.0;0.0;0.0
17.65;0;0;0;0;0.0;0.0;0.0
17.66;0;0;0;0;0.0;0.0;0.0
