 Height:  Visitor ;  Weight:  Visitor ;  Age:  -1 ;  Gender:  Visitor; name: random; color: random; situation: random
Temps (s);F1 (N);F2 (N);F3 (N);F4 (N);Fz (kg);ML (cm);AP (cm);Poids (kg);Instant apparition poids (s);Score equilibre;Vitesse de la phase de montee;Surface du stabilogramme;Vitesse de deplacement du centre des pressions;Phase de stabilisation
0.01;0;0;0;0;0.0;0.0;0.0;75.94291539245667;13.0;9;4;0;1;4; 214.79539828163678; 71.17243045788322; 4.264229684422486; 2.4365042664580048
0.02;0;0;0;0;0.0;0.0;0.0
0.03;0;0;0;0;0.0;0.0;0.0
0.04;0;0;0;0;0.0;0.0;0.0
0.05;0;0;0;0;0.0;0.0;0.0
0.06;0;0;0;0;0.0;0.0;0.0
0.07;0;0;0;0;0.0;0.0;0.0
0.08;0;0;0;0;0.0;0.0;0.0
0.09;0;0;0;0;0.0;0.0;0.0
0.1;0;0;0;0;0.0;0.0;0.0
0.11;0;0;0;0;0.0;0.0;0.0
0.12;0;0;0;0;0.0;0.0;0.0
0.13;0;0;0;0;0.0;0.0;0.0
0.14;0;0;0;0;0.0;0.0;0.0
0.15;0;0;0;0;0.0;0.0;0.0
0.16;0;0;0;0;0.0;0.0;0.0
0.17;0;0;0;0;0.0;0.0;0.0
0.18;0;0;0;0;0.0;0.0;0.0
0.19;0;0;0;0;0.0;0.0;0.0
0.2;0;0;0;0;0.0;0.0;0.0
0.21;0;0;0;0;0.0;0.0;0.0
0.22;0;0;0;0;0.0;0.0;0.0
0.23;0;0;0;0;0.0;0.0;0.0
0.24;0;0;0;0;0.0;0.0;0.0
0.25;0;0;0;0;0.0;0.0;0.0
0.26;0;0;0;0;0.0;0.0;0.0
0.27;0;0;0;0;0.0;0.0;0.0
0.28;0;0;0;0;0.0;0.0;0.0
0.29;0;0;0;0;0.0;0.0;0.0
0.3;0;0;0;0;0.0;0.0;0.0
0.31;0;0;0;0;0.0;0.0;0.0
0.32;0;0;0;0;0.0;0.0;0.0
0.33;0;0;0;0;0.0;0.0;0.0
0.34;0;0;0;0;0.0;0.0;0.0
0.35;0;0;0;0;0.0;0.0;0.0
0.36;0;0;0;0;0.0;0.0;0.0
0.37;0;0;0;0;0.0;0.0;0.0
0.38;0;0;0;0;0.0;0.0;0.0
0.39;0;0;0;0;0.0;0.0;0.0
0.4;0;0;0;0;0.0;0.0;0.0
0.41;0;0;0;0;0.0;0.0;0.0
0.42;0;0;0;0;0.0;0.0;0.0
0.43;0;0;0;0;0.0;0.0;0.0
0.44;0;0;0;0;0.0;0.0;0.0
0.45;0;0;0;0;0.0;0.0;0.0
0.46;0;0;0;0;0.0;0.0;0.0
0.47;0;0;0;0;0.0;0.0;0.0
0.48;0;0;0;0;0.0;0.0;0.0
0.49;0;0;0;0;0.0;0.0;0.0
0.5;0;0;0;0;0.0;0.0;0.0
0.51;0;0;0;0;0.0;0.0;0.0
0.52;0;0;0;0;0.0;0.0;0.0
0.53;0;0;0;0;0.0;0.0;0.0
0.54;0;0;0;0;0.0;0.0;0.0
0.55;0;0;0;0;0.0;0.0;0.0
0.56;0;0;0;0;0.0;0.0;0.0
0.57;0;0;0;0;0.0;0.0;0.0
0.58;0;0;0;0;0.0;0.0;0.0
0.59;0;0;0;0;0.0;0.0;0.0
0.6;0;0;0;0;0.0;0.0;0.0
0.61;0;0;0;0;0.0;0.0;0.0
0.62;0;0;0;0;0.0;0.0;0.0
0.63;0;0;0;0;0.0;0.0;0.0
0.64;0;0;0;0;0.0;0.0;0.0
0.65;0;0;0;0;0.0;0.0;0.0
0.66;0;0;0;0;0.0;0.0;0.0
0.67;0;0;0;0;0.0;0.0;0.0
0.68;0;0;0;0;0.0;0.0;0.0
0.69;0;0;0;0;0.0;0.0;0.0
0.7;0;0;0;0;0.0;0.0;0.0
0.71;0;0;0;0;0.0;0.0;0.0
0.72;0;0;0;0;0.0;0.0;0.0
0.73;0;0;0;0;0.0;0.0;0.0
0.74;0;0;0;0;0.0;0.0;0.0
0.75;0;0;0;0;0.0;0.0;0.0
0.76;0;0;0;0;0.0;0.0;0.0
0.77;0;0;0;0;0.0;0.0;0.0
0.78;0;0;0;0;0.0;0.0;0.0
0.79;0;0;0;0;0.0;0.0;0.0
0.8;0;0;0;0;0.0;0.0;0.0
0.81;0;0;0;0;0.0;0.0;0.0
0.82;0;0;0;0;0.0;0.0;0.0
0.83;0;0;0;0;0.0;0.0;0.0
0.84;0;0;0;0;0.0;0.0;0.0
0.85;0;0;0;0;0.0;0.0;0.0
0.86;0;0;0;0;0.0;0.0;0.0
0.87;0;0;0;0;0.0;0.0;0.0
0.88;1;0;0;0;0.1019367991845056;-13.5;13.5
0.89;3;0;1;1;0.509683995922528;-8.1;2.7
0.9;4;0;1;1;0.6116207951070336;-9.0;4.5
0.91;3;0;1;1;0.509683995922528;-8.1;2.7
0.92;4;0;1;1;0.6116207951070336;-9.0;4.5
0.93;5;0;1;1;0.7135575942915392;-9.642858;5.785714
0.94;6;0;1;2;0.9174311926605504;-10.5;4.5
0.95;8;0;2;2;1.2232415902140672;-9.0;4.5
0.96;10;0;2;3;1.529051987767584;-9.9;4.5
0.97;12;0;2;4;1.8348623853211008;-10.5;4.5
0.98;15;0;3;5;2.344546381243629;-9.978261;4.1086955
0.99;19;0;4;6;2.9561671763506623;-9.775862;4.1896553
1.0;23;0;5;9;3.771661569826707;-9.851352;3.2837837
1.01;28;0;7;13;4.892966360856269;-9.5625;2.25
1.02;33;0;9;20;6.320081549439347;-9.580646;0.87096775
1.03;39;0;12;30;8.256880733944953;-9.5;-0.5
1.04;45;0;17;44;10.805300713557594;-9.169811;-2.037736
1.05;49;0;21;56;12.844036697247706;-9.0;-3.0
1.06;51;0;24;63;14.067278287461773;-8.804348;-3.5217392
1.07;52;0;24;63;14.169215086646279;-8.838129;-3.3992805
1.08;53;0;24;62;14.169215086646279;-8.838129;-3.205036
1.09;54;0;24;62;14.271151885830784;-8.8714285;-3.0857143
1.1;56;0;25;64;14.780835881753312;-8.844828;-3.0724137
1.11;60;0;26;68;15.698267074413863;-8.941559;-2.9805195
1.12;63;0;29;75;17.023445463812436;-8.811378;-3.3143713
1.13;68;0;32;84;18.75637104994903;-8.804348;-3.5217392
1.14;73;0;37;96;20.998980632008156;-8.650485;-3.9320388
1.15;78;0;43;111;23.6493374108053;-8.495689;-4.422414
1.16;82;0;48;126;26.095820591233434;-8.4375;-4.8515625
1.17;87;0;53;140;28.54230377166157;-8.389286;-5.1107144
1.18;92;0;58;153;30.886850152905197;-8.331683;-5.30198
1.19;97;0;63;167;33.33333333333333;-8.298165;-5.4908257
1.2;103;0;69;183;36.18756371049949;-8.252112;-5.6661973
1.21;109;0;75;201;39.24566768603466;-8.24026;-5.855844
1.22;116;0;81;221;42.60958205912334;-8.267942;-6.007177
1.23;122;0;87;241;45.87155963302752;-8.28;-6.18
1.24;129;0;93;260;49.1335372069317;-8.290457;-6.273859
1.25;135;0;99;277;52.08970438328236;-8.26908;-6.3669276
1.26;141;0;104;293;54.84199796126401;-8.280669;-6.423792
1.27;149;0;109;309;57.798165137614674;-8.309524;-6.404762
1.28;157;0;114;324;60.652395514780835;-8.326891;-6.3756304
1.29;166;0;120;338;63.608562691131496;-8.307693;-6.3173075
1.3;175;0;125;349;66.15698267074414;-8.299692;-6.2195687
1.31;184;0;129;358;68.39959225280326;-8.30924;-6.096125
1.32;192;0;133;365;70.33639143730886;-8.295652;-5.9869566
1.33;199;0;137;372;72.17125382262996;-8.275424;-5.911017
1.34;206;0;140;377;73.70030581039755;-8.271784;-5.807054
1.35;211;0;143;381;74.92354740061161;-8.246939;-5.7489796
1.36;216;0;145;384;75.94291539245667;-8.2449665;-5.671812
1.37;219;0;146;384;76.3506625891947;-8.236982;-5.605474
1.38;221;0;146;383;76.4525993883792;-8.244;-5.544
1.39;221;0;146;380;76.14678899082568;-8.222892;-5.5120482
1.4;221;0;144;376;75.53516819571865;-8.2530365;-5.4473686
1.41;219;0;143;372;74.82161060142711;-8.239782;-5.444142
1.42;217;0;141;367;73.90417940876657;-8.248965;-5.4186206
1.43;216;0;139;361;72.98674821610601;-8.25838;-5.3547487
1.44;214;0;137;355;71.96738022426095;-8.260623;-5.315864
1.45;212;0;135;350;71.0499490316004;-8.270445;-5.2876616
1.46;211;0;134;347;70.54026503567788;-8.271676;-5.267341
1.47;210;0;134;345;70.23445463812436;-8.248912;-5.2706823
1.48;209;0;133;344;69.92864424057085;-8.265306;-5.2740526
1.49;209;0;133;344;69.92864424057085;-8.265306;-5.2740526
1.5;209;0;132;343;69.72477064220183;-8.289474;-5.25
1.51;208;0;131;343;69.52089704383282;-8.313783;-5.265396
1.52;208;0;131;343;69.52089704383282;-8.313783;-5.265396
1.53;208;0;130;342;69.3170234454638;-8.338235;-5.2411766
1.54;208;0;130;341;69.2150866462793;-8.330633;-5.2290134
1.55;209;0;130;341;69.3170234454638;-8.338235;-5.2014704
1.56;209;0;130;341;69.3170234454638;-8.338235;-5.2014704
1.57;210;0;130;342;69.52089704383282;-8.353373;-5.186217
1.58;211;0;130;343;69.72477064220183;-8.368421;-5.1710525
1.59;211;0;131;346;70.13251783893985;-8.359012;-5.2194767
1.6;211;0;132;349;70.54026503567788;-8.349711;-5.267341
1.61;212;0;133;352;71.0499490316004;-8.347919;-5.2876616
1.62;212;0;134;357;71.66156982670744;-8.353485;-5.3577523
1.63;212;0;136;363;72.47706422018348;-8.3354435;-5.449367
1.64;212;0;137;369;73.19062181447502;-8.348189;-5.527855
1.65;213;0;139;375;74.10805300713557;-8.337689;-5.5894084
1.66;213;0;140;380;74.71967380224261;-8.34311;-5.654161
1.67;213;0;141;383;75.12742099898063;-8.334464;-5.6967435
1.68;214;0;142;386;75.63710499490315;-8.332884;-5.712938
1.69;214;0;142;389;75.94291539245667;-8.353691;-5.744295
1.7;214;0;143;391;76.24872579001018;-8.338235;-5.775401
1.71;215;0;143;392;76.4525993883792;-8.352;-5.76
1.72;216;0;143;393;76.65647298674821;-8.365691;-5.744681
1.73;216;0;143;393;76.65647298674821;-8.365691;-5.744681
1.74;217;0;143;394;76.86034658511723;-8.379311;-5.729443
1.75;217;0;142;395;76.86034658511723;-8.415119;-5.729443
1.76;217;0;141;395;76.75840978593271;-8.444223;-5.7191234
1.77;217;0;140;395;76.65647298674821;-8.473404;-5.7087765
1.78;217;0;140;393;76.4525993883792;-8.46;-5.688
1.79;221;0;144;387;76.65647298674821;-8.329787;-5.56516
1.8;226;0;148;382;77.06422018348623;-8.214286;-5.428571
1.81;224;0;145;381;76.4525993883792;-8.28;-5.436
1.82;225;0;145;376;76.04485219164118;-8.25201;-5.3565683
1.83;227;0;146;370;75.73904179408767;-8.194482;-5.2510095
1.84;228;0;147;364;75.33129459734964;-8.129229;-5.169824
1.85;230;0;150;358;75.22935779816514;-8.012196;-5.085366
1.86;231;0;154;351;75.02548419979613;-7.8505435;-5.025815
1.87;233;0;160;344;75.12742099898063;-7.638399;-4.9640436
1.88;235;1;168;339;75.73904179408767;-7.358681;-4.923957
1.89;236;4;178;335;76.75840978593271;-6.9741035;-4.8944225
1.9;236;8;188;332;77.87971457696229;-6.5732985;-4.876963
1.91;234;12;197;328;78.59327217125382;-6.180934;-4.885214
1.92;232;15;202;322;78.59327217125382;-5.9007783;-4.8501945
1.93;230;17;203;314;77.87971457696229;-5.725131;-4.770942
1.94;227;18;203;305;76.75840978593271;-5.5756974;-4.7151394
1.95;224;20;202;296;75.63710499490315;-5.421833;-4.621294
1.96;221;22;203;288;74.82161060142711;-5.223433;-4.561308
1.97;219;24;204;280;74.10805300713557;-5.032325;-4.4752407
1.98;217;26;205;274;73.59836901121304;-4.861496;-4.4127426
1.99;215;29;208;268;73.39449541284404;-4.6125;-4.35
2.0;213;31;211;264;73.29255861365952;-4.4123783;-4.337274
2.01;211;33;215;260;73.29255861365952;-4.1870656;-4.337274
2.02;210;35;219;257;73.49643221202854;-3.988211;-4.3252425
2.03;208;37;224;254;73.70030581039755;-3.753112;-4.350622
2.04;207;40;230;251;74.20998980632008;-3.4862638;-4.339286
2.05;205;42;238;249;74.82161060142711;-3.2002726;-4.414169
2.06;204;45;245;246;75.43323139653414;-2.9189188;-4.414865
2.07;202;48;253;243;76.04485219164118;-2.6058981;-4.4517426
2.08;201;51;260;237;76.3506625891947;-2.289052;-4.415888
2.09;199;53;267;231;76.4525993883792;-1.98;-4.428
2.1;196;55;272;224;76.14678899082568;-1.6807228;-4.427711
2.11;194;57;277;217;75.94291539245667;-1.395302;-4.4033556
2.12;191;58;282;210;75.53516819571865;-1.111336;-4.4271255
2.13;187;59;288;203;75.12742099898063;-0.7876527;-4.487788
2.14;184;60;294;197;74.92354740061161;-0.49591836;-4.5367346
2.15;180;62;301;191;74.82161060142711;-0.14713897;-4.5980926
2.16;177;63;309;187;75.02548419979613;0.14673913;-4.695652
2.17;174;65;317;183;75.33129459734964;0.45669824;-4.7679296
2.18;172;66;326;179;75.73904179408767;0.7449529;-4.851279
2.19;168;67;334;176;75.94291539245667;1.0328859;-4.9832215
2.2;165;69;341;172;76.14678899082568;1.3192772;-5.0421686
2.21;162;70;348;168;76.24872579001018;1.5882353;-5.1256685
2.22;159;71;355;163;76.24872579001018;1.8770053;-5.197861
2.23;156;73;360;158;76.14678899082568;2.1506023;-5.2228913
2.24;154;74;365;154;76.14678899082568;2.3674698;-5.259036
2.25;151;75;369;149;75.84097859327217;2.612903;-5.298387
2.26;150;76;372;146;75.84097859327217;2.7580645;-5.298387
2.27;148;77;376;143;75.84097859327217;2.939516;-5.334677
2.28;147;78;380;140;75.94291539245667;3.0986576;-5.345638
2.29;145;79;383;137;75.84097859327217;3.266129;-5.370968
2.3;144;80;386;135;75.94291539245667;3.3885906;-5.3818793
2.31;143;81;389;132;75.94291539245667;3.533557;-5.3818793
2.32;141;82;391;130;75.84097859327217;3.6653225;-5.407258
2.33;140;84;393;127;75.84097859327217;3.810484;-5.370968
2.34;139;85;395;124;75.73904179408767;3.9427996;-5.360027
2.35;138;87;397;121;75.73904179408767;4.088156;-5.3236876
2.36;138;88;399;118;75.73904179408767;4.1971736;-5.2873487
2.37;137;90;400;115;75.63710499490315;4.3301888;-5.239892
2.38;137;91;401;112;75.53516819571865;4.4271255;-5.1923075
2.39;137;92;401;109;75.33129459734964;4.5121784;-5.1332884
2.4;138;94;401;107;75.43323139653414;4.560811;-5.0351353
2.41;138;95;401;105;75.33129459734964;4.621786;-4.987145
2.42;138;97;402;103;75.43323139653414;4.7067566;-4.925676
2.43;139;99;402;101;75.53516819571865;4.7550607;-4.827935
2.44;140;101;403;99;75.73904179408767;4.8149395;-4.742261
2.45;140;102;403;98;75.73904179408767;4.851279;-4.705922
2.46;141;104;403;96;75.84097859327217;4.899194;-4.608871
2.47;141;106;402;94;75.73904179408767;4.960296;-4.524226
2.48;141;108;402;93;75.84097859327217;5.0080647;-4.46371
2.49;142;110;401;91;75.84097859327217;5.044355;-4.354839
2.5;142;111;401;89;75.73904179408767;5.105653;-4.306191
2.51;142;113;400;88;75.73904179408767;5.141992;-4.233513
2.52;143;115;399;86;75.73904179408767;5.178331;-4.1244955
2.53;143;118;398;85;75.84097859327217;5.225806;-4.028226
2.54;144;120;397;83;75.84097859327217;5.262097;-3.919355
2.55;144;122;396;81;75.73904179408767;5.3236876;-3.833782
2.56;145;124;394;80;75.73904179408767;5.3236876;-3.7247646
2.57;146;126;393;78;75.73904179408767;5.360027;-3.615747
2.58;146;129;392;77;75.84097859327217;5.407258;-3.5201614
2.59;147;131;390;75;75.73904179408767;5.4327054;-3.397712
2.6;148;134;389;73;75.84097859327217;5.479839;-3.266129
2.61;149;136;387;72;75.84097859327217;5.479839;-3.157258
2.62;150;139;385;70;75.84097859327217;5.516129;-3.012097
2.63;150;141;384;69;75.84097859327217;5.552419;-2.939516
2.64;151;143;382;67;75.73904179408767;5.578062;-2.8162854
2.65;152;146;381;66;75.94291539245667;5.599329;-2.7
2.66;153;148;379;64;75.84097859327217;5.625;-2.576613
2.67;154;151;377;63;75.94291539245667;5.6355705;-2.4463086
2.68;155;153;376;62;76.04485219164118;5.6461124;-2.352547
2.69;155;155;374;61;75.94291539245667;5.671812;-2.2651007
2.7;156;157;372;59;75.84097859327217;5.697581;-2.141129
2.71;157;159;371;58;75.94291539245667;5.7080536;-2.047651
2.72;157;160;370;57;75.84097859327217;5.733871;-1.9959677
2.73;158;162;369;56;75.94291539245667;5.744295;-1.9026846
2.74;158;163;368;55;75.84097859327217;5.770161;-1.8508065
2.75;158;164;367;55;75.84097859327217;5.770161;-1.8145162
2.76;159;165;366;54;75.84097859327217;5.770161;-1.7419355
2.77;159;166;366;53;75.84097859327217;5.806452;-1.7056452
2.78;160;168;365;52;75.94291539245667;5.8167787;-1.6127517
2.79;160;169;364;51;75.84097859327217;5.842742;-1.5604838
2.8;160;170;363;51;75.84097859327217;5.842742;-1.5241935
2.81;161;172;362;50;75.94291539245667;5.85302;-1.4315436
2.82;161;173;361;49;75.84097859327217;5.879032;-1.3790323
2.83;162;174;361;48;75.94291539245667;5.8892617;-1.3228188
2.84;162;175;360;47;75.84097859327217;5.915323;-1.2701613
2.85;162;176;359;47;75.84097859327217;5.915323;-1.233871
2.86;163;177;358;46;75.84097859327217;5.915323;-1.1612903
2.87;163;178;357;46;75.84097859327217;5.915323;-1.125
2.88;164;180;356;45;75.94291539245667;5.9255033;-1.0328859
2.89;165;181;354;45;75.94291539245667;5.8892617;-0.96040267
2.9;166;182;352;45;75.94291539245667;5.85302;-0.8879195
2.91;166;184;350;44;75.84097859327217;5.879032;-0.7983871
2.92;167;185;348;44;75.84097859327217;5.842742;-0.7258065
2.93;168;185;346;44;75.73904179408767;5.796097;-0.6722746
2.94;169;186;344;44;75.73904179408767;5.7597575;-0.5995962
2.95;170;187;343;44;75.84097859327217;5.733871;-0.54435486
2.96;172;187;341;44;75.84097859327217;5.66129;-0.4717742
2.97;173;188;340;44;75.94291539245667;5.6355705;-0.41677853
2.98;174;188;338;45;75.94291539245667;5.5630875;-0.3805369
2.99;176;189;337;45;76.14678899082568;5.5120482;-0.30722892
3.0;177;189;335;45;76.04485219164118;5.4651475;-0.2533512
3.01;178;189;333;45;75.94291539245667;5.418121;-0.19932885
3.02;180;189;331;46;76.04485219164118;5.3203754;-0.14477211
3.03;181;189;330;46;76.04485219164118;5.284182;-0.10857909
3.04;182;189;328;46;75.94291539245667;5.2369127;-0.054362416
3.05;184;189;327;46;76.04485219164118;5.1756034;0.0
3.06;185;189;325;46;75.94291539245667;5.128188;0.054362416
3.07;186;189;324;46;75.94291539245667;5.091946;0.09060403
3.08;187;189;322;47;75.94291539245667;5.019463;0.12684564
3.09;188;189;321;47;75.94291539245667;4.9832215;0.16308725
3.1;189;189;319;47;75.84097859327217;4.935484;0.21774194
3.11;190;189;317;47;75.73904179408767;4.8876176;0.27254373
3.12;191;189;316;48;75.84097859327217;4.826613;0.29032257
3.13;192;189;314;48;75.73904179408767;4.7786;0.3452221
3.14;192;189;313;48;75.63710499490315;4.766846;0.3638814
3.15;193;189;312;48;75.63710499490315;4.7304583;0.40026954
3.16;194;188;311;49;75.63710499490315;4.657682;0.40026954
3.17;195;188;310;49;75.63710499490315;4.621294;0.43665767
3.18;195;188;310;50;75.73904179408767;4.5969043;0.4179004
3.19;196;187;309;50;75.63710499490315;4.5485177;0.43665767
3.2;196;187;309;51;75.73904179408767;4.524226;0.4179004
3.21;197;186;308;51;75.63710499490315;4.4757414;0.43665767
3.22;197;186;308;51;75.63710499490315;4.4757414;0.43665767
3.23;197;185;307;52;75.53516819571865;4.4271255;0.41902834
3.24;197;184;307;52;75.43323139653414;4.414865;0.40135136
3.25;197;183;306;52;75.22935779816514;4.390244;0.40243903
3.26;197;183;306;53;75.33129459734964;4.366035;0.38362652
3.27;197;182;306;53;75.22935779816514;4.3536587;0.36585367
3.28;197;182;306;54;75.33129459734964;4.3294992;0.34709066
3.29;197;181;306;55;75.33129459734964;4.2929635;0.3105548
3.3;197;181;307;56;75.53516819571865;4.2813764;0.27327934
3.31;197;180;307;57;75.53516819571865;4.2449393;0.23684211
3.32;197;180;308;58;75.73904179408767;4.233513;0.19986542
3.33;198;180;308;59;75.94291539245667;4.185906;0.19932885
3.34;198;180;308;60;76.04485219164118;4.1621985;0.18096514
3.35;198;179;308;61;76.04485219164118;4.126005;0.14477211
3.36;198;179;308;61;76.04485219164118;4.126005;0.14477211
3.37;198;179;308;62;76.14678899082568;4.10241;0.12650603
3.38;199;179;308;62;76.24872579001018;4.078877;0.14438502
3.39;199;179;307;63;76.24872579001018;4.042781;0.14438502
3.4;199;179;306;63;76.14678899082568;4.0301204;0.1626506
3.41;199;179;305;63;76.04485219164118;4.0174265;0.18096514
3.42;199;179;305;63;76.04485219164118;4.0174265;0.18096514
3.43;200;178;304;64;76.04485219164118;3.9450402;0.18096514
3.44;200;178;302;64;75.84097859327217;3.919355;0.21774194
3.45;200;178;301;64;75.73904179408767;3.9064603;0.23620458
3.46;201;178;300;64;75.73904179408767;3.8701212;0.27254373
3.47;201;178;300;65;75.84097859327217;3.846774;0.25403225
3.48;201;177;299;65;75.63710499490315;3.8207548;0.254717
3.49;201;177;299;66;75.73904179408767;3.797443;0.23620458
3.5;202;177;299;67;75.94291539245667;3.7510066;0.23557048
3.51;202;176;299;68;75.94291539245667;3.714765;0.19932885
3.52;203;176;299;69;76.14678899082568;3.6686747;0.19879518
3.53;203;175;299;70;76.14678899082568;3.6325302;0.1626506
3.54;203;174;298;71;76.04485219164118;3.5831099;0.14477211
3.55;203;174;298;71;76.04485219164118;3.5831099;0.14477211
3.56;203;173;298;72;76.04485219164118;3.546917;0.10857909
3.57;203;172;297;72;75.84097859327217;3.5201614;0.10887097
3.58;203;171;297;73;75.84097859327217;3.483871;0.07258064
3.59;203;170;297;73;75.73904179408767;3.4703903;0.05450875
3.6;203;169;296;74;75.63710499490315;3.4204853;0.03638814
3.61;203;168;296;74;75.53516819571865;3.4068825;0.018218623
3.62;203;167;295;75;75.43323139653414;3.3567567;0.0
3.63;203;166;295;76;75.43323139653414;3.3202703;-0.036486488
3.64;203;165;295;77;75.43323139653414;3.2837837;-0.072972976
3.65;203;164;296;77;75.43323139653414;3.2837837;-0.10945946
3.66;203;163;297;78;75.53516819571865;3.2611337;-0.16396761
3.67;203;162;297;79;75.53516819571865;3.2246964;-0.20040485
3.68;203;161;298;80;75.63710499490315;3.2021563;-0.254717
3.69;203;160;299;81;75.73904179408767;3.179677;-0.30888292
3.7;203;159;299;82;75.73904179408767;3.1433377;-0.3452221
3.71;203;157;300;83;75.73904179408767;3.1069987;-0.4179004
3.72;203;156;300;84;75.73904179408767;3.0706594;-0.45423958
3.73;203;155;301;84;75.73904179408767;3.0706594;-0.49057874
3.74;203;154;302;85;75.84097859327217;3.048387;-0.54435486
3.75;203;153;302;86;75.84097859327217;3.012097;-0.58064514
3.76;203;151;303;86;75.73904179408767;2.997981;-0.6359354
3.77;203;150;304;87;75.84097859327217;2.9758065;-0.6895161
3.78;203;149;304;88;75.84097859327217;2.939516;-0.7258065
3.79;202;147;305;89;75.73904179408767;2.9253027;-0.81763124
3.8;202;146;306;89;75.73904179408767;2.9253027;-0.8539704
3.81;202;145;307;90;75.84097859327217;2.903226;-0.9072581
3.82;202;144;308;91;75.94291539245667;2.881208;-0.96040267
3.83;201;142;309;91;75.73904179408767;2.8889637;-1.0356662
3.84;201;141;309;92;75.73904179408767;2.8526244;-1.0720054
3.85;201;140;310;92;75.73904179408767;2.8526244;-1.1083446
3.86;201;139;311;93;75.84097859327217;2.830645;-1.1612903
3.87;201;138;311;93;75.73904179408767;2.8162854;-1.1810229
3.88;200;137;311;93;75.53516819571865;2.8238866;-1.2206478
3.89;200;136;312;93;75.53516819571865;2.8238866;-1.257085
3.9;200;135;311;93;75.33129459734964;2.7949932;-1.2604872
3.91;200;134;311;93;75.22935779816514;2.7804878;-1.2804878
3.92;200;133;311;93;75.12742099898063;2.765943;-1.3005427
3.93;200;132;311;94;75.12742099898063;2.729308;-1.3371778
3.94;200;131;311;94;75.02548419979613;2.714674;-1.357337
3.95;200;131;312;94;75.12742099898063;2.729308;-1.3738128
3.96;200;130;312;94;75.02548419979613;2.714674;-1.3940217
3.97;200;130;312;95;75.12742099898063;2.692673;-1.4104477
3.98;201;129;312;95;75.12742099898063;2.656038;-1.4104477
3.99;201;129;312;96;75.22935779816514;2.6341465;-1.4268292
4.0;201;129;313;96;75.33129459734964;2.6488497;-1.4431665
4.01;202;129;313;97;75.53516819571865;2.6052632;-1.4392712
4.02;202;128;314;98;75.63710499490315;2.5835578;-1.4919138
4.03;202;128;314;98;75.63710499490315;2.5835578;-1.4919138
4.04;202;128;315;98;75.73904179408767;2.5982504;-1.5080754
4.05;202;127;315;99;75.73904179408767;2.561911;-1.5444145
4.06;202;127;316;99;75.84097859327217;2.576613;-1.5604838
4.07;202;127;316;100;75.94291539245667;2.5550334;-1.5765101
4.08;202;126;317;100;75.94291539245667;2.5550334;-1.6127517
4.09;202;126;318;101;76.14678899082568;2.5481927;-1.6445783
4.1;201;125;319;102;76.14678899082568;2.5481927;-1.7168674
4.11;201;124;319;102;76.04485219164118;2.533512;-1.7372655
4.12;201;124;320;103;76.24872579001018;2.526738;-1.7687166
4.13;200;123;320;104;76.14678899082568;2.5120482;-1.8253012
4.14;200;122;320;104;76.04485219164118;2.497319;-1.8458445
4.15;199;121;321;105;76.04485219164118;2.497319;-1.9182305
4.16;199;120;322;106;76.14678899082568;2.4759035;-1.9698795
4.17;198;119;323;107;76.14678899082568;2.4759035;-2.0421686
4.18;198;118;323;108;76.14678899082568;2.439759;-2.0783134
4.19;197;117;324;109;76.14678899082568;2.439759;-2.1506023
4.2;196;116;324;110;76.04485219164118;2.424933;-2.2077749
4.21;196;115;325;111;76.14678899082568;2.4036145;-2.259036
4.22;195;115;326;112;76.24872579001018;2.4184492;-2.3101604
4.23;195;114;326;113;76.24872579001018;2.3823528;-2.3462567
4.24;194;113;327;114;76.24872579001018;2.3823528;-2.4184492
4.25;193;112;327;115;76.14678899082568;2.3674698;-2.4759035
4.26;193;111;328;116;76.24872579001018;2.3462567;-2.526738
4.27;192;110;328;117;76.14678899082568;2.3313253;-2.5843372
4.28;191;109;328;117;75.94291539245667;2.3375838;-2.6275167
4.29;191;109;328;118;76.04485219164118;2.3163538;-2.642091
4.3;190;108;329;119;76.04485219164118;2.3163538;-2.7144773
4.31;190;107;329;119;75.94291539245667;2.3013422;-2.7362416
4.32;189;106;329;120;75.84097859327217;2.2862904;-2.794355
4.33;188;105;330;120;75.73904179408767;2.307537;-2.8526244
4.34;188;105;330;121;75.84097859327217;2.2862904;-2.8669355
4.35;187;104;330;121;75.63710499490315;2.2924528;-2.9110513
4.36;187;103;330;122;75.63710499490315;2.2560647;-2.9474394
4.37;186;103;331;122;75.63710499490315;2.2924528;-2.9838276
4.38;186;102;331;123;75.63710499490315;2.2560647;-3.0202157
4.39;185;102;332;124;75.73904179408767;2.2711978;-3.0706594
4.4;185;102;332;124;75.73904179408767;2.2711978;-3.0706594
4.41;184;101;332;125;75.63710499490315;2.2560647;-3.12938
4.42;184;101;333;125;75.73904179408767;2.2711978;-3.1433377
4.43;184;100;333;126;75.73904179408767;2.2348588;-3.179677
4.44;183;100;333;126;75.63710499490315;2.2560647;-3.2021563
4.45;183;100;333;126;75.63710499490315;2.2560647;-3.2021563
4.46;183;100;334;126;75.73904179408767;2.2711978;-3.216016
4.47;183;100;334;126;75.73904179408767;2.2711978;-3.216016
4.48;183;99;334;127;75.73904179408767;2.2348588;-3.2523553
4.49;183;99;335;127;75.84097859327217;2.25;-3.266129
4.5;183;99;335;127;75.84097859327217;2.25;-3.266129
4.51;182;99;335;127;75.73904179408767;2.2711978;-3.2886944
4.52;182;99;335;127;75.73904179408767;2.2711978;-3.2886944
4.53;182;98;335;128;75.73904179408767;2.2348588;-3.3250337
4.54;182;98;335;128;75.73904179408767;2.2348588;-3.3250337
4.55;182;98;335;128;75.73904179408767;2.2348588;-3.3250337
4.56;182;98;335;129;75.84097859327217;2.2137096;-3.3387096
4.57;182;98;335;129;75.84097859327217;2.2137096;-3.3387096
4.58;182;98;335;129;75.84097859327217;2.2137096;-3.3387096
4.59;182;98;335;129;75.84097859327217;2.2137096;-3.3387096
4.6;182;97;335;129;75.73904179408767;2.1985195;-3.3613727
4.61;182;97;335;129;75.73904179408767;2.1985195;-3.3613727
4.62;182;97;335;130;75.84097859327217;2.1774194;-3.375
4.63;182;97;335;130;75.84097859327217;2.1774194;-3.375
4.64;182;97;335;130;75.84097859327217;2.1774194;-3.375
4.65;182;97;335;130;75.84097859327217;2.1774194;-3.375
4.66;182;97;335;130;75.84097859327217;2.1774194;-3.375
4.67;182;97;335;130;75.84097859327217;2.1774194;-3.375
4.68;182;97;335;130;75.84097859327217;2.1774194;-3.375
4.69;182;96;335;130;75.73904179408767;2.1621804;-3.397712
4.7;181;96;335;130;75.63710499490315;2.1832883;-3.4204853
4.71;181;96;335;130;75.63710499490315;2.1832883;-3.4204853
4.72;181;96;335;130;75.63710499490315;2.1832883;-3.4204853
4.73;181;96;335;130;75.63710499490315;2.1832883;-3.4204853
4.74;181;96;334;130;75.53516819571865;2.1680162;-3.4068825
4.75;181;96;334;130;75.53516819571865;2.1680162;-3.4068825
4.76;181;96;335;130;75.63710499490315;2.1832883;-3.4204853
4.77;181;96;335;130;75.63710499490315;2.1832883;-3.4204853
4.78;180;96;335;130;75.53516819571865;2.2044535;-3.4433198
4.79;180;96;335;130;75.53516819571865;2.2044535;-3.4433198
4.8;180;96;335;130;75.53516819571865;2.2044535;-3.4433198
4.81;180;96;335;130;75.53516819571865;2.2044535;-3.4433198
4.82;180;96;336;130;75.63710499490315;2.2196765;-3.4568734
4.83;181;96;336;130;75.73904179408767;2.1985195;-3.434051
4.84;181;97;336;130;75.84097859327217;2.2137096;-3.4112904
4.85;181;97;336;130;75.84097859327217;2.2137096;-3.4112904
4.86;181;98;336;130;75.94291539245667;2.228859;-3.3885906
4.87;181;98;336;129;75.84097859327217;2.25;-3.375
4.88;181;99;336;129;75.94291539245667;2.2651007;-3.352349
4.89;181;99;335;129;75.84097859327217;2.25;-3.3387096
4.9;181;99;335;128;75.73904179408767;2.2711978;-3.3250337
4.91;182;100;335;128;75.94291539245667;2.2651007;-3.2798657
4.92;182;100;335;128;75.94291539245667;2.2651007;-3.2798657
4.93;182;100;335;127;75.84097859327217;2.2862904;-3.266129
4.94;182;100;335;127;75.84097859327217;2.2862904;-3.266129
4.95;182;101;335;126;75.84097859327217;2.3225806;-3.2298386
4.96;182;101;335;126;75.84097859327217;2.3225806;-3.2298386
4.97;182;101;335;125;75.73904179408767;2.3438761;-3.216016
4.98;182;101;335;125;75.73904179408767;2.3438761;-3.216016
4.99;183;102;336;124;75.94291539245667;2.3738256;-3.171141
5.0;183;102;336;123;75.84097859327217;2.3951614;-3.157258
5.01;183;102;336;123;75.84097859327217;2.3951614;-3.157258
5.02;183;103;336;122;75.84097859327217;2.4314516;-3.1209676
5.03;183;103;336;122;75.84097859327217;2.4314516;-3.1209676
5.04;183;103;336;121;75.73904179408767;2.4528937;-3.1069987
5.05;183;104;336;120;75.73904179408767;2.4892328;-3.0706594
5.06;183;104;336;120;75.73904179408767;2.4892328;-3.0706594
5.07;183;104;336;120;75.73904179408767;2.4892328;-3.0706594
5.08;183;104;336;120;75.73904179408767;2.4892328;-3.0706594
5.09;183;104;337;119;75.73904179408767;2.525572;-3.0706594
5.1;183;104;337;119;75.73904179408767;2.525572;-3.0706594
5.11;183;104;337;119;75.73904179408767;2.525572;-3.0706594
5.12;183;104;338;119;75.84097859327217;2.5403225;-3.0846775
5.13;183;103;338;118;75.63710499490315;2.54717;-3.0929918
5.14;183;103;339;118;75.73904179408767;2.561911;-3.1069987
5.15;183;103;339;118;75.73904179408767;2.561911;-3.1069987
5.16;183;103;340;118;75.84097859327217;2.576613;-3.1209676
5.17;183;102;340;118;75.73904179408767;2.561911;-3.1433377
5.18;183;102;340;118;75.73904179408767;2.561911;-3.1433377
5.19;182;102;341;118;75.73904179408767;2.5982504;-3.179677
5.2;182;101;341;118;75.63710499490315;2.5835578;-3.2021563
5.21;182;101;341;118;75.63710499490315;2.5835578;-3.2021563
5.22;181;101;342;118;75.63710499490315;2.619946;-3.2385445
5.23;181;101;342;119;75.73904179408767;2.5982504;-3.2523553
5.24;181;100;343;119;75.73904179408767;2.5982504;-3.2886944
5.25;180;100;343;119;75.63710499490315;2.619946;-3.3113208
5.26;180;100;344;119;75.73904179408767;2.6345894;-3.3250337
5.27;180;100;344;120;75.84097859327217;2.612903;-3.3387096
5.28;179;99;344;120;75.63710499490315;2.619946;-3.384097
5.29;179;99;345;120;75.73904179408767;2.6345894;-3.397712
5.3;179;99;345;120;75.73904179408767;2.6345894;-3.397712
5.31;178;99;345;120;75.63710499490315;2.6563342;-3.4204853
5.32;178;99;345;120;75.63710499490315;2.6563342;-3.4204853
5.33;178;98;345;120;75.53516819571865;2.6417005;-3.4433198
5.34;178;98;345;121;75.63710499490315;2.619946;-3.4568734
5.35;177;98;345;121;75.53516819571865;2.6417005;-3.479757
5.36;177;98;345;121;75.53516819571865;2.6417005;-3.479757
5.37;177;98;346;121;75.63710499490315;2.6563342;-3.4932613
5.38;177;98;346;121;75.63710499490315;2.6563342;-3.4932613
5.39;177;98;346;121;75.63710499490315;2.6563342;-3.4932613
5.4;177;98;346;121;75.63710499490315;2.6563342;-3.4932613
5.41;177;98;346;121;75.63710499490315;2.6563342;-3.4932613
5.42;177;98;346;122;75.73904179408767;2.6345894;-3.5067294
5.43;177;98;346;122;75.73904179408767;2.6345894;-3.5067294
5.44;177;98;346;122;75.73904179408767;2.6345894;-3.5067294
5.45;177;97;347;122;75.73904179408767;2.6345894;-3.5430686
5.46;176;97;347;123;75.73904179408767;2.6345894;-3.5794077
5.47;176;97;347;123;75.73904179408767;2.6345894;-3.5794077
5.48;176;97;347;123;75.73904179408767;2.6345894;-3.5794077
5.49;176;97;347;123;75.73904179408767;2.6345894;-3.5794077
5.5;176;97;347;124;75.84097859327217;2.612903;-3.592742
5.51;176;97;347;124;75.84097859327217;2.612903;-3.592742
5.52;176;96;347;124;75.73904179408767;2.5982504;-3.615747
5.53;176;96;347;124;75.73904179408767;2.5982504;-3.615747
5.54;176;96;347;124;75.73904179408767;2.5982504;-3.615747
5.55;176;96;347;124;75.73904179408767;2.5982504;-3.615747
5.56;176;95;347;124;75.63710499490315;2.5835578;-3.638814
5.57;176;95;347;124;75.63710499490315;2.5835578;-3.638814
5.58;175;95;347;124;75.53516819571865;2.6052632;-3.6619434
5.59;175;94;347;125;75.53516819571865;2.568826;-3.6983805
5.6;174;94;348;125;75.53516819571865;2.6052632;-3.7348177
5.61;173;93;348;126;75.43323139653414;2.5905406;-3.7945945
5.62;173;93;349;127;75.63710499490315;2.5835578;-3.8207548
5.63;173;93;349;127;75.63710499490315;2.5835578;-3.8207548
5.64;173;93;349;128;75.73904179408767;2.561911;-3.833782
5.65;173;93;349;128;75.73904179408767;2.561911;-3.833782
5.66;173;93;349;128;75.73904179408767;2.561911;-3.833782
5.67;174;93;349;128;75.84097859327217;2.5403225;-3.810484
5.68;174;92;349;129;75.84097859327217;2.5040324;-3.846774
5.69;174;92;349;129;75.84097859327217;2.5040324;-3.846774
5.7;174;92;348;129;75.73904179408767;2.4892328;-3.833782
5.71;175;92;348;129;75.84097859327217;2.467742;-3.810484
5.72;175;92;347;129;75.73904179408767;2.4528937;-3.797443
5.73;175;92;347;129;75.73904179408767;2.4528937;-3.797443
5.74;176;92;347;129;75.84097859327217;2.4314516;-3.7741935
5.75;176;92;346;129;75.73904179408767;2.4165545;-3.7611036
5.76;176;92;346;129;75.73904179408767;2.4165545;-3.7611036
5.77;177;92;346;129;75.84097859327217;2.3951614;-3.737903
5.78;177;92;346;129;75.84097859327217;2.3951614;-3.737903
5.79;177;92;345;129;75.73904179408767;2.3802154;-3.7247646
5.8;178;92;345;129;75.84097859327217;2.358871;-3.701613
5.81;178;92;345;129;75.84097859327217;2.358871;-3.701613
5.82;178;92;345;129;75.84097859327217;2.358871;-3.701613
5.83;178;92;345;129;75.84097859327217;2.358871;-3.701613
5.84;179;92;345;130;76.04485219164118;2.3163538;-3.691689
5.85;179;92;345;130;76.04485219164118;2.3163538;-3.691689
5.86;179;92;344;130;75.94291539245667;2.3013422;-3.6785235
5.87;179;91;344;130;75.84097859327217;2.2862904;-3.701613
5.88;179;91;344;130;75.84097859327217;2.2862904;-3.701613
5.89;179;91;344;130;75.84097859327217;2.2862904;-3.701613
5.9;179;91;343;130;75.73904179408767;2.2711978;-3.6884253
5.91;179;91;343;130;75.73904179408767;2.2711978;-3.6884253
5.92;179;91;342;130;75.63710499490315;2.2560647;-3.6752021
5.93;179;91;342;130;75.63710499490315;2.2560647;-3.6752021
5.94;179;91;342;130;75.63710499490315;2.2560647;-3.6752021
5.95;179;90;341;131;75.53516819571865;2.2044535;-3.6983805
5.96;179;90;341;131;75.53516819571865;2.2044535;-3.6983805
5.97;179;90;341;131;75.53516819571865;2.2044535;-3.6983805
5.98;179;90;341;131;75.53516819571865;2.2044535;-3.6983805
5.99;179;90;341;131;75.53516819571865;2.2044535;-3.6983805
6.0;179;90;341;132;75.63710499490315;2.1832883;-3.7115903
6.01;179;90;341;132;75.63710499490315;2.1832883;-3.7115903
6.02;179;90;341;132;75.63710499490315;2.1832883;-3.7115903
6.03;179;90;342;133;75.84097859327217;2.1774194;-3.737903
6.04;179;89;342;133;75.73904179408767;2.1621804;-3.7611036
6.05;179;89;342;133;75.73904179408767;2.1621804;-3.7611036
6.06;179;89;342;133;75.73904179408767;2.1621804;-3.7611036
6.07;179;89;342;133;75.73904179408767;2.1621804;-3.7611036
6.08;179;89;342;134;75.84097859327217;2.141129;-3.7741935
6.09;179;89;342;134;75.84097859327217;2.141129;-3.7741935
6.1;179;89;342;134;75.84097859327217;2.141129;-3.7741935
6.11;179;89;342;134;75.84097859327217;2.141129;-3.7741935
6.12;179;89;342;134;75.84097859327217;2.141129;-3.7741935
6.13;179;88;342;134;75.73904179408767;2.1258411;-3.797443
6.14;179;88;342;134;75.73904179408767;2.1258411;-3.797443
6.15;178;88;342;134;75.63710499490315;2.1469002;-3.8207548
6.16;178;88;342;134;75.63710499490315;2.1469002;-3.8207548
6.17;178;88;342;134;75.63710499490315;2.1469002;-3.8207548
6.18;178;88;342;134;75.63710499490315;2.1469002;-3.8207548
6.19;178;88;343;133;75.63710499490315;2.1832883;-3.8207548
6.2;178;88;343;133;75.63710499490315;2.1832883;-3.8207548
6.21;178;88;343;133;75.63710499490315;2.1832883;-3.8207548
6.22;178;88;343;133;75.63710499490315;2.1832883;-3.8207548
6.23;178;88;343;133;75.63710499490315;2.1832883;-3.8207548
6.24;178;88;344;133;75.73904179408767;2.1985195;-3.833782
6.25;178;88;344;133;75.73904179408767;2.1985195;-3.833782
6.26;178;88;344;133;75.73904179408767;2.1985195;-3.833782
6.27;178;88;344;132;75.63710499490315;2.2196765;-3.8207548
6.28;178;88;344;132;75.63710499490315;2.2196765;-3.8207548
6.29;178;89;344;132;75.73904179408767;2.2348588;-3.797443
6.3;178;89;344;132;75.73904179408767;2.2348588;-3.797443
6.31;178;89;344;131;75.63710499490315;2.2560647;-3.7843666
6.32;178;89;344;131;75.63710499490315;2.2560647;-3.7843666
6.33;178;89;344;131;75.63710499490315;2.2560647;-3.7843666
6.34;178;90;345;131;75.84097859327217;2.2862904;-3.7741935
6.35;178;90;345;131;75.84097859327217;2.2862904;-3.7741935
6.36;178;90;345;130;75.73904179408767;2.307537;-3.7611036
6.37;178;90;345;130;75.73904179408767;2.307537;-3.7611036
6.38;178;90;345;130;75.73904179408767;2.307537;-3.7611036
6.39;179;90;345;130;75.84097859327217;2.2862904;-3.737903
6.4;179;91;345;129;75.84097859327217;2.3225806;-3.701613
6.41;179;91;345;129;75.84097859327217;2.3225806;-3.701613
6.42;179;91;345;129;75.84097859327217;2.3225806;-3.701613
6.43;179;91;345;128;75.73904179408767;2.3438761;-3.6884253
6.44;179;92;345;128;75.84097859327217;2.358871;-3.6653225
6.45;179;92;344;128;75.73904179408767;2.3438761;-3.652086
6.46;179;92;344;127;75.63710499490315;2.3652291;-3.638814
6.47;180;92;344;127;75.73904179408767;2.3438761;-3.615747
6.48;180;93;344;127;75.84097859327217;2.358871;-3.592742
6.49;180;93;344;126;75.73904179408767;2.3802154;-3.5794077
6.5;180;93;343;126;75.63710499490315;2.3652291;-3.5660377
6.51;180;93;343;125;75.53516819571865;2.3866396;-3.5526316
6.52;180;94;343;124;75.53516819571865;2.4230769;-3.5161943
6.53;181;94;343;124;75.63710499490315;2.4016173;-3.4932613
6.54;181;94;343;123;75.53516819571865;2.4230769;-3.479757
6.55;181;94;344;123;75.63710499490315;2.4380054;-3.4932613
6.56;181;95;344;122;75.63710499490315;2.4743936;-3.4568734
6.57;181;95;344;122;75.63710499490315;2.4743936;-3.4568734
6.58;181;95;344;121;75.53516819571865;2.4959514;-3.4433198
6.59;181;95;344;121;75.53516819571865;2.4959514;-3.4433198
6.6;181;96;345;121;75.73904179408767;2.525572;-3.434051
6.61;182;96;345;120;75.73904179408767;2.525572;-3.397712
6.62;182;97;345;120;75.84097859327217;2.5403225;-3.375
6.63;182;97;346;119;75.84097859327217;2.576613;-3.375
6.64;182;98;346;118;75.84097859327217;2.612903;-3.3387096
6.65;181;98;347;117;75.73904179408767;2.6709287;-3.3613727
6.66;181;98;347;116;75.63710499490315;2.6927223;-3.347709
6.67;181;99;347;116;75.73904179408767;2.7072678;-3.3250337
6.68;181;99;347;115;75.63710499490315;2.7291105;-3.3113208
6.69;181;99;348;115;75.73904179408767;2.743607;-3.3250337
6.7;181;100;348;114;75.73904179408767;2.779946;-3.2886944
6.71;181;100;348;114;75.73904179408767;2.779946;-3.2886944
6.72;181;100;348;113;75.63710499490315;2.8018868;-3.2749326
6.73;180;101;349;113;75.73904179408767;2.8526244;-3.2886944
6.74;180;101;349;112;75.63710499490315;2.874663;-3.2749326
6.75;180;101;349;112;75.63710499490315;2.874663;-3.2749326
6.76;180;101;350;112;75.73904179408767;2.8889637;-3.2886944
6.77;180;101;350;111;75.63710499490315;2.9110513;-3.2749326
6.78;180;101;350;111;75.63710499490315;2.9110513;-3.2749326
6.79;180;102;350;111;75.73904179408767;2.9253027;-3.2523553
6.8;180;102;350;111;75.73904179408767;2.9253027;-3.2523553
6.81;180;102;350;111;75.73904179408767;2.9253027;-3.2523553
6.82;180;102;350;111;75.73904179408767;2.9253027;-3.2523553
6.83;180;102;350;110;75.63710499490315;2.9474394;-3.2385445
6.84;180;102;350;110;75.63710499490315;2.9474394;-3.2385445
6.85;180;102;350;110;75.63710499490315;2.9474394;-3.2385445
6.86;180;102;350;110;75.63710499490315;2.9474394;-3.2385445
6.87;180;102;350;110;75.63710499490315;2.9474394;-3.2385445
6.88;180;102;350;110;75.63710499490315;2.9474394;-3.2385445
6.89;180;102;350;110;75.63710499490315;2.9474394;-3.2385445
6.9;180;102;350;110;75.63710499490315;2.9474394;-3.2385445
6.91;180;102;350;110;75.63710499490315;2.9474394;-3.2385445
6.92;180;102;350;110;75.63710499490315;2.9474394;-3.2385445
6.93;180;102;350;110;75.63710499490315;2.9474394;-3.2385445
6.94;180;102;350;110;75.63710499490315;2.9474394;-3.2385445
6.95;180;102;350;110;75.63710499490315;2.9474394;-3.2385445
6.96;180;102;349;110;75.53516819571865;2.9331985;-3.2246964
6.97;180;102;349;110;75.53516819571865;2.9331985;-3.2246964
6.98;180;102;349;110;75.53516819571865;2.9331985;-3.2246964
6.99;180;102;349;110;75.53516819571865;2.9331985;-3.2246964
7.0;180;102;349;110;75.53516819571865;2.9331985;-3.2246964
7.01;180;102;349;110;75.53516819571865;2.9331985;-3.2246964
7.02;180;102;350;110;75.63710499490315;2.9474394;-3.2385445
7.03;180;101;350;110;75.53516819571865;2.9331985;-3.2611337
7.04;180;101;350;111;75.63710499490315;2.9110513;-3.2749326
7.05;180;101;350;111;75.63710499490315;2.9110513;-3.2749326
7.06;180;102;351;111;75.84097859327217;2.939516;-3.266129
7.07;180;102;351;111;75.84097859327217;2.939516;-3.266129
7.08;180;102;351;111;75.84097859327217;2.939516;-3.266129
7.09;180;102;352;111;75.94291539245667;2.9536912;-3.2798657
7.1;180;101;352;110;75.73904179408767;2.961642;-3.2886944
7.11;179;101;352;110;75.63710499490315;2.9838276;-3.3113208
7.12;179;101;353;110;75.73904179408767;2.997981;-3.3250337
7.13;179;101;353;110;75.73904179408767;2.997981;-3.3250337
7.14;179;101;353;109;75.63710499490315;3.0202157;-3.3113208
7.15;179;101;354;109;75.73904179408767;3.0343204;-3.3250337
7.16;179;100;354;109;75.63710499490315;3.0202157;-3.347709
7.17;178;100;354;109;75.53516819571865;3.04251;-3.3704453
7.18;178;100;354;109;75.53516819571865;3.04251;-3.3704453
7.19;178;100;355;109;75.63710499490315;3.0566037;-3.384097
7.2;178;100;355;110;75.73904179408767;3.0343204;-3.397712
7.21;178;100;356;110;75.84097859327217;3.048387;-3.4112904
7.22;178;100;356;110;75.84097859327217;3.048387;-3.4112904
7.23;178;100;356;110;75.84097859327217;3.048387;-3.4112904
7.24;178;100;356;110;75.84097859327217;3.048387;-3.4112904
7.25;178;100;356;110;75.84097859327217;3.048387;-3.4112904
7.26;178;99;356;110;75.73904179408767;3.0343204;-3.434051
7.27;178;99;356;111;75.84097859327217;3.012097;-3.4475806
7.28;178;99;356;111;75.84097859327217;3.012097;-3.4475806
7.29;178;99;356;111;75.84097859327217;3.012097;-3.4475806
7.3;178;98;355;111;75.63710499490315;2.9838276;-3.4568734
7.31;178;98;355;112;75.73904179408767;2.961642;-3.4703903
7.32;178;98;354;112;75.63710499490315;2.9474394;-3.4568734
7.33;178;97;354;113;75.63710499490315;2.9110513;-3.4932613
7.34;178;97;354;113;75.63710499490315;2.9110513;-3.4932613
7.35;178;96;353;114;75.53516819571865;2.860324;-3.5161943
7.36;178;96;353;114;75.53516819571865;2.860324;-3.5161943
7.37;179;96;352;115;75.63710499490315;2.8018868;-3.4932613
7.38;179;95;352;116;75.63710499490315;2.7654986;-3.5296495
7.39;179;95;352;116;75.63710499490315;2.7654986;-3.5296495
7.4;179;95;352;117;75.73904179408767;2.743607;-3.5430686
7.41;179;94;351;118;75.63710499490315;2.6927223;-3.5660377
7.42;179;94;351;119;75.73904179408767;2.6709287;-3.5794077
7.43;180;94;350;120;75.84097859327217;2.612903;-3.5564516
7.44;180;93;350;121;75.84097859327217;2.576613;-3.592742
7.45;180;93;349;122;75.84097859327217;2.5403225;-3.592742
7.46;180;92;348;123;75.73904179408767;2.4892328;-3.615747
7.47;181;92;347;124;75.84097859327217;2.4314516;-3.592742
7.48;181;91;346;126;75.84097859327217;2.358871;-3.6290324
7.49;182;90;344;127;75.73904179408767;2.2711978;-3.615747
7.5;183;90;343;129;75.94291539245667;2.1926174;-3.6060402
7.51;183;89;341;131;75.84097859327217;2.1048386;-3.6290324
7.52;184;88;340;132;75.84097859327217;2.032258;-3.6290324
7.53;185;88;338;134;75.94291539245667;1.9389262;-3.6060402
7.54;186;87;336;136;75.94291539245667;1.8302014;-3.6060402
7.55;186;86;335;137;75.84097859327217;1.7782258;-3.6290324
7.56;187;85;333;139;75.84097859327217;1.6693548;-3.6290324
7.57;188;85;331;140;75.84097859327217;1.5967742;-3.592742
7.58;188;84;330;142;75.84097859327217;1.5241935;-3.6290324
7.59;189;83;328;144;75.84097859327217;1.4153225;-3.6290324
7.6;190;83;326;145;75.84097859327217;1.342742;-3.592742
7.61;191;82;324;147;75.84097859327217;1.233871;-3.592742
7.62;191;81;323;148;75.73904179408767;1.1810229;-3.615747
7.63;192;80;322;150;75.84097859327217;1.0887097;-3.6290324
7.64;192;80;320;152;75.84097859327217;1.016129;-3.6290324
7.65;193;79;319;153;75.84097859327217;0.9435484;-3.6290324
7.66;193;79;318;155;75.94291539245667;0.8879195;-3.6422818
7.67;194;78;317;156;75.94291539245667;0.81543624;-3.6422818
7.68;195;77;316;158;76.04485219164118;0.72386056;-3.655496
7.69;195;77;314;159;75.94291539245667;0.6704698;-3.6422818
7.7;196;76;312;160;75.84097859327217;0.58064514;-3.6290324
7.71;196;76;311;161;75.84097859327217;0.54435486;-3.6290324
7.72;196;75;309;162;75.63710499490315;0.47304583;-3.638814
7.73;197;74;307;164;75.63710499490315;0.3638814;-3.638814
7.74;197;74;305;165;75.53516819571865;0.3097166;-3.6255062
7.75;198;73;304;167;75.63710499490315;0.21832883;-3.638814
7.76;199;72;302;168;75.53516819571865;0.12753037;-3.6255062
7.77;199;72;301;170;75.63710499490315;0.07277628;-3.638814
7.78;200;71;299;172;75.63710499490315;-0.03638814;-3.638814
7.79;201;70;298;174;75.73904179408767;-0.12718707;-3.652086
7.8;201;70;296;176;75.73904179408767;-0.19986542;-3.652086
7.81;202;69;294;178;75.73904179408767;-0.30888292;-3.652086
7.82;203;68;293;180;75.84097859327217;-0.39919356;-3.6653225
7.83;203;68;291;183;75.94291539245667;-0.48926175;-3.6785235
7.84;204;67;289;185;75.94291539245667;-0.5979866;-3.6785235
7.85;205;66;287;187;75.94291539245667;-0.7067114;-3.6785235
7.86;205;65;285;189;75.84097859327217;-0.7983871;-3.701613
7.87;206;65;283;191;75.94291539245667;-0.8879195;-3.6785235
7.88;207;64;282;193;76.04485219164118;-0.9772118;-3.691689
7.89;207;63;280;194;75.84097859327217;-1.0524193;-3.701613
7.9;207;63;279;196;75.94291539245667;-1.1053691;-3.714765
7.91;208;62;278;197;75.94291539245667;-1.1778524;-3.714765
7.92;208;62;276;198;75.84097859327217;-1.233871;-3.701613
7.93;208;61;275;200;75.84097859327217;-1.3064516;-3.737903
7.94;208;60;274;201;75.73904179408767;-1.3627187;-3.7611036
7.95;208;60;272;203;75.73904179408767;-1.435397;-3.7611036
7.96;209;59;271;204;75.73904179408767;-1.5080754;-3.7611036
7.97;209;59;270;205;75.73904179408767;-1.5444145;-3.7611036
7.98;209;58;269;207;75.73904179408767;-1.6170928;-3.797443
7.99;209;58;269;208;75.84097859327217;-1.6330645;-3.810484
8.0;210;57;268;209;75.84097859327217;-1.7056452;-3.810484
8.01;210;57;267;210;75.84097859327217;-1.7419355;-3.810484
8.02;210;56;267;211;75.84097859327217;-1.7782258;-3.846774
8.03;210;56;266;212;75.84097859327217;-1.8145162;-3.846774
8.04;210;55;265;213;75.73904179408767;-1.871467;-3.8701212
8.05;210;55;265;214;75.84097859327217;-1.8870968;-3.8830645
8.06;210;54;264;216;75.84097859327217;-1.9596775;-3.919355
8.07;210;54;264;217;75.94291539245667;-1.9751678;-3.9322147
8.08;210;53;263;219;75.94291539245667;-2.047651;-3.9684563
8.09;210;52;262;220;75.84097859327217;-2.1048386;-3.9919355
8.1;210;52;262;221;75.94291539245667;-2.120134;-4.004698
8.11;210;51;261;223;75.94291539245667;-2.1926174;-4.04094
8.12;210;51;260;224;75.94291539245667;-2.228859;-4.04094
8.13;210;50;260;225;75.94291539245667;-2.2651007;-4.0771813
8.14;210;50;259;226;75.94291539245667;-2.3013422;-4.0771813
8.15;210;49;258;226;75.73904179408767;-2.3438761;-4.088156
8.16;209;49;258;228;75.84097859327217;-2.358871;-4.137097
8.17;209;49;257;229;75.84097859327217;-2.3951614;-4.137097
8.18;209;48;257;230;75.84097859327217;-2.4314516;-4.173387
8.19;209;48;256;231;75.84097859327217;-2.467742;-4.173387
8.2;209;47;256;232;75.84097859327217;-2.5040324;-4.209677
8.21;209;47;255;233;75.84097859327217;-2.5403225;-4.209677
8.22;209;47;255;234;75.94291539245667;-2.5550334;-4.2221475
8.23;209;46;254;235;75.84097859327217;-2.612903;-4.245968
8.24;209;46;254;235;75.84097859327217;-2.612903;-4.245968
8.25;209;46;254;236;75.94291539245667;-2.6275167;-4.2583895
8.26;209;45;253;237;75.84097859327217;-2.685484;-4.282258
8.27;209;45;253;238;75.94291539245667;-2.7;-4.294631
8.28;209;45;253;239;76.04485219164118;-2.7144773;-4.3069706
8.29;208;45;252;239;75.84097859327217;-2.721774;-4.318548
8.3;208;44;252;240;75.84097859327217;-2.7580645;-4.354839
8.31;208;44;252;240;75.84097859327217;-2.7580645;-4.354839
8.32;208;44;252;241;75.94291539245667;-2.772483;-4.367114
8.33;208;44;251;241;75.84097859327217;-2.794355;-4.354839
8.34;207;43;251;241;75.63710499490315;-2.8018868;-4.402965
8.35;207;43;251;241;75.63710499490315;-2.8018868;-4.402965
8.36;207;43;251;241;75.63710499490315;-2.8018868;-4.402965
8.37;207;43;251;242;75.73904179408767;-2.8162854;-4.415209
8.38;206;42;251;242;75.53516819571865;-2.8238866;-4.463563
8.39;206;42;252;242;75.63710499490315;-2.8018868;-4.4757414
8.4;206;42;252;243;75.73904179408767;-2.8162854;-4.487887
8.41;206;42;252;243;75.73904179408767;-2.8162854;-4.487887
8.42;205;41;252;243;75.53516819571865;-2.8238866;-4.536437
8.43;205;41;253;244;75.73904179408767;-2.8162854;-4.5605655
8.44;205;41;253;244;75.73904179408767;-2.8162854;-4.5605655
8.45;204;41;253;245;75.73904179408767;-2.8162854;-4.5969043
8.46;204;40;254;246;75.84097859327217;-2.830645;-4.645161
8.47;204;40;254;246;75.84097859327217;-2.830645;-4.645161
8.48;204;40;254;247;75.94291539245667;-2.8449664;-4.657047
8.49;204;39;254;247;75.84097859327217;-2.8669355;-4.681452
8.5;204;39;254;248;75.94291539245667;-2.881208;-4.693289
8.51;204;39;254;248;75.94291539245667;-2.881208;-4.693289
8.52;204;38;254;249;75.94291539245667;-2.9174497;-4.7295303
8.53;203;38;254;249;75.84097859327217;-2.903226;-4.754032
8.54;203;37;253;250;75.73904179408767;-2.961642;-4.7786
8.55;203;37;253;250;75.73904179408767;-2.961642;-4.7786
8.56;203;36;253;251;75.73904179408767;-2.997981;-4.8149395
8.57;203;36;254;251;75.84097859327217;-2.9758065;-4.826613
8.58;203;35;254;252;75.84097859327217;-3.012097;-4.862903
8.59;203;35;254;252;75.84097859327217;-3.012097;-4.862903
8.6;202;34;254;253;75.73904179408767;-3.0343204;-4.923957
8.61;202;33;254;253;75.63710499490315;-3.0566037;-4.948787
8.62;202;33;254;254;75.73904179408767;-3.0706594;-4.960296
8.63;202;32;255;254;75.73904179408767;-3.0706594;-4.9966354
8.64;202;32;254;254;75.63710499490315;-3.0929918;-4.985175
8.65;202;32;254;255;75.73904179408767;-3.1069987;-4.9966354
8.66;202;32;254;255;75.73904179408767;-3.1069987;-4.9966354
8.67;202;32;253;255;75.63710499490315;-3.12938;-4.985175
8.68;202;32;253;256;75.73904179408767;-3.1433377;-4.9966354
8.69;202;32;253;256;75.73904179408767;-3.1433377;-4.9966354
8.7;203;31;253;256;75.73904179408767;-3.179677;-4.9966354
8.71;203;31;252;257;75.73904179408767;-3.216016;-4.9966354
8.72;203;31;252;257;75.73904179408767;-3.216016;-4.9966354
8.73;203;31;252;258;75.84097859327217;-3.2298386;-5.0080647
8.74;203;30;252;258;75.73904179408767;-3.2523553;-5.0329742
8.75;203;30;252;258;75.73904179408767;-3.2523553;-5.0329742
8.76;203;30;251;258;75.63710499490315;-3.2749326;-5.0215635
8.77;204;29;251;258;75.63710499490315;-3.3113208;-5.0215635
8.78;204;29;251;259;75.73904179408767;-3.3250337;-5.0329742
8.79;204;29;251;259;75.73904179408767;-3.3250337;-5.0329742
8.8;204;28;251;259;75.63710499490315;-3.347709;-5.0579515
8.81;204;28;251;259;75.63710499490315;-3.347709;-5.0579515
8.82;205;29;251;259;75.84097859327217;-3.3387096;-5.0080647
8.83;205;29;251;259;75.84097859327217;-3.3387096;-5.0080647
8.84;205;29;250;259;75.73904179408767;-3.3613727;-4.9966354
8.85;206;29;249;259;75.73904179408767;-3.397712;-4.960296
8.86;206;29;249;259;75.73904179408767;-3.397712;-4.960296
8.87;206;30;248;259;75.73904179408767;-3.397712;-4.923957
8.88;207;30;247;260;75.84097859327217;-3.4475806;-4.899194
8.89;207;30;247;260;75.84097859327217;-3.4475806;-4.899194
8.9;207;30;246;260;75.73904179408767;-3.4703903;-4.8876176
8.91;208;30;246;260;75.84097859327217;-3.483871;-4.862903
8.92;208;30;246;260;75.84097859327217;-3.483871;-4.862903
8.93;209;30;245;260;75.84097859327217;-3.5201614;-4.826613
8.94;209;30;245;260;75.84097859327217;-3.5201614;-4.826613
8.95;209;30;244;260;75.73904179408767;-3.5430686;-4.8149395
8.96;210;30;243;260;75.73904179408767;-3.5794077;-4.7786
8.97;210;31;243;260;75.84097859327217;-3.5564516;-4.754032
8.98;210;31;242;260;75.73904179408767;-3.5794077;-4.742261
8.99;211;31;241;259;75.63710499490315;-3.6024258;-4.69407
9.0;211;31;241;259;75.63710499490315;-3.6024258;-4.69407
9.01;212;31;240;259;75.63710499490315;-3.638814;-4.657682
9.02;212;31;240;259;75.63710499490315;-3.638814;-4.657682
9.03;212;31;239;259;75.53516819571865;-3.6619434;-4.645749
9.04;213;31;239;259;75.63710499490315;-3.6752021;-4.621294
9.05;213;31;238;259;75.53516819571865;-3.6983805;-4.6093116
9.06;213;31;238;260;75.63710499490315;-3.7115903;-4.621294
9.07;214;32;237;260;75.73904179408767;-3.7247646;-4.5605655
9.08;214;32;237;260;75.73904179408767;-3.7247646;-4.5605655
9.09;215;32;236;260;75.73904179408767;-3.7611036;-4.524226
9.1;215;32;236;260;75.73904179408767;-3.7611036;-4.524226
9.11;215;32;236;261;75.84097859327217;-3.7741935;-4.53629
9.12;216;32;235;261;75.84097859327217;-3.810484;-4.5
9.13;216;33;234;261;75.84097859327217;-3.810484;-4.46371
9.14;217;33;234;261;75.94291539245667;-3.82349;-4.439597
9.15;217;33;233;261;75.84097859327217;-3.846774;-4.427419
9.16;217;33;232;262;75.84097859327217;-3.8830645;-4.427419
9.17;218;33;231;262;75.84097859327217;-3.919355;-4.391129
9.18;218;33;230;262;75.73904179408767;-3.9427996;-4.3788695
9.19;219;33;229;263;75.84097859327217;-3.9919355;-4.354839
9.2;219;33;229;263;75.84097859327217;-3.9919355;-4.354839
9.21;220;33;227;264;75.84097859327217;-4.064516;-4.318548
9.22;220;33;226;265;75.84097859327217;-4.100806;-4.318548
9.23;221;33;225;266;75.94291539245667;-4.1496644;-4.294631
9.24;221;33;224;266;75.84097859327217;-4.173387;-4.282258
9.25;222;33;223;267;75.94291539245667;-4.2221475;-4.2583895
9.26;222;32;222;268;75.84097859327217;-4.282258;-4.282258
9.27;222;32;221;269;75.84097859327217;-4.318548;-4.282258
9.28;223;32;221;270;76.04485219164118;-4.3431635;-4.2707777
9.29;223;31;220;271;75.94291539245667;-4.4033556;-4.294631
9.3;224;31;219;272;76.04485219164118;-4.4517426;-4.2707777
9.31;224;30;218;273;75.94291539245667;-4.5120807;-4.294631
9.32;224;30;217;274;75.94291539245667;-4.548322;-4.294631
9.33;224;29;216;275;75.84097859327217;-4.608871;-4.318548
9.34;224;28;216;276;75.84097859327217;-4.645161;-4.354839
9.35;225;28;215;277;75.94291539245667;-4.693289;-4.3308725
9.36;225;27;214;278;75.84097859327217;-4.754032;-4.354839
9.37;225;27;213;279;75.84097859327217;-4.790323;-4.354839
9.38;226;26;213;280;75.94291539245667;-4.838255;-4.367114
9.39;226;26;212;281;75.94291539245667;-4.8744965;-4.367114
9.4;226;25;211;283;75.94291539245667;-4.94698;-4.4033556
9.41;226;25;210;284;75.94291539245667;-4.9832215;-4.4033556
9.42;227;24;208;285;75.84097859327217;-5.080645;-4.391129
9.43;227;23;207;286;75.73904179408767;-5.141992;-4.415209
9.44;228;23;206;288;75.94291539245667;-5.200671;-4.4033556
9.45;228;22;205;289;75.84097859327217;-5.262097;-4.427419
9.46;228;22;204;290;75.84097859327217;-5.298387;-4.427419
9.47;229;21;203;291;75.84097859327217;-5.370968;-4.427419
9.48;229;21;202;292;75.84097859327217;-5.407258;-4.427419
9.49;229;20;201;293;75.73904179408767;-5.469044;-4.4515476
9.5;230;20;200;293;75.73904179408767;-5.5053835;-4.415209
9.51;230;20;200;294;75.84097859327217;-5.516129;-4.427419
9.52;230;19;199;294;75.63710499490315;-5.5673857;-4.439353
9.53;231;19;199;294;75.73904179408767;-5.578062;-4.415209
9.54;231;19;199;294;75.73904179408767;-5.578062;-4.415209
9.55;231;19;198;294;75.63710499490315;-5.6037736;-4.402965
9.56;232;19;198;294;75.73904179408767;-5.614401;-4.3788695
9.57;232;19;198;294;75.73904179408767;-5.614401;-4.3788695
9.58;233;20;198;293;75.84097859327217;-5.58871;-4.318548
9.59;233;20;198;293;75.84097859327217;-5.58871;-4.318548
9.6;234;20;198;292;75.84097859327217;-5.58871;-4.282258
9.61;234;20;198;292;75.84097859327217;-5.58871;-4.282258
9.62;234;20;197;291;75.63710499490315;-5.6037736;-4.2574124
9.63;235;20;197;290;75.63710499490315;-5.6037736;-4.221024
9.64;235;20;197;290;75.63710499490315;-5.6037736;-4.221024
9.65;235;21;197;289;75.63710499490315;-5.5673857;-4.184636
9.66;235;21;197;288;75.53516819571865;-5.55668;-4.172065
9.67;235;21;197;288;75.53516819571865;-5.55668;-4.172065
9.68;236;21;197;288;75.63710499490315;-5.5673857;-4.148248
9.69;236;21;197;288;75.63710499490315;-5.5673857;-4.148248
9.7;237;22;197;287;75.73904179408767;-5.541723;-4.088156
9.71;237;22;197;287;75.73904179408767;-5.541723;-4.088156
9.72;238;22;197;287;75.84097859327217;-5.552419;-4.064516
9.73;238;22;197;286;75.73904179408767;-5.541723;-4.051817
9.74;239;22;197;285;75.73904179408767;-5.541723;-4.0154777
9.75;239;23;197;285;75.84097859327217;-5.516129;-3.9919355
9.76;239;23;197;284;75.73904179408767;-5.5053835;-3.9791386
9.77;240;23;198;283;75.84097859327217;-5.479839;-3.955645
9.78;240;24;198;282;75.84097859327217;-5.443548;-3.919355
9.79;240;24;198;281;75.73904179408767;-5.4327054;-3.9064603
9.8;240;25;199;280;75.84097859327217;-5.370968;-3.8830645
9.81;240;25;199;280;75.84097859327217;-5.370968;-3.8830645
9.82;241;25;199;279;75.84097859327217;-5.370968;-3.846774
9.83;241;26;199;278;75.84097859327217;-5.334677;-3.810484
9.84;241;26;199;277;75.73904179408767;-5.3236876;-3.797443
9.85;241;27;199;276;75.73904179408767;-5.2873487;-3.7611036
9.86;241;27;199;275;75.63710499490315;-5.2762804;-3.7479784
9.87;241;28;200;274;75.73904179408767;-5.21467;-3.7247646
9.88;241;28;200;273;75.63710499490315;-5.203504;-3.7115903
9.89;241;29;200;272;75.63710499490315;-5.1671157;-3.6752021
9.9;241;30;201;271;75.73904179408767;-5.105653;-3.652086
9.91;241;30;201;270;75.63710499490315;-5.09434;-3.638814
9.92;241;31;202;270;75.84097859327217;-5.044355;-3.6290324
9.93;241;32;202;269;75.84097859327217;-5.0080647;-3.592742
9.94;241;32;202;269;75.84097859327217;-5.0080647;-3.592742
9.95;241;33;202;268;75.84097859327217;-4.971774;-3.5564516
9.96;241;33;202;268;75.84097859327217;-4.971774;-3.5564516
9.97;241;34;202;267;75.84097859327217;-4.935484;-3.5201614
9.98;241;35;202;267;75.94291539245667;-4.9107385;-3.4973154
9.99;241;35;202;266;75.84097859327217;-4.899194;-3.483871
10.0;241;36;202;266;75.94291539245667;-4.8744965;-3.4610739
10.01;241;37;201;265;75.84097859327217;-4.862903;-3.4112904
10.02;241;37;201;265;75.84097859327217;-4.862903;-3.4112904
10.03;241;38;201;264;75.84097859327217;-4.826613;-3.375
10.04;241;38;201;264;75.84097859327217;-4.826613;-3.375
10.05;241;38;200;264;75.73904179408767;-4.851279;-3.3613727
10.06;241;39;200;264;75.84097859327217;-4.826613;-3.3387096
10.07;241;39;200;264;75.84097859327217;-4.826613;-3.3387096
10.08;241;39;200;264;75.84097859327217;-4.826613;-3.3387096
10.09;240;39;200;264;75.73904179408767;-4.8149395;-3.3613727
10.1;240;39;200;264;75.73904179408767;-4.8149395;-3.3613727
10.11;240;38;200;265;75.73904179408767;-4.851279;-3.397712
10.12;240;38;200;265;75.73904179408767;-4.851279;-3.397712
10.13;240;38;200;266;75.84097859327217;-4.862903;-3.4112904
10.14;239;38;200;266;75.73904179408767;-4.851279;-3.434051
10.15;239;37;200;267;75.73904179408767;-4.8876176;-3.4703903
10.16;238;37;200;267;75.63710499490315;-4.876011;-3.4932613
10.17;238;37;200;267;75.63710499490315;-4.876011;-3.4932613
10.18;238;36;200;268;75.63710499490315;-4.912399;-3.5296495
10.19;237;36;200;268;75.53516819571865;-4.90081;-3.5526316
10.2;237;36;200;268;75.53516819571865;-4.90081;-3.5526316
10.21;237;36;201;268;75.63710499490315;-4.876011;-3.5660377
10.22;236;36;201;268;75.53516819571865;-4.8643723;-3.589069
10.23;236;36;202;269;75.73904179408767;-4.851279;-3.615747
10.24;235;36;202;270;75.73904179408767;-4.851279;-3.652086
10.25;234;35;202;271;75.63710499490315;-4.876011;-3.7115903
10.26;234;35;203;271;75.73904179408767;-4.851279;-3.7247646
10.27;233;34;203;272;75.63710499490315;-4.876011;-3.7843666
10.28;232;34;204;272;75.63710499490315;-4.8396225;-3.8207548
10.29;231;33;204;273;75.53516819571865;-4.8643723;-3.8805668
10.3;230;33;204;273;75.43323139653414;-4.8527026;-3.9040542
10.31;229;33;205;274;75.53516819571865;-4.827935;-3.9534414
10.32;228;32;206;274;75.43323139653414;-4.816216;-4.0135136
10.33;227;32;206;275;75.43323139653414;-4.816216;-4.05
10.34;227;31;207;276;75.53516819571865;-4.827935;-4.09919
10.35;226;31;207;277;75.53516819571865;-4.827935;-4.1356277
10.36;225;30;208;278;75.53516819571865;-4.827935;-4.208502
10.37;224;29;208;279;75.43323139653414;-4.8527026;-4.268919
10.38;223;29;209;280;75.53516819571865;-4.827935;-4.317814
10.39;222;28;209;281;75.43323139653414;-4.8527026;-4.3783784
10.4;222;28;210;282;75.63710499490315;-4.8396225;-4.402965
10.41;221;27;211;283;75.63710499490315;-4.8396225;-4.4757414
10.42;221;27;211;284;75.73904179408767;-4.851279;-4.487887
10.43;220;27;211;285;75.73904179408767;-4.851279;-4.524226
10.44;219;26;211;286;75.63710499490315;-4.876011;-4.5849056
10.45;219;26;211;287;75.73904179408767;-4.8876176;-4.5969043
10.46;218;25;211;287;75.53516819571865;-4.90081;-4.645749
10.47;217;25;212;288;75.63710499490315;-4.876011;-4.69407
10.48;216;25;212;288;75.53516819571865;-4.8643723;-4.7186236
10.49;216;24;212;289;75.53516819571865;-4.90081;-4.7550607
10.5;215;24;212;291;75.63710499490315;-4.912399;-4.8032346
10.51;214;23;212;292;75.53516819571865;-4.937247;-4.8643723
10.52;214;23;212;294;75.73904179408767;-4.960296;-4.8876176
10.53;213;23;212;295;75.73904179408767;-4.960296;-4.923957
10.54;213;22;212;297;75.84097859327217;-5.0080647;-4.971774
10.55;212;22;211;298;75.73904179408767;-5.0329742;-4.9966354
10.56;211;22;211;300;75.84097859327217;-5.044355;-5.044355
10.57;211;21;210;301;75.73904179408767;-5.105653;-5.0693135
10.58;210;21;209;303;75.73904179408767;-5.141992;-5.105653
10.59;209;20;209;305;75.73904179408767;-5.178331;-5.178331
10.6;208;20;208;306;75.63710499490315;-5.203504;-5.203504
10.61;208;19;207;308;75.63710499490315;-5.2762804;-5.239892
10.62;207;18;207;310;75.63710499490315;-5.3126683;-5.3126683
10.63;206;18;206;312;75.63710499490315;-5.3490567;-5.3490567
10.64;205;17;206;314;75.63710499490315;-5.3854446;-5.421833
10.65;204;16;205;316;75.53516819571865;-5.4473686;-5.4838057
10.66;203;16;205;318;75.63710499490315;-5.458221;-5.5309973
10.67;202;15;205;319;75.53516819571865;-5.4838057;-5.593117
10.68;201;14;205;321;75.53516819571865;-5.5202427;-5.665992
10.69;200;13;205;324;75.63710499490315;-5.5673857;-5.749326
10.7;200;12;205;325;75.63710499490315;-5.6037736;-5.785714
10.71;199;12;205;327;75.73904179408767;-5.614401;-5.832436
10.72;198;11;205;329;75.73904179408767;-5.65074;-5.905114
10.73;197;10;205;331;75.73904179408767;-5.6870794;-5.9777927
10.74;196;10;205;332;75.73904179408767;-5.6870794;-6.014132
10.75;195;10;205;333;75.73904179408767;-5.6870794;-6.050471
10.76;195;9;206;334;75.84097859327217;-5.697581;-6.096774
10.77;194;9;206;334;75.73904179408767;-5.6870794;-6.1231494
10.78;193;9;206;335;75.73904179408767;-5.6870794;-6.1594887
10.79;192;8;207;335;75.63710499490315;-5.67655;-6.222372
10.8;192;8;208;335;75.73904179408767;-5.65074;-6.232167
10.81;191;8;209;335;75.73904179408767;-5.614401;-6.268506
10.82;190;8;210;335;75.73904179408767;-5.578062;-6.3048453
10.83;190;8;211;335;75.84097859327217;-5.552419;-6.314516
10.84;189;8;212;335;75.84097859327217;-5.516129;-6.350806
10.85;188;8;213;334;75.73904179408767;-5.469044;-6.3775234
10.86;188;8;214;334;75.84097859327217;-5.443548;-6.387097
10.87;187;9;215;333;75.84097859327217;-5.370968;-6.387097
10.88;187;9;216;333;75.94291539245667;-5.345638;-6.396644
10.89;186;9;217;332;75.84097859327217;-5.298387;-6.423387
10.9;186;10;218;330;75.84097859327217;-5.225806;-6.387097
10.91;186;10;218;329;75.73904179408767;-5.21467;-6.3775234
10.92;185;11;220;328;75.84097859327217;-5.1169353;-6.387097
10.93;185;11;221;326;75.73904179408767;-5.0693135;-6.3775234
10.94;185;12;222;325;75.84097859327217;-5.0080647;-6.350806
10.95;184;12;223;323;75.63710499490315;-4.948787;-6.3679247
10.96;184;13;224;321;75.63710499490315;-4.876011;-6.3315363
10.97;183;14;226;319;75.63710499490315;-4.766846;-6.3315363
10.98;183;14;227;316;75.43323139653414;-4.7067566;-6.3121624
10.99;182;15;229;314;75.43323139653414;-4.597297;-6.3121624
11.0;182;16;231;311;75.43323139653414;-4.487838;-6.275676
11.01;181;17;233;308;75.33129459734964;-4.366035;-6.2658997
11.02;181;18;235;305;75.33129459734964;-4.256428;-6.229364
11.03;180;19;238;301;75.22935779816514;-4.097561;-6.219512
11.04;180;20;241;298;75.33129459734964;-3.9641407;-6.192828
11.05;179;21;244;295;75.33129459734964;-3.8179972;-6.192828
11.06;179;22;247;291;75.33129459734964;-3.6718538;-6.1562924
11.07;178;24;250;287;75.33129459734964;-3.4891746;-6.119756
11.08;178;25;254;283;75.43323139653414;-3.3202703;-6.093243
11.09;177;27;257;279;75.43323139653414;-3.137838;-6.056757
11.1;176;29;261;274;75.43323139653414;-2.9189188;-6.0202703
11.11;175;30;265;268;75.22935779816514;-2.707317;-6.0
11.12;174;32;270;263;75.33129459734964;-2.4661705;-5.973613
11.13;173;33;274;258;75.22935779816514;-2.2682927;-5.9634147
11.14;171;35;278;253;75.12742099898063;-2.033243;-5.9531884
11.15;170;37;282;248;75.12742099898063;-1.8134328;-5.9165535
11.16;168;38;287;243;75.02548419979613;-1.5774456;-5.942935
11.17;166;40;291;239;75.02548419979613;-1.357337;-5.942935
11.18;165;41;296;234;75.02548419979613;-1.1372283;-5.942935
11.19;163;43;301;229;75.02548419979613;-0.8804348;-5.942935
11.2;162;45;306;224;75.12742099898063;-0.6411126;-5.9165535
11.21;162;46;312;219;75.33129459734964;-0.42016238;-5.9005413
11.22;161;48;317;215;75.53516819571865;-0.20040485;-5.8846154
11.23;160;50;321;211;75.63710499490315;0.0;-5.8584905
11.24;158;51;326;207;75.63710499490315;0.21832883;-5.894879
11.25;157;52;330;204;75.73904179408767;0.38156125;-5.905114
11.26;155;53;334;202;75.84097859327217;0.54435486;-5.951613
11.27;153;54;337;200;75.84097859327217;0.6895161;-5.987903
11.28;152;54;340;198;75.84097859327217;0.7983871;-6.024194
11.29;150;55;343;195;75.73904179408767;0.9629879;-6.050471
11.3;149;56;345;193;75.73904179408767;1.0720054;-6.050471
11.31;147;57;347;191;75.63710499490315;1.2008086;-6.0768194
11.32;146;58;349;189;75.63710499490315;1.309973;-6.0768194
11.33;144;59;351;187;75.53516819571865;1.4392712;-6.103239
11.34;143;59;353;185;75.43323139653414;1.5324324;-6.1297297
11.35;141;60;355;184;75.43323139653414;1.6418918;-6.1662164
11.36;140;60;357;182;75.33129459734964;1.7354534;-6.192828
11.37;139;61;359;180;75.33129459734964;1.845061;-6.192828
11.38;138;62;361;178;75.33129459734964;1.9546685;-6.192828
11.39;137;63;364;176;75.43323139653414;2.0797298;-6.2027025
11.4;135;63;367;174;75.33129459734964;2.2104194;-6.2658997
11.41;135;64;369;172;75.43323139653414;2.2986486;-6.239189
11.42;134;65;372;170;75.53516819571865;2.4230769;-6.2489877
11.43;133;65;374;169;75.53516819571865;2.4959514;-6.285425
11.44;131;66;377;167;75.53516819571865;2.6417005;-6.321862
11.45;130;66;379;165;75.43323139653414;2.7364864;-6.3486485
11.46;129;67;382;164;75.63710499490315;2.838275;-6.3679247
11.47;129;68;384;162;75.73904179408767;2.9253027;-6.3411846
11.48;129;69;387;159;75.84097859327217;3.048387;-6.314516
11.49;128;70;389;157;75.84097859327217;3.157258;-6.314516
11.5;128;70;391;154;75.73904179408767;3.2523553;-6.3048453
11.51;127;71;394;151;75.73904179408767;3.397712;-6.3048453
11.52;127;72;396;148;75.73904179408767;3.5067294;-6.268506
11.53;126;73;398;146;75.73904179408767;3.615747;-6.268506
11.54;125;73;400;143;75.53516819571865;3.7348177;-6.285425
11.55;125;74;403;141;75.73904179408767;3.833782;-6.268506
11.56;124;75;405;138;75.63710499490315;3.9663072;-6.25876
11.57;124;76;407;136;75.73904179408767;4.051817;-6.232167
11.58;123;77;409;134;75.73904179408767;4.1608343;-6.232167
11.59;123;78;411;132;75.84097859327217;4.245968;-6.205645
11.6;122;79;413;130;75.84097859327217;4.354839;-6.205645
11.61;122;80;415;128;75.94291539245667;4.439597;-6.1791945
11.62;122;81;416;126;75.94291539245667;4.5120807;-6.142953
11.63;121;82;417;124;75.84097859327217;4.608871;-6.1330647
11.64;121;83;418;122;75.84097859327217;4.681452;-6.096774
11.65;121;84;419;121;75.94291539245667;4.7295303;-6.07047
11.66;121;85;419;119;75.84097859327217;4.790323;-6.024194
11.67;121;86;420;117;75.84097859327217;4.862903;-5.987903
11.68;120;87;421;116;75.84097859327217;4.935484;-5.987903
11.69;120;87;422;114;75.73904179408767;4.9966354;-5.9777927
11.7;120;88;423;113;75.84097859327217;5.044355;-5.951613
11.71;119;89;424;111;75.73904179408767;5.141992;-5.9414535
11.72;119;90;425;110;75.84097859327217;5.189516;-5.915323
11.73;119;90;426;108;75.73904179408767;5.2510095;-5.905114
11.74;118;91;428;106;75.73904179408767;5.360027;-5.905114
11.75;118;92;429;104;75.73904179408767;5.4327054;-5.8687754
11.76;117;93;431;102;75.73904179408767;5.541723;-5.8687754
11.77;117;94;432;100;75.73904179408767;5.614401;-5.832436
11.78;117;95;433;98;75.73904179408767;5.6870794;-5.796097
11.79;116;96;435;96;75.73904179408767;5.796097;-5.796097
11.8;116;97;436;94;75.73904179408767;5.8687754;-5.7597575
11.81;115;98;437;92;75.63710499490315;5.967655;-5.749326
11.82;115;99;439;90;75.73904179408767;6.050471;-5.7234187
11.83;115;101;440;88;75.84097859327217;6.1330647;-5.66129
11.84;114;102;442;86;75.84097859327217;6.2419353;-5.66129
11.85;114;103;443;85;75.94291539245667;6.2879195;-5.6355705
11.86;114;105;444;83;76.04485219164118;6.369973;-5.5737267
11.87;114;106;445;81;76.04485219164118;6.4423594;-5.5375333
11.88;114;108;446;79;76.14678899082568;6.5240965;-5.4759035
11.89;114;109;447;78;76.24872579001018;6.5695186;-5.450535
11.9;113;110;448;76;76.14678899082568;6.6686745;-5.4397593
11.91;113;111;449;75;76.24872579001018;6.713904;-5.4144387
11.92;113;112;449;73;76.14678899082568;6.7771087;-5.36747
11.93;112;113;450;72;76.14678899082568;6.8493977;-5.36747
11.94;112;114;451;70;76.14678899082568;6.9216866;-5.3313255
11.95;111;115;451;68;75.94291539245667;7.0127516;-5.309396
11.96;111;117;452;67;76.14678899082568;7.066265;-5.259036
11.97;110;118;453;65;76.04485219164118;7.1662197;-5.247989
11.98;110;119;453;64;76.04485219164118;7.202413;-5.2117963
11.99;109;120;454;62;75.94291539245667;7.302685;-5.200671
12.0;109;122;455;61;76.14678899082568;7.3554215;-5.1506023
12.01;108;123;455;60;76.04485219164118;7.419571;-5.13941
12.02;107;125;456;58;76.04485219164118;7.52815;-5.103217
12.03;107;126;456;57;76.04485219164118;7.564343;-5.067024
12.04;106;127;457;56;76.04485219164118;7.6367292;-5.067024
12.05;105;128;458;54;75.94291539245667;7.737584;-5.0557046
12.06;104;129;459;53;75.94291539245667;7.810067;-5.0557046
12.07;104;130;459;52;75.94291539245667;7.8463087;-5.019463
12.08;103;131;460;51;75.94291539245667;7.918792;-5.019463
12.09;102;132;461;50;75.94291539245667;7.9912753;-5.019463
12.1;101;133;461;49;75.84097859327217;8.056452;-5.0080647
12.11;101;134;462;49;76.04485219164118;8.071046;-4.994638
12.12;100;134;463;48;75.94291539245667;8.136242;-5.019463
12.13;99;135;464;47;75.94291539245667;8.208725;-5.019463
12.14;99;135;464;47;75.94291539245667;8.208725;-5.019463
12.15;98;136;464;46;75.84097859327217;8.274194;-5.0080647
12.16;97;137;465;45;75.84097859327217;8.346774;-5.0080647
12.17;97;137;465;45;75.84097859327217;8.346774;-5.0080647
12.18;96;138;466;44;75.84097859327217;8.419354;-5.0080647
12.19;96;138;466;44;75.84097859327217;8.419354;-5.0080647
12.2;96;138;466;43;75.73904179408767;8.448856;-4.9966354
12.21;95;139;466;43;75.73904179408767;8.485195;-4.9966354
12.22;95;139;466;43;75.73904179408767;8.485195;-4.9966354
12.23;95;139;466;42;75.63710499490315;8.514825;-4.985175
12.24;94;139;467;42;75.63710499490315;8.551213;-5.0215635
12.25;94;139;467;42;75.63710499490315;8.551213;-5.0215635
12.26;94;140;467;42;75.73904179408767;8.557874;-4.9966354
12.27;94;140;467;41;75.63710499490315;8.587601;-4.985175
12.28;93;140;467;41;75.53516819571865;8.617409;-5.0101213
12.29;93;140;468;41;75.63710499490315;8.623989;-5.0215635
12.3;93;141;468;41;75.73904179408767;8.630552;-4.9966354
12.31;93;141;468;41;75.73904179408767;8.630552;-4.9966354
12.32;93;141;468;41;75.73904179408767;8.630552;-4.9966354
12.33;93;141;468;41;75.73904179408767;8.630552;-4.9966354
12.34;93;140;468;41;75.63710499490315;8.623989;-5.0215635
12.35;93;140;468;41;75.63710499490315;8.623989;-5.0215635
12.36;93;140;468;41;75.63710499490315;8.623989;-5.0215635
12.37;93;140;468;41;75.63710499490315;8.623989;-5.0215635
12.38;93;140;467;41;75.53516819571865;8.617409;-5.0101213
12.39;94;140;467;42;75.73904179408767;8.557874;-4.9966354
12.4;94;141;467;42;75.84097859327217;8.564516;-4.971774
12.41;95;141;467;42;75.94291539245667;8.5349;-4.94698
12.42;95;141;467;42;75.94291539245667;8.5349;-4.94698
12.43;96;142;467;42;76.14678899082568;8.512048;-4.89759
12.44;96;142;467;42;76.14678899082568;8.512048;-4.89759
12.45;96;142;467;42;76.14678899082568;8.512048;-4.89759
12.46;96;143;466;42;76.14678899082568;8.512048;-4.861446
12.47;97;143;466;42;76.24872579001018;8.48262;-4.8368983
12.48;97;143;465;41;76.04485219164118;8.505362;-4.813673
12.49;97;144;464;41;76.04485219164118;8.505362;-4.77748
12.5;98;144;464;41;76.14678899082568;8.4759035;-4.753012
12.51;98;144;463;40;75.94291539245667;8.498658;-4.7295303
12.52;98;144;463;40;75.94291539245667;8.498658;-4.7295303
12.53;99;144;462;40;75.94291539245667;8.462416;-4.693289
12.54;99;144;462;40;75.94291539245667;8.462416;-4.693289
12.55;99;144;462;39;75.84097859327217;8.491936;-4.681452
12.56;99;144;461;39;75.73904179408767;8.485195;-4.669583
12.57;99;144;461;39;75.73904179408767;8.485195;-4.669583
12.58;100;143;461;39;75.73904179408767;8.448856;-4.669583
12.59;100;143;460;39;75.63710499490315;8.442048;-4.657682
12.6;101;143;460;39;75.73904179408767;8.412517;-4.6332436
12.61;101;143;460;40;75.84097859327217;8.383064;-4.645161
12.62;102;144;460;40;76.04485219164118;8.36059;-4.5965147
12.63;103;144;459;40;76.04485219164118;8.324397;-4.560322
12.64;104;144;459;40;76.14678899082568;8.29518;-4.5361447
12.65;105;144;458;40;76.14678899082568;8.259036;-4.5
12.66;106;143;457;40;76.04485219164118;8.215817;-4.4879355
12.67;106;143;456;40;75.94291539245667;8.208725;-4.475839
12.68;107;143;455;40;75.94291539245667;8.172483;-4.439597
12.69;108;143;455;40;76.04485219164118;8.143432;-4.4155498
12.7;108;142;454;40;75.84097859327217;8.129032;-4.427419
12.71;109;142;453;41;75.94291539245667;8.063759;-4.4033556
12.72;109;142;453;41;75.94291539245667;8.063759;-4.4033556
12.73;110;141;452;41;75.84097859327217;8.020162;-4.391129
12.74;111;141;452;42;76.04485219164118;7.9624667;-4.3793564
12.75;111;140;451;42;75.84097859327217;7.947581;-4.391129
12.76;112;140;451;42;75.94291539245667;7.918792;-4.367114
12.77;112;139;450;42;75.73904179408767;7.9037685;-4.3788695
12.78;113;139;450;43;75.94291539245667;7.8463087;-4.367114
12.79;113;138;450;43;75.84097859327217;7.83871;-4.391129
12.8;114;138;449;44;75.94291539245667;7.7738256;-4.367114
12.81;114;137;449;44;75.84097859327217;7.766129;-4.391129
12.82;115;137;449;44;75.94291539245667;7.737584;-4.367114
12.83;115;136;449;45;75.94291539245667;7.701342;-4.4033556
12.84;116;136;449;45;76.04485219164118;7.672922;-4.3793564
12.85;116;135;449;46;76.04485219164118;7.6367292;-4.4155498
12.86;116;135;449;46;76.04485219164118;7.6367292;-4.4155498
12.87;117;135;449;46;76.14678899082568;7.6084337;-4.3915663
12.88;117;134;448;47;76.04485219164118;7.564343;-4.4155498
12.89;117;134;448;47;76.04485219164118;7.564343;-4.4155498
12.9;117;133;448;47;75.94291539245667;7.556376;-4.439597
12.91;118;133;448;48;76.14678899082568;7.5;-4.427711
12.92;118;132;448;48;76.04485219164118;7.491957;-4.4517426
12.93;118;132;447;48;75.94291539245667;7.4838924;-4.439597
12.94;118;131;447;49;75.94291539245667;7.447651;-4.475839
12.95;118;131;447;49;75.94291539245667;7.447651;-4.475839
12.96;119;130;447;49;75.94291539245667;7.4114094;-4.475839
12.97;119;130;447;50;76.04485219164118;7.383378;-4.4879355
12.98;119;129;446;50;75.84097859327217;7.3669353;-4.5
12.99;119;129;446;51;75.94291539245667;7.3389263;-4.5120807
13.0;119;128;446;51;75.84097859327217;7.330645;-4.53629
13.01;202;93;349;100;75.84097859327217;2.5403225;-2.794355
13.02;204;91;345;104;75.84097859327217;2.3225806;-2.794355
13.03;206;90;341;108;75.94291539245667;2.120134;-2.772483
13.04;207;88;337;112;75.84097859327217;1.923387;-2.794355
13.05;208;87;334;116;75.94291539245667;1.7577181;-2.8087249
13.06;209;85;331;120;75.94291539245667;1.5765101;-2.8449664
13.07;209;83;327;124;75.73904179408767;1.3990579;-2.8889637
13.08;210;82;324;128;75.84097859327217;1.233871;-2.903226
13.09;210;80;321;132;75.73904179408767;1.0720054;-2.961642
13.1;211;79;317;136;75.73904179408767;0.8903096;-2.961642
13.11;211;77;314;140;75.63710499490315;0.7277628;-3.0202157
13.12;211;75;311;144;75.53516819571865;0.5647773;-3.0789473
13.13;211;74;308;148;75.53516819571865;0.41902834;-3.1153846
13.14;211;72;305;152;75.43323139653414;0.2554054;-3.1743243
13.15;211;70;303;156;75.43323139653414;0.10945946;-3.2472973
13.16;210;69;301;160;75.43323139653414;0.0;-3.3202703
13.17;210;67;299;164;75.43323139653414;-0.14594595;-3.3932433
13.18;209;66;297;169;75.53516819571865;-0.27327934;-3.479757
13.19;209;64;296;173;75.63710499490315;-0.40026954;-3.5660377
13.2;208;63;294;177;75.63710499490315;-0.509434;-3.638814
13.21;207;61;292;181;75.53516819571865;-0.6376518;-3.7348177
13.22;206;59;290;185;75.43323139653414;-0.7662162;-3.8310812
13.23;205;58;288;190;75.53516819571865;-0.89271253;-3.917004
13.24;204;56;287;194;75.53516819571865;-1.0020243;-4.0263157
13.25;204;54;285;198;75.53516819571865;-1.1477733;-4.09919
13.26;203;52;283;203;75.53516819571865;-1.2935222;-4.208502
13.27;203;50;280;207;75.43323139653414;-1.4594594;-4.268919
13.28;203;48;278;212;75.53516819571865;-1.6214575;-4.354251
13.29;203;45;275;217;75.43323139653414;-1.8243244;-4.451351
13.3;204;43;272;222;75.53516819571865;-2.022267;-4.5
13.31;205;40;269;228;75.63710499490315;-2.2560647;-4.5849056
13.32;208;37;265;235;75.94291539245667;-2.5550334;-4.6208053
13.33;211;34;259;242;76.04485219164118;-2.8954422;-4.6327076
13.34;215;31;252;250;76.24872579001018;-3.2847593;-4.620321
13.35;219;27;245;258;76.3506625891947;-3.6949265;-4.6321764
13.36;223;23;237;267;76.4525993883792;-4.14;-4.644
13.37;228;19;228;275;76.4525993883792;-4.608;-4.608
13.38;232;15;219;283;76.3506625891947;-5.064753;-4.596128
13.39;236;11;209;290;76.04485219164118;-5.5375333;-4.560322
13.4;240;7;199;297;75.73904179408767;-6.014132;-4.524226
13.41;244;3;189;304;75.43323139653414;-6.4945946;-4.487838
13.42;248;1;179;311;75.33129459734964;-6.9235454;-4.402571
13.43;249;0;167;321;75.12742099898063;-7.3819537;-4.3778834
13.44;250;0;157;331;75.22935779816514;-7.756098;-4.3536587
13.45;251;0;149;341;75.53516819571865;-8.07085;-4.354251
13.46;252;0;143;350;75.94291539245667;-8.31745;-4.367114
13.47;252;0;138;359;76.3506625891947;-8.525367;-4.415888
13.48;254;0;136;367;77.16615698267074;-8.649274;-4.4405546
13.49;255;0;135;373;77.77777777777777;-8.722805;-4.476409
13.5;256;0;134;378;78.2874617737003;-8.7890625;-4.5
13.51;256;0;134;381;78.59327217125382;-8.807393;-4.5350194
13.52;256;0;134;384;78.89908256880733;-8.825582;-4.5697675
13.53;256;0;134;384;78.89908256880733;-8.825582;-4.5697675
13.54;254;0;133;384;78.59327217125382;-8.842412;-4.605058
13.55;252;0;133;383;78.2874617737003;-8.824219;-4.640625
13.56;250;0;132;382;77.87971457696229;-8.835078;-4.6649213
13.57;248;0;131;381;77.47196738022426;-8.846052;-4.6894736
13.58;246;0;130;381;77.16615698267074;-8.8632765;-4.7258916
13.59;245;0;130;381;77.06422018348623;-8.857142;-4.75
13.6;244;0;129;382;76.96228338430173;-8.886755;-4.7741723
13.61;242;0;129;384;76.96228338430173;-8.886755;-4.8456955
13.62;242;0;129;384;76.96228338430173;-8.886755;-4.8456955
13.63;241;0;129;384;76.86034658511723;-8.880636;-4.8700266
13.64;240;0;129;383;76.65647298674821;-8.868351;-4.882979
13.65;240;0;129;382;76.55453618756371;-8.862184;-4.871505
13.66;239;0;128;379;76.04485219164118;-8.867292;-4.849866
13.67;238;0;128;376;75.63710499490315;-8.842319;-4.8396225
13.68;238;0;127;373;75.22935779816514;-8.853659;-4.792683
13.69;237;0;126;370;74.71967380224261;-8.858799;-4.770123
13.7;237;0;126;367;74.4138634046891;-8.839726;-4.7342467
13.71;236;0;125;364;73.90417940876657;-8.844828;-4.7110343
13.72;236;0;124;361;73.49643221202854;-8.856449;-4.662275
13.73;235;0;124;359;73.19062181447502;-8.837048;-4.6629524
13.74;235;0;124;357;72.98674821610601;-8.824022;-4.638268
13.75;234;0;124;356;72.782874617737;-8.810925;-4.6512604
13.76;234;0;124;355;72.6809378185525;-8.804348;-4.6388497
13.77;233;0;124;355;72.579001019368;-8.797752;-4.6643257
13.78;232;0;125;355;72.579001019368;-8.759831;-4.702247
13.79;231;0;125;355;72.47706422018348;-8.753164;-4.727848
13.8;231;0;125;356;72.579001019368;-8.759831;-4.7401686
13.81;230;0;126;357;72.6809378185525;-8.728612;-4.790323
13.82;229;0;127;359;72.88481141692151;-8.704196;-4.8524475
13.83;229;0;127;360;72.98674821610601;-8.710894;-4.8645253
13.84;228;0;128;361;73.08868501529052;-8.679916;-4.914226
13.85;227;0;128;362;73.08868501529052;-8.679916;-4.951883
13.86;227;0;129;365;73.49643221202854;-8.6692095;-4.9993067
13.87;226;0;131;367;73.80224260958205;-8.614641;-5.071823
13.88;226;0;132;369;74.10805300713557;-8.597662;-5.1066027
13.89;226;0;132;371;74.31192660550458;-8.611111;-5.1296296
13.9;226;0;133;372;74.5158002038736;-8.587551;-5.1525307
13.91;226;0;133;373;74.6177370030581;-8.594262;-5.163934
13.92;227;0;134;374;74.92354740061161;-8.577551;-5.1612244
13.93;228;0;134;374;75.02548419979613;-8.584239;-5.1358695
13.94;228;0;133;373;74.82161060142711;-8.60763;-5.113079
13.95;229;0;133;372;74.82161060142711;-8.60763;-5.0762944
13.96;229;0;132;370;74.5158002038736;-8.624487;-5.0417237
13.97;230;0;132;368;74.4138634046891;-8.617808;-4.9931507
13.98;231;0;132;366;74.31192660550458;-8.611111;-4.9444447
13.99;232;0;131;363;74.00611620795107;-8.628099;-4.871901
14.0;233;0;131;360;73.80224260958205;-8.614641;-4.8107734
14.01;235;0;130;358;73.70030581039755;-8.645228;-4.7240663
14.02;236;0;130;356;73.59836901121304;-8.638504;-4.6745152
14.03;236;0;129;355;73.39449541284404;-8.6625;-4.65
14.04;237;0;128;355;73.39449541284404;-8.7;-4.6125
14.05;237;0;127;354;73.19062181447502;-8.724234;-4.5877438
14.06;236;0;125;352;72.6809378185525;-8.7664795;-4.5631137
14.07;236;0;124;348;72.17125382262996;-8.771187;-4.5
14.08;235;0;121;342;71.1518858307849;-8.819485;-4.4097424
14.09;234;0;118;334;69.92864424057085;-8.855685;-4.2900877
14.1;233;0;115;325;68.60346585117227;-8.88633;-4.152303
14.11;232;0;112;315;67.17635066258919;-8.911229;-3.994689
14.12;230;0;110;306;65.85117227319061;-8.902476;-3.886997
14.13;229;0;107;296;64.42405708460754;-8.928798;-3.716772
14.14;227;0;104;287;62.99694189602446;-8.95631;-3.5825243
14.15;224;0;101;277;61.36595310907237;-8.970099;-3.4534883
14.16;221;0;98;267;59.734964322120284;-8.984642;-3.3174062
14.17;217;0;95;258;58.103975535168196;-9.0;-3.2210526
14.18;211;0;92;249;56.269113149847094;-9.0;-3.1793478
14.19;204;0;89;240;54.332313965341484;-8.991557;-3.1660414
14.2;197;0;85;229;52.08970438328236;-9.008806;-3.090998
14.21;189;0;82;218;49.847094801223236;-8.972393;-3.0644171
14.22;183;0;79;205;47.60448521916412;-8.9325485;-2.9197001
14.23;178;0;75;192;45.361875637104994;-8.949438;-2.7
14.24;173;0;72;179;43.22120285423038;-8.915094;-2.4834905
14.25;169;0;69;166;41.18246687054026;-8.888614;-2.2054455
14.26;165;0;66;154;39.24566768603466;-8.8714285;-1.9285715
14.27;160;0;62;143;37.20693170234455;-8.913698;-1.6643835
14.28;155;0;59;133;35.372069317023445;-8.909222;-1.4394813
14.29;149;0;56;124;33.53720693170234;-8.904255;-1.2720364
14.3;143;0;53;116;31.804281345565748;-8.913462;-1.125
14.31;135;0;50;108;29.867482161060142;-8.892491;-1.059727
14.32;127;0;47;101;28.03261977573904;-8.885454;-1.0309091
14.33;119;0;44;94;26.19775739041794;-8.877432;-0.9980545
14.34;111;0;41;86;24.260958205912335;-8.84874;-0.90756303
14.35;104;0;38;78;22.426095820591232;-8.836364;-0.73636365
14.36;98;0;34;69;20.489296636085626;-8.932836;-0.33582088
14.37;92;0;31;60;18.654434250764524;-8.9262295;0.07377049
14.38;86;0;27;51;16.717635066258918;-9.054878;0.6585366
14.39;80;0;24;42;14.882772680937817;-9.061644;1.2945205
14.4;74;0;21;33;13.047910295616717;-9.0703125;2.109375
14.41;69;0;18;26;11.518858307849133;-9.199115;2.9867256
14.42;63;0;16;21;10.19367991845056;-9.18;3.51
14.43;58;0;14;16;8.970438328236494;-9.204545;4.2954545
14.44;53;0;13;13;8.053007135575942;-9.056962;4.613924
14.45;48;0;11;10;7.033639143730887;-9.195652;5.2826085
14.46;44;0;10;8;6.320081549439347;-9.145162;5.66129
14.47;39;0;9;6;5.504587155963303;-9.0;6.0
14.48;35;0;8;5;4.892966360856269;-9.0;6.1875
14.49;32;0;7;4;4.3832823649337405;-9.104651;6.5930233
14.5;29;0;7;3;3.9755351681957185;-8.653846;6.576923
14.51;25;0;6;3;3.4658511722731906;-8.735294;6.352941
14.52;22;0;5;2;2.9561671763506623;-8.844828;6.9827585
14.53;20;0;5;2;2.7522935779816513;-8.5;6.5
14.54;17;0;4;1;2.2426095820591234;-8.590909;7.3636365
14.55;14;0;4;1;1.9367991845056065;-7.8157897;6.394737
14.56;11;0;3;1;1.529051987767584;-8.1;6.3
14.57;8;0;2;1;1.1213047910295617;-8.590909;6.1363635
14.58;6;0;2;0;0.8154943934760448;-6.75;6.75
14.59;3;0;1;0;0.4077471967380224;-6.75;6.75
14.6;2;0;0;0;0.2038735983690112;-13.5;13.5
14.61;1;0;0;0;0.1019367991845056;-13.5;13.5
14.62;0;0;0;0;0.0;0.0;0.0
14.63;0;0;0;0;0.0;0.0;0.0
14.64;0;0;0;0;0.0;0.0;0.0
14.65;0;0;0;0;0.0;0.0;0.0
14.66;0;0;0;0;0.0;0.0;0.0
14.67;0;0;0;0;0.0;0.0;0.0
14.68;0;0;0;0;0.0;0.0;0.0
14.69;0;0;0;0;0.0;0.0;0.0
14.7;0;0;0;0;0.0;0.0;0.0
14.71;0;0;0;0;0.0;0.0;0.0
14.72;0;0;0;0;0.0;0.0;0.0
14.73;0;0;0;0;0.0;0.0;0.0
14.74;0;0;0;0;0.0;0.0;0.0
14.75;0;0;0;0;0.0;0.0;0.0
14.76;0;0;0;0;0.0;0.0;0.0
14.77;0;0;0;0;0.0;0.0;0.0
14.78;0;0;0;0;0.0;0.0;0.0
14.79;0;0;0;0;0.0;0.0;0.0
14.8;0;0;0;0;0.0;0.0;0.0
14.81;0;0;0;0;0.0;0.0;0.0
14.82;0;0;0;0;0.0;0.0;0.0
14.83;0;0;0;0;0.0;0.0;0.0
14.84;0;0;0;0;0.0;0.0;0.0
14.85;0;0;0;0;0.0;0.0;0.0
14.86;0;0;0;0;0.0;0.0;0.0
14.87;0;0;0;0;0.0;0.0;0.0
14.88;0;0;0;0;0.0;0.0;0.0
14.89;0;0;0;0;0.0;0.0;0.0
14.9;0;0;0;0;0.0;0.0;0.0
14.91;0;0;0;0;0.0;0.0;0.0
14.92;0;0;0;0;0.0;0.0;0.0
14.93;0;0;0;0;0.0;0.0;0.0
14.94;0;0;0;0;0.0;0.0;0.0
14.95;0;0;0;0;0.0;0.0;0.0
14.96;0;0;0;0;0.0;0.0;0.0
14.97;0;0;0;0;0.0;0.0;0.0
14.98;0;0;0;0;0.0;0.0;0.0
14.99;0;0;0;0;0.0;0.0;0.0
15.0;0;0;0;0;0.0;0.0;0.0
15.01;0;0;0;0;0.0;0.0;0.0
15.02;0;0;0;0;0.0;0.0;0.0
15.03;0;0;0;0;0.0;0.0;0.0
15.04;0;0;0;0;0.0;0.0;0.0
15.05;0;0;0;0;0.0;0.0;0.0
15.06;0;0;0;0;0.0;0.0;0.0
15.07;0;0;0;0;0.0;0.0;0.0
15.08;0;0;0;0;0.0;0.0;0.0
15.09;0;0;0;0;0.0;0.0;0.0
15.1;0;0;0;0;0.0;0.0;0.0
15.11;0;0;0;0;0.0;0.0;0.0
15.12;0;0;0;0;0.0;0.0;0.0
15.13;0;0;0;0;0.0;0.0;0.0
15.14;0;0;0;0;0.0;0.0;0.0
15.15;0;0;0;0;0.0;0.0;0.0
15.16;0;0;0;0;0.0;0.0;0.0
15.17;0;0;0;0;0.0;0.0;0.0
15.18;0;0;0;0;0.0;0.0;0.0
15.19;0;0;0;0;0.0;0.0;0.0
15.2;0;0;0;0;0.0;0.0;0.0
15.21;0;0;0;0;0.0;0.0;0.0
15.22;0;0;0;0;0.0;0.0;0.0
15.23;0;0;0;0;0.0;0.0;0.0
15.24;0;0;0;0;0.0;0.0;0.0
15.25;0;0;0;0;0.0;0.0;0.0
15.26;0;0;0;0;0.0;0.0;0.0
15.27;0;0;0;0;0.0;0.0;0.0
15.28;0;0;0;0;0.0;0.0;0.0
15.29;0;0;0;0;0.0;0.0;0.0
15.3;0;0;0;0;0.0;0.0;0.0
15.31;0;0;0;0;0.0;0.0;0.0
15.32;0;0;0;0;0.0;0.0;0.0
15.33;0;0;0;0;0.0;0.0;0.0
15.34;0;0;0;0;0.0;0.0;0.0
15.35;0;0;0;0;0.0;0.0;0.0
15.36;0;0;0;0;0.0;0.0;0.0
15.37;0;0;0;0;0.0;0.0;0.0
15.38;0;0;0;0;0.0;0.0;0.0
15.39;0;0;0;0;0.0;0.0;0.0
15.4;0;0;0;0;0.0;0.0;0.0
15.41;0;0;0;0;0.0;0.0;0.0
15.42;0;0;0;0;0.0;0.0;0.0
15.43;0;0;0;0;0.0;0.0;0.0
15.44;0;0;0;0;0.0;0.0;0.0
15.45;0;0;0;0;0.0;0.0;0.0
15.46;0;0;0;0;0.0;0.0;0.0
15.47;0;0;0;0;0.0;0.0;0.0
15.48;0;0;0;0;0.0;0.0;0.0
15.49;0;0;0;0;0.0;0.0;0.0
15.5;0;0;0;0;0.0;0.0;0.0
15.51;0;0;0;0;0.0;0.0;0.0
15.52;0;0;0;0;0.0;0.0;0.0
15.53;0;0;0;0;0.0;0.0;0.0
15.54;0;0;0;0;0.0;0.0;0.0
15.55;0;0;0;0;0.0;0.0;0.0
15.56;0;0;0;0;0.0;0.0;0.0
15.57;0;0;0;0;0.0;0.0;0.0
15.58;0;0;0;0;0.0;0.0;0.0
15.59;0;0;0;0;0.0;0.0;0.0
15.6;0;0;0;0;0.0;0.0;0.0
15.61;0;0;0;0;0.0;0.0;0.0
15.62;0;0;0;0;0.0;0.0;0.0
15.63;0;0;0;0;0.0;0.0;0.0
15.64;0;0;0;0;0.0;0.0;0.0
15.65;0;0;0;0;0.0;0.0;0.0
15.66;0;0;0;0;0.0;0.0;0.0
15.67;0;0;0;0;0.0;0.0;0.0
15.68;0;0;0;0;0.0;0.0;0.0
15.69;0;0;0;0;0.0;0.0;0.0
15.7;0;0;0;0;0.0;0.0;0.0
15.71;0;0;0;0;0.0;0.0;0.0
15.72;0;0;0;0;0.0;0.0;0.0
15.73;0;0;0;0;0.0;0.0;0.0
15.74;0;0;0;0;0.0;0.0;0.0
15.75;0;0;0;0;0.0;0.0;0.0
15.76;0;0;0;0;0.0;0.0;0.0
15.77;0;0;0;0;0.0;0.0;0.0
15.78;0;0;0;0;0.0;0.0;0.0
15.79;0;0;0;0;0.0;0.0;0.0
15.8;0;0;0;0;0.0;0.0;0.0
15.81;0;0;0;0;0.0;0.0;0.0
15.82;0;0;0;0;0.0;0.0;0.0
15.83;0;0;0;0;0.0;0.0;0.0
15.84;0;0;0;0;0.0;0.0;0.0
15.85;0;0;0;0;0.0;0.0;0.0
15.86;0;0;0;0;0.0;0.0;0.0
15.87;0;0;0;0;0.0;0.0;0.0
15.88;0;0;0;0;0.0;0.0;0.0
15.89;0;0;0;0;0.0;0.0;0.0
15.9;0;0;0;0;0.0;0.0;0.0
15.91;0;0;0;0;0.0;0.0;0.0
15.92;0;0;0;0;0.0;0.0;0.0
15.93;0;0;0;0;0.0;0.0;0.0
15.94;0;0;0;0;0.0;0.0;0.0
15.95;0;0;0;0;0.0;0.0;0.0
15.96;0;0;0;0;0.0;0.0;0.0
15.97;0;0;0;0;0.0;0.0;0.0
15.98;0;0;0;0;0.0;0.0;0.0
15.99;0;0;0;0;0.0;0.0;0.0
16.0;0;0;0;0;0.0;0.0;0.0
16.01;0;0;0;0;0.0;0.0;0.0
16.02;0;0;0;0;0.0;0.0;0.0
16.03;0;0;0;0;0.0;0.0;0.0
16.04;0;0;0;0;0.0;0.0;0.0
16.05;0;0;0;0;0.0;0.0;0.0
16.06;0;0;0;0;0.0;0.0;0.0
16.07;0;0;0;0;0.0;0.0;0.0
16.08;0;0;0;0;0.0;0.0;0.0
16.09;0;0;0;0;0.0;0.0;0.0
16.1;0;0;0;0;0.0;0.0;0.0
16.11;0;0;0;0;0.0;0.0;0.0
16.12;0;0;0;0;0.0;0.0;0.0
16.13;0;0;0;0;0.0;0.0;0.0
16.14;0;0;0;0;0.0;0.0;0.0
16.15;0;0;0;0;0.0;0.0;0.0
16.16;0;0;0;0;0.0;0.0;0.0
16.17;0;0;0;0;0.0;0.0;0.0
16.18;0;0;0;0;0.0;0.0;0.0
16.19;0;0;0;0;0.0;0.0;0.0
16.2;0;0;0;0;0.0;0.0;0.0
16.21;0;0;0;0;0.0;0.0;0.0
16.22;0;0;0;0;0.0;0.0;0.0
16.23;0;0;0;0;0.0;0.0;0.0
16.24;0;0;0;0;0.0;0.0;0.0
16.25;0;0;0;0;0.0;0.0;0.0
16.26;0;0;0;0;0.0;0.0;0.0
16.27;0;0;0;0;0.0;0.0;0.0
16.28;0;0;0;0;0.0;0.0;0.0
16.29;0;0;0;0;0.0;0.0;0.0
16.3;0;0;0;0;0.0;0.0;0.0
16.31;0;0;0;0;0.0;0.0;0.0
16.32;0;0;0;0;0.0;0.0;0.0
16.33;0;0;0;0;0.0;0.0;0.0
16.34;0;0;0;0;0.0;0.0;0.0
16.35;0;0;0;0;0.0;0.0;0.0
16.36;0;0;0;0;0.0;0.0;0.0
16.37;0;0;0;0;0.0;0.0;0.0
16.38;0;0;0;0;0.0;0.0;0.0
16.39;0;0;0;0;0.0;0.0;0.0
16.4;0;0;0;0;0.0;0.0;0.0
16.41;0;0;0;0;0.0;0.0;0.0
16.42;0;0;0;0;0.0;0.0;0.0
16.43;0;0;0;0;0.0;0.0;0.0
16.44;0;0;0;0;0.0;0.0;0.0
16.45;0;0;0;0;0.0;0.0;0.0
16.46;0;0;0;0;0.0;0.0;0.0
16.47;0;0;0;0;0.0;0.0;0.0
16.48;0;0;0;0;0.0;0.0;0.0
16.49;0;0;0;0;0.0;0.0;0.0
16.5;0;0;0;0;0.0;0.0;0.0
16.51;0;0;0;0;0.0;0.0;0.0
16.52;0;0;0;0;0.0;0.0;0.0
16.53;0;0;0;0;0.0;0.0;0.0
16.54;0;0;0;0;0.0;0.0;0.0
16.55;0;0;0;0;0.0;0.0;0.0
16.56;0;0;0;0;0.0;0.0;0.0
16.57;0;0;0;0;0.0;0.0;0.0
16.58;0;0;0;0;0.0;0.0;0.0
