 Height:  Visitor ;  Weight:  Visitor ;  Age:  -1 ;  Gender:  Visitor; name: milana; color: green; situation: one leg
Temps (s);F1 (N);F2 (N);F3 (N);F4 (N);Fz (kg);ML (cm);AP (cm);Poids (kg);Instant apparition poids (s);Score equilibre;Vitesse de la phase de montee;Surface du stabilogramme;Vitesse de deplacement du centre des pressions;Phase de stabilisation
0.01;0;0;0;0;0.0;0.0;0.0;72.782874617737;14.83;8;3;1;0;4; 110.78414401938718; 10.300765090143868; 8.070716642487497; 1.7944162193504485
0.02;0;0;0;0;0.0;0.0;0.0
0.03;0;0;0;0;0.0;0.0;0.0
0.04;0;0;0;0;0.0;0.0;0.0
0.05;0;0;0;0;0.0;0.0;0.0
0.06;0;0;0;0;0.0;0.0;0.0
0.07;0;0;0;0;0.0;0.0;0.0
0.08;0;0;0;0;0.0;0.0;0.0
0.09;0;0;0;0;0.0;0.0;0.0
0.1;0;0;0;0;0.0;0.0;0.0
0.11;0;0;0;0;0.0;0.0;0.0
0.12;0;0;0;0;0.0;0.0;0.0
0.13;0;0;0;0;0.0;0.0;0.0
0.14;0;0;0;0;0.0;0.0;0.0
0.15;0;0;0;0;0.0;0.0;0.0
0.16;0;0;0;0;0.0;0.0;0.0
0.17;0;0;0;0;0.0;0.0;0.0
0.18;0;0;0;0;0.0;0.0;0.0
0.19;0;0;0;0;0.0;0.0;0.0
0.2;0;0;0;0;0.0;0.0;0.0
0.21;0;0;0;0;0.0;0.0;0.0
0.22;0;0;0;0;0.0;0.0;0.0
0.23;0;0;0;0;0.0;0.0;0.0
0.24;0;0;0;0;0.0;0.0;0.0
0.25;0;0;0;0;0.0;0.0;0.0
0.26;0;0;0;0;0.0;0.0;0.0
0.27;0;0;0;0;0.0;0.0;0.0
0.28;0;0;0;0;0.0;0.0;0.0
0.29;0;0;0;0;0.0;0.0;0.0
0.3;0;0;0;0;0.0;0.0;0.0
0.31;0;0;0;0;0.0;0.0;0.0
0.32;0;0;0;0;0.0;0.0;0.0
0.33;0;0;0;0;0.0;0.0;0.0
0.34;0;0;0;0;0.0;0.0;0.0
0.35;0;0;0;0;0.0;0.0;0.0
0.36;0;0;0;0;0.0;0.0;0.0
0.37;0;0;0;0;0.0;0.0;0.0
0.38;0;0;0;0;0.0;0.0;0.0
0.39;0;0;0;0;0.0;0.0;0.0
0.4;0;0;0;0;0.0;0.0;0.0
0.41;0;0;0;0;0.0;0.0;0.0
0.42;0;0;0;0;0.0;0.0;0.0
0.43;0;0;0;0;0.0;0.0;0.0
0.44;0;0;0;0;0.0;0.0;0.0
0.45;0;0;0;0;0.0;0.0;0.0
0.46;0;0;0;0;0.0;0.0;0.0
0.47;0;0;0;0;0.0;0.0;0.0
0.48;0;0;0;0;0.0;0.0;0.0
0.49;0;0;0;0;0.0;0.0;0.0
0.5;0;0;0;0;0.0;0.0;0.0
0.51;0;0;0;0;0.0;0.0;0.0
0.52;0;0;0;0;0.0;0.0;0.0
0.53;0;0;0;0;0.0;0.0;0.0
0.54;0;0;0;0;0.0;0.0;0.0
0.55;0;0;0;0;0.0;0.0;0.0
0.56;0;0;0;0;0.0;0.0;0.0
0.57;0;0;0;0;0.0;0.0;0.0
0.58;0;0;0;0;0.0;0.0;0.0
0.59;0;0;0;0;0.0;0.0;0.0
0.6;0;0;0;0;0.0;0.0;0.0
0.61;0;0;0;0;0.0;0.0;0.0
0.62;0;0;0;0;0.0;0.0;0.0
0.63;0;0;0;0;0.0;0.0;0.0
0.64;0;0;0;0;0.0;0.0;0.0
0.65;0;0;0;0;0.0;0.0;0.0
0.66;0;0;0;0;0.0;0.0;0.0
0.67;0;0;0;0;0.0;0.0;0.0
0.68;0;0;0;0;0.0;0.0;0.0
0.69;0;0;0;0;0.0;0.0;0.0
0.7;0;0;0;0;0.0;0.0;0.0
0.71;0;0;0;0;0.0;0.0;0.0
0.72;0;0;0;0;0.0;0.0;0.0
0.73;0;0;0;0;0.0;0.0;0.0
0.74;0;0;0;0;0.0;0.0;0.0
0.75;0;0;0;0;0.0;0.0;0.0
0.76;0;0;0;0;0.0;0.0;0.0
0.77;0;0;0;0;0.0;0.0;0.0
0.78;0;0;0;0;0.0;0.0;0.0
0.79;0;0;0;0;0.0;0.0;0.0
0.8;0;0;0;0;0.0;0.0;0.0
0.81;0;0;0;0;0.0;0.0;0.0
0.82;0;0;0;0;0.0;0.0;0.0
0.83;0;0;0;0;0.0;0.0;0.0
0.84;0;0;0;0;0.0;0.0;0.0
0.85;0;0;0;0;0.0;0.0;0.0
0.86;0;0;0;0;0.0;0.0;0.0
0.87;0;0;0;0;0.0;0.0;0.0
0.88;0;0;0;0;0.0;0.0;0.0
0.89;0;0;0;0;0.0;0.0;0.0
0.9;0;0;0;0;0.0;0.0;0.0
0.91;0;0;0;0;0.0;0.0;0.0
0.92;0;0;0;0;0.0;0.0;0.0
0.93;0;0;0;0;0.0;0.0;0.0
0.94;0;0;0;0;0.0;0.0;0.0
0.95;0;0;0;0;0.0;0.0;0.0
0.96;0;0;0;0;0.0;0.0;0.0
0.97;0;0;0;0;0.0;0.0;0.0
0.98;0;0;0;0;0.0;0.0;0.0
0.99;0;0;0;0;0.0;0.0;0.0
1.0;0;0;0;0;0.0;0.0;0.0
1.01;0;0;0;0;0.0;0.0;0.0
1.02;0;0;0;0;0.0;0.0;0.0
1.03;0;0;0;0;0.0;0.0;0.0
1.04;0;0;0;0;0.0;0.0;0.0
1.05;0;0;0;0;0.0;0.0;0.0
1.06;0;0;0;0;0.0;0.0;0.0
1.07;0;0;0;0;0.0;0.0;0.0
1.08;0;0;0;0;0.0;0.0;0.0
1.09;0;0;0;0;0.0;0.0;0.0
1.1;0;0;0;0;0.0;0.0;0.0
1.11;0;0;0;0;0.0;0.0;0.0
1.12;0;0;0;0;0.0;0.0;0.0
1.13;0;0;0;0;0.0;0.0;0.0
1.14;0;0;0;0;0.0;0.0;0.0
1.15;0;0;0;0;0.0;0.0;0.0
1.16;0;0;0;0;0.0;0.0;0.0
1.17;0;0;0;0;0.0;0.0;0.0
1.18;0;0;0;0;0.0;0.0;0.0
1.19;0;0;0;0;0.0;0.0;0.0
1.2;0;0;0;0;0.0;0.0;0.0
1.21;0;0;0;0;0.0;0.0;0.0
1.22;0;0;0;0;0.0;0.0;0.0
1.23;0;0;0;0;0.0;0.0;0.0
1.24;0;0;0;0;0.0;0.0;0.0
1.25;0;0;0;0;0.0;0.0;0.0
1.26;0;0;0;0;0.0;0.0;0.0
1.27;0;0;0;0;0.0;0.0;0.0
1.28;0;0;0;0;0.0;0.0;0.0
1.29;0;0;0;0;0.0;0.0;0.0
1.3;0;0;0;0;0.0;0.0;0.0
1.31;0;0;0;0;0.0;0.0;0.0
1.32;0;0;0;0;0.0;0.0;0.0
1.33;0;0;0;0;0.0;0.0;0.0
1.34;0;0;0;0;0.0;0.0;0.0
1.35;0;0;0;0;0.0;0.0;0.0
1.36;0;0;0;0;0.0;0.0;0.0
1.37;0;0;0;0;0.0;0.0;0.0
1.38;0;0;0;0;0.0;0.0;0.0
1.39;0;0;0;0;0.0;0.0;0.0
1.4;0;0;0;0;0.0;0.0;0.0
1.41;0;0;0;0;0.0;0.0;0.0
1.42;0;0;0;0;0.0;0.0;0.0
1.43;0;0;0;0;0.0;0.0;0.0
1.44;0;0;0;0;0.0;0.0;0.0
1.45;0;0;0;0;0.0;0.0;0.0
1.46;0;0;0;0;0.0;0.0;0.0
1.47;0;0;0;0;0.0;0.0;0.0
1.48;0;0;0;0;0.0;0.0;0.0
1.49;0;0;0;0;0.0;0.0;0.0
1.5;0;0;0;0;0.0;0.0;0.0
1.51;0;0;0;0;0.0;0.0;0.0
1.52;0;0;0;0;0.0;0.0;0.0
1.53;0;0;0;0;0.0;0.0;0.0
1.54;0;0;0;0;0.0;0.0;0.0
1.55;0;0;0;0;0.0;0.0;0.0
1.56;0;0;0;0;0.0;0.0;0.0
1.57;0;0;0;0;0.0;0.0;0.0
1.58;0;0;0;0;0.0;0.0;0.0
1.59;0;0;0;0;0.0;0.0;0.0
1.6;0;0;0;0;0.0;0.0;0.0
1.61;0;0;0;0;0.0;0.0;0.0
1.62;0;0;0;0;0.0;0.0;0.0
1.63;0;0;0;0;0.0;0.0;0.0
1.64;0;0;0;0;0.0;0.0;0.0
1.65;0;0;0;0;0.0;0.0;0.0
1.66;0;0;0;0;0.0;0.0;0.0
1.67;0;0;0;0;0.0;0.0;0.0
1.68;0;0;0;0;0.0;0.0;0.0
1.69;0;0;0;0;0.0;0.0;0.0
1.7;0;0;0;0;0.0;0.0;0.0
1.71;0;0;0;0;0.0;0.0;0.0
1.72;0;0;0;0;0.0;0.0;0.0
1.73;0;0;0;0;0.0;0.0;0.0
1.74;0;0;0;0;0.0;0.0;0.0
1.75;0;0;0;0;0.0;0.0;0.0
1.76;0;0;0;0;0.0;0.0;0.0
1.77;0;0;0;0;0.0;0.0;0.0
1.78;0;0;0;0;0.0;0.0;0.0
1.79;0;0;0;0;0.0;0.0;0.0
1.8;0;0;0;0;0.0;0.0;0.0
1.81;0;0;0;0;0.0;0.0;0.0
1.82;0;0;0;0;0.0;0.0;0.0
1.83;0;0;0;0;0.0;0.0;0.0
1.84;0;0;0;0;0.0;0.0;0.0
1.85;0;0;0;0;0.0;0.0;0.0
1.86;0;0;0;0;0.0;0.0;0.0
1.87;0;0;0;0;0.0;0.0;0.0
1.88;0;0;0;0;0.0;0.0;0.0
1.89;0;0;0;0;0.0;0.0;0.0
1.9;0;0;0;0;0.0;0.0;0.0
1.91;0;0;0;0;0.0;0.0;0.0
1.92;0;0;0;0;0.0;0.0;0.0
1.93;0;0;0;0;0.0;0.0;0.0
1.94;0;0;0;0;0.0;0.0;0.0
1.95;0;0;0;0;0.0;0.0;0.0
1.96;0;0;0;0;0.0;0.0;0.0
1.97;0;0;0;0;0.0;0.0;0.0
1.98;0;0;0;0;0.0;0.0;0.0
1.99;0;0;0;0;0.0;0.0;0.0
2.0;0;0;0;0;0.0;0.0;0.0
2.01;0;0;0;0;0.0;0.0;0.0
2.02;0;0;0;0;0.0;0.0;0.0
2.03;0;0;0;0;0.0;0.0;0.0
2.04;0;0;0;0;0.0;0.0;0.0
2.05;0;0;0;0;0.0;0.0;0.0
2.06;0;0;0;0;0.0;0.0;0.0
2.07;0;0;0;0;0.0;0.0;0.0
2.08;0;0;0;0;0.0;0.0;0.0
2.09;0;0;0;0;0.0;0.0;0.0
2.1;0;0;0;0;0.0;0.0;0.0
2.11;0;0;0;0;0.0;0.0;0.0
2.12;0;0;0;0;0.0;0.0;0.0
2.13;0;0;0;0;0.0;0.0;0.0
2.14;0;0;0;0;0.0;0.0;0.0
2.15;0;0;0;0;0.0;0.0;0.0
2.16;0;0;0;0;0.0;0.0;0.0
2.17;0;0;0;0;0.0;0.0;0.0
2.18;0;0;0;0;0.0;0.0;0.0
2.19;0;0;0;0;0.0;0.0;0.0
2.2;0;0;0;0;0.0;0.0;0.0
2.21;0;0;0;0;0.0;0.0;0.0
2.22;0;0;0;0;0.0;0.0;0.0
2.23;0;0;0;0;0.0;0.0;0.0
2.24;0;0;0;0;0.0;0.0;0.0
2.25;0;0;0;0;0.0;0.0;0.0
2.26;0;0;0;0;0.0;0.0;0.0
2.27;0;0;0;0;0.0;0.0;0.0
2.28;0;0;0;0;0.0;0.0;0.0
2.29;0;0;0;0;0.0;0.0;0.0
2.3;0;0;0;0;0.0;0.0;0.0
2.31;0;0;0;0;0.0;0.0;0.0
2.32;0;0;0;0;0.0;0.0;0.0
2.33;0;0;0;0;0.0;0.0;0.0
2.34;0;0;0;0;0.0;0.0;0.0
2.35;0;0;0;0;0.0;0.0;0.0
2.36;0;0;0;0;0.0;0.0;0.0
2.37;0;0;0;0;0.0;0.0;0.0
2.38;0;0;0;0;0.0;0.0;0.0
2.39;0;0;0;0;0.0;0.0;0.0
2.4;0;0;0;0;0.0;0.0;0.0
2.41;0;0;0;0;0.0;0.0;0.0
2.42;0;0;0;0;0.0;0.0;0.0
2.43;0;0;0;0;0.0;0.0;0.0
2.44;0;0;0;0;0.0;0.0;0.0
2.45;0;0;0;0;0.0;0.0;0.0
2.46;0;0;0;0;0.0;0.0;0.0
2.47;0;0;0;0;0.0;0.0;0.0
2.48;0;0;0;0;0.0;0.0;0.0
2.49;0;0;0;0;0.0;0.0;0.0
2.5;0;0;0;0;0.0;0.0;0.0
2.51;0;0;0;0;0.0;0.0;0.0
2.52;0;0;0;0;0.0;0.0;0.0
2.53;0;0;0;0;0.0;0.0;0.0
2.54;0;0;0;0;0.0;0.0;0.0
2.55;0;0;0;0;0.0;0.0;0.0
2.56;0;0;0;0;0.0;0.0;0.0
2.57;0;0;0;0;0.0;0.0;0.0
2.58;0;0;0;0;0.0;0.0;0.0
2.59;0;0;0;0;0.0;0.0;0.0
2.6;0;0;0;0;0.0;0.0;0.0
2.61;0;0;0;0;0.0;0.0;0.0
2.62;0;0;0;0;0.0;0.0;0.0
2.63;0;0;0;0;0.0;0.0;0.0
2.64;0;0;0;0;0.0;0.0;0.0
2.65;0;0;0;0;0.0;0.0;0.0
2.66;0;0;0;0;0.0;0.0;0.0
2.67;0;0;0;0;0.0;0.0;0.0
2.68;0;0;0;0;0.0;0.0;0.0
2.69;0;0;0;0;0.0;0.0;0.0
2.7;0;0;0;0;0.0;0.0;0.0
2.71;0;0;0;0;0.0;0.0;0.0
2.72;0;0;0;0;0.0;0.0;0.0
2.73;0;0;0;0;0.0;0.0;0.0
2.74;0;0;0;0;0.0;0.0;0.0
2.75;0;0;0;0;0.0;0.0;0.0
2.76;0;0;0;0;0.0;0.0;0.0
2.77;0;0;0;0;0.0;0.0;0.0
2.78;0;0;0;1;0.1019367991845056;-13.5;-13.5
2.79;0;0;1;3;0.4077471967380224;-6.75;-13.5
2.8;0;0;2;5;0.7135575942915392;-5.785714;-13.5
2.81;0;1;4;8;1.325178389398573;-3.1153846;-11.423077
2.82;0;2;8;13;2.344546381243629;-1.7608696;-11.152174
2.83;0;2;12;18;3.261977573904179;-1.6875;-11.8125
2.84;0;3;16;24;4.3832823649337405;-1.5697675;-11.616279
2.85;0;4;19;29;5.300713557594292;-1.5576923;-11.423077
2.86;0;5;21;33;6.01427115188583;-1.601695;-11.211864
2.87;0;6;23;37;6.727828746177369;-1.6363636;-11.045455
2.88;0;8;24;41;7.441386340468909;-1.6643835;-10.541096
2.89;0;10;24;44;7.951070336391437;-1.7307693;-10.038462
2.9;0;11;26;46;8.460754332313964;-1.4638554;-9.921687
2.91;0;12;27;49;8.970438328236494;-1.5340909;-9.818182
2.92;1;13;29;51;9.582059123343527;-1.4361702;-9.478724
2.93;1;14;31;55;10.295616717635065;-1.470297;-9.490099
2.94;2;14;33;58;10.9072375127421;-1.6401869;-9.462617
2.95;3;15;36;62;11.82466870540265;-1.6293104;-9.310345
2.96;4;15;40;67;12.844036697247706;-1.7142857;-9.428572
2.97;5;16;44;73;14.067278287461773;-1.7608696;-9.391304
2.98;7;17;48;79;15.392456676860347;-1.8774835;-9.20861
2.99;8;18;53;85;16.717635066258918;-1.8109756;-9.219512
3.0;10;19;59;92;18.34862385321101;-1.8;-9.15
3.01;11;20;64;99;19.775739041794086;-1.8092784;-9.185567
3.02;13;21;69;106;21.30479102956167;-1.8732058;-9.107656
3.03;14;22;74;113;22.73190621814475;-1.8766816;-9.141255
3.04;16;23;79;118;24.05708460754332;-1.8305085;-9.038136
3.05;18;24;83;124;25.382262996941893;-1.8975904;-8.945783
3.06;19;25;87;130;26.605504587155963;-1.9137931;-8.948276
3.07;21;27;92;136;28.134556574923547;-1.8586956;-8.804348
3.08;24;29;97;143;29.867482161060142;-1.8890785;-8.616041
3.09;27;31;102;149;31.49847094801223;-1.8786408;-8.432039
3.1;29;33;107;156;33.12945973496432;-1.8692307;-8.349231
3.11;32;35;113;163;34.96432212028542;-1.8498542;-8.225947
3.12;34;37;117;169;36.3914373088685;-1.8529412;-8.130252
3.13;36;39;121;175;37.81855249745158;-1.8557951;-8.041779
3.14;39;40;124;179;38.93985728848114;-1.9083769;-7.91623
3.15;41;42;126;181;39.75535168195719;-1.8692307;-7.753846
3.16;43;44;128;183;40.57084607543323;-1.8316582;-7.59799
3.17;45;46;129;185;41.28440366972477;-1.8333334;-7.4333334
3.18;48;48;131;187;42.20183486238532;-1.826087;-7.2391305
3.19;50;50;132;189;42.915392456676855;-1.827791;-7.0866985
3.2;52;51;134;191;43.6289500509684;-1.8294393;-7.0023365
3.21;53;52;135;194;44.24057084607543;-1.8663595;-6.967742
3.22;55;53;137;197;45.05606523955148;-1.8936652;-6.9027147
3.23;56;54;139;200;45.769622833843016;-1.8942094;-6.8853006
3.24;57;54;141;205;46.58511722731906;-1.9792123;-6.9420133
3.25;59;55;144;210;47.70642201834862;-2.0192308;-6.923077
3.26;61;56;147;216;48.92966360856269;-2.08125;-6.91875
3.27;62;57;149;221;49.847094801223236;-2.1257668;-6.9294477
3.28;64;57;151;225;50.66258919469929;-2.2002013;-6.9265594
3.29;66;59;153;229;51.68195718654434;-2.2100592;-6.8431954
3.3;69;60;156;234;52.905198776758404;-2.2630057;-6.789017
3.31;71;61;158;240;54.02650356778797;-2.3433962;-6.7754717
3.32;73;62;162;246;55.35168195718654;-2.3618784;-6.787293
3.33;74;62;166;253;56.57492354740061;-2.408108;-6.883784
3.34;75;63;169;260;57.798165137614674;-2.452381;-6.928571
3.35;76;63;173;267;59.02140672782874;-2.4948187;-7.0181346
3.36;78;64;176;273;60.24464831804281;-2.535533;-7.0126905
3.37;79;65;179;279;61.36595310907237;-2.5564785;-7.041528
3.38;81;66;182;284;62.48725790010193;-2.576672;-7.0252852
3.39;84;67;185;289;63.710499490316;-2.6136;-6.9768
3.4;86;69;188;294;64.93374108053007;-2.6067505;-6.9301414
3.41;89;71;190;299;66.15698267074414;-2.6417565;-6.8436055
3.42;91;72;192;303;67.07441386340469;-2.6671731;-6.81155
3.43;94;74;194;308;68.29765545361876;-2.7;-6.729851
3.44;96;76;196;311;69.2150866462793;-2.6840942;-6.66053
3.45;99;78;196;313;69.92864424057085;-2.7157435;-6.533528
3.46;102;80;197;314;70.64220183486238;-2.7077923;-6.409091
3.47;104;82;198;314;71.1518858307849;-2.6690545;-6.3051577
3.48;106;84;199;314;71.66156982670744;-2.6308677;-6.2027025
3.49;109;87;201;314;72.47706422018348;-2.563291;-6.056962
3.5;111;90;203;314;73.19062181447502;-2.4818943;-5.941504
3.51;114;93;206;314;74.10805300713557;-2.3954608;-5.812242
3.52;116;96;209;315;75.02548419979613;-2.3111413;-5.722826
3.53;119;99;211;316;75.94291539245667;-2.2651007;-5.599329
3.54;121;101;212;316;76.4525993883792;-2.232;-5.508
3.55;124;103;211;315;76.75840978593271;-2.241036;-5.3605576
3.56;125;104;210;313;76.65647298674821;-2.2260637;-5.2779255
3.57;127;105;208;310;76.4525993883792;-2.232;-5.148
3.58;128;106;205;307;76.04485219164118;-2.2439678;-5.0308313
3.59;129;107;203;303;75.63710499490315;-2.2196765;-4.912399
3.6;130;107;201;299;75.12742099898063;-2.216418;-4.8175035
3.61;130;108;198;295;74.5158002038736;-2.1976745;-4.7093024
3.62;131;108;196;292;74.10805300713557;-2.2097661;-4.6237965
3.63;131;107;193;290;73.49643221202854;-2.2656033;-4.5873785
3.64;131;106;190;288;72.88481141692151;-2.3223777;-4.5503497
3.65;130;105;187;287;72.27319062181446;-2.380113;-4.5507755
3.66;130;103;184;286;71.66156982670744;-2.4772403;-4.551209
3.67;130;102;182;286;71.35575942915392;-2.5457144;-4.551429
3.68;130;100;181;288;71.25382262996942;-2.6459227;-4.61588
3.69;130;98;180;290;71.1518858307849;-2.7464182;-4.680516
3.7;130;97;178;293;71.1518858307849;-2.8624642;-4.7191978
3.71;130;95;177;295;71.0499490316004;-2.9634147;-4.784075
3.72;129;94;176;297;70.9480122324159;-3.025862;-4.849138
3.73;129;92;175;300;70.9480122324159;-3.1422415;-4.926724
3.74;128;90;174;302;70.74413863404689;-3.2291067;-5.018732
3.75;127;89;174;303;70.64220183486238;-3.2532468;-5.0844154
3.76;126;88;173;303;70.33639143730886;-3.2869565;-5.126087
3.77;126;88;174;303;70.43832823649338;-3.262663;-5.1382055
3.78;125;88;175;303;70.43832823649338;-3.223589;-5.1772795
3.79;125;89;176;302;70.54026503567788;-3.1604047;-5.150289
3.8;124;90;179;301;70.74413863404689;-3.0345821;-5.1743517
3.81;124;90;181;301;70.9480122324159;-2.987069;-5.198276
3.82;122;91;184;300;71.0499490316004;-2.8472023;-5.248924
3.83;120;91;186;297;70.74413863404689;-2.723343;-5.291066
3.84;117;91;189;295;70.54026503567788;-2.5751445;-5.384393
3.85;114;92;192;293;70.43832823649338;-2.403039;-5.450796
3.86;111;92;196;292;70.43832823649338;-2.246744;-5.5680175
3.87;110;93;201;293;71.0499490316004;-2.1111908;-5.6362987
3.88;108;94;206;295;71.66156982670744;-1.9779516;-5.741821
3.89;108;95;209;297;72.27319062181446;-1.9231312;-5.7693934
3.9;108;96;212;299;72.88481141692151;-1.8692307;-5.7965035
3.91;109;97;214;301;73.49643221202854;-1.8536755;-5.785714
3.92;109;97;215;304;73.90417940876657;-1.8806896;-5.8282757
3.93;110;97;216;306;74.31192660550458;-1.9074074;-5.8333335
3.94;111;98;216;308;74.71967380224261;-1.9338336;-5.801501
3.95;113;98;215;310;75.02548419979613;-2.017663;-5.759511
3.96;114;98;214;311;75.12742099898063;-2.0698779;-5.7333784
3.97;115;98;213;312;75.22935779816514;-2.121951;-5.707317
3.98;116;98;212;312;75.22935779816514;-2.1585367;-5.6707315
3.99;117;98;210;311;75.02548419979613;-2.201087;-5.6127715
4.0;117;99;208;309;74.71967380224261;-2.191678;-5.5436563
4.01;118;99;206;307;74.4138634046891;-2.2191782;-5.473973
4.02;119;99;205;305;74.20998980632008;-2.2252748;-5.414835
4.03;119;99;203;304;73.90417940876657;-2.2531035;-5.381379
4.04;120;99;202;303;73.80224260958205;-2.2748618;-5.332873
4.05;121;99;200;303;73.70030581039755;-2.334025;-5.284232
4.06;121;99;198;304;73.59836901121304;-2.3933518;-5.2728534
4.07;122;98;197;306;73.70030581039755;-2.4834025;-5.284232
4.08;124;97;196;308;73.90417940876657;-2.588276;-5.269655
4.09;125;97;195;311;74.20998980632008;-2.6703296;-5.2664833
4.1;127;96;193;314;74.4138634046891;-2.8109589;-5.2520547
4.11;128;95;191;317;74.5158002038736;-2.9363885;-5.263338
4.12;129;94;189;318;74.4138634046891;-3.0328767;-5.2520547
4.13;129;93;186;318;74.00611620795107;-3.123967;-5.2438016
4.14;129;92;183;318;73.59836901121304;-3.2160666;-5.235457
4.15;129;91;181;317;73.19062181447502;-3.2715878;-5.2270193
4.16;129;90;179;316;72.782874617737;-3.3277311;-5.2184873
4.17;128;89;177;315;72.27319062181446;-3.3702397;-5.236248
4.18;127;88;176;313;71.76350662589195;-3.375;-5.2542615
4.19;126;87;175;311;71.25382262996942;-3.3798282;-5.272532
4.2;125;87;174;310;70.9480122324159;-3.375;-5.275862
4.21;124;86;173;308;70.43832823649338;-3.3798842;-5.294501
4.22;123;86;173;307;70.23445463812436;-3.350508;-5.3098693
4.23;122;86;174;307;70.23445463812436;-3.3113208;-5.3490567
4.24;122;86;174;308;70.33639143730886;-3.326087;-5.3608694
4.25;121;85;175;308;70.23445463812436;-3.3113208;-5.427431
4.26;120;85;176;310;70.43832823649338;-3.3017366;-5.4898696
4.27;120;85;177;312;70.74413863404689;-3.3069165;-5.5244956
4.28;119;85;179;314;71.0499490316004;-3.2733142;-5.597561
4.29;119;84;181;316;71.35575942915392;-3.2785714;-5.67
4.3;118;84;183;318;71.66156982670744;-3.245377;-5.741821
4.31;118;84;185;320;72.06931702344546;-3.2270155;-5.785714
4.32;117;85;187;321;72.37512742099898;-3.156338;-5.81831
4.33;116;85;189;322;72.579001019368;-3.1095505;-5.877809
4.34;114;84;191;321;72.37512742099898;-3.0422535;-5.9704227
4.35;112;84;192;320;72.17125382262996;-2.9745762;-6.0254235
4.36;109;84;195;318;71.96738022426095;-2.8300283;-6.1189804
4.37;108;84;198;319;72.27319062181446;-2.7609308;-6.1882935
4.38;106;84;202;320;72.579001019368;-2.6544943;-6.294944
4.39;105;85;205;322;73.08868501529052;-2.5794978;-6.345188
4.4;104;85;208;324;73.49643221202854;-2.5277393;-6.42233
4.41;102;84;210;325;73.49643221202854;-2.4902914;-6.534674
4.42;101;83;211;326;73.49643221202854;-2.4902914;-6.60957
4.43;100;83;212;327;73.59836901121304;-2.468144;-6.65651
4.44;99;82;213;328;73.59836901121304;-2.468144;-6.731302
4.45;98;81;214;329;73.59836901121304;-2.468144;-6.806094
4.46;97;81;214;330;73.59836901121304;-2.468144;-6.84349
4.47;97;81;215;330;73.70030581039755;-2.446058;-6.852697
4.48;96;81;216;330;73.70030581039755;-2.4087136;-6.8900414
4.49;96;81;217;331;73.90417940876657;-2.4020689;-6.908276
4.5;97;81;217;331;74.00611620795107;-2.4173553;-6.880165
4.51;97;82;217;331;74.10805300713557;-2.3954608;-6.852132
4.52;98;82;217;330;74.10805300713557;-2.3954608;-6.814993
4.53;98;82;216;328;73.80224260958205;-2.3867404;-6.787293
4.54;98;82;215;327;73.59836901121304;-2.3933518;-6.768698
4.55;98;83;215;325;73.49643221202854;-2.3404994;-6.721914
4.56;98;83;214;323;73.19062181447502;-2.3314762;-6.6935935
4.57;98;83;214;321;72.98674821610601;-2.3002794;-6.674581
4.58;98;84;214;318;72.782874617737;-2.2310925;-6.617647
4.59;97;84;214;316;72.47706422018348;-2.1835444;-6.626582
4.6;97;85;214;313;72.27319062181446;-2.1135402;-6.5691113
4.61;96;85;214;311;71.96738022426095;-2.0651557;-6.5779037
4.62;96;86;215;309;71.96738022426095;-1.9886686;-6.53966
4.63;95;86;216;308;71.86544342507645;-1.9340426;-6.568085
4.64;94;87;217;307;71.86544342507645;-1.8574468;-6.568085
4.65;94;87;218;306;71.86544342507645;-1.8191489;-6.568085
4.66;94;88;219;307;72.17125382262996;-1.7923728;-6.559322
4.67;94;88;221;309;72.579001019368;-1.7823033;-6.598315
4.68;94;88;222;310;72.782874617737;-1.777311;-6.617647
4.69;94;88;223;312;73.08868501529052;-1.788703;-6.6464434
4.7;95;88;223;313;73.29255861365952;-1.8212795;-6.6279554
4.71;95;89;224;314;73.59836901121304;-1.7950139;-6.6191134
4.72;96;89;224;315;73.80224260958205;-1.8273481;-6.6008286
4.73;96;89;224;316;73.90417940876657;-1.8434483;-6.610345
4.74;96;89;224;316;73.90417940876657;-1.8434483;-6.610345
4.75;97;90;224;316;74.10805300713557;-1.8383769;-6.555021
4.76;97;90;224;315;74.00611620795107;-1.822314;-6.5454545
4.77;97;90;223;314;73.80224260958205;-1.8273481;-6.526243
4.78;96;90;223;313;73.59836901121304;-1.7950139;-6.5443215
4.79;96;89;222;312;73.29255861365952;-1.8212795;-6.552851
4.8;96;89;221;310;72.98674821610601;-1.8100559;-6.523743
4.81;96;89;220;309;72.782874617737;-1.8151261;-6.504202
4.82;96;89;219;308;72.579001019368;-1.8202248;-6.4845505
4.83;96;89;218;308;72.47706422018348;-1.8417722;-6.474684
4.84;96;89;217;307;72.27319062181446;-1.8469676;-6.454866
4.85;97;88;216;307;72.17125382262996;-1.9067796;-6.4449153
4.86;97;88;216;308;72.27319062181446;-1.9231312;-6.454866
4.87;97;88;215;309;72.27319062181446;-1.961213;-6.454866
4.88;98;87;215;310;72.37512742099898;-2.015493;-6.464789
4.89;99;87;215;312;72.6809378185525;-2.0638149;-6.4565215
4.9;100;87;214;313;72.782874617737;-2.1176472;-6.428571
4.91;101;87;213;314;72.88481141692151;-2.1713288;-6.400699
4.92;101;87;212;315;72.88481141692151;-2.209091;-6.400699
4.93;102;87;211;315;72.88481141692151;-2.246853;-6.362937
4.94;103;87;210;315;72.88481141692151;-2.2846153;-6.325175
4.95;103;87;210;314;72.782874617737;-2.2689075;-6.315126
4.96;104;87;210;314;72.88481141692151;-2.2846153;-6.2874126
4.97;104;88;211;314;73.08868501529052;-2.2405858;-6.2698746
4.98;104;88;211;314;73.08868501529052;-2.2405858;-6.2698746
4.99;105;89;211;313;73.19062181447502;-2.218663;-6.2047353
5.0;105;89;211;312;73.08868501529052;-2.2029288;-6.1945605
5.01;105;90;211;311;73.08868501529052;-2.165272;-6.1569037
5.02;105;90;211;310;72.98674821610601;-2.1494412;-6.146648
5.03;105;91;211;308;72.88481141692151;-2.0958042;-6.0986013
5.04;105;91;211;307;72.782874617737;-2.0798318;-6.0882354
5.05;106;92;211;307;72.98674821610601;-2.0740223;-6.0335197
5.06;106;92;211;306;72.88481141692151;-2.058042;-6.023077
5.07;106;92;211;305;72.782874617737;-2.0420167;-6.012605
5.08;106;93;211;305;72.88481141692151;-2.0202796;-5.985315
5.09;105;93;210;304;72.579001019368;-2.0098314;-5.991573
5.1;105;93;210;304;72.579001019368;-2.0098314;-5.991573
5.11;105;93;210;303;72.47706422018348;-1.993671;-5.981013
5.12;104;93;210;302;72.27319062181446;-1.961213;-5.9978843
5.13;104;93;211;301;72.27319062181446;-1.9231312;-5.9978843
5.14;103;94;212;301;72.37512742099898;-1.8633803;-6.0084505
5.15;103;94;213;300;72.37512742099898;-1.8253521;-6.0084505
5.16;103;94;215;300;72.579001019368;-1.7823033;-6.0294943
5.17;102;95;216;299;72.579001019368;-1.7064607;-6.0294943
5.18;102;96;217;298;72.6809378185525;-1.6472651;-6.002104
5.19;101;96;217;298;72.579001019368;-1.630618;-6.0294943
5.2;101;96;218;297;72.579001019368;-1.5926967;-6.0294943
5.21;100;97;219;297;72.6809378185525;-1.5336605;-6.039972
5.22;100;97;220;296;72.6809378185525;-1.4957924;-6.039972
5.23;100;97;221;296;72.782874617737;-1.4747899;-6.0504203
5.24;100;98;221;296;72.88481141692151;-1.4538461;-6.023077
5.25;100;98;221;296;72.88481141692151;-1.4538461;-6.023077
5.26;100;98;221;296;72.88481141692151;-1.4538461;-6.023077
5.27;101;98;221;296;72.98674821610601;-1.4706703;-5.99581
5.28;101;98;220;296;72.88481141692151;-1.4916084;-5.985315
5.29;102;99;220;296;73.08868501529052;-1.4874477;-5.9309626
5.3;103;99;219;296;73.08868501529052;-1.5251046;-5.8933053
5.31;103;99;219;297;73.19062181447502;-1.5417827;-5.9038997
5.32;104;99;218;296;73.08868501529052;-1.5627615;-5.8556485
5.33;104;99;217;296;72.98674821610601;-1.5837989;-5.844972
5.34;105;99;216;296;72.98674821610601;-1.6215084;-5.8072624
5.35;105;99;216;295;72.88481141692151;-1.6048951;-5.7965035
5.36;105;99;216;295;72.88481141692151;-1.6048951;-5.7965035
5.37;106;100;216;294;72.98674821610601;-1.5837989;-5.7318435
5.38;106;100;215;294;72.88481141692151;-1.6048951;-5.720979
5.39;106;100;215;294;72.88481141692151;-1.6048951;-5.720979
5.4;106;100;215;294;72.88481141692151;-1.6048951;-5.720979
5.41;106;100;215;294;72.88481141692151;-1.6048951;-5.720979
5.42;107;100;215;294;72.98674821610601;-1.6215084;-5.694134
5.43;107;100;214;294;72.88481141692151;-1.6426574;-5.6832166
5.44;107;101;214;294;72.98674821610601;-1.6215084;-5.6564245
5.45;108;101;214;294;73.08868501529052;-1.6380754;-5.6297073
5.46;108;101;214;294;73.08868501529052;-1.6380754;-5.6297073
5.47;108;101;214;294;73.08868501529052;-1.6380754;-5.6297073
5.48;108;101;214;294;73.08868501529052;-1.6380754;-5.6297073
5.49;109;101;214;294;73.19062181447502;-1.6545961;-5.603064
5.5;109;101;213;294;73.08868501529052;-1.6757323;-5.59205
5.51;109;101;213;294;73.08868501529052;-1.6757323;-5.59205
5.52;109;101;213;294;73.08868501529052;-1.6757323;-5.59205
5.53;109;101;212;295;73.08868501529052;-1.7133892;-5.59205
5.54;110;100;211;296;73.08868501529052;-1.788703;-5.59205
5.55;110;100;211;297;73.19062181447502;-1.8050139;-5.603064
5.56;110;99;209;298;72.98674821610601;-1.8854748;-5.6187153
5.57;110;98;208;299;72.88481141692151;-1.9447552;-5.6454544
5.58;111;98;207;299;72.88481141692151;-1.9825175;-5.6076922
5.59;111;98;206;299;72.782874617737;-2.0042017;-5.5966387
5.6;111;98;206;300;72.88481141692151;-2.0202796;-5.6076922
5.61;112;97;205;300;72.782874617737;-2.0798318;-5.5966387
5.62;112;97;205;301;72.88481141692151;-2.0958042;-5.6076922
5.63;112;97;204;301;72.782874617737;-2.1176472;-5.5966387
5.64;112;96;204;302;72.782874617737;-2.1554623;-5.634454
5.65;112;96;203;302;72.6809378185525;-2.1774194;-5.623422
5.66;113;96;203;302;72.782874617737;-2.1932774;-5.5966387
5.67;113;96;202;302;72.6809378185525;-2.2152874;-5.585554
5.68;113;96;202;302;72.6809378185525;-2.2152874;-5.585554
5.69;113;96;202;302;72.6809378185525;-2.2152874;-5.585554
5.7;113;96;202;302;72.6809378185525;-2.2152874;-5.585554
5.71;114;96;202;302;72.782874617737;-2.2310925;-5.5588236
5.72;114;96;201;302;72.6809378185525;-2.2531557;-5.5476856
5.73;114;96;201;303;72.782874617737;-2.2689075;-5.5588236
5.74;114;95;201;304;72.782874617737;-2.3067226;-5.5966387
5.75;114;95;201;304;72.782874617737;-2.3067226;-5.5966387
5.76;114;95;201;305;72.88481141692151;-2.3223777;-5.6076922
5.77;114;95;200;306;72.88481141692151;-2.3601398;-5.6076922
5.78;114;94;200;306;72.782874617737;-2.3823528;-5.634454
5.79;115;94;200;306;72.88481141692151;-2.397902;-5.6076922
5.8;116;94;199;307;72.98674821610601;-2.4511173;-5.5810056
5.81;116;94;199;307;72.98674821610601;-2.4511173;-5.5810056
5.82;117;94;198;308;73.08868501529052;-2.504184;-5.5543933
5.83;117;94;198;309;73.19062181447502;-2.5194986;-5.5654597
5.84;117;94;198;311;73.39449541284404;-2.55;-5.5875
5.85;117;93;198;313;73.49643221202854;-2.6026351;-5.6359224
5.86;118;93;198;315;73.80224260958205;-2.64779;-5.6312156
5.87;118;92;197;316;73.70030581039755;-2.707469;-5.657676
5.88;118;92;197;317;73.80224260958205;-2.7223756;-5.668508
5.89;118;91;196;318;73.70030581039755;-2.7821577;-5.6950207
5.9;119;91;195;318;73.70030581039755;-2.819502;-5.657676
5.91;119;90;194;319;73.59836901121304;-2.8795013;-5.6842103
5.92;119;90;193;319;73.49643221202854;-2.902219;-5.6733704
5.93;120;90;192;319;73.49643221202854;-2.9396672;-5.6359224
5.94;120;90;191;319;73.39449541284404;-2.9625;-5.625
5.95;121;90;190;318;73.29255861365952;-2.9853964;-5.576495
5.96;121;90;189;317;73.08868501529052;-2.9937239;-5.5543933
5.97;122;90;187;316;72.88481141692151;-3.0398602;-5.4944057
5.98;122;90;186;315;72.6809378185525;-3.048387;-5.4719496
5.99;123;90;185;313;72.47706422018348;-3.056962;-5.411392
6.0;123;91;184;312;72.37512742099898;-3.0422535;-5.361972
6.01;124;91;183;311;72.27319062181446;-3.0655854;-5.312412
6.02;124;91;182;310;72.06931702344546;-3.0742574;-5.2892504
6.03;125;91;181;310;72.06931702344546;-3.112447;-5.251061
6.04;125;91;181;309;71.96738022426095;-3.0977337;-5.2393765
6.05;126;92;180;309;72.06931702344546;-3.112447;-5.1746817
6.06;126;92;180;308;71.96738022426095;-3.0977337;-5.1628895
6.07;127;92;179;308;71.96738022426095;-3.1359773;-5.1246457
6.08;128;93;179;307;72.06931702344546;-3.112447;-5.060113
6.09;128;94;179;306;72.06931702344546;-3.0742574;-5.0219235
6.1;129;94;178;305;71.96738022426095;-3.0977337;-4.9716716
6.11;129;95;178;303;71.86544342507645;-3.0446808;-4.9212766
6.12;130;96;178;302;71.96738022426095;-3.0212464;-4.8569407
6.13;130;97;179;301;72.06931702344546;-2.959689;-4.830976
6.14;130;98;179;299;71.96738022426095;-2.9065156;-4.780453
6.15;131;99;179;297;71.96738022426095;-2.868272;-4.703966
6.16;131;100;178;294;71.66156982670744;-2.822902;-4.6280227
6.17;132;101;178;291;71.55963302752293;-2.7692308;-4.5384617
6.18;132;102;179;290;71.66156982670744;-2.7076814;-4.512802
6.19;132;103;181;291;72.06931702344546;-2.6541727;-4.52546
6.2;132;103;182;291;72.17125382262996;-2.631356;-4.5381355
6.21;131;103;184;291;72.27319062181446;-2.5705218;-4.5888577
6.22;131;104;185;291;72.47706422018348;-2.5253165;-4.575949
6.23;130;104;186;291;72.47706422018348;-2.487342;-4.613924
6.24;130;104;187;292;72.6809378185525;-2.4803646;-4.6388497
6.25;129;105;189;292;72.88481141692151;-2.397902;-4.663636
6.26;129;105;190;292;72.98674821610601;-2.3756983;-4.6759777
6.27;128;105;191;292;72.98674821610601;-2.3379889;-4.713687
6.28;128;105;192;292;73.08868501529052;-2.3158996;-4.7259417
6.29;127;105;193;291;72.98674821610601;-2.26257;-4.7513967
6.3;126;105;194;292;73.08868501529052;-2.2405858;-4.801255
6.31;125;104;195;293;73.08868501529052;-2.2405858;-4.8765693
6.32;123;104;197;293;73.08868501529052;-2.165272;-4.951883
6.33;122;103;198;294;73.08868501529052;-2.165272;-5.027197
6.34;121;103;198;294;72.98674821610601;-2.1494412;-5.0530725
6.35;120;103;199;295;73.08868501529052;-2.127615;-5.1025105
6.36;120;103;200;295;73.19062181447502;-2.1058495;-5.1142063
6.37;119;103;200;295;73.08868501529052;-2.0899582;-5.140167
6.38;119;103;201;296;73.29255861365952;-2.0841446;-5.1634216
6.39;119;102;201;296;73.19062181447502;-2.1058495;-5.189415
6.4;118;102;202;298;73.39449541284404;-2.1;-5.25
6.41;118;102;203;300;73.70030581039755;-2.1099584;-5.284232
6.42;118;101;203;302;73.80224260958205;-2.1629834;-5.332873
6.43;118;100;203;303;73.80224260958205;-2.2002761;-5.370166
6.44;118;100;203;304;73.90417940876657;-2.215862;-5.381379
6.45;117;99;202;305;73.70030581039755;-2.259336;-5.43361
6.46;117;99;202;305;73.70030581039755;-2.259336;-5.43361
6.47;117;99;201;305;73.59836901121304;-2.2811635;-5.4224377
6.48;117;98;201;304;73.39449541284404;-2.2875;-5.4375
6.49;116;98;201;303;73.19062181447502;-2.2562673;-5.4526463
6.5;116;98;200;302;72.98674821610601;-2.26257;-5.4301677
6.51;116;98;200;301;72.88481141692151;-2.246853;-5.418881
6.52;115;98;200;300;72.6809378185525;-2.2152874;-5.4340816
6.53;115;98;200;299;72.579001019368;-2.199438;-5.422753
6.54;114;98;200;298;72.37512742099898;-2.1676056;-5.4380283
6.55;114;98;200;297;72.27319062181446;-2.151622;-5.426657
6.56;113;98;200;296;72.06931702344546;-2.119519;-5.4420085
6.57;113;98;200;295;71.96738022426095;-2.1033995;-5.430595
6.58;112;98;201;295;71.96738022426095;-2.0651557;-5.4688387
6.59;111;98;201;294;71.76350662589195;-2.0326705;-5.484375
6.6;111;98;202;294;71.86544342507645;-2.0106382;-5.4957447
6.61;110;98;203;294;71.86544342507645;-1.9723405;-5.5340424
6.62;109;98;204;294;71.86544342507645;-1.9340426;-5.5723405
6.63;108;98;206;294;71.96738022426095;-1.8739377;-5.621813
6.64;107;98;208;294;72.06931702344546;-1.8140029;-5.671146
6.65;106;98;210;295;72.27319062181446;-1.7708039;-5.731312
6.66;106;98;212;296;72.579001019368;-1.744382;-5.764045
6.67;105;98;213;297;72.6809378185525;-1.7230014;-5.8127627
6.68;105;98;215;298;72.98674821610601;-1.6969274;-5.844972
6.69;105;98;216;299;73.19062181447502;-1.6922005;-5.8662953
6.7;104;98;216;300;73.19062181447502;-1.6922005;-5.9038997
6.71;104;97;217;301;73.29255861365952;-1.708623;-5.952017
6.72;103;97;217;302;73.29255861365952;-1.708623;-5.9895687
6.73;103;96;217;303;73.29255861365952;-1.7461753;-6.027121
6.74;103;96;217;304;73.39449541284404;-1.7625;-6.0375
6.75;102;95;217;305;73.29255861365952;-1.7837274;-6.1022253
6.76;102;95;217;305;73.29255861365952;-1.7837274;-6.1022253
6.77;102;94;217;305;73.19062181447502;-1.8050139;-6.1295266
6.78;101;94;217;305;73.08868501529052;-1.788703;-6.1569037
6.79;101;94;217;305;73.08868501529052;-1.788703;-6.1569037
6.8;101;94;217;305;73.08868501529052;-1.788703;-6.1569037
6.81;100;93;217;305;72.88481141692151;-1.7937063;-6.2118883
6.82;100;93;217;305;72.88481141692151;-1.7937063;-6.2118883
6.83;100;93;216;305;72.782874617737;-1.8151261;-6.2016807
6.84;100;92;216;306;72.782874617737;-1.8529412;-6.2394958
6.85;100;92;216;307;72.88481141692151;-1.8692307;-6.2496505
6.86;100;91;216;308;72.88481141692151;-1.906993;-6.2874126
6.87;100;91;215;309;72.88481141692151;-1.9447552;-6.2874126
6.88;100;90;215;311;72.98674821610601;-1.9986033;-6.3351955
6.89;100;90;214;312;72.98674821610601;-2.0363128;-6.3351955
6.9;100;89;214;313;72.98674821610601;-2.0740223;-6.3729053
6.91;100;89;213;313;72.88481141692151;-2.0958042;-6.362937
6.92;101;88;212;313;72.782874617737;-2.1554623;-6.352941
6.93;101;88;212;313;72.782874617737;-2.1554623;-6.352941
6.94;101;88;212;313;72.782874617737;-2.1554623;-6.352941
6.95;101;89;212;312;72.782874617737;-2.1176472;-6.315126
6.96;101;89;212;312;72.782874617737;-2.1176472;-6.315126
6.97;101;89;212;311;72.6809378185525;-2.1016831;-6.305049
6.98;101;89;212;311;72.6809378185525;-2.1016831;-6.305049
6.99;101;89;212;310;72.579001019368;-2.085674;-6.294944
7.0;101;90;212;310;72.6809378185525;-2.0638149;-6.267181
7.01;101;90;212;309;72.579001019368;-2.0477529;-6.2570224
7.02;102;90;212;309;72.6809378185525;-2.0638149;-6.229313
7.03;102;90;211;309;72.579001019368;-2.085674;-6.219101
7.04;102;90;211;309;72.579001019368;-2.085674;-6.219101
7.05;102;90;211;309;72.579001019368;-2.085674;-6.219101
7.06;102;90;211;309;72.579001019368;-2.085674;-6.219101
7.07;103;90;211;309;72.6809378185525;-2.1016831;-6.1914444
7.08;103;90;211;309;72.6809378185525;-2.1016831;-6.1914444
7.09;103;90;211;310;72.782874617737;-2.1176472;-6.2016807
7.1;103;91;211;310;72.88481141692151;-2.0958042;-6.1741257
7.11;103;91;211;310;72.88481141692151;-2.0958042;-6.1741257
7.12;103;91;211;309;72.782874617737;-2.0798318;-6.1638656
7.13;104;91;211;309;72.88481141692151;-2.0958042;-6.1363635
7.14;104;91;211;309;72.88481141692151;-2.0958042;-6.1363635
7.15;104;91;211;309;72.88481141692151;-2.0958042;-6.1363635
7.16;104;91;211;309;72.88481141692151;-2.0958042;-6.1363635
7.17;104;91;211;310;72.98674821610601;-2.1117318;-6.146648
7.18;105;91;211;310;73.08868501529052;-2.127615;-6.119247
7.19;105;91;210;311;73.08868501529052;-2.165272;-6.119247
7.2;105;91;210;311;73.08868501529052;-2.165272;-6.119247
7.21;106;91;210;312;73.29255861365952;-2.1968012;-6.1022253
7.22;106;91;209;312;73.19062181447502;-2.218663;-6.091922
7.23;106;91;209;312;73.19062181447502;-2.218663;-6.091922
7.24;106;90;208;313;73.08868501529052;-2.2782426;-6.119247
7.25;107;90;207;313;73.08868501529052;-2.3158996;-6.08159
7.26;107;90;207;313;73.08868501529052;-2.3158996;-6.08159
7.27;107;90;206;312;72.88481141692151;-2.3223777;-6.060839
7.28;108;91;206;312;73.08868501529052;-2.3158996;-6.006276
7.29;108;91;205;312;72.98674821610601;-2.3379889;-5.99581
7.3;108;91;205;311;72.88481141692151;-2.3223777;-5.985315
7.31;109;91;204;311;72.88481141692151;-2.3601398;-5.9475527
7.32;109;91;203;310;72.6809378185525;-2.3667603;-5.9263673
7.33;109;91;203;309;72.579001019368;-2.3511236;-5.9157305
7.34;109;91;202;309;72.47706422018348;-2.3734176;-5.905063
7.35;110;91;202;308;72.47706422018348;-2.3734176;-5.867089
7.36;110;91;201;308;72.37512742099898;-2.3957746;-5.856338
7.37;110;91;201;307;72.27319062181446;-2.380113;-5.845557
7.38;110;91;201;307;72.27319062181446;-2.380113;-5.845557
7.39;110;91;201;308;72.37512742099898;-2.3957746;-5.856338
7.4;110;91;202;308;72.47706422018348;-2.3734176;-5.867089
7.41;110;92;202;308;72.579001019368;-2.3511236;-5.8398876
7.42;110;92;202;308;72.579001019368;-2.3511236;-5.8398876
7.43;110;92;202;309;72.6809378185525;-2.3667603;-5.850631
7.44;111;92;203;309;72.88481141692151;-2.3601398;-5.8342657
7.45;111;92;203;310;72.98674821610601;-2.3756983;-5.844972
7.46;111;92;203;310;72.98674821610601;-2.3756983;-5.844972
7.47;111;92;203;311;73.08868501529052;-2.3912134;-5.8556485
7.48;111;92;203;311;73.08868501529052;-2.3912134;-5.8556485
7.49;111;92;203;311;73.08868501529052;-2.3912134;-5.8556485
7.5;111;92;203;311;73.08868501529052;-2.3912134;-5.8556485
7.51;111;92;203;311;73.08868501529052;-2.3912134;-5.8556485
7.52;111;92;203;311;73.08868501529052;-2.3912134;-5.8556485
7.53;111;92;203;310;72.98674821610601;-2.3756983;-5.844972
7.54;111;92;203;310;72.98674821610601;-2.3756983;-5.844972
7.55;112;92;202;310;72.98674821610601;-2.4134078;-5.8072624
7.56;112;93;202;309;72.98674821610601;-2.3756983;-5.769553
7.57;112;93;201;309;72.88481141692151;-2.397902;-5.7587414
7.58;112;93;201;309;72.88481141692151;-2.397902;-5.7587414
7.59;113;93;201;309;72.98674821610601;-2.4134078;-5.7318435
7.6;113;93;200;309;72.88481141692151;-2.4356644;-5.720979
7.61;113;93;200;309;72.88481141692151;-2.4356644;-5.720979
7.62;113;93;200;309;72.88481141692151;-2.4356644;-5.720979
7.63;113;93;199;308;72.6809378185525;-2.4424965;-5.6991587
7.64;114;93;199;308;72.782874617737;-2.4579833;-5.672269
7.65;114;93;199;308;72.782874617737;-2.4579833;-5.672269
7.66;114;93;198;307;72.579001019368;-2.4648876;-5.650281
7.67;114;93;198;307;72.579001019368;-2.4648876;-5.650281
7.68;114;94;198;307;72.6809378185525;-2.4424965;-5.623422
7.69;114;94;199;307;72.782874617737;-2.4201682;-5.634454
7.7;114;94;199;307;72.782874617737;-2.4201682;-5.634454
7.71;115;94;199;307;72.88481141692151;-2.4356644;-5.6076922
7.72;115;94;199;307;72.88481141692151;-2.4356644;-5.6076922
7.73;115;94;199;307;72.88481141692151;-2.4356644;-5.6076922
7.74;115;94;198;307;72.782874617737;-2.4579833;-5.5966387
7.75;116;94;198;307;72.88481141692151;-2.4734266;-5.56993
7.76;116;95;198;307;72.98674821610601;-2.4511173;-5.543296
7.77;117;95;198;307;73.08868501529052;-2.4665272;-5.5167365
7.78;118;95;197;307;73.08868501529052;-2.504184;-5.4790797
7.79;118;95;197;308;73.19062181447502;-2.5194986;-5.4902506
7.8;119;95;197;309;73.39449541284404;-2.55;-5.475
7.81;120;96;196;309;73.49643221202854;-2.5651872;-5.4112344
7.82;121;96;196;309;73.59836901121304;-2.5803325;-5.3850417
7.83;122;96;195;309;73.59836901121304;-2.6177285;-5.3476453
7.84;123;96;194;309;73.59836901121304;-2.6551247;-5.3102493
7.85;124;97;193;308;73.59836901121304;-2.6551247;-5.235457
7.86;125;97;191;307;73.39449541284404;-2.7;-5.175
7.87;126;98;190;306;73.39449541284404;-2.7;-5.1
7.88;127;98;188;305;73.19062181447502;-2.7451253;-5.038997
7.89;128;98;187;305;73.19062181447502;-2.7827299;-5.001393
7.9;128;98;186;304;72.98674821610601;-2.7905028;-4.9776535
7.91;129;98;185;304;72.98674821610601;-2.8282123;-4.9399443
7.92;129;98;184;303;72.782874617737;-2.8361344;-4.9159665
7.93;130;98;183;303;72.782874617737;-2.8739495;-4.8781514
7.94;130;99;182;302;72.6809378185525;-2.8590462;-4.828191
7.95;131;99;181;301;72.579001019368;-2.8820224;-4.77809
7.96;131;99;181;299;72.37512742099898;-2.8521128;-4.753521
7.97;132;100;180;298;72.37512742099898;-2.8521128;-4.677465
7.98;132;100;180;297;72.27319062181446;-2.8370945;-4.665021
7.99;132;100;179;296;72.06931702344546;-2.8451202;-4.6400285
8.0;133;101;179;296;72.27319062181446;-2.8370945;-4.5888577
8.01;133;101;179;295;72.17125382262996;-2.822034;-4.576271
8.02;133;101;179;295;72.17125382262996;-2.822034;-4.576271
8.03;133;101;179;295;72.17125382262996;-2.822034;-4.576271
8.04;133;101;179;295;72.17125382262996;-2.822034;-4.576271
8.05;133;101;179;295;72.17125382262996;-2.822034;-4.576271
8.06;133;102;179;294;72.17125382262996;-2.7838984;-4.5381355
8.07;133;102;179;294;72.17125382262996;-2.7838984;-4.5381355
8.08;133;102;180;294;72.27319062181446;-2.7609308;-4.5507755
8.09;133;102;180;294;72.27319062181446;-2.7609308;-4.5507755
8.1;133;102;180;294;72.27319062181446;-2.7609308;-4.5507755
8.11;133;102;181;295;72.47706422018348;-2.7531645;-4.575949
8.12;133;102;182;295;72.579001019368;-2.7303371;-4.5884833
8.13;133;102;182;296;72.6809378185525;-2.745442;-4.6009817
8.14;133;102;182;296;72.6809378185525;-2.745442;-4.6009817
8.15;133;102;182;297;72.782874617737;-2.7605042;-4.6134453
8.16;133;102;183;297;72.88481141692151;-2.7377622;-4.625874
8.17;133;102;182;297;72.782874617737;-2.7605042;-4.6134453
8.18;133;102;182;297;72.782874617737;-2.7605042;-4.6134453
8.19;133;102;182;297;72.782874617737;-2.7605042;-4.6134453
8.2;133;102;183;297;72.88481141692151;-2.7377622;-4.625874
8.21;133;102;183;297;72.88481141692151;-2.7377622;-4.625874
8.22;132;102;183;297;72.782874617737;-2.7226892;-4.6512604
8.23;132;102;183;297;72.782874617737;-2.7226892;-4.6512604
8.24;132;102;183;297;72.782874617737;-2.7226892;-4.6512604
8.25;131;102;183;297;72.6809378185525;-2.7075737;-4.676718
8.26;131;102;183;296;72.579001019368;-2.6924157;-4.6643257
8.27;131;102;183;295;72.47706422018348;-2.677215;-4.651899
8.28;131;102;183;294;72.37512742099898;-2.6619718;-4.6394367
8.29;130;102;183;293;72.17125382262996;-2.631356;-4.6525426
8.3;130;102;184;292;72.17125382262996;-2.5932202;-4.6525426
8.31;129;103;184;291;72.06931702344546;-2.539604;-4.6400285
8.32;129;103;185;290;72.06931702344546;-2.5014145;-4.6400285
8.33;129;104;186;289;72.17125382262996;-2.440678;-4.6144066
8.34;129;105;187;289;72.37512742099898;-2.3957746;-4.6014085
8.35;129;105;189;290;72.6809378185525;-2.3667603;-4.6388497
8.36;129;106;191;291;73.08868501529052;-2.3158996;-4.6506276
8.37;129;106;192;292;73.29255861365952;-2.3094575;-4.6752434
8.38;129;106;192;293;73.39449541284404;-2.325;-4.6875
8.39;129;106;192;293;73.39449541284404;-2.325;-4.6875
8.4;129;106;192;294;73.49643221202854;-2.3404994;-4.699723
8.41;129;106;192;294;73.49643221202854;-2.3404994;-4.699723
8.42;129;106;193;294;73.59836901121304;-2.3185596;-4.711911
8.43;129;106;193;294;73.59836901121304;-2.3185596;-4.711911
8.44;128;106;193;294;73.49643221202854;-2.3030512;-4.7371707
8.45;128;106;192;294;73.39449541284404;-2.325;-4.725
8.46;128;105;192;294;73.29255861365952;-2.3470097;-4.7503476
8.47;128;105;192;293;73.19062181447502;-2.3314762;-4.7381616
8.48;128;105;191;293;73.08868501529052;-2.3535564;-4.7259417
8.49;127;105;191;293;72.98674821610601;-2.3379889;-4.7513967
8.5;127;104;190;293;72.782874617737;-2.3823528;-4.7647057
8.51;127;104;190;293;72.782874617737;-2.3823528;-4.7647057
8.52;127;104;189;294;72.782874617737;-2.4201682;-4.7647057
8.53;127;103;189;294;72.6809378185525;-2.4424965;-4.790323
8.54;127;103;189;294;72.6809378185525;-2.4424965;-4.790323
8.55;127;103;189;295;72.782874617737;-2.4579833;-4.802521
8.56;127;102;188;295;72.579001019368;-2.502809;-4.8160114
8.57;127;102;189;295;72.6809378185525;-2.4803646;-4.828191
8.58;127;102;189;296;72.782874617737;-2.4957983;-4.8403363
8.59;126;102;189;296;72.6809378185525;-2.4803646;-4.866059
8.6;126;102;189;296;72.6809378185525;-2.4803646;-4.866059
8.61;126;102;189;296;72.6809378185525;-2.4803646;-4.866059
8.62;126;102;190;297;72.88481141692151;-2.4734266;-4.8902097
8.63;125;101;190;297;72.6809378185525;-2.4803646;-4.9417953
8.64;125;101;190;298;72.782874617737;-2.4957983;-4.9537816
8.65;125;101;191;298;72.88481141692151;-2.4734266;-4.9657345
8.66;125;101;191;298;72.88481141692151;-2.4734266;-4.9657345
8.67;125;101;191;299;72.98674821610601;-2.4888268;-4.9776535
8.68;124;100;191;299;72.782874617737;-2.4957983;-5.029412
8.69;124;100;191;299;72.782874617737;-2.4957983;-5.029412
8.7;124;100;191;299;72.782874617737;-2.4957983;-5.029412
8.71;124;100;191;300;72.88481141692151;-2.5111887;-5.041259
8.72;123;100;192;300;72.88481141692151;-2.4734266;-5.079021
8.73;123;99;192;300;72.782874617737;-2.4957983;-5.105042
8.74;123;99;192;300;72.782874617737;-2.4957983;-5.105042
8.75;123;99;192;300;72.782874617737;-2.4957983;-5.105042
8.76;122;99;192;300;72.6809378185525;-2.4803646;-5.131136
8.77;122;99;192;300;72.6809378185525;-2.4803646;-5.131136
8.78;122;99;192;300;72.6809378185525;-2.4803646;-5.131136
8.79;122;99;193;301;72.88481141692151;-2.4734266;-5.1545453
8.8;122;98;193;301;72.782874617737;-2.4957983;-5.180672
8.81;121;98;193;301;72.6809378185525;-2.4803646;-5.2068725
8.82;121;98;193;301;72.6809378185525;-2.4803646;-5.2068725
8.83;121;98;193;301;72.6809378185525;-2.4803646;-5.2068725
8.84;121;98;193;302;72.782874617737;-2.4957983;-5.2184873
8.85;121;98;194;302;72.88481141692151;-2.4734266;-5.23007
8.86;121;97;194;302;72.782874617737;-2.4957983;-5.2563024
8.87;120;97;194;303;72.782874617737;-2.4957983;-5.2941175
8.88;120;97;195;303;72.88481141692151;-2.4734266;-5.3055944
8.89;120;97;195;303;72.88481141692151;-2.4734266;-5.3055944
8.9;119;97;195;303;72.782874617737;-2.4579833;-5.3319325
8.91;119;97;195;303;72.782874617737;-2.4579833;-5.3319325
8.92;119;97;196;302;72.782874617737;-2.4201682;-5.3319325
8.93;119;97;196;302;72.782874617737;-2.4201682;-5.3319325
8.94;118;97;196;302;72.6809378185525;-2.4046283;-5.358345
8.95;118;97;197;302;72.782874617737;-2.3823528;-5.369748
8.96;118;97;197;303;72.88481141692151;-2.397902;-5.381119
8.97;117;97;197;303;72.782874617737;-2.3823528;-5.407563
8.98;117;96;197;303;72.6809378185525;-2.4046283;-5.4340816
8.99;117;96;197;303;72.6809378185525;-2.4046283;-5.4340816
9.0;117;96;198;304;72.88481141692151;-2.397902;-5.4566436
9.01;116;96;198;304;72.782874617737;-2.3823528;-5.4831934
9.02;116;96;198;304;72.782874617737;-2.3823528;-5.4831934
9.03;116;95;198;305;72.782874617737;-2.4201682;-5.5210085
9.04;115;95;198;305;72.6809378185525;-2.4046283;-5.5476856
9.05;115;95;199;305;72.782874617737;-2.3823528;-5.5588236
9.06;114;94;199;305;72.579001019368;-2.389045;-5.6123595
9.07;114;94;199;306;72.6809378185525;-2.4046283;-5.623422
9.08;113;93;199;306;72.47706422018348;-2.4113925;-5.677215
9.09;113;93;199;307;72.579001019368;-2.4269662;-5.6882024
9.1;112;93;200;307;72.579001019368;-2.389045;-5.726124
9.11;111;92;200;308;72.47706422018348;-2.4113925;-5.791139
9.12;111;92;201;308;72.579001019368;-2.389045;-5.801966
9.13;110;91;201;309;72.47706422018348;-2.4113925;-5.867089
9.14;109;91;202;309;72.47706422018348;-2.3734176;-5.905063
9.15;109;90;202;310;72.47706422018348;-2.4113925;-5.943038
9.16;108;90;203;310;72.47706422018348;-2.3734176;-5.981013
9.17;108;90;204;311;72.6809378185525;-2.3667603;-6.002104
9.18;108;90;204;312;72.782874617737;-2.3823528;-6.012605
9.19;107;90;205;312;72.782874617737;-2.3445377;-6.0504203
9.2;107;90;205;312;72.782874617737;-2.3445377;-6.0504203
9.21;107;90;206;312;72.88481141692151;-2.3223777;-6.060839
9.22;107;90;206;312;72.88481141692151;-2.3223777;-6.060839
9.23;107;90;206;311;72.782874617737;-2.3067226;-6.0504203
9.24;106;90;207;311;72.782874617737;-2.2689075;-6.0882354
9.25;106;91;207;310;72.782874617737;-2.2310925;-6.0504203
9.26;106;91;208;309;72.782874617737;-2.1932774;-6.0504203
9.27;106;92;208;308;72.782874617737;-2.1554623;-6.012605
9.28;106;92;209;307;72.782874617737;-2.1176472;-6.012605
9.29;106;93;210;307;72.98674821610601;-2.0740223;-5.99581
9.3;106;93;210;307;72.98674821610601;-2.0740223;-5.99581
9.31;106;93;210;307;72.98674821610601;-2.0740223;-5.99581
9.32;107;94;210;307;73.19062181447502;-2.0682452;-5.941504
9.33;107;94;210;307;73.19062181447502;-2.0682452;-5.941504
9.34;107;94;210;307;73.19062181447502;-2.0682452;-5.941504
9.35;107;94;210;307;73.19062181447502;-2.0682452;-5.941504
9.36;107;94;209;307;73.08868501529052;-2.0899582;-5.9309626
9.37;107;94;209;306;72.98674821610601;-2.0740223;-5.920391
9.38;107;94;209;306;72.98674821610601;-2.0740223;-5.920391
9.39;107;95;209;305;72.98674821610601;-2.0363128;-5.8826814
9.4;107;95;209;304;72.88481141692151;-2.0202796;-5.872028
9.41;107;95;209;303;72.782874617737;-2.0042017;-5.8613443
9.42;106;95;209;302;72.579001019368;-1.9719101;-5.877809
9.43;106;95;209;301;72.47706422018348;-1.9556962;-5.867089
9.44;106;96;210;301;72.6809378185525;-1.9123422;-5.850631
9.45;106;96;210;300;72.579001019368;-1.8960674;-5.8398876
9.46;105;96;210;298;72.27319062181446;-1.8469676;-5.845557
9.47;105;96;210;297;72.17125382262996;-1.8305085;-5.834746
9.48;104;96;210;296;71.96738022426095;-1.7974504;-5.851275
9.49;104;96;211;296;72.06931702344546;-1.7758133;-5.8620934
9.5;103;96;212;295;71.96738022426095;-1.7209631;-5.8895183
9.51;102;96;213;295;71.96738022426095;-1.6827196;-5.927762
9.52;102;96;214;295;72.06931702344546;-1.6612448;-5.9384723
9.53;101;96;215;295;72.06931702344546;-1.6230552;-5.976662
9.54;100;96;216;296;72.17125382262996;-1.601695;-6.0254235
9.55;100;96;217;296;72.27319062181446;-1.5803949;-6.035966
9.56;99;96;218;297;72.37512742099898;-1.559155;-6.084507
9.57;98;96;219;298;72.47706422018348;-1.5379747;-6.132911
9.58;98;96;221;299;72.782874617737;-1.5126051;-6.1638656
9.59;97;96;222;300;72.88481141692151;-1.4916084;-6.2118883
9.6;97;95;222;301;72.88481141692151;-1.5293707;-6.2496505
9.61;97;95;223;303;73.19062181447502;-1.5417827;-6.2799444
9.62;97;95;224;304;73.39449541284404;-1.5375;-6.3
9.63;97;95;224;305;73.49643221202854;-1.5540916;-6.309986
9.64;97;94;225;307;73.70030581039755;-1.587137;-6.36722
9.65;97;94;225;307;73.70030581039755;-1.587137;-6.36722
9.66;97;94;225;308;73.80224260958205;-1.6035912;-6.377072
9.67;97;94;225;308;73.80224260958205;-1.6035912;-6.377072
9.68;97;94;224;307;73.59836901121304;-1.6080333;-6.357341
9.69;98;94;223;307;73.59836901121304;-1.6454294;-6.3199444
9.7;98;94;223;306;73.49643221202854;-1.6289876;-6.309986
9.71;98;94;222;305;73.29255861365952;-1.6335188;-6.289986
9.72;98;94;221;304;73.08868501529052;-1.6380754;-6.2698746
9.73;98;93;220;304;72.88481141692151;-1.6804196;-6.2874126
9.74;98;93;220;303;72.782874617737;-1.6638656;-6.277311
9.75;98;93;219;303;72.6809378185525;-1.6851332;-6.267181
9.76;98;93;218;303;72.579001019368;-1.7064607;-6.2570224
9.77;98;93;218;303;72.579001019368;-1.7064607;-6.2570224
9.78;99;92;218;304;72.6809378185525;-1.7608696;-6.267181
9.79;99;92;218;306;72.88481141692151;-1.7937063;-6.2874126
9.8;99;91;217;307;72.782874617737;-1.8529412;-6.315126
9.81;99;91;217;309;72.98674821610601;-1.8854748;-6.3351955
9.82;99;90;216;310;72.88481141692151;-1.9447552;-6.362937
9.83;100;90;216;311;73.08868501529052;-1.9769875;-6.345188
9.84;100;89;215;312;72.98674821610601;-2.0363128;-6.3729053
9.85;100;89;214;312;72.88481141692151;-2.058042;-6.362937
9.86;101;89;214;313;73.08868501529052;-2.0899582;-6.345188
9.87;101;89;213;313;72.98674821610601;-2.1117318;-6.3351955
9.88;102;89;213;313;73.08868501529052;-2.127615;-6.3075314
9.89;102;89;212;313;72.98674821610601;-2.1494412;-6.297486
9.9;102;89;212;312;72.88481141692151;-2.1335664;-6.2874126
9.91;103;89;211;311;72.782874617737;-2.1554623;-6.2394958
9.92;103;90;211;311;72.88481141692151;-2.1335664;-6.2118883
9.93;103;90;210;310;72.6809378185525;-2.1395512;-6.1914444
9.94;104;90;210;309;72.6809378185525;-2.1395512;-6.1535764
9.95;104;91;210;308;72.6809378185525;-2.1016831;-6.1157084
9.96;104;91;210;307;72.579001019368;-2.085674;-6.105337
9.97;105;92;209;306;72.579001019368;-2.085674;-6.0294943
9.98;105;92;209;306;72.579001019368;-2.085674;-6.0294943
9.99;105;92;209;305;72.47706422018348;-2.0696204;-6.018987
10.0;106;92;209;305;72.579001019368;-2.085674;-5.991573
10.01;106;93;209;305;72.6809378185525;-2.0638149;-5.964236
10.02;106;93;208;305;72.579001019368;-2.085674;-5.953652
10.03;107;93;208;305;72.6809378185525;-2.1016831;-5.9263673
10.04;107;93;208;304;72.579001019368;-2.085674;-5.9157305
10.05;107;93;208;304;72.579001019368;-2.085674;-5.9157305
10.06;107;93;208;304;72.579001019368;-2.085674;-5.9157305
10.07;107;94;208;304;72.6809378185525;-2.0638149;-5.8884993
10.08;107;94;208;304;72.6809378185525;-2.0638149;-5.8884993
10.09;107;94;208;304;72.6809378185525;-2.0638149;-5.8884993
10.1;107;94;208;304;72.6809378185525;-2.0638149;-5.8884993
10.11;107;94;208;304;72.6809378185525;-2.0638149;-5.8884993
10.12;107;94;208;304;72.6809378185525;-2.0638149;-5.8884993
10.13;107;94;209;304;72.782874617737;-2.0420167;-5.8991594
10.14;106;94;209;303;72.579001019368;-2.0098314;-5.9157305
10.15;106;94;209;303;72.579001019368;-2.0098314;-5.9157305
10.16;106;94;209;303;72.579001019368;-2.0098314;-5.9157305
10.17;106;94;209;303;72.579001019368;-2.0098314;-5.9157305
10.18;106;94;209;303;72.579001019368;-2.0098314;-5.9157305
10.19;106;94;210;303;72.6809378185525;-1.9880786;-5.9263673
10.2;105;94;210;304;72.6809378185525;-1.9880786;-5.964236
10.21;105;94;210;304;72.6809378185525;-1.9880786;-5.964236
10.22;105;93;210;305;72.6809378185525;-2.0259466;-6.002104
10.23;105;93;211;305;72.782874617737;-2.0042017;-6.012605
10.24;105;93;211;305;72.782874617737;-2.0042017;-6.012605
10.25;105;93;211;306;72.88481141692151;-2.0202796;-6.023077
10.26;105;93;211;306;72.88481141692151;-2.0202796;-6.023077
10.27;105;93;211;306;72.88481141692151;-2.0202796;-6.023077
10.28;104;93;211;306;72.782874617737;-2.0042017;-6.0504203
10.29;104;93;211;306;72.782874617737;-2.0042017;-6.0504203
10.3;104;93;211;306;72.782874617737;-2.0042017;-6.0504203
10.31;104;92;212;306;72.782874617737;-2.0042017;-6.0882354
10.32;103;92;212;306;72.6809378185525;-1.9880786;-6.1157084
10.33;103;92;212;305;72.579001019368;-1.9719101;-6.105337
10.34;103;93;212;305;72.6809378185525;-1.9502103;-6.0778403
10.35;103;93;213;304;72.6809378185525;-1.9123422;-6.0778403
10.36;102;93;213;304;72.579001019368;-1.8960674;-6.105337
10.37;102;93;214;303;72.579001019368;-1.8581461;-6.105337
10.38;102;93;214;303;72.579001019368;-1.8581461;-6.105337
10.39;102;93;215;304;72.782874617737;-1.8529412;-6.1260505
10.4;101;93;215;304;72.6809378185525;-1.8366059;-6.1535764
10.41;101;93;216;305;72.88481141692151;-1.8314686;-6.1741257
10.42;102;93;216;305;72.98674821610601;-1.8477653;-6.146648
10.43;102;93;216;306;73.08868501529052;-1.8640168;-6.1569037
10.44;102;93;216;306;73.08868501529052;-1.8640168;-6.1569037
10.45;102;93;216;307;73.19062181447502;-1.8802228;-6.167131
10.46;102;93;216;307;73.19062181447502;-1.8802228;-6.167131
10.47;103;93;216;308;73.39449541284404;-1.9125;-6.15
10.48;103;93;215;308;73.29255861365952;-1.933936;-6.1397777
10.49;103;93;215;309;73.39449541284404;-1.95;-6.15
10.5;103;92;215;310;73.39449541284404;-1.9875;-6.1875
10.51;104;92;214;311;73.49643221202854;-2.0409155;-6.1601944
10.52;104;91;213;311;73.29255861365952;-2.0841446;-6.1773295
10.53;104;91;212;311;73.19062181447502;-2.1058495;-6.167131
10.54;104;91;211;311;73.08868501529052;-2.127615;-6.1569037
10.55;104;90;210;311;72.88481141692151;-2.1713288;-6.1741257
10.56;104;90;209;310;72.6809378185525;-2.1774194;-6.1535764
10.57;104;90;208;310;72.579001019368;-2.199438;-6.1432586
10.58;104;90;207;309;72.37512742099898;-2.2056339;-6.122535
10.59;105;89;207;309;72.37512742099898;-2.2436619;-6.122535
10.6;105;89;206;309;72.27319062181446;-2.2658675;-6.1121297
10.61;105;89;206;309;72.27319062181446;-2.2658675;-6.1121297
10.62;105;89;206;308;72.17125382262996;-2.25;-6.101695
10.63;105;90;206;308;72.27319062181446;-2.2277856;-6.074048
10.64;105;90;206;308;72.27319062181446;-2.2277856;-6.074048
10.65;105;90;207;307;72.27319062181446;-2.1897037;-6.074048
10.66;105;91;207;307;72.37512742099898;-2.1676056;-6.0464787
10.67;105;91;207;307;72.37512742099898;-2.1676056;-6.0464787
10.68;106;91;207;307;72.47706422018348;-2.1835444;-6.018987
10.69;106;91;208;308;72.6809378185525;-2.1774194;-6.039972
10.7;106;91;208;308;72.6809378185525;-2.1774194;-6.039972
10.71;106;92;209;309;72.98674821610601;-2.1494412;-6.0335197
10.72;106;92;209;309;72.98674821610601;-2.1494412;-6.0335197
10.73;106;92;209;309;72.98674821610601;-2.1494412;-6.0335197
10.74;106;92;209;309;72.98674821610601;-2.1494412;-6.0335197
10.75;106;92;209;309;72.98674821610601;-2.1494412;-6.0335197
10.76;106;92;209;309;72.98674821610601;-2.1494412;-6.0335197
10.77;106;92;209;309;72.98674821610601;-2.1494412;-6.0335197
10.78;106;92;209;309;72.98674821610601;-2.1494412;-6.0335197
10.79;106;92;209;309;72.98674821610601;-2.1494412;-6.0335197
10.8;106;91;209;309;72.88481141692151;-2.1713288;-6.060839
10.81;106;91;209;309;72.88481141692151;-2.1713288;-6.060839
10.82;106;91;209;309;72.88481141692151;-2.1713288;-6.060839
10.83;105;91;209;309;72.782874617737;-2.1554623;-6.0882354
10.84;105;91;209;309;72.782874617737;-2.1554623;-6.0882354
10.85;105;91;209;310;72.88481141692151;-2.1713288;-6.0986013
10.86;105;91;209;310;72.88481141692151;-2.1713288;-6.0986013
10.87;105;91;209;310;72.88481141692151;-2.1713288;-6.0986013
10.88;105;91;209;310;72.88481141692151;-2.1713288;-6.0986013
10.89;105;91;209;310;72.88481141692151;-2.1713288;-6.0986013
10.9;104;91;209;309;72.6809378185525;-2.1395512;-6.1157084
10.91;104;91;210;309;72.782874617737;-2.1176472;-6.1260505
10.92;104;91;210;308;72.6809378185525;-2.1016831;-6.1157084
10.93;104;92;210;307;72.6809378185525;-2.0638149;-6.0778403
10.94;104;92;211;307;72.782874617737;-2.0420167;-6.0882354
10.95;104;92;211;306;72.6809378185525;-2.0259466;-6.0778403
10.96;104;93;211;306;72.782874617737;-2.0042017;-6.0504203
10.97;104;93;211;306;72.782874617737;-2.0042017;-6.0504203
10.98;104;93;211;305;72.6809378185525;-1.9880786;-6.039972
10.99;104;93;211;305;72.6809378185525;-1.9880786;-6.039972
11.0;105;93;211;305;72.782874617737;-2.0042017;-6.012605
11.01;105;94;211;305;72.88481141692151;-1.9825175;-5.985315
11.02;105;94;211;304;72.782874617737;-1.9663866;-5.97479
11.03;105;94;211;304;72.782874617737;-1.9663866;-5.97479
11.04;105;94;211;304;72.782874617737;-1.9663866;-5.97479
11.05;105;94;211;304;72.782874617737;-1.9663866;-5.97479
11.06;105;94;211;304;72.782874617737;-1.9663866;-5.97479
11.07;105;94;211;304;72.782874617737;-1.9663866;-5.97479
11.08;105;94;211;304;72.782874617737;-1.9663866;-5.97479
11.09;105;94;211;304;72.782874617737;-1.9663866;-5.97479
11.1;105;94;211;303;72.6809378185525;-1.9502103;-5.964236
11.11;106;95;211;303;72.88481141692151;-1.9447552;-5.90979
11.12;106;95;211;302;72.782874617737;-1.9285715;-5.8991594
11.13;106;95;210;302;72.6809378185525;-1.9502103;-5.8884993
11.14;106;95;210;302;72.6809378185525;-1.9502103;-5.8884993
11.15;106;95;210;302;72.6809378185525;-1.9502103;-5.8884993
11.16;106;95;210;302;72.6809378185525;-1.9502103;-5.8884993
11.17;106;95;210;302;72.6809378185525;-1.9502103;-5.8884993
11.18;106;95;210;302;72.6809378185525;-1.9502103;-5.8884993
11.19;107;95;210;302;72.782874617737;-1.9663866;-5.8613443
11.2;107;96;210;302;72.88481141692151;-1.9447552;-5.8342657
11.21;107;96;210;302;72.88481141692151;-1.9447552;-5.8342657
11.22;107;96;210;302;72.88481141692151;-1.9447552;-5.8342657
11.23;107;96;210;301;72.782874617737;-1.9285715;-5.8235292
11.24;108;96;210;301;72.88481141692151;-1.9447552;-5.7965035
11.25;108;97;210;301;72.98674821610601;-1.9231844;-5.769553
11.26;108;97;210;301;72.98674821610601;-1.9231844;-5.769553
11.27;109;97;209;300;72.88481141692151;-1.9447552;-5.720979
11.28;109;98;209;299;72.88481141692151;-1.906993;-5.6832166
11.29;109;98;209;298;72.782874617737;-1.8907562;-5.672269
11.3;109;99;209;297;72.782874617737;-1.8529412;-5.634454
11.31;110;100;209;295;72.782874617737;-1.8151261;-5.5588236
11.32;110;101;209;293;72.6809378185525;-1.7608696;-5.5098176
11.33;110;102;210;291;72.6809378185525;-1.6851332;-5.4719496
11.34;110;104;211;289;72.782874617737;-1.5882353;-5.407563
11.35;111;105;212;288;72.98674821610601;-1.5460894;-5.3547487
11.36;111;106;213;287;73.08868501529052;-1.4874477;-5.328452
11.37;111;107;213;285;72.98674821610601;-1.4329609;-5.27933
11.38;111;108;214;284;73.08868501529052;-1.374477;-5.253138
11.39;111;109;214;282;72.98674821610601;-1.3198324;-5.203911
11.4;112;110;214;281;73.08868501529052;-1.2991632;-5.140167
11.41;112;111;214;280;73.08868501529052;-1.2615063;-5.1025105
11.42;113;112;213;279;73.08868501529052;-1.2615063;-5.027197
11.43;114;112;212;278;72.98674821610601;-1.2821229;-4.9776535
11.44;114;113;211;277;72.88481141692151;-1.2650349;-4.927972
11.45;115;113;211;276;72.88481141692151;-1.2650349;-4.8902097
11.46;115;114;210;275;72.782874617737;-1.2478992;-4.8403363
11.47;116;114;210;274;72.782874617737;-1.2478992;-4.802521
11.48;116;115;209;273;72.6809378185525;-1.2307153;-4.7524543
11.49;116;115;209;272;72.579001019368;-1.2134831;-4.7401686
11.5;116;116;209;271;72.579001019368;-1.1755618;-4.702247
11.51;117;117;209;271;72.782874617737;-1.1722689;-4.6512604
11.52;117;117;209;270;72.6809378185525;-1.154979;-4.6388497
11.53;117;117;209;269;72.579001019368;-1.1376405;-4.6264043
11.54;117;118;209;269;72.6809378185525;-1.1171108;-4.6009817
11.55;117;118;209;268;72.579001019368;-1.099719;-4.5884833
11.56;117;119;209;268;72.6809378185525;-1.0792426;-4.5631137
11.57;117;119;208;267;72.47706422018348;-1.0822785;-4.537975
11.58;117;119;208;266;72.37512742099898;-1.0647887;-4.525352
11.59;117;120;209;266;72.579001019368;-1.0238764;-4.5126405
11.6;117;120;209;266;72.579001019368;-1.0238764;-4.5126405
11.61;117;120;209;266;72.579001019368;-1.0238764;-4.5126405
11.62;117;120;210;266;72.6809378185525;-1.0035063;-4.5252457
11.63;117;120;210;266;72.6809378185525;-1.0035063;-4.5252457
11.64;117;120;210;266;72.6809378185525;-1.0035063;-4.5252457
11.65;117;120;210;265;72.579001019368;-0.98595506;-4.5126405
11.66;117;120;210;265;72.579001019368;-0.98595506;-4.5126405
11.67;117;121;211;265;72.782874617737;-0.9453781;-4.5
11.68;117;121;211;265;72.782874617737;-0.9453781;-4.5
11.69;117;122;211;265;72.88481141692151;-0.92517483;-4.4748254
11.7;117;122;211;265;72.88481141692151;-0.92517483;-4.4748254
11.71;118;122;211;265;72.98674821610601;-0.9427374;-4.449721
11.72;118;122;211;265;72.98674821610601;-0.9427374;-4.449721
11.73;118;122;211;265;72.98674821610601;-0.9427374;-4.449721
11.74;118;122;210;265;72.88481141692151;-0.96293706;-4.4370627
11.75;118;122;210;265;72.88481141692151;-0.96293706;-4.4370627
11.76;119;123;210;264;72.98674821610601;-0.9427374;-4.374302
11.77;119;123;210;264;72.98674821610601;-0.9427374;-4.374302
11.78;119;123;210;264;72.98674821610601;-0.9427374;-4.374302
11.79;119;123;210;264;72.98674821610601;-0.9427374;-4.374302
11.8;119;123;210;264;72.98674821610601;-0.9427374;-4.374302
11.81;119;122;209;264;72.782874617737;-0.9831933;-4.3865547
11.82;118;122;209;264;72.6809378185525;-0.96563816;-4.411641
11.83;118;122;209;264;72.6809378185525;-0.96563816;-4.411641
11.84;118;122;209;264;72.6809378185525;-0.96563816;-4.411641
11.85;118;122;209;264;72.6809378185525;-0.96563816;-4.411641
11.86;118;122;210;264;72.782874617737;-0.9453781;-4.42437
11.87;118;122;210;265;72.88481141692151;-0.96293706;-4.4370627
11.88;118;122;210;265;72.88481141692151;-0.96293706;-4.4370627
11.89;118;122;210;265;72.88481141692151;-0.96293706;-4.4370627
11.9;119;122;210;266;73.08868501529052;-0.99790794;-4.424686
11.91;119;122;210;266;73.08868501529052;-0.99790794;-4.424686
11.92;119;122;210;266;73.08868501529052;-0.99790794;-4.424686
11.93;119;122;210;266;73.08868501529052;-0.99790794;-4.424686
11.94;119;122;210;267;73.19062181447502;-1.0153203;-4.437326
11.95;119;122;210;267;73.19062181447502;-1.0153203;-4.437326
11.96;119;122;210;267;73.19062181447502;-1.0153203;-4.437326
11.97;119;122;210;266;73.08868501529052;-0.99790794;-4.424686
11.98;119;122;210;266;73.08868501529052;-0.99790794;-4.424686
11.99;119;122;210;266;73.08868501529052;-0.99790794;-4.424686
12.0;119;121;210;266;72.98674821610601;-1.0181564;-4.449721
12.01;118;121;210;265;72.782874617737;-0.9831933;-4.462185
12.02;118;121;209;265;72.6809378185525;-1.0035063;-4.449509
12.03;118;121;209;265;72.6809378185525;-1.0035063;-4.449509
12.04;118;121;209;265;72.6809378185525;-1.0035063;-4.449509
12.05;118;121;209;265;72.6809378185525;-1.0035063;-4.449509
12.06;118;121;209;264;72.579001019368;-0.98595506;-4.4367976
12.07;118;121;209;264;72.579001019368;-0.98595506;-4.4367976
12.08;118;121;209;264;72.579001019368;-0.98595506;-4.4367976
12.09;117;120;209;264;72.37512742099898;-0.9887324;-4.4873238
12.1;117;120;208;264;72.27319062181446;-1.0091678;-4.474612
12.11;117;120;208;264;72.27319062181446;-1.0091678;-4.474612
12.12;117;120;209;265;72.47706422018348;-1.006329;-4.5
12.13;117;120;209;265;72.47706422018348;-1.006329;-4.5
12.14;117;120;209;265;72.47706422018348;-1.006329;-4.5
12.15;117;119;210;266;72.579001019368;-1.0238764;-4.550562
12.16;117;119;210;267;72.6809378185525;-1.0413744;-4.5631137
12.17;117;119;210;267;72.6809378185525;-1.0413744;-4.5631137
12.18;117;119;210;268;72.782874617737;-1.0588236;-4.57563
12.19;117;118;211;270;72.98674821610601;-1.0935755;-4.638268
12.2;116;117;211;272;72.98674821610601;-1.131285;-4.713687
12.21;116;115;211;276;73.19062181447502;-1.2409471;-4.8133707
12.22;116;113;210;280;73.29255861365952;-1.3706536;-4.9005566
12.23;116;111;209;284;73.39449541284404;-1.5;-4.9875
12.24;116;108;208;287;73.29255861365952;-1.6335188;-5.088317
12.25;116;106;206;290;73.19062181447502;-1.7674094;-5.1518106
12.26;115;104;205;293;73.08868501529052;-1.8640168;-5.253138
12.27;115;101;204;296;72.98674821610601;-1.9986033;-5.3547487
12.28;115;100;204;298;73.08868501529052;-2.0523012;-5.4037657
12.29;115;98;203;300;72.98674821610601;-2.1494412;-5.467877
12.3;115;97;203;301;72.98674821610601;-2.187151;-5.5055866
12.31;115;97;203;301;72.98674821610601;-2.187151;-5.5055866
12.32;115;97;203;301;72.98674821610601;-2.187151;-5.5055866
12.33;116;98;202;301;73.08868501529052;-2.2029288;-5.4414225
12.34;116;98;202;300;72.98674821610601;-2.187151;-5.4301677
12.35;117;98;201;300;72.98674821610601;-2.2248604;-5.392458
12.36;117;98;200;299;72.782874617737;-2.2310925;-5.369748
12.37;118;99;200;298;72.88481141692151;-2.209091;-5.3055944
12.38;118;99;199;298;72.782874617737;-2.2310925;-5.2941175
12.39;119;99;199;298;72.88481141692151;-2.246853;-5.2678323
12.4;119;99;199;298;72.88481141692151;-2.246853;-5.2678323
12.41;119;99;198;298;72.782874617737;-2.2689075;-5.2563024
12.42;119;99;198;297;72.6809378185525;-2.2531557;-5.2447405
12.43;119;99;198;296;72.579001019368;-2.2373595;-5.233146
12.44;118;99;198;296;72.47706422018348;-2.221519;-5.259494
12.45;118;100;198;295;72.47706422018348;-2.1835444;-5.221519
12.46;118;100;199;294;72.47706422018348;-2.1455696;-5.221519
12.47;118;100;199;293;72.37512742099898;-2.1295774;-5.2098594
12.48;118;101;199;292;72.37512742099898;-2.0915494;-5.171831
12.49;118;101;199;292;72.37512742099898;-2.0915494;-5.171831
12.5;118;101;200;291;72.37512742099898;-2.0535212;-5.171831
12.51;118;101;200;291;72.37512742099898;-2.0535212;-5.171831
12.52;118;102;200;291;72.47706422018348;-2.0316455;-5.14557
12.53;118;102;200;291;72.47706422018348;-2.0316455;-5.14557
12.54;117;102;200;290;72.27319062181446;-1.9992948;-5.1600847
12.55;117;102;200;289;72.17125382262996;-1.9830508;-5.148305
12.56;117;102;200;289;72.17125382262996;-1.9830508;-5.148305
12.57;117;103;201;288;72.27319062181446;-1.9231312;-5.1220026
12.58;117;103;202;288;72.37512742099898;-1.9014084;-5.133803
12.59;117;104;202;288;72.47706422018348;-1.8797468;-5.107595
12.6;117;104;203;288;72.579001019368;-1.8581461;-5.119382
12.61;116;104;204;289;72.6809378185525;-1.8366059;-5.1690044
12.62;116;104;204;289;72.6809378185525;-1.8366059;-5.1690044
12.63;116;103;205;290;72.782874617737;-1.8529412;-5.2184873
12.64;115;103;205;290;72.6809378185525;-1.8366059;-5.2447405
12.65;115;103;206;290;72.782874617737;-1.8151261;-5.2563024
12.66;115;103;206;291;72.88481141692151;-1.8314686;-5.2678323
12.67;114;103;207;291;72.88481141692151;-1.7937063;-5.3055944
12.68;114;103;207;292;72.98674821610601;-1.8100559;-5.317039
12.69;114;102;207;292;72.88481141692151;-1.8314686;-5.3433566
12.7;113;102;207;293;72.88481141692151;-1.8314686;-5.381119
12.71;113;101;207;294;72.88481141692151;-1.8692307;-5.418881
12.72;113;101;207;295;72.98674821610601;-1.8854748;-5.4301677
12.73;113;100;207;296;72.98674821610601;-1.9231844;-5.467877
12.74;112;100;207;297;72.98674821610601;-1.9231844;-5.5055866
12.75;112;99;207;297;72.88481141692151;-1.9447552;-5.532168
12.76;112;99;207;298;72.98674821610601;-1.9608939;-5.543296
12.77;112;99;207;299;73.08868501529052;-1.9769875;-5.5543933
12.78;112;98;207;299;72.98674821610601;-1.9986033;-5.5810056
12.79;112;98;206;300;72.98674821610601;-2.0363128;-5.5810056
12.8;112;97;206;300;72.88481141692151;-2.058042;-5.6076922
12.81;111;97;206;301;72.88481141692151;-2.058042;-5.6454544
12.82;111;96;205;301;72.6809378185525;-2.1016831;-5.66129
12.83;111;96;205;302;72.782874617737;-2.1176472;-5.672269
12.84;111;96;205;302;72.782874617737;-2.1176472;-5.672269
12.85;111;96;205;303;72.88481141692151;-2.1335664;-5.6832166
12.86;112;96;205;303;72.98674821610601;-2.1494412;-5.6564245
12.87;112;95;204;304;72.88481141692151;-2.209091;-5.6832166
12.88;112;95;204;305;72.98674821610601;-2.2248604;-5.694134
12.89;113;95;204;305;73.08868501529052;-2.2405858;-5.667364
12.9;113;95;203;306;73.08868501529052;-2.2782426;-5.667364
12.91;113;95;203;306;73.08868501529052;-2.2782426;-5.667364
12.92;114;95;202;307;73.19062181447502;-2.3314762;-5.6406684
12.93;114;94;202;307;73.08868501529052;-2.3535564;-5.667364
12.94;115;94;201;308;73.19062181447502;-2.4066854;-5.6406684
12.95;115;94;201;308;73.19062181447502;-2.4066854;-5.6406684
12.96;115;94;200;308;73.08868501529052;-2.4288702;-5.6297073
12.97;116;94;199;308;73.08868501529052;-2.4665272;-5.59205
12.98;116;94;199;308;73.08868501529052;-2.4665272;-5.59205
12.99;117;93;198;309;73.08868501529052;-2.541841;-5.59205
13.0;117;93;197;309;72.98674821610601;-2.5642457;-5.5810056
13.01;117;93;197;309;72.98674821610601;-2.5642457;-5.5810056
13.02;118;93;196;309;72.98674821610601;-2.6019554;-5.543296
13.03;118;93;195;309;72.88481141692151;-2.6244755;-5.532168
13.04;118;92;194;309;72.6809378185525;-2.6697054;-5.5476856
13.05;118;92;194;309;72.6809378185525;-2.6697054;-5.5476856
13.06;118;92;194;309;72.6809378185525;-2.6697054;-5.5476856
13.07;119;92;193;309;72.6809378185525;-2.7075737;-5.5098176
13.08;119;93;193;308;72.6809378185525;-2.6697054;-5.4719496
13.09;119;93;193;308;72.6809378185525;-2.6697054;-5.4719496
13.1;120;93;193;308;72.782874617737;-2.684874;-5.4453783
13.11;120;93;193;308;72.782874617737;-2.684874;-5.4453783
13.12;120;93;193;308;72.782874617737;-2.684874;-5.4453783
13.13;120;93;192;308;72.6809378185525;-2.7075737;-5.4340816
13.14;120;93;192;308;72.6809378185525;-2.7075737;-5.4340816
13.15;120;93;192;308;72.6809378185525;-2.7075737;-5.4340816
13.16;120;93;192;309;72.782874617737;-2.7226892;-5.4453783
13.17;120;93;191;309;72.6809378185525;-2.745442;-5.4340816
13.18;120;93;199;299;72.47706422018348;-2.4113925;-5.411392
15.75;117;98;199;299;72.6809378185525;-2.2531557;-5.358345
15.76;117;99;199;299;72.782874617737;-2.2310925;-5.3319325
15.77;117;99;199;299;72.782874617737;-2.2310925;-5.3319325
15.78;117;99;199;299;72.782874617737;-2.2310925;-5.3319325
15.79;117;99;199;299;72.782874617737;-2.2310925;-5.3319325
15.8;117;98;199;300;72.782874617737;-2.2689075;-5.369748
15.81;117;98;199;300;72.782874617737;-2.2689075;-5.369748
15.82;117;98;199;300;72.782874617737;-2.2689075;-5.369748
15.83;117;98;199;300;72.782874617737;-2.2689075;-5.369748
15.84;117;98;199;300;72.782874617737;-2.2689075;-5.369748
15.85;117;98;199;300;72.782874617737;-2.2689075;-5.369748
15.86;118;98;199;300;72.88481141692151;-2.2846153;-5.3433566
15.87;118;98;198;300;72.782874617737;-2.3067226;-5.3319325
15.88;118;98;198;300;72.782874617737;-2.3067226;-5.3319325
15.89;118;98;198;300;72.782874617737;-2.3067226;-5.3319325
15.9;118;98;198;300;72.782874617737;-2.3067226;-5.3319325
15.91;118;98;198;300;72.782874617737;-2.3067226;-5.3319325
15.92;118;98;198;300;72.782874617737;-2.3067226;-5.3319325
15.93;118;98;198;300;72.782874617737;-2.3067226;-5.3319325
15.94;118;98;198;300;72.782874617737;-2.3067226;-5.3319325
15.95;118;98;197;299;72.579001019368;-2.3132021;-5.3089886
15.96;118;98;197;299;72.579001019368;-2.3132021;-5.3089886
15.97;119;98;197;299;72.6809378185525;-2.328892;-5.2826085
15.98;119;98;197;299;72.6809378185525;-2.328892;-5.2826085
15.99;119;99;197;299;72.782874617737;-2.3067226;-5.2563024
16.0;120;99;197;299;72.88481141692151;-2.3223777;-5.23007
16.01;120;99;196;299;72.782874617737;-2.3445377;-5.2184873
16.02;120;99;196;299;72.782874617737;-2.3445377;-5.2184873
16.03;121;99;196;299;72.88481141692151;-2.3601398;-5.1923075
16.04;121;99;195;298;72.6809378185525;-2.3667603;-5.1690044
16.05;122;100;195;298;72.88481141692151;-2.3601398;-5.116783
16.06;122;100;194;298;72.782874617737;-2.3823528;-5.105042
16.07;123;100;194;298;72.88481141692151;-2.397902;-5.079021
16.08;123;100;194;298;72.88481141692151;-2.397902;-5.079021
16.09;124;100;193;298;72.88481141692151;-2.4356644;-5.041259
16.1;124;100;193;297;72.782874617737;-2.4201682;-5.029412
16.11;125;101;192;297;72.88481141692151;-2.4356644;-4.9657345
16.12;125;101;192;297;72.88481141692151;-2.4356644;-4.9657345
16.13;126;101;191;297;72.88481141692151;-2.4734266;-4.927972
16.14;127;101;191;296;72.88481141692151;-2.4734266;-4.8902097
16.15;127;102;191;296;72.98674821610601;-2.4511173;-4.8645253
16.16;128;102;190;296;72.98674821610601;-2.4888268;-4.8268156
16.17;128;102;190;295;72.88481141692151;-2.4734266;-4.8146853
16.18;129;103;189;295;72.98674821610601;-2.4888268;-4.7513967
16.19;129;103;189;295;72.98674821610601;-2.4888268;-4.7513967
16.2;130;103;189;294;72.98674821610601;-2.4888268;-4.713687
16.21;130;103;188;293;72.782874617737;-2.4957983;-4.6890755
16.22;130;103;188;293;72.782874617737;-2.4957983;-4.6890755
16.23;130;103;187;292;72.579001019368;-2.502809;-4.6643257
16.24;130;103;187;291;72.47706422018348;-2.487342;-4.651899
16.25;130;103;186;291;72.37512742099898;-2.509859;-4.6394367
16.26;130;103;186;290;72.27319062181446;-2.4943583;-4.6269393
16.27;130;103;186;290;72.27319062181446;-2.4943583;-4.6269393
16.28;129;103;185;289;71.96738022426095;-2.4858358;-4.6274786
16.29;129;103;185;289;71.96738022426095;-2.4858358;-4.6274786
16.3;129;102;184;288;71.66156982670744;-2.5156472;-4.6280227
16.31;129;102;184;288;71.66156982670744;-2.5156472;-4.6280227
16.32;128;102;185;288;71.66156982670744;-2.4772403;-4.6664295
16.33;128;102;185;289;71.76350662589195;-2.4928977;-4.6789775
16.34;127;101;185;289;71.55963302752293;-2.5;-4.730769
16.35;127;101;186;290;71.76350662589195;-2.4928977;-4.755682
16.36;126;100;186;290;71.55963302752293;-2.5;-4.8076925
16.37;126;100;187;291;71.76350662589195;-2.4928977;-4.8323865
16.38;125;100;187;292;71.76350662589195;-2.4928977;-4.8707385
16.39;125;99;188;293;71.86544342507645;-2.5085106;-4.9212766
16.4;124;99;189;293;71.86544342507645;-2.4702127;-4.9595747
16.41;123;98;189;294;71.76350662589195;-2.4928977;-5.0241475
16.42;123;97;190;295;71.86544342507645;-2.5085106;-5.074468
16.43;122;97;190;296;71.86544342507645;-2.5085106;-5.112766
16.44;121;96;191;297;71.86544342507645;-2.5085106;-5.1893616
16.45;120;95;191;297;71.66156982670744;-2.5156472;-5.242532
16.46;119;94;192;298;71.66156982670744;-2.5156472;-5.3193455
16.47;118;93;192;299;71.55963302752293;-2.5384614;-5.3846154
16.48;117;93;193;300;71.66156982670744;-2.5156472;-5.434566
16.49;116;92;194;302;71.76350662589195;-2.53125;-5.5227275
16.5;116;92;196;304;72.17125382262996;-2.5169492;-5.5677967
16.51;115;91;197;306;72.27319062181446;-2.53244;-5.655148
16.52;114;90;199;308;72.47706422018348;-2.5253165;-5.753165
16.53;113;90;200;309;72.579001019368;-2.502809;-5.801966
16.54;111;89;201;311;72.579001019368;-2.502809;-5.9157305
16.55;110;88;202;313;72.6809378185525;-2.5182328;-6.002104
16.56;109;87;204;314;72.782874617737;-2.4957983;-6.0882354
16.57;107;86;205;316;72.782874617737;-2.4957983;-6.2016807
16.58;106;84;205;317;72.579001019368;-2.5407302;-6.294944
16.59;104;83;206;318;72.47706422018348;-2.5253165;-6.398734
16.6;102;82;207;318;72.27319062181446;-2.4943583;-6.4929476
16.61;101;81;207;319;72.17125382262996;-2.5169492;-6.559322
16.62;99;80;208;320;72.06931702344546;-2.5014145;-6.6640735
16.63;97;78;208;321;71.76350662589195;-2.53125;-6.7883525
16.64;95;77;209;322;71.66156982670744;-2.5156472;-6.894026
16.65;93;75;210;323;71.45769622833842;-2.5228245;-7.029244
16.66;91;74;211;324;71.35575942915392;-2.5071428;-7.135714
16.67;89;72;212;326;71.25382262996942;-2.530043;-7.281116
16.68;87;71;213;327;71.1518858307849;-2.5143266;-7.3882523
16.69;85;69;214;329;71.0499490316004;-2.5373027;-7.5344334
16.7;83;68;216;332;71.25382262996942;-2.530043;-7.667382
16.71;81;66;217;334;71.1518858307849;-2.5530086;-7.8137536
16.72;79;65;219;337;71.35575942915392;-2.5457144;-7.9457145
16.73;77;63;221;341;71.55963302752293;-2.5769231;-8.115385
16.74;75;61;223;345;71.76350662589195;-2.6079545;-8.284091
16.75;72;59;225;350;71.96738022426095;-2.6388102;-8.490085
16.76;70;57;227;353;72.06931702344546;-2.6541727;-8.649929
16.77;68;56;229;356;72.27319062181446;-2.6466854;-8.777856
16.78;66;54;230;359;72.27319062181446;-2.6847672;-8.930183
16.79;64;53;230;360;72.06931702344546;-2.692362;-9.031825
16.8;62;51;230;361;71.76350662589195;-2.7230113;-9.166193
16.81;61;50;229;361;71.45769622833842;-2.753923;-9.224679
16.82;59;49;228;360;70.9480122324159;-2.7543104;-9.310345
16.83;58;48;226;358;70.33639143730886;-2.778261;-9.352174
16.84;57;47;225;356;69.82670744138633;-2.7788322;-9.40073
16.85;55;46;222;353;68.90927624872579;-2.795858;-9.465977
16.86;54;45;220;350;68.19571865443424;-2.8049328;-9.504484
16.87;53;44;218;346;67.3802242609582;-2.7980332;-9.537822
16.88;51;43;215;343;66.46279306829766;-2.8159509;-9.607362
16.89;50;42;212;338;65.4434250764526;-2.817757;-9.630841
16.9;49;42;209;334;64.62793068297655;-2.8107255;-9.624606
16.91;48;41;205;328;63.40468909276248;-2.8215435;-9.636656
16.92;47;40;200;322;62.07951070336391;-2.859606;-9.642858
16.93;45;39;195;315;60.55045871559633;-2.8636363;-9.681818
16.94;43;38;190;307;58.91946992864424;-2.8494809;-9.716263
16.95;42;36;184;299;57.186544342507645;-2.9117646;-9.745989
16.96;40;35;178;291;55.45361875637105;-2.9283087;-9.777574
16.97;38;34;172;281;53.51681957186544;-2.9057143;-9.797143
16.98;36;33;166;272;51.68195718654434;-2.9023669;-9.825444
16.99;34;31;159;261;49.439347604485214;-2.9226804;-9.881443
17.0;32;30;152;251;47.400611620795104;-2.9322581;-9.9
17.01;30;29;145;240;45.25993883792049;-2.9189188;-9.912162
17.02;28;28;138;229;43.11926605504587;-2.9042554;-9.925532
17.03;27;27;132;219;41.28440366972477;-2.9;-9.9
17.04;25;26;125;209;39.24566768603466;-2.9103897;-9.923377
17.05;24;25;119;199;37.410805300713555;-2.9059947;-9.895096
17.06;23;25;113;191;35.881753312945975;-2.9147727;-9.818182
17.07;22;24;108;182;34.25076452599388;-2.892857;-9.803572
17.08;21;23;103;174;32.7217125382263;-2.901869;-9.799066
17.09;20;23;97;166;31.192660550458715;-2.9117646;-9.705882
17.1;19;22;92;158;29.66360856269113;-2.9226804;-9.695876
17.11;18;21;87;150;28.134556574923547;-2.9347825;-9.684783
17.12;17;21;82;142;26.707441386340466;-2.8854961;-9.583969
17.13;16;20;78;135;25.382262996941893;-2.873494;-9.596386
17.14;16;20;73;128;24.159021406727827;-2.9050634;-9.398734
17.15;15;20;69;121;22.93577981651376;-2.82;-9.3
17.16;14;19;66;115;21.8144750254842;-2.775701;-9.336449
17.17;13;19;62;108;20.59123343527013;-2.6732674;-9.222773
17.18;13;18;58;102;19.46992864424057;-2.7565446;-9.117801
17.19;12;18;54;95;18.246687054026502;-2.639665;-8.97486
17.2;11;17;49;87;16.717635066258918;-2.6341465;-8.890244
17.21;10;16;43;78;14.984709480122323;-2.6632652;-8.72449
17.22;9;15;37;69;13.251783893985728;-2.7;-8.515385
17.23;8;14;31;61;11.620795107033638;-2.8421052;-8.289474
17.24;8;13;25;52;9.989806320081549;-3.0306122;-7.714286
17.25;8;13;20;44;8.664627930682975;-3.017647;-6.829412
17.26;8;12;15;37;7.339449541284403;-3.375;-6.0
17.27;8;12;11;31;6.320081549439347;-3.483871;-4.790323
17.28;7;11;8;25;5.198776758409785;-3.4411764;-3.9705882
17.29;6;10;5;20;4.1794087665647295;-3.621951;-2.9634147
17.3;5;9;2;16;3.261977573904179;-4.21875;-1.6875
17.31;4;7;1;13;2.54841997961264;-4.86;-1.62
17.32;3;6;0;11;2.038735983690112;-5.4;-1.35
17.33;2;5;0;9;1.6309887869520896;-5.0625;-1.6875
17.34;1;3;0;6;1.019367991845056;-5.4;-2.7
17.35;1;1;0;3;0.509683995922528;-8.1;-2.7
17.36;0;0;0;2;0.2038735983690112;-13.5;-13.5
17.37;0;0;0;0;0.0;0.0;0.0
17.38;0;0;0;0;0.0;0.0;0.0
17.39;0;0;0;0;0.0;0.0;0.0
17.4;0;0;0;0;0.0;0.0;0.0
17.41;0;0;0;0;0.0;0.0;0.0
17.42;0;0;0;0;0.0;0.0;0.0
17.43;0;0;0;0;0.0;0.0;0.0
17.44;0;0;0;0;0.0;0.0;0.0
17.45;0;0;0;0;0.0;0.0;0.0
17.46;0;0;0;0;0.0;0.0;0.0
17.47;0;0;0;0;0.0;0.0;0.0
17.48;0;0;0;0;0.0;0.0;0.0
17.49;0;0;0;0;0.0;0.0;0.0
17.5;0;0;0;0;0.0;0.0;0.0
17.51;0;0;0;0;0.0;0.0;0.0
17.52;0;0;0;0;0.0;0.0;0.0
17.53;0;0;0;0;0.0;0.0;0.0
17.54;0;0;0;0;0.0;0.0;0.0
17.55;0;0;0;0;0.0;0.0;0.0
17.56;0;0;0;0;0.0;0.0;0.0
17.57;0;0;0;0;0.0;0.0;0.0
17.58;0;0;0;0;0.0;0.0;0.0
17.59;0;0;0;0;0.0;0.0;0.0
17.6;0;0;0;0;0.0;0.0;0.0
17.61;0;0;0;0;0.0;0.0;0.0
17.62;0;0;0;0;0.0;0.0;0.0
17.63;0;0;0;0;0.0;0.0;0.0
17.64;0;0;0;0;0.0;0.0;0.0
17.65;0;0;0;0;0.0;0.0;0.0
17.66;0;0;0;0;0.0;0.0;0.0
17.67;0;0;0;0;0.0;0.0;0.0
17.68;0;0;0;0;0.0;0.0;0.0
17.69;0;0;0;0;0.0;0.0;0.0
17.7;0;0;0;0;0.0;0.0;0.0
17.71;0;0;0;0;0.0;0.0;0.0
17.72;0;0;0;0;0.0;0.0;0.0
17.73;0;0;0;0;0.0;0.0;0.0
17.74;0;0;0;0;0.0;0.0;0.0
17.75;0;0;0;0;0.0;0.0;0.0
17.76;0;0;0;0;0.0;0.0;0.0
17.77;0;0;0;0;0.0;0.0;0.0
17.78;0;0;0;0;0.0;0.0;0.0
17.79;0;0;0;0;0.0;0.0;0.0
17.8;0;0;0;0;0.0;0.0;0.0
17.81;0;0;0;0;0.0;0.0;0.0
17.82;0;0;0;0;0.0;0.0;0.0
17.83;0;0;0;0;0.0;0.0;0.0
17.84;0;0;0;0;0.0;0.0;0.0
17.85;0;0;0;0;0.0;0.0;0.0
17.86;0;0;0;0;0.0;0.0;0.0
17.87;0;0;0;0;0.0;0.0;0.0
17.88;0;0;0;0;0.0;0.0;0.0
17.89;0;0;0;0;0.0;0.0;0.0
17.9;0;0;0;0;0.0;0.0;0.0
17.91;0;0;0;0;0.0;0.0;0.0
17.92;0;0;0;0;0.0;0.0;0.0
17.93;0;0;0;0;0.0;0.0;0.0
17.94;0;0;0;0;0.0;0.0;0.0
17.95;0;0;0;0;0.0;0.0;0.0
17.96;0;0;0;0;0.0;0.0;0.0
17.97;0;0;0;0;0.0;0.0;0.0
17.98;0;0;0;0;0.0;0.0;0.0
17.99;0;0;0;0;0.0;0.0;0.0
18.0;0;0;0;0;0.0;0.0;0.0
18.01;0;0;0;0;0.0;0.0;0.0
18.02;0;0;0;0;0.0;0.0;0.0
18.03;0;0;0;0;0.0;0.0;0.0
18.04;0;0;0;0;0.0;0.0;0.0
18.05;0;0;0;0;0.0;0.0;0.0
18.06;0;0;0;0;0.0;0.0;0.0
18.07;0;0;0;0;0.0;0.0;0.0
18.08;0;0;0;0;0.0;0.0;0.0
18.09;0;0;0;0;0.0;0.0;0.0
18.1;0;0;0;0;0.0;0.0;0.0
18.11;0;0;0;0;0.0;0.0;0.0
18.12;0;0;0;0;0.0;0.0;0.0
18.13;0;0;0;0;0.0;0.0;0.0
18.14;0;0;0;0;0.0;0.0;0.0
18.15;0;0;0;0;0.0;0.0;0.0
18.16;0;0;0;0;0.0;0.0;0.0
18.17;0;0;0;0;0.0;0.0;0.0
18.18;0;0;0;0;0.0;0.0;0.0
18.19;0;0;0;0;0.0;0.0;0.0
18.2;0;0;0;0;0.0;0.0;0.0
18.21;0;0;0;0;0.0;0.0;0.0
18.22;0;0;0;0;0.0;0.0;0.0
18.23;0;0;0;0;0.0;0.0;0.0
18.24;0;0;0;0;0.0;0.0;0.0
18.25;0;0;0;0;0.0;0.0;0.0
18.26;0;0;0;0;0.0;0.0;0.0
18.27;0;0;0;0;0.0;0.0;0.0
18.28;0;0;0;0;0.0;0.0;0.0
18.29;0;0;0;0;0.0;0.0;0.0
18.3;0;0;0;0;0.0;0.0;0.0
18.31;0;0;0;0;0.0;0.0;0.0
18.32;0;0;0;0;0.0;0.0;0.0
18.33;0;0;0;0;0.0;0.0;0.0
18.34;0;0;0;0;0.0;0.0;0.0
18.35;0;0;0;0;0.0;0.0;0.0
18.36;0;0;0;0;0.0;0.0;0.0
18.37;0;0;0;0;0.0;0.0;0.0
18.38;0;0;0;0;0.0;0.0;0.0
18.39;0;0;0;0;0.0;0.0;0.0
18.4;0;0;0;0;0.0;0.0;0.0
18.41;0;0;0;0;0.0;0.0;0.0
18.42;0;0;0;0;0.0;0.0;0.0
18.43;0;0;0;0;0.0;0.0;0.0
18.44;0;0;0;0;0.0;0.0;0.0
18.45;0;0;0;0;0.0;0.0;0.0
18.46;0;0;0;0;0.0;0.0;0.0
18.47;0;0;0;0;0.0;0.0;0.0
18.48;0;0;0;0;0.0;0.0;0.0
18.49;0;0;0;0;0.0;0.0;0.0
18.5;0;0;0;0;0.0;0.0;0.0
18.51;0;0;0;0;0.0;0.0;0.0
18.52;0;0;0;0;0.0;0.0;0.0
18.53;0;0;0;0;0.0;0.0;0.0
18.54;0;0;0;0;0.0;0.0;0.0
18.55;0;0;0;0;0.0;0.0;0.0
18.56;0;0;0;0;0.0;0.0;0.0
18.57;0;0;0;0;0.0;0.0;0.0
18.58;0;0;0;0;0.0;0.0;0.0
18.59;0;0;0;0;0.0;0.0;0.0
18.6;0;0;0;0;0.0;0.0;0.0
18.61;0;0;0;0;0.0;0.0;0.0
18.62;0;0;0;0;0.0;0.0;0.0
18.63;0;0;0;0;0.0;0.0;0.0
18.64;0;0;0;0;0.0;0.0;0.0
18.65;0;0;0;0;0.0;0.0;0.0
18.66;0;0;0;0;0.0;0.0;0.0
18.67;0;0;0;0;0.0;0.0;0.0
18.68;0;0;0;0;0.0;0.0;0.0
18.69;0;0;0;0;0.0;0.0;0.0
18.7;0;0;0;0;0.0;0.0;0.0
18.71;0;0;0;0;0.0;0.0;0.0
18.72;0;0;0;0;0.0;0.0;0.0
18.73;0;0;0;0;0.0;0.0;0.0
18.74;0;0;0;0;0.0;0.0;0.0
18.75;0;0;0;0;0.0;0.0;0.0
18.76;0;0;0;0;0.0;0.0;0.0
18.77;0;0;0;0;0.0;0.0;0.0
18.78;0;0;0;0;0.0;0.0;0.0
18.79;0;0;0;0;0.0;0.0;0.0
18.8;0;0;0;0;0.0;0.0;0.0
18.81;0;0;0;0;0.0;0.0;0.0
18.82;0;0;0;0;0.0;0.0;0.0
18.83;0;0;0;0;0.0;0.0;0.0
18.84;0;0;0;0;0.0;0.0;0.0
18.85;0;0;0;0;0.0;0.0;0.0
18.86;0;0;0;0;0.0;0.0;0.0
18.87;0;0;0;0;0.0;0.0;0.0
18.88;0;0;0;0;0.0;0.0;0.0
18.89;0;0;0;0;0.0;0.0;0.0
18.9;0;0;0;0;0.0;0.0;0.0
18.91;0;0;0;0;0.0;0.0;0.0
18.92;0;0;0;0;0.0;0.0;0.0
18.93;0;0;0;0;0.0;0.0;0.0
18.94;0;0;0;0;0.0;0.0;0.0
18.95;0;0;0;0;0.0;0.0;0.0
18.96;0;0;0;0;0.0;0.0;0.0
18.97;0;0;0;0;0.0;0.0;0.0
18.98;0;0;0;0;0.0;0.0;0.0
18.99;0;0;0;0;0.0;0.0;0.0
19.0;0;0;0;0;0.0;0.0;0.0
19.01;0;0;0;0;0.0;0.0;0.0
19.02;0;0;0;0;0.0;0.0;0.0
19.03;0;0;0;0;0.0;0.0;0.0
19.04;0;0;0;0;0.0;0.0;0.0
19.05;0;0;0;0;0.0;0.0;0.0
19.06;0;0;0;0;0.0;0.0;0.0
19.07;0;0;0;0;0.0;0.0;0.0
19.08;0;0;0;0;0.0;0.0;0.0
19.09;0;0;0;0;0.0;0.0;0.0
19.1;0;0;0;0;0.0;0.0;0.0
19.11;0;0;0;0;0.0;0.0;0.0
19.12;0;0;0;0;0.0;0.0;0.0
19.13;0;0;0;0;0.0;0.0;0.0
19.14;0;0;0;0;0.0;0.0;0.0
19.15;0;0;0;0;0.0;0.0;0.0
19.16;0;0;0;0;0.0;0.0;0.0
19.17;0;0;0;0;0.0;0.0;0.0
19.18;0;0;0;0;0.0;0.0;0.0
19.19;0;0;0;0;0.0;0.0;0.0
19.2;0;0;0;0;0.0;0.0;0.0
19.21;0;0;0;0;0.0;0.0;0.0
19.22;0;0;0;0;0.0;0.0;0.0
19.23;0;0;0;0;0.0;0.0;0.0
19.24;0;0;0;0;0.0;0.0;0.0
19.25;0;0;0;0;0.0;0.0;0.0
19.26;0;0;0;0;0.0;0.0;0.0
19.27;0;0;0;0;0.0;0.0;0.0
19.28;0;0;0;0;0.0;0.0;0.0
19.29;0;0;0;0;0.0;0.0;0.0
19.3;0;0;0;0;0.0;0.0;0.0
19.31;0;0;0;0;0.0;0.0;0.0
19.32;0;0;0;0;0.0;0.0;0.0
19.33;0;0;0;0;0.0;0.0;0.0
19.34;0;0;0;0;0.0;0.0;0.0
19.35;0;0;0;0;0.0;0.0;0.0
