 Height:  Visitor ;  Weight:  Visitor ;  Age:  -1 ;  Gender:  Visitor; name: nassim; color: green; situation: closed eyes
Temps (s);F1 (N);F2 (N);F3 (N);F4 (N);Fz (kg);ML (cm);AP (cm);Poids (kg);Instant apparition poids (s);Score equilibre;Vitesse de la phase de montee;Surface du stabilogramme;Vitesse de deplacement du centre des pressions;Phase de stabilisation
0.01;0;0;0;0;0.0;0.0;0.0;69.92864424057085;13.51;16;4;4;4;4; 240.6594867703763; 1.8407632875609377; 1.958207229431438; 0.8030465054652457
0.02;0;0;0;0;0.0;0.0;0.0
0.03;0;0;0;0;0.0;0.0;0.0
0.04;0;0;0;0;0.0;0.0;0.0
0.05;0;0;0;0;0.0;0.0;0.0
0.06;0;0;0;0;0.0;0.0;0.0
0.07;0;0;0;0;0.0;0.0;0.0
0.08;0;0;0;0;0.0;0.0;0.0
0.09;0;0;0;0;0.0;0.0;0.0
0.1;0;0;0;0;0.0;0.0;0.0
0.11;0;0;0;0;0.0;0.0;0.0
0.12;0;0;0;0;0.0;0.0;0.0
0.13;0;0;0;0;0.0;0.0;0.0
0.14;0;0;0;0;0.0;0.0;0.0
0.15;0;0;0;0;0.0;0.0;0.0
0.16;0;0;0;0;0.0;0.0;0.0
0.17;0;0;0;0;0.0;0.0;0.0
0.18;0;0;0;0;0.0;0.0;0.0
0.19;0;0;0;0;0.0;0.0;0.0
0.2;0;0;0;0;0.0;0.0;0.0
0.21;0;0;0;0;0.0;0.0;0.0
0.22;0;0;0;0;0.0;0.0;0.0
0.23;0;0;0;0;0.0;0.0;0.0
0.24;0;0;0;0;0.0;0.0;0.0
0.25;0;0;0;0;0.0;0.0;0.0
0.26;0;0;0;0;0.0;0.0;0.0
0.27;0;0;0;0;0.0;0.0;0.0
0.28;0;0;0;0;0.0;0.0;0.0
0.29;0;0;0;0;0.0;0.0;0.0
0.3;0;0;0;0;0.0;0.0;0.0
0.31;0;0;0;0;0.0;0.0;0.0
0.32;0;0;0;0;0.0;0.0;0.0
0.33;0;0;0;0;0.0;0.0;0.0
0.34;0;0;0;0;0.0;0.0;0.0
0.35;0;0;0;0;0.0;0.0;0.0
0.36;0;0;0;0;0.0;0.0;0.0
0.37;0;0;0;0;0.0;0.0;0.0
0.38;0;0;0;0;0.0;0.0;0.0
0.39;0;0;0;0;0.0;0.0;0.0
0.4;0;0;0;0;0.0;0.0;0.0
0.41;0;0;0;0;0.0;0.0;0.0
0.42;0;0;0;0;0.0;0.0;0.0
0.43;0;0;0;0;0.0;0.0;0.0
0.44;0;0;0;0;0.0;0.0;0.0
0.45;0;0;0;0;0.0;0.0;0.0
0.46;0;0;0;0;0.0;0.0;0.0
0.47;0;0;0;0;0.0;0.0;0.0
0.48;0;0;0;0;0.0;0.0;0.0
0.49;0;0;0;0;0.0;0.0;0.0
0.5;0;0;0;0;0.0;0.0;0.0
0.51;0;0;0;0;0.0;0.0;0.0
0.52;0;0;0;0;0.0;0.0;0.0
0.53;0;0;0;0;0.0;0.0;0.0
0.54;0;0;0;0;0.0;0.0;0.0
0.55;0;0;0;0;0.0;0.0;0.0
0.56;0;0;0;0;0.0;0.0;0.0
0.57;0;0;0;0;0.0;0.0;0.0
0.58;0;0;0;0;0.0;0.0;0.0
0.59;0;0;0;0;0.0;0.0;0.0
0.6;0;0;0;0;0.0;0.0;0.0
0.61;0;0;0;0;0.0;0.0;0.0
0.62;0;0;0;0;0.0;0.0;0.0
0.63;0;0;0;0;0.0;0.0;0.0
0.64;0;0;0;0;0.0;0.0;0.0
0.65;0;0;0;0;0.0;0.0;0.0
0.66;0;0;0;0;0.0;0.0;0.0
0.67;0;0;0;0;0.0;0.0;0.0
0.68;0;0;0;0;0.0;0.0;0.0
0.69;0;0;0;0;0.0;0.0;0.0
0.7;0;0;0;0;0.0;0.0;0.0
0.71;0;0;0;0;0.0;0.0;0.0
0.72;0;0;0;0;0.0;0.0;0.0
0.73;0;0;0;0;0.0;0.0;0.0
0.74;0;0;0;0;0.0;0.0;0.0
0.75;0;0;0;0;0.0;0.0;0.0
0.76;0;0;0;0;0.0;0.0;0.0
0.77;0;0;0;0;0.0;0.0;0.0
0.78;0;0;0;0;0.0;0.0;0.0
0.79;0;0;0;0;0.0;0.0;0.0
0.8;0;0;0;0;0.0;0.0;0.0
0.81;0;0;0;0;0.0;0.0;0.0
0.82;0;0;0;0;0.0;0.0;0.0
0.83;0;0;0;0;0.0;0.0;0.0
0.84;0;0;0;0;0.0;0.0;0.0
0.85;0;0;0;0;0.0;0.0;0.0
0.86;0;0;0;0;0.0;0.0;0.0
0.87;0;0;0;0;0.0;0.0;0.0
0.88;0;0;0;0;0.0;0.0;0.0
0.89;0;0;0;0;0.0;0.0;0.0
0.9;0;0;0;0;0.0;0.0;0.0
0.91;0;0;0;0;0.0;0.0;0.0
0.92;0;0;0;0;0.0;0.0;0.0
0.93;0;0;0;0;0.0;0.0;0.0
0.94;0;0;0;0;0.0;0.0;0.0
0.95;0;0;0;0;0.0;0.0;0.0
0.96;0;0;0;0;0.0;0.0;0.0
0.97;0;0;0;0;0.0;0.0;0.0
0.98;0;0;0;0;0.0;0.0;0.0
0.99;0;0;0;0;0.0;0.0;0.0
1.0;0;0;0;0;0.0;0.0;0.0
1.01;0;0;0;0;0.0;0.0;0.0
1.02;0;0;0;0;0.0;0.0;0.0
1.03;0;0;0;0;0.0;0.0;0.0
1.04;0;0;0;0;0.0;0.0;0.0
1.05;0;0;0;0;0.0;0.0;0.0
1.06;0;0;0;0;0.0;0.0;0.0
1.07;0;0;0;0;0.0;0.0;0.0
1.08;0;0;0;0;0.0;0.0;0.0
1.09;0;0;0;0;0.0;0.0;0.0
1.1;0;0;0;0;0.0;0.0;0.0
1.11;0;0;0;0;0.0;0.0;0.0
1.12;0;0;0;0;0.0;0.0;0.0
1.13;0;0;0;0;0.0;0.0;0.0
1.14;0;0;0;0;0.0;0.0;0.0
1.15;0;0;0;0;0.0;0.0;0.0
1.16;0;0;0;0;0.0;0.0;0.0
1.17;0;0;0;0;0.0;0.0;0.0
1.18;0;0;0;0;0.0;0.0;0.0
1.19;0;0;0;0;0.0;0.0;0.0
1.2;0;0;0;0;0.0;0.0;0.0
1.21;0;0;0;0;0.0;0.0;0.0
1.22;0;0;0;0;0.0;0.0;0.0
1.23;0;0;0;0;0.0;0.0;0.0
1.24;0;0;0;0;0.0;0.0;0.0
1.25;0;0;0;0;0.0;0.0;0.0
1.26;0;0;0;0;0.0;0.0;0.0
1.27;0;0;0;0;0.0;0.0;0.0
1.28;0;0;0;0;0.0;0.0;0.0
1.29;0;0;0;0;0.0;0.0;0.0
1.3;0;0;0;0;0.0;0.0;0.0
1.31;0;0;0;0;0.0;0.0;0.0
1.32;0;0;0;0;0.0;0.0;0.0
1.33;0;0;0;0;0.0;0.0;0.0
1.34;0;0;0;0;0.0;0.0;0.0
1.35;0;0;0;0;0.0;0.0;0.0
1.36;0;0;0;0;0.0;0.0;0.0
1.37;0;0;0;0;0.0;0.0;0.0
1.38;0;0;0;0;0.0;0.0;0.0
1.39;0;0;0;0;0.0;0.0;0.0
1.4;0;0;0;0;0.0;0.0;0.0
1.41;0;0;0;0;0.0;0.0;0.0
1.42;0;0;0;0;0.0;0.0;0.0
1.43;0;0;0;0;0.0;0.0;0.0
1.44;0;0;1;0;0.1019367991845056;13.5;-13.5
1.45;0;0;2;1;0.3058103975535168;4.5;-13.5
1.46;0;0;3;0;0.3058103975535168;13.5;-13.5
1.47;0;0;4;0;0.4077471967380224;13.5;-13.5
1.48;0;0;4;1;0.509683995922528;8.1;-13.5
1.49;0;0;6;1;0.7135575942915392;9.642858;-13.5
1.5;0;0;9;3;1.2232415902140672;6.75;-13.5
1.51;0;0;16;4;2.038735983690112;8.1;-13.5
1.52;1;0;29;4;3.4658511722731906;9.529411;-12.705882
1.53;4;0;46;4;5.504587155963303;9.5;-11.5
1.54;10;0;67;1;7.951070336391437;9.692307;-10.038462
1.55;13;0;81;0;9.582059123343527;9.765958;-9.765958
1.56;17;0;93;0;11.213047910295616;9.327272;-9.327272
1.57;18;6;101;0;12.7420998980632;9.612;-8.316
1.58;17;12;104;0;13.557594291539244;10.048872;-7.612782
1.59;21;13;115;0;15.188583078491334;9.694631;-7.3389263
1.6;21;19;124;0;16.717635066258918;10.042683;-6.914634
1.61;25;23;139;0;19.062181447502546;9.890374;-6.5695186
1.62;27;29;156;0;21.61060142711519;10.06132;-6.3679247
1.63;31;34;175;0;24.464831804281346;10.0125;-6.1875
1.64;36;38;196;0;27.522935779816514;9.9;-6.1
1.65;39;44;218;1;30.784913353720693;9.923841;-6.07947
1.66;41;49;240;4;34.04689092762487;9.862275;-6.2245507
1.67;41;57;262;8;37.51274209989806;9.904891;-6.3097825
1.68;42;64;284;13;41.08053007135576;9.815137;-6.398263
1.69;42;71;307;17;44.54638124362895;9.8546915;-6.5183067
1.7;43;78;326;20;47.60448521916412;9.857602;-6.5042825
1.71;44;85;344;23;50.56065239551478;9.852822;-6.477823
1.72;44;92;360;25;53.10907237512742;9.924184;-6.4520154
1.73;45;97;375;27;55.45361875637105;9.926471;-6.4522057
1.74;45;103;390;29;57.798165137614674;9.976191;-6.452381
1.75;46;107;405;31;60.0407747196738;9.970288;-6.486418
1.76;46;111;417;32;61.773700305810394;10.024753;-6.5049505
1.77;46;114;428;33;63.30275229357798;10.065217;-6.5434785
1.78;46;116;437;34;64.52599388379204;10.087678;-6.5900474
1.79;46;117;444;35;65.4434250764526;10.093458;-6.64486
1.8;45;118;450;35;66.05504587155963;10.166667;-6.7083335
1.81;45;118;455;35;66.56472986748216;10.19219;-6.760337
1.82;45;118;460;36;67.17635066258919;10.181335;-6.8216996
1.83;45;118;463;36;67.4821610601427;10.196375;-6.8519635
1.84;44;118;464;36;67.4821610601427;10.23716;-6.8927493
1.85;44;117;464;35;67.2782874617737;10.268182;-6.913636
1.86;43;116;463;35;66.97247706422019;10.29452;-6.9657536
1.87;43;114;462;34;66.56472986748216;10.316233;-7.008423
1.88;43;113;461;34;66.36085626911314;10.306452;-7.029954
1.89;42;112;459;33;65.85117227319061;10.365325;-7.0634675
1.9;42;111;457;32;65.4434250764526;10.387851;-7.0654206
1.91;42;111;457;32;65.4434250764526;10.387851;-7.0654206
1.92;41;110;456;32;65.13761467889908;10.415493;-7.119718
1.93;41;111;457;32;65.34148827726808;10.425117;-7.0975037
1.94;41;112;458;32;65.5453618756371;10.434681;-7.0754275
1.95;41;113;459;31;65.64729867482161;10.481366;-7.0434785
1.96;41;115;460;31;65.95310907237513;10.495363;-6.9899535
1.97;42;116;462;31;66.36085626911314;10.47235;-6.947005
1.98;42;118;464;31;66.76860346585117;10.49084;-6.90458
1.99;42;120;467;31;67.2782874617737;10.513637;-6.8727274
2.0;42;121;469;31;67.58409785932722;10.527149;-6.861991
2.01;42;123;470;31;67.88990825688073;10.540541;-6.810811
2.02;42;124;471;31;68.09378185524974;10.549401;-6.790419
2.03;42;126;473;30;68.39959225280326;10.602832;-6.73994
2.04;42;128;474;30;68.70540265035677;10.615727;-6.689911
2.05;42;130;475;29;68.90927624872579;10.664201;-6.6301775
2.06;42;132;476;28;69.1131498470948;10.712389;-6.5707965
2.07;42;135;475;27;69.2150866462793;10.756259;-6.4617085
2.08;42;137;473;25;69.01121304791029;10.827917;-6.361152
2.09;43;139;471;24;69.01121304791029;10.827917;-6.2415066
2.1;43;141;471;24;69.2150866462793;10.835788;-6.1833577
2.11;43;142;471;24;69.3170234454638;10.839705;-6.154412
2.12;43;142;471;24;69.3170234454638;10.839705;-6.154412
2.13;43;142;470;24;69.2150866462793;10.835788;-6.1435933
2.14;43;143;470;24;69.3170234454638;10.839705;-6.114706
2.15;44;143;469;24;69.3170234454638;10.8;-6.075
2.16;52;144;468;28;70.54026503567788;10.3786125;-5.852601
2.17;53;144;469;30;70.9480122324159;10.280172;-5.8577585
2.18;53;143;469;32;71.0499490316004;10.207317;-5.9074607
2.19;54;142;470;35;71.45769622833842;10.07204;-5.9507847
2.2;54;140;469;39;71.55963302752293;9.923077;-6.0384617
2.21;56;137;467;42;71.55963302752293;9.730769;-6.076923
2.22;59;135;463;43;71.35575942915392;9.565714;-6.017143
2.23;63;134;458;44;71.25382262996942;9.366953;-5.890558
2.24;67;133;451;46;71.0499490316004;9.122668;-5.7525105
2.25;70;132;445;48;70.84607543323139;8.915828;-5.652518
2.26;72;130;439;51;70.54026503567788;8.700867;-5.618497
2.27;76;128;432;55;70.43832823649338;8.381331;-5.5289435
2.28;79;126;425;60;70.33639143730886;8.060869;-5.478261
2.29;83;125;420;65;70.64220183486238;7.733766;-5.396104
2.3;86;122;415;70;70.64220183486238;7.422078;-5.396104
2.31;89;118;410;76;70.64220183486238;7.071429;-5.435065
2.32;92;114;404;82;70.54026503567788;6.710983;-5.4624276
2.33;95;108;397;88;70.13251783893985;6.318314;-5.53343
2.34;99;101;388;95;69.62283384301733;5.830893;-5.593704
2.35;104;93;377;104;69.1131498470948;5.216814;-5.654867
2.36;108;83;366;114;68.39959225280326;4.5670643;-5.814456
2.37;113;73;357;125;68.09378185524974;3.8802395;-5.982036
2.38;117;64;351;137;68.19571865443424;3.248879;-6.1950674
2.39;121;55;346;148;68.29765545361876;2.6597016;-6.4074626
2.4;126;47;341;160;68.70540265035677;2.0430267;-6.569733
2.41;130;40;336;171;69.01121304791029;1.4955686;-6.7200885
2.42;135;34;330;182;69.41896024464832;0.93171805;-6.7995596
2.43;139;29;323;191;69.52089704383282;0.43548387;-6.8489738
2.44;144;25;315;199;69.62283384301733;-0.05929722;-6.81918
2.45;148;23;308;206;69.82670744138633;-0.45328468;-6.759854
2.46;151;22;303;210;69.92864424057085;-0.7084548;-6.6909623
2.47;153;23;299;213;70.13251783893985;-0.8633721;-6.5930233
2.48;155;25;295;213;70.13251783893985;-0.94186044;-6.4360466
2.49;156;27;291;212;69.92864424057085;-0.98396504;-6.297376
2.5;157;31;287;210;69.82670744138633;-0.9656934;-6.089781
2.51;158;36;283;207;69.72477064220183;-0.90789473;-5.8421054
2.52;159;40;279;203;69.41896024464832;-0.8524229;-5.610132
2.53;159;44;275;200;69.1131498470948;-0.79646015;-5.4159293
2.54;160;48;272;197;69.01121304791029;-0.7378139;-5.204579
2.55;160;50;270;195;68.80733944954127;-0.7;-5.1
2.56;160;52;268;193;68.60346585117227;-0.6619614;-4.9947996
2.57;159;54;268;191;68.50152905198776;-0.5625;-4.941964
2.58;158;56;268;190;68.50152905198776;-0.48214287;-4.901786
2.59;158;57;270;190;68.80733944954127;-0.42;-4.9
2.6;157;57;272;192;69.1131498470948;-0.39823008;-4.977876
2.61;157;58;275;194;69.72477064220183;-0.35526314;-5.013158
2.62;157;58;277;197;70.23445463812436;-0.37227866;-5.074746
2.63;157;58;279;200;70.74413863404689;-0.389049;-5.1354465
2.64;156;57;280;203;70.9480122324159;-0.42672414;-5.237069
2.65;156;57;280;205;71.1518858307849;-0.4641834;-5.260745
2.66;156;56;279;208;71.25382262996942;-0.56008583;-5.3111587
2.67;155;55;279;209;71.1518858307849;-0.5802292;-5.376791
2.68;155;54;278;210;71.0499490316004;-0.63916785;-5.403874
2.69;154;54;277;211;70.9480122324159;-0.6594828;-5.4310346
2.7;153;53;277;211;70.74413863404689;-0.6613833;-5.485591
2.71;153;52;277;212;70.74413863404689;-0.7002882;-5.5244956
2.72;152;52;277;212;70.64220183486238;-0.6818182;-5.551948
2.73;152;52;277;211;70.54026503567788;-0.6632948;-5.5404625
2.74;151;52;278;210;70.43832823649338;-0.605644;-5.5680175
2.75;150;52;279;209;70.33639143730886;-0.5478261;-5.595652
2.76;149;52;281;208;70.33639143730886;-0.4695652;-5.634783
2.77;148;52;282;207;70.23445463812436;-0.41146588;-5.6625543
2.78;147;53;284;206;70.33639143730886;-0.31304348;-5.673913
2.79;145;53;285;204;70.03058103975535;-0.2161572;-5.7183404
2.8;144;54;287;203;70.13251783893985;-0.117732555;-5.729651
2.81;144;55;289;201;70.23445463812436;-0.019593613;-5.7017417
2.82;143;56;291;199;70.23445463812436;0.09796807;-5.7017417
2.83;142;56;293;197;70.13251783893985;0.19622093;-5.729651
2.84;141;56;294;196;70.03058103975535;0.2554585;-5.757642
2.85;141;57;295;196;70.23445463812436;0.29390422;-5.7409286
2.86;141;57;296;196;70.33639143730886;0.31304348;-5.752174
2.87;140;57;297;196;70.33639143730886;0.35217392;-5.791304
2.88;140;57;297;195;70.23445463812436;0.37227866;-5.780116
2.89;139;56;298;194;70.03058103975535;0.41266376;-5.8362446
2.9;138;56;299;193;69.92864424057085;0.4723032;-5.8644314
2.91;137;55;301;192;69.82670744138633;0.5321168;-5.932117
2.92;136;55;303;191;69.82670744138633;0.6109489;-5.971533
2.93;136;55;305;190;69.92864424057085;0.66909623;-5.982507
2.94;136;55;308;188;70.03058103975535;0.76637554;-5.9934497
2.95;135;56;310;187;70.13251783893985;0.8633721;-6.0043607
2.96;135;56;312;187;70.33639143730886;0.9;-6.026087
2.97;134;57;313;185;70.23445463812436;0.9992743;-6.0152397
2.98;134;57;313;184;70.13251783893985;1.0203488;-6.0043607
2.99;133;57;314;182;69.92864424057085;1.1020408;-6.021866
3.0;133;57;314;182;69.92864424057085;1.1020408;-6.021866
3.01;133;57;314;182;69.92864424057085;1.1020408;-6.021866
3.02;132;57;314;182;69.82670744138633;1.1233577;-6.050365
3.03;131;56;314;182;69.62283384301733;1.1266471;-6.1076136
3.04;131;55;315;183;69.72477064220183;1.1052631;-6.1578946
3.05;130;55;316;183;69.72477064220183;1.1447369;-6.1973686
3.06;129;54;318;184;69.82670744138633;1.1627737;-6.2868614
3.07;129;53;319;185;69.92864424057085;1.1413994;-6.336735
3.08;129;53;321;186;70.23445463812436;1.1560233;-6.3679247
3.09;128;53;322;187;70.33639143730886;1.173913;-6.4173913
3.1;128;52;323;187;70.33639143730886;1.173913;-6.4565215
3.11;128;52;323;187;70.33639143730886;1.173913;-6.4565215
3.12;128;52;323;188;70.43832823649338;1.1526773;-6.466715
3.13;128;52;323;187;70.33639143730886;1.173913;-6.4565215
3.14;128;52;322;187;70.23445463812436;1.1560233;-6.446299
3.15;128;52;321;187;70.13251783893985;1.1380814;-6.4360466
3.16;128;52;320;187;70.03058103975535;1.1200874;-6.425764
3.17;128;52;319;188;70.03058103975535;1.080786;-6.425764
3.18;129;53;317;189;70.13251783893985;1.0203488;-6.3575583
3.19;129;52;316;189;69.92864424057085;0.98396504;-6.3760934
3.2;129;52;315;189;69.82670744138633;0.9656934;-6.3656936
3.21;129;52;314;190;69.82670744138633;0.9262774;-6.3656936
3.22;129;51;314;190;69.72477064220183;0.90789473;-6.394737
3.23;129;50;313;191;69.62283384301733;0.84992677;-6.4238653
3.24;129;49;313;191;69.52089704383282;0.8313783;-6.453079
3.25;129;48;313;192;69.52089704383282;0.7917889;-6.4926686
3.26;129;47;314;193;69.62283384301733;0.77086383;-6.54246
3.27;129;47;315;193;69.72477064220183;0.7894737;-6.5526314
3.28;128;47;316;194;69.82670744138633;0.8080292;-6.60219
3.29;129;48;317;194;70.13251783893985;0.8241279;-6.553779
3.3;129;48;317;195;70.23445463812436;0.80333817;-6.563861
3.31;130;48;317;196;70.43832823649338;0.7619392;-6.5448627
3.32;130;48;317;196;70.43832823649338;0.7619392;-6.5448627
3.33;131;48;317;196;70.54026503567788;0.7413295;-6.515896
3.34;131;49;315;196;70.43832823649338;0.7228654;-6.466715
3.35;131;49;314;195;70.23445463812436;0.7249637;-6.446299
3.36;132;49;313;195;70.23445463812436;0.6857765;-6.4071116
3.37;132;50;312;194;70.13251783893985;0.7063953;-6.3575583
3.38;133;50;311;194;70.13251783893985;0.66715115;-6.318314
3.39;134;51;309;194;70.13251783893985;0.627907;-6.2398257
3.4;134;52;308;193;70.03058103975535;0.6484716;-6.189956
3.41;135;52;307;193;70.03058103975535;0.6091703;-6.150655
3.42;135;53;306;192;69.92864424057085;0.6297376;-6.100583
3.43;136;54;305;192;70.03058103975535;0.6091703;-6.032751
3.44;137;54;304;191;69.92864424057085;0.590379;-5.982507
3.45;138;55;304;191;70.13251783893985;0.5886628;-5.9258723
3.46;138;56;303;190;70.03058103975535;0.6091703;-5.875546
3.47;139;56;303;190;70.13251783893985;0.5886628;-5.8473835
3.48;139;57;302;189;70.03058103975535;0.6091703;-5.796943
3.49;140;58;302;188;70.13251783893985;0.627907;-5.729651
3.5;140;60;302;187;70.23445463812436;0.6857765;-5.6625543
3.51;141;61;301;186;70.23445463812436;0.6857765;-5.58418
3.52;142;62;300;185;70.23445463812436;0.6857765;-5.5058055
3.53;143;63;299;184;70.23445463812436;0.6857765;-5.427431
3.54;144;64;298;183;70.23445463812436;0.6857765;-5.3490567
3.55;145;66;297;182;70.33639143730886;0.70434785;-5.2434783
3.56;146;67;296;181;70.33639143730886;0.70434785;-5.1652174
3.57;148;68;294;179;70.23445463812436;0.6857765;-5.0355587
3.58;149;69;292;178;70.13251783893985;0.66715115;-4.9447675
3.59;149;70;291;176;69.92864424057085;0.7084548;-4.8804665
3.6;150;71;290;174;69.82670744138633;0.7291971;-4.789051
3.61;150;72;289;173;69.72477064220183;0.75;-4.736842
3.62;151;73;288;171;69.62283384301733;0.77086383;-4.644949
3.63;151;74;288;170;69.62283384301733;0.8103953;-4.6054173
3.64;152;75;288;169;69.72477064220183;0.82894737;-4.5394735
3.65;153;76;287;169;69.82670744138633;0.8080292;-4.4737225
3.66;154;78;287;168;70.03058103975535;0.84497815;-4.3820963
3.67;154;79;287;167;70.03058103975535;0.8842795;-4.342795
3.68;155;80;286;167;70.13251783893985;0.8633721;-4.2776165
3.69;156;81;286;166;70.23445463812436;0.8817126;-4.212627
3.7;157;82;285;165;70.23445463812436;0.8817126;-4.1342525
3.71;157;82;285;164;70.13251783893985;0.90261626;-4.1206393
3.72;158;83;284;163;70.13251783893985;0.90261626;-4.042151
3.73;158;83;283;163;70.03058103975535;0.8842795;-4.028384
3.74;158;83;282;162;69.82670744138633;0.8868613;-4.00073
3.75;157;83;281;161;69.52089704383282;0.9105572;-3.9985337
3.76;157;83;281;161;69.52089704383282;0.9105572;-3.9985337
3.77;157;83;281;161;69.52089704383282;0.9105572;-3.9985337
3.78;157;83;281;161;69.52089704383282;0.9105572;-3.9985337
3.79;157;83;281;162;69.62283384301733;0.8894583;-4.012445
3.8;157;83;282;162;69.72477064220183;0.90789473;-4.0263157
3.81;156;82;283;163;69.72477064220183;0.90789473;-4.105263
3.82;156;82;284;163;69.82670744138633;0.9262774;-4.118978
3.83;155;82;285;164;69.92864424057085;0.9446064;-4.172012
3.84;155;82;286;164;70.03058103975535;0.9628821;-4.1855893
3.85;154;81;287;165;70.03058103975535;0.9628821;-4.264192
3.86;154;81;288;166;70.23445463812436;0.96008706;-4.2910013
3.87;154;81;289;166;70.33639143730886;0.9782609;-4.304348
3.88;153;80;289;167;70.23445463812436;0.96008706;-4.3693757
3.89;153;79;289;167;70.13251783893985;0.94186044;-4.395349
3.9;152;79;289;168;70.13251783893985;0.94186044;-4.434593
3.91;152;78;289;168;70.03058103975535;0.92358077;-4.4606986
3.92;151;78;288;168;69.82670744138633;0.9262774;-4.4737225
3.93;151;77;288;169;69.82670744138633;0.8868613;-4.513139
3.94;151;76;288;169;69.72477064220183;0.8684211;-4.5394735
3.95;150;75;289;170;69.72477064220183;0.8684211;-4.618421
3.96;150;75;289;171;69.82670744138633;0.84744525;-4.6313868
3.97;150;74;290;172;69.92864424057085;0.82653064;-4.6836734
3.98;150;73;291;172;69.92864424057085;0.82653064;-4.723032
3.99;150;73;292;173;70.13251783893985;0.8241279;-4.7485466
4.0;149;73;293;173;70.13251783893985;0.8633721;-4.787791
4.01;149;73;293;173;70.13251783893985;0.8633721;-4.787791
4.02;149;72;294;173;70.13251783893985;0.8633721;-4.827035
4.03;149;72;294;174;70.23445463812436;0.8425254;-4.8396225
4.04;148;72;295;174;70.23445463812436;0.8817126;-4.87881
4.05;148;72;295;173;70.13251783893985;0.90261626;-4.866279
4.06;148;73;296;173;70.33639143730886;0.9391304;-4.852174
4.07;148;73;296;172;70.23445463812436;0.96008706;-4.8396225
4.08;148;74;296;171;70.23445463812436;0.9992743;-4.8004355
4.09;148;74;296;170;70.13251783893985;1.0203488;-4.787791
4.1;148;74;295;169;69.92864424057085;1.0233237;-4.7623906
4.11;147;75;295;168;69.82670744138633;1.0839416;-4.749635
4.12;147;75;295;168;69.82670744138633;1.0839416;-4.749635
4.13;147;75;296;167;69.82670744138633;1.1233577;-4.749635
4.14;146;75;297;167;69.82670744138633;1.1627737;-4.789051
4.15;146;75;297;167;69.82670744138633;1.1627737;-4.789051
4.16;146;75;298;167;69.92864424057085;1.180758;-4.801749
4.17;145;74;298;167;69.72477064220183;1.1842105;-4.855263
4.18;145;74;299;167;69.82670744138633;1.2021898;-4.867883
4.19;145;74;299;168;69.92864424057085;1.180758;-4.8804665
4.2;145;73;300;168;69.92864424057085;1.180758;-4.919825
4.21;145;73;301;168;70.03058103975535;1.1986899;-4.9323144
4.22;144;73;302;168;70.03058103975535;1.2379912;-4.971616
4.23;144;72;302;169;70.03058103975535;1.1986899;-5.010917
4.24;143;72;303;169;70.03058103975535;1.2379912;-5.050218
4.25;143;71;303;169;69.92864424057085;1.2201166;-5.0772595
4.26;142;71;304;170;70.03058103975535;1.2379912;-5.128821
4.27;142;71;304;170;70.03058103975535;1.2379912;-5.128821
4.28;142;70;304;171;70.03058103975535;1.1986899;-5.1681223
4.29;141;70;305;172;70.13251783893985;1.2165698;-5.2194767
4.3;141;69;305;172;70.03058103975535;1.1986899;-5.246725
4.31;141;69;305;173;70.13251783893985;1.1773256;-5.258721
4.32;141;69;305;173;70.13251783893985;1.1773256;-5.258721
4.33;141;68;305;173;70.03058103975535;1.1593887;-5.286026
4.34;141;68;305;174;70.13251783893985;1.1380814;-5.297965
4.35;141;68;305;174;70.13251783893985;1.1380814;-5.297965
4.36;141;68;305;174;70.13251783893985;1.1380814;-5.297965
4.37;140;68;305;174;70.03058103975535;1.1593887;-5.3253274
4.38;140;68;305;173;69.92864424057085;1.180758;-5.313411
4.39;140;68;304;173;69.82670744138633;1.1627737;-5.30146
4.4;140;68;304;173;69.82670744138633;1.1627737;-5.30146
4.41;140;68;303;173;69.72477064220183;1.1447369;-5.2894735
4.42;140;68;304;174;69.92864424057085;1.1413994;-5.313411
4.43;140;68;304;174;69.92864424057085;1.1413994;-5.313411
4.44;140;68;305;174;70.03058103975535;1.1593887;-5.3253274
4.45;139;68;305;174;69.92864424057085;1.180758;-5.35277
4.46;139;67;306;174;69.92864424057085;1.180758;-5.3921285
4.47;139;67;306;174;69.92864424057085;1.180758;-5.3921285
4.48;139;67;306;174;69.92864424057085;1.180758;-5.3921285
4.49;138;66;306;175;69.82670744138633;1.1627737;-5.459124
4.5;138;66;306;175;69.82670744138633;1.1627737;-5.459124
4.51;137;65;307;176;69.82670744138633;1.1627737;-5.537956
4.52;137;65;308;176;69.92864424057085;1.180758;-5.5495625
4.53;136;64;310;176;69.92864424057085;1.2201166;-5.6282797
4.54;136;64;311;176;70.03058103975535;1.2379912;-5.639738
4.55;136;64;312;176;70.13251783893985;1.255814;-5.6511626
4.56;136;64;313;176;70.23445463812436;1.273585;-5.6625543
4.57;136;64;313;176;70.23445463812436;1.273585;-5.6625543
4.58;135;64;312;175;69.92864424057085;1.2988338;-5.6676383
4.59;135;64;312;175;69.92864424057085;1.2988338;-5.6676383
4.6;135;64;313;175;70.03058103975535;1.3165939;-5.6790395
4.61;134;64;313;175;69.92864424057085;1.3381925;-5.706997
4.62;134;64;313;175;69.92864424057085;1.3381925;-5.706997
4.63;134;64;313;175;69.92864424057085;1.3381925;-5.706997
4.64;134;63;313;175;69.82670744138633;1.3204379;-5.7350364
4.65;133;63;314;176;69.92864424057085;1.3381925;-5.785714
4.66;133;63;314;176;69.92864424057085;1.3381925;-5.785714
4.67;134;63;314;177;70.13251783893985;1.2950581;-5.768895
4.68;134;63;314;177;70.13251783893985;1.2950581;-5.768895
4.69;134;63;314;178;70.23445463812436;1.273585;-5.780116
4.7;134;63;313;178;70.13251783893985;1.255814;-5.768895
4.71;134;63;313;178;70.13251783893985;1.255814;-5.768895
4.72;135;63;313;178;70.23445463812436;1.2343976;-5.7409286
4.73;135;63;312;178;70.13251783893985;1.2165698;-5.729651
4.74;135;63;312;178;70.13251783893985;1.2165698;-5.729651
4.75;135;63;312;177;70.03058103975535;1.2379912;-5.7183404
4.76;135;63;312;177;70.03058103975535;1.2379912;-5.7183404
4.77;135;64;311;177;70.03058103975535;1.2379912;-5.6790395
4.78;135;64;311;176;69.92864424057085;1.2594752;-5.6676383
4.79;135;64;310;176;69.82670744138633;1.2416059;-5.656204
4.8;135;64;310;176;69.82670744138633;1.2416059;-5.656204
4.81;135;64;309;176;69.72477064220183;1.2236842;-5.644737
4.82;135;64;309;176;69.72477064220183;1.2236842;-5.644737
4.83;135;64;309;177;69.82670744138633;1.2021898;-5.656204
4.84;135;64;310;177;69.92864424057085;1.2201166;-5.6676383
4.85;135;64;310;177;69.92864424057085;1.2201166;-5.6676383
4.86;135;64;310;177;69.92864424057085;1.2201166;-5.6676383
4.87;135;64;311;177;70.03058103975535;1.2379912;-5.6790395
4.88;135;64;311;177;70.03058103975535;1.2379912;-5.6790395
4.89;135;64;312;177;70.13251783893985;1.255814;-5.690407
4.9;135;64;312;178;70.23445463812436;1.2343976;-5.7017417
4.91;135;64;312;178;70.23445463812436;1.2343976;-5.7017417
4.92;135;63;311;178;70.03058103975535;1.1986899;-5.7183404
4.93;135;63;311;178;70.03058103975535;1.1986899;-5.7183404
4.94;135;63;310;178;69.92864424057085;1.180758;-5.706997
4.95;135;63;310;178;69.92864424057085;1.180758;-5.706997
4.96;135;63;309;178;69.82670744138633;1.1627737;-5.6956205
4.97;135;63;309;178;69.82670744138633;1.1627737;-5.6956205
4.98;134;63;309;178;69.72477064220183;1.1842105;-5.7236843
4.99;134;62;309;179;69.72477064220183;1.1447369;-5.763158
5.0;135;62;309;179;69.82670744138633;1.1233577;-5.7350364
5.01;135;62;309;180;69.92864424057085;1.1020408;-5.7463555
5.02;135;62;309;180;69.92864424057085;1.1020408;-5.7463555
5.03;135;61;309;181;69.92864424057085;1.0626823;-5.785714
5.04;134;61;309;182;69.92864424057085;1.0626823;-5.825073
5.05;134;61;309;182;69.92864424057085;1.0626823;-5.825073
5.06;135;61;309;183;70.13251783893985;1.0203488;-5.8081393
5.07;135;60;309;183;70.03058103975535;1.0021834;-5.8362446
5.08;135;60;309;184;70.13251783893985;0.9811047;-5.8473835
5.09;135;59;309;184;70.03058103975535;0.9628821;-5.875546
5.1;135;59;309;185;70.13251783893985;0.94186044;-5.8866277
5.11;134;58;309;185;69.92864424057085;0.9446064;-5.9431486
5.12;134;58;309;186;70.03058103975535;0.92358077;-5.9541483
5.13;134;57;309;186;69.92864424057085;0.9052478;-5.982507
5.14;134;57;309;187;70.03058103975535;0.8842795;-5.9934497
5.15;133;56;309;187;69.82670744138633;0.8868613;-6.050365
5.16;133;56;309;187;69.82670744138633;0.8868613;-6.050365
5.17;133;55;310;188;69.92864424057085;0.8658892;-6.100583
5.18;133;55;310;188;69.92864424057085;0.8658892;-6.100583
5.19;132;54;311;189;69.92864424057085;0.8658892;-6.1793003
5.2;132;54;312;189;70.03058103975535;0.8842795;-6.189956
5.21;132;54;312;189;70.03058103975535;0.8842795;-6.189956
5.22;132;54;313;190;70.23445463812436;0.8817126;-6.2111754
5.23;131;53;313;190;70.03058103975535;0.8842795;-6.268559
5.24;131;53;313;190;70.03058103975535;0.8842795;-6.268559
5.25;131;53;313;190;70.03058103975535;0.8842795;-6.268559
5.26;131;53;313;190;70.03058103975535;0.8842795;-6.268559
5.27;131;53;313;190;70.03058103975535;0.8842795;-6.268559
5.28;131;53;313;190;70.03058103975535;0.8842795;-6.268559
5.29;130;53;313;190;69.92864424057085;0.9052478;-6.297376
5.3;130;53;313;190;69.92864424057085;0.9052478;-6.297376
5.31;130;53;313;190;69.92864424057085;0.9052478;-6.297376
5.32;130;53;313;190;69.92864424057085;0.9052478;-6.297376
5.33;131;53;312;191;70.03058103975535;0.84497815;-6.268559
5.34;131;53;312;191;70.03058103975535;0.84497815;-6.268559
5.35;131;53;311;191;69.92864424057085;0.82653064;-6.2580175
5.36;131;53;311;191;69.92864424057085;0.82653064;-6.2580175
5.37;131;54;311;191;70.03058103975535;0.84497815;-6.2292576
5.38;131;54;311;191;70.03058103975535;0.84497815;-6.2292576
5.39;131;54;311;191;70.03058103975535;0.84497815;-6.2292576
5.4;131;54;311;191;70.03058103975535;0.84497815;-6.2292576
5.41;132;54;311;191;70.13251783893985;0.8241279;-6.2005816
5.42;132;54;310;191;70.03058103975535;0.8056769;-6.189956
5.43;132;54;310;191;70.03058103975535;0.8056769;-6.189956
5.44;132;54;309;192;70.03058103975535;0.76637554;-6.189956
5.45;133;54;309;192;70.13251783893985;0.74563956;-6.1613374
5.46;133;54;308;192;70.03058103975535;0.72707427;-6.150655
5.47;133;55;308;191;70.03058103975535;0.76637554;-6.111354
5.48;133;55;307;191;69.92864424057085;0.7478134;-6.100583
5.49;133;55;307;191;69.92864424057085;0.7478134;-6.100583
5.5;134;56;306;190;69.92864424057085;0.7478134;-6.021866
5.51;134;56;306;190;69.92864424057085;0.7478134;-6.021866
5.52;134;56;306;189;69.82670744138633;0.76861316;-6.010949
5.53;134;56;306;189;69.82670744138633;0.76861316;-6.010949
5.54;134;57;306;189;69.92864424057085;0.787172;-5.982507
5.55;134;57;306;189;69.92864424057085;0.787172;-5.982507
5.56;134;57;306;189;69.92864424057085;0.787172;-5.982507
5.57;134;57;306;189;69.92864424057085;0.787172;-5.982507
5.58;135;58;306;189;70.13251783893985;0.78488374;-5.9258723
5.59;135;58;306;189;70.13251783893985;0.78488374;-5.9258723
5.6;135;58;306;188;70.03058103975535;0.8056769;-5.9148474
5.61;135;58;306;188;70.03058103975535;0.8056769;-5.9148474
5.62;134;58;306;187;69.82670744138633;0.84744525;-5.932117
5.63;134;58;306;187;69.82670744138633;0.84744525;-5.932117
5.64;135;58;306;187;69.92864424057085;0.82653064;-5.90379
5.65;135;58;306;187;69.92864424057085;0.82653064;-5.90379
5.66;135;58;306;186;69.82670744138633;0.84744525;-5.8927007
5.67;135;58;306;186;69.82670744138633;0.84744525;-5.8927007
5.68;135;59;306;186;69.92864424057085;0.8658892;-5.8644314
5.69;135;59;306;186;69.92864424057085;0.8658892;-5.8644314
5.7;135;59;306;186;69.92864424057085;0.8658892;-5.8644314
5.71;135;59;306;186;69.92864424057085;0.8658892;-5.8644314
5.72;135;59;306;186;69.92864424057085;0.8658892;-5.8644314
5.73;135;59;306;186;69.92864424057085;0.8658892;-5.8644314
5.74;135;59;306;186;69.92864424057085;0.8658892;-5.8644314
5.75;135;59;306;187;70.03058103975535;0.84497815;-5.875546
5.76;135;59;306;187;70.03058103975535;0.84497815;-5.875546
5.77;135;59;306;187;70.03058103975535;0.84497815;-5.875546
5.78;135;59;306;187;70.03058103975535;0.84497815;-5.875546
5.79;135;59;306;187;70.03058103975535;0.84497815;-5.875546
5.8;135;59;306;187;70.03058103975535;0.84497815;-5.875546
5.81;135;59;306;187;70.03058103975535;0.84497815;-5.875546
5.82;136;59;305;187;70.03058103975535;0.8056769;-5.8362446
5.83;136;59;305;187;70.03058103975535;0.8056769;-5.8362446
5.84;136;59;305;186;69.92864424057085;0.82653064;-5.825073
5.85;136;60;305;186;70.03058103975535;0.84497815;-5.796943
5.86;136;60;305;186;70.03058103975535;0.84497815;-5.796943
5.87;137;60;304;185;69.92864424057085;0.82653064;-5.7463555
5.88;137;61;304;185;70.03058103975535;0.84497815;-5.7183404
5.89;138;62;303;185;70.13251783893985;0.8241279;-5.6511626
5.9;139;63;303;184;70.23445463812436;0.8425254;-5.58418
5.91;139;63;302;183;70.03058103975535;0.84497815;-5.5611353
5.92;140;64;301;182;70.03058103975535;0.84497815;-5.482533
5.93;140;65;300;181;69.92864424057085;0.8658892;-5.431487
5.94;141;65;300;180;69.92864424057085;0.8658892;-5.3921285
5.95;141;66;300;180;70.03058103975535;0.8842795;-5.364629
5.96;141;67;300;179;70.03058103975535;0.92358077;-5.3253274
5.97;141;67;299;178;69.82670744138633;0.9262774;-5.30146
5.98;141;67;299;178;69.82670744138633;0.9262774;-5.30146
5.99;141;68;299;178;69.92864424057085;0.9446064;-5.2740526
6.0;141;68;299;177;69.82670744138633;0.9656934;-5.262044
6.01;141;68;299;177;69.82670744138633;0.9656934;-5.262044
6.02;141;68;300;177;69.92864424057085;0.98396504;-5.2740526
6.03;141;69;300;176;69.92864424057085;1.0233237;-5.234694
6.04;141;69;300;176;69.92864424057085;1.0233237;-5.234694
6.05;141;69;301;176;70.03058103975535;1.0414847;-5.246725
6.06;140;69;301;176;69.92864424057085;1.0626823;-5.2740526
6.07;140;70;302;176;70.13251783893985;1.0988373;-5.258721
6.08;140;70;302;176;70.13251783893985;1.0988373;-5.258721
6.09;140;70;302;175;70.03058103975535;1.1200874;-5.246725
6.1;140;71;302;175;70.13251783893985;1.1380814;-5.2194767
6.11;140;71;302;174;70.03058103975535;1.1593887;-5.2074237
6.12;140;71;302;174;70.03058103975535;1.1593887;-5.2074237
6.13;140;72;302;173;70.03058103975535;1.1986899;-5.1681223
6.14;140;72;302;173;70.03058103975535;1.1986899;-5.1681223
6.15;140;72;302;172;69.92864424057085;1.2201166;-5.155977
6.16;140;72;302;172;69.92864424057085;1.2201166;-5.155977
6.17;140;72;303;172;70.03058103975535;1.2379912;-5.1681223
6.18;140;73;303;172;70.13251783893985;1.255814;-5.1409883
6.19;140;73;303;171;70.03058103975535;1.2772926;-5.128821
6.2;140;73;302;171;69.92864424057085;1.2594752;-5.116618
6.21;140;74;302;170;69.92864424057085;1.2988338;-5.0772595
6.22;140;74;302;170;69.92864424057085;1.2988338;-5.0772595
6.23;140;74;302;170;69.92864424057085;1.2988338;-5.0772595
6.24;140;74;303;169;69.92864424057085;1.3381925;-5.0772595
6.25;140;74;303;169;69.92864424057085;1.3381925;-5.0772595
6.26;139;74;303;169;69.82670744138633;1.359854;-5.1043797
6.27;139;74;303;169;69.82670744138633;1.359854;-5.1043797
6.28;139;74;303;169;69.82670744138633;1.359854;-5.1043797
6.29;139;74;303;169;69.82670744138633;1.359854;-5.1043797
6.3;139;74;304;169;69.92864424057085;1.3775511;-5.116618
6.31;139;74;305;169;70.03058103975535;1.3951966;-5.128821
6.32;139;74;305;169;70.03058103975535;1.3951966;-5.128821
6.33;139;74;305;169;70.03058103975535;1.3951966;-5.128821
6.34;139;74;305;169;70.03058103975535;1.3951966;-5.128821
6.35;139;74;305;169;70.03058103975535;1.3951966;-5.128821
6.36;139;74;305;169;70.03058103975535;1.3951966;-5.128821
6.37;139;74;305;169;70.03058103975535;1.3951966;-5.128821
6.38;139;74;305;169;70.03058103975535;1.3951966;-5.128821
6.39;139;74;305;169;70.03058103975535;1.3951966;-5.128821
6.4;139;74;305;169;70.03058103975535;1.3951966;-5.128821
6.41;139;74;304;169;69.92864424057085;1.3775511;-5.116618
6.42;139;74;304;169;69.92864424057085;1.3775511;-5.116618
6.43;139;74;304;169;69.92864424057085;1.3775511;-5.116618
6.44;139;74;304;169;69.92864424057085;1.3775511;-5.116618
6.45;139;74;304;169;69.92864424057085;1.3775511;-5.116618
6.46;139;73;304;169;69.82670744138633;1.359854;-5.1437955
6.47;139;73;304;170;69.92864424057085;1.3381925;-5.155977
6.48;139;73;304;170;69.92864424057085;1.3381925;-5.155977
6.49;139;72;304;170;69.82670744138633;1.3204379;-5.183212
6.5;139;72;304;171;69.92864424057085;1.2988338;-5.1953354
6.51;139;72;305;172;70.13251783893985;1.2950581;-5.2194767
6.52;139;72;305;172;70.13251783893985;1.2950581;-5.2194767
6.53;139;72;305;173;70.23445463812436;1.273585;-5.231495
6.54;139;72;305;173;70.23445463812436;1.273585;-5.231495
6.55;139;71;305;173;70.13251783893985;1.255814;-5.258721
6.56;139;71;305;173;70.13251783893985;1.255814;-5.258721
6.57;139;71;305;173;70.13251783893985;1.255814;-5.258721
6.58;138;71;305;173;70.03058103975535;1.2772926;-5.286026
6.59;138;70;304;173;69.82670744138633;1.2416059;-5.30146
6.6;138;70;304;173;69.82670744138633;1.2416059;-5.30146
6.61;138;70;304;173;69.82670744138633;1.2416059;-5.30146
6.62;138;70;304;174;69.92864424057085;1.2201166;-5.313411
6.63;138;69;304;174;69.82670744138633;1.2021898;-5.340876
6.64;138;69;305;175;70.03058103975535;1.1986899;-5.364629
6.65;138;69;305;175;70.03058103975535;1.1986899;-5.364629
6.66;138;69;305;176;70.13251783893985;1.1773256;-5.3764534
6.67;138;69;305;176;70.13251783893985;1.1773256;-5.3764534
6.68;138;69;305;176;70.13251783893985;1.1773256;-5.3764534
6.69;138;69;305;176;70.13251783893985;1.1773256;-5.3764534
6.7;138;68;304;176;69.92864424057085;1.1413994;-5.3921285
6.71;138;68;304;176;69.92864424057085;1.1413994;-5.3921285
6.72;139;68;304;176;70.03058103975535;1.1200874;-5.364629
6.73;139;68;303;176;69.92864424057085;1.1020408;-5.35277
6.74;139;68;303;176;69.92864424057085;1.1020408;-5.35277
6.75;139;68;303;176;69.92864424057085;1.1020408;-5.35277
6.76;140;69;302;176;70.03058103975535;1.080786;-5.286026
6.77;140;69;302;176;70.03058103975535;1.080786;-5.286026
6.78;141;69;301;175;69.92864424057085;1.0626823;-5.234694
6.79;142;70;301;175;70.13251783893985;1.0595931;-5.1802325
6.8;142;70;300;176;70.13251783893985;1.0203488;-5.1802325
6.81;143;70;299;176;70.13251783893985;0.9811047;-5.1409883
6.82;144;70;298;175;70.03058103975535;0.9628821;-5.0895195
6.83;144;70;297;175;69.92864424057085;0.9446064;-5.0772595
6.84;145;71;297;175;70.13251783893985;0.94186044;-5.023256
6.85;145;71;296;175;70.03058103975535;0.92358077;-5.010917
6.86;146;70;294;176;69.92864424057085;0.82653064;-4.9985423
6.87;146;70;293;176;69.82670744138633;0.8080292;-4.986131
6.88;147;70;292;177;69.92864424057085;0.7478134;-4.9591837
6.89;147;70;291;177;69.82670744138633;0.7291971;-4.9467154
6.9;148;70;290;177;69.82670744138633;0.689781;-4.907299
6.91;148;70;290;177;69.82670744138633;0.689781;-4.907299
6.92;148;70;290;177;69.82670744138633;0.689781;-4.907299
6.93;148;70;290;177;69.82670744138633;0.689781;-4.907299
6.94;147;70;290;177;69.72477064220183;0.7105263;-4.9342103
6.95;147;70;291;177;69.82670744138633;0.7291971;-4.9467154
6.96;147;69;291;178;69.82670744138633;0.689781;-4.986131
6.97;147;69;291;178;69.82670744138633;0.689781;-4.986131
6.98;147;69;292;179;70.03058103975535;0.6877729;-5.010917
6.99;147;69;292;179;70.03058103975535;0.6877729;-5.010917
7.0;147;69;293;179;70.13251783893985;0.7063953;-5.023256
7.01;146;68;294;179;70.03058103975535;0.72707427;-5.0895195
7.02;146;68;295;179;70.13251783893985;0.74563956;-5.101744
7.03;146;68;295;178;70.03058103975535;0.76637554;-5.0895195
7.04;145;68;295;178;69.92864424057085;0.787172;-5.116618
7.05;145;68;296;178;70.03058103975535;0.8056769;-5.128821
7.06;144;68;296;178;69.92864424057085;0.82653064;-5.155977
7.07;144;67;296;178;69.82670744138633;0.8080292;-5.183212
7.08;144;67;296;178;69.82670744138633;0.8080292;-5.183212
7.09;143;67;297;178;69.82670744138633;0.84744525;-5.2226276
7.1;143;67;297;178;69.82670744138633;0.84744525;-5.2226276
7.11;143;67;298;177;69.82670744138633;0.8868613;-5.2226276
7.12;143;67;298;177;69.82670744138633;0.8868613;-5.2226276
7.13;143;67;299;177;69.92864424057085;0.9052478;-5.234694
7.14;142;68;300;177;70.03058103975535;0.9628821;-5.246725
7.15;142;68;300;177;70.03058103975535;0.9628821;-5.246725
7.16;142;68;301;177;70.13251783893985;0.9811047;-5.258721
7.17;142;69;301;177;70.23445463812436;0.9992743;-5.231495
7.18;142;69;301;177;70.23445463812436;0.9992743;-5.231495
7.19;142;69;301;177;70.23445463812436;0.9992743;-5.231495
7.2;142;69;301;176;70.13251783893985;1.0203488;-5.2194767
7.21;142;69;300;176;70.03058103975535;1.0021834;-5.2074237
7.22;142;69;300;175;69.92864424057085;1.0233237;-5.1953354
7.23;143;69;300;175;70.03058103975535;1.0021834;-5.1681223
7.24;143;69;299;174;69.82670744138633;1.0051095;-5.1437955
7.25;143;69;299;174;69.82670744138633;1.0051095;-5.1437955
7.26;143;69;298;174;69.72477064220183;0.9868421;-5.131579
7.27;143;70;298;174;69.82670744138633;1.0051095;-5.1043797
7.28;144;70;298;175;70.03058103975535;0.9628821;-5.0895195
7.29;144;70;297;175;69.92864424057085;0.9446064;-5.0772595
7.3;144;70;297;175;69.92864424057085;0.9446064;-5.0772595
7.31;144;70;297;175;69.92864424057085;0.9446064;-5.0772595
7.32;144;70;297;175;69.92864424057085;0.9446064;-5.0772595
7.33;144;70;297;175;69.92864424057085;0.9446064;-5.0772595
7.34;144;70;297;175;69.92864424057085;0.9446064;-5.0772595
7.35;145;70;297;175;70.03058103975535;0.92358077;-5.050218
7.36;145;70;297;175;70.03058103975535;0.92358077;-5.050218
7.37;145;70;297;175;70.03058103975535;0.92358077;-5.050218
7.38;145;70;297;176;70.13251783893985;0.90261626;-5.0625
7.39;145;70;297;176;70.13251783893985;0.90261626;-5.0625
7.4;145;71;297;175;70.13251783893985;0.94186044;-5.023256
7.41;145;71;297;175;70.13251783893985;0.94186044;-5.023256
7.42;146;71;296;175;70.13251783893985;0.90261626;-4.9840117
7.43;146;71;296;175;70.13251783893985;0.90261626;-4.9840117
7.44;146;71;296;175;70.13251783893985;0.90261626;-4.9840117
7.45;146;71;295;175;70.03058103975535;0.8842795;-4.971616
7.46;146;72;295;174;70.03058103975535;0.92358077;-4.9323144
7.47;147;72;294;174;70.03058103975535;0.8842795;-4.893013
7.48;147;72;293;174;69.92864424057085;0.8658892;-4.8804665
7.49;147;72;293;174;69.92864424057085;0.8658892;-4.8804665
7.5;147;72;293;173;69.82670744138633;0.8868613;-4.867883
7.51;148;72;293;173;69.92864424057085;0.8658892;-4.841108
7.52;148;72;293;173;69.92864424057085;0.8658892;-4.841108
7.53;148;72;293;173;69.92864424057085;0.8658892;-4.841108
7.54;148;72;292;173;69.82670744138633;0.84744525;-4.8284674
7.55;148;72;292;173;69.82670744138633;0.84744525;-4.8284674
7.56;148;72;292;173;69.82670744138633;0.84744525;-4.8284674
7.57;148;72;292;174;69.92864424057085;0.82653064;-4.841108
7.58;148;72;293;174;70.03058103975535;0.84497815;-4.8537116
7.59;148;72;293;174;70.03058103975535;0.84497815;-4.8537116
7.6;148;72;293;174;70.03058103975535;0.84497815;-4.8537116
7.61;148;73;293;174;70.13251783893985;0.8633721;-4.827035
7.62;148;72;293;174;70.03058103975535;0.84497815;-4.8537116
7.63;148;72;293;174;70.03058103975535;0.84497815;-4.8537116
7.64;148;72;293;174;70.03058103975535;0.84497815;-4.8537116
7.65;147;72;293;173;69.82670744138633;0.8868613;-4.867883
7.66;147;72;293;173;69.82670744138633;0.8868613;-4.867883
7.67;147;72;293;173;69.82670744138633;0.8868613;-4.867883
7.68;147;72;293;174;69.92864424057085;0.8658892;-4.8804665
7.69;147;72;293;174;69.92864424057085;0.8658892;-4.8804665
7.7;147;72;293;174;69.92864424057085;0.8658892;-4.8804665
7.71;147;72;293;174;69.92864424057085;0.8658892;-4.8804665
7.72;147;72;293;174;69.92864424057085;0.8658892;-4.8804665
7.73;147;72;294;174;70.03058103975535;0.8842795;-4.893013
7.74;147;72;294;175;70.13251783893985;0.8633721;-4.9055233
7.75;147;71;294;175;70.03058103975535;0.84497815;-4.9323144
7.76;146;71;294;175;69.92864424057085;0.8658892;-4.9591837
7.77;146;71;294;175;69.92864424057085;0.8658892;-4.9591837
7.78;145;70;295;175;69.82670744138633;0.8868613;-5.0255475
7.79;145;70;295;176;69.92864424057085;0.8658892;-5.037901
7.8;145;70;296;176;70.03058103975535;0.8842795;-5.050218
7.81;145;70;296;176;70.03058103975535;0.8842795;-5.050218
7.82;145;70;296;177;70.13251783893985;0.8633721;-5.0625
7.83;145;69;296;177;70.03058103975535;0.84497815;-5.0895195
7.84;144;69;296;177;69.92864424057085;0.8658892;-5.116618
7.85;144;69;296;178;70.03058103975535;0.84497815;-5.128821
7.86;144;68;297;178;70.03058103975535;0.84497815;-5.1681223
7.87;143;68;297;178;69.92864424057085;0.8658892;-5.1953354
7.88;143;68;297;178;69.92864424057085;0.8658892;-5.1953354
7.89;143;67;297;179;69.92864424057085;0.82653064;-5.234694
7.9;143;67;297;179;69.92864424057085;0.82653064;-5.234694
7.91;143;67;297;180;70.03058103975535;0.8056769;-5.246725
7.92;142;67;298;180;70.03058103975535;0.84497815;-5.286026
7.93;142;66;298;180;69.92864424057085;0.82653064;-5.313411
7.94;142;66;298;180;69.92864424057085;0.82653064;-5.313411
7.95;142;66;298;180;69.92864424057085;0.82653064;-5.313411
7.96;141;66;298;181;69.92864424057085;0.82653064;-5.35277
7.97;141;65;299;181;69.92864424057085;0.82653064;-5.3921285
7.98;141;65;299;181;69.92864424057085;0.82653064;-5.3921285
7.99;141;66;299;181;70.03058103975535;0.84497815;-5.364629
8.0;141;66;299;181;70.03058103975535;0.84497815;-5.364629
8.01;141;66;299;181;70.03058103975535;0.84497815;-5.364629
8.02;141;66;299;181;70.03058103975535;0.84497815;-5.364629
8.03;141;66;299;181;70.03058103975535;0.84497815;-5.364629
8.04;141;66;299;181;70.03058103975535;0.84497815;-5.364629
8.05;141;66;299;181;70.03058103975535;0.84497815;-5.364629
8.06;141;66;299;181;70.03058103975535;0.84497815;-5.364629
8.07;141;66;299;181;70.03058103975535;0.84497815;-5.364629
8.08;141;66;299;181;70.03058103975535;0.84497815;-5.364629
8.09;141;66;300;180;70.03058103975535;0.8842795;-5.364629
8.1;141;66;300;180;70.03058103975535;0.8842795;-5.364629
8.11;141;66;300;180;70.03058103975535;0.8842795;-5.364629
8.12;141;65;300;180;69.92864424057085;0.8658892;-5.3921285
8.13;140;65;300;180;69.82670744138633;0.8868613;-5.4197083
8.14;140;65;300;180;69.82670744138633;0.8868613;-5.4197083
8.15;140;65;301;180;69.92864424057085;0.9052478;-5.431487
8.16;140;65;301;180;69.92864424057085;0.9052478;-5.431487
8.17;140;65;301;180;69.92864424057085;0.9052478;-5.431487
8.18;140;65;301;180;69.92864424057085;0.9052478;-5.431487
8.19;139;65;301;180;69.82670744138633;0.9262774;-5.459124
8.2;139;65;302;180;69.92864424057085;0.9446064;-5.4708457
8.21;139;65;302;180;69.92864424057085;0.9446064;-5.4708457
8.22;139;65;302;180;69.92864424057085;0.9446064;-5.4708457
8.23;139;65;302;180;69.92864424057085;0.9446064;-5.4708457
8.24;139;65;302;180;69.92864424057085;0.9446064;-5.4708457
8.25;139;66;302;180;70.03058103975535;0.9628821;-5.4432316
8.26;139;66;302;180;70.03058103975535;0.9628821;-5.4432316
8.27;139;66;302;180;70.03058103975535;0.9628821;-5.4432316
8.28;139;66;302;179;69.92864424057085;0.98396504;-5.431487
8.29;140;67;301;179;70.03058103975535;0.9628821;-5.364629
8.3;140;67;301;179;70.03058103975535;0.9628821;-5.364629
8.31;140;67;301;178;69.92864424057085;0.98396504;-5.35277
8.32;140;67;301;178;69.92864424057085;0.98396504;-5.35277
8.33;140;68;301;178;70.03058103975535;1.0021834;-5.3253274
8.34;140;68;300;177;69.82670744138633;1.0051095;-5.30146
8.35;140;68;300;177;69.82670744138633;1.0051095;-5.30146
8.36;140;68;300;177;69.82670744138633;1.0051095;-5.30146
8.37;141;69;299;177;69.92864424057085;0.98396504;-5.234694
8.38;141;69;299;177;69.92864424057085;0.98396504;-5.234694
8.39;141;69;299;177;69.92864424057085;0.98396504;-5.234694
8.4;141;69;299;177;69.92864424057085;0.98396504;-5.234694
8.41;142;69;298;177;69.92864424057085;0.9446064;-5.1953354
8.42;142;69;298;177;69.92864424057085;0.9446064;-5.1953354
8.43;142;69;298;177;69.92864424057085;0.9446064;-5.1953354
8.44;142;70;297;178;70.03058103975535;0.92358077;-5.1681223
8.45;143;70;297;178;70.13251783893985;0.90261626;-5.1409883
8.46;143;70;297;177;70.03058103975535;0.92358077;-5.128821
8.47;143;71;296;177;70.03058103975535;0.92358077;-5.0895195
8.48;143;71;296;177;70.03058103975535;0.92358077;-5.0895195
8.49;143;71;295;177;69.92864424057085;0.9052478;-5.0772595
8.5;144;71;295;177;70.03058103975535;0.8842795;-5.050218
8.51;144;71;295;177;70.03058103975535;0.8842795;-5.050218
8.52;144;72;294;177;70.03058103975535;0.8842795;-5.010917
8.53;145;72;294;177;70.13251783893985;0.8633721;-4.9840117
8.54;145;72;293;176;69.92864424057085;0.8658892;-4.9591837
8.55;145;72;293;176;69.92864424057085;0.8658892;-4.9591837
8.56;146;73;292;176;70.03058103975535;0.84497815;-4.893013
8.57;146;73;292;176;70.03058103975535;0.84497815;-4.893013
8.58;146;73;291;176;69.92864424057085;0.82653064;-4.8804665
8.59;146;73;291;176;69.92864424057085;0.82653064;-4.8804665
8.6;146;73;291;176;69.92864424057085;0.82653064;-4.8804665
8.61;146;73;291;176;69.92864424057085;0.82653064;-4.8804665
8.62;146;73;291;176;69.92864424057085;0.82653064;-4.8804665
8.63;146;72;291;176;69.82670744138633;0.8080292;-4.907299
8.64;146;72;291;176;69.82670744138633;0.8080292;-4.907299
8.65;146;72;291;177;69.92864424057085;0.787172;-4.919825
8.66;146;72;291;177;69.92864424057085;0.787172;-4.919825
8.67;146;72;291;177;69.92864424057085;0.787172;-4.919825
8.68;147;72;291;178;70.13251783893985;0.74563956;-4.9055233
8.69;147;72;291;178;70.13251783893985;0.74563956;-4.9055233
8.7;147;72;291;178;70.13251783893985;0.74563956;-4.9055233
8.71;147;72;291;179;70.23445463812436;0.7249637;-4.917997
8.72;147;72;291;179;70.23445463812436;0.7249637;-4.917997
8.73;147;72;290;178;70.03058103975535;0.72707427;-4.893013
8.74;147;71;290;178;69.92864424057085;0.7084548;-4.919825
8.75;147;71;290;178;69.92864424057085;0.7084548;-4.919825
8.76;147;71;290;178;69.92864424057085;0.7084548;-4.919825
8.77;147;71;290;178;69.92864424057085;0.7084548;-4.919825
8.78;147;71;289;178;69.82670744138633;0.689781;-4.907299
8.79;148;71;289;178;69.92864424057085;0.66909623;-4.8804665
8.8;148;71;288;178;69.82670744138633;0.65036494;-4.867883
8.81;148;71;288;178;69.82670744138633;0.65036494;-4.867883
8.82;148;71;288;178;69.82670744138633;0.65036494;-4.867883
8.83;148;72;288;177;69.82670744138633;0.689781;-4.8284674
8.84;148;72;288;177;69.82670744138633;0.689781;-4.8284674
8.85;149;72;288;177;69.92864424057085;0.66909623;-4.801749
8.86;149;72;288;177;69.92864424057085;0.66909623;-4.801749
8.87;149;73;288;177;70.03058103975535;0.6877729;-4.7751093
8.88;149;73;288;177;70.03058103975535;0.6877729;-4.7751093
8.89;149;73;288;177;70.03058103975535;0.6877729;-4.7751093
8.9;149;73;288;177;70.03058103975535;0.6877729;-4.7751093
8.91;149;73;288;176;69.92864424057085;0.7084548;-4.7623906
8.92;149;74;288;176;70.03058103975535;0.72707427;-4.735808
8.93;149;74;288;176;70.03058103975535;0.72707427;-4.735808
8.94;149;74;288;175;69.92864424057085;0.7478134;-4.723032
8.95;149;74;288;175;69.92864424057085;0.7478134;-4.723032
8.96;149;74;288;175;69.92864424057085;0.7478134;-4.723032
8.97;149;74;288;175;69.92864424057085;0.7478134;-4.723032
8.98;149;74;289;175;70.03058103975535;0.76637554;-4.735808
8.99;149;74;289;175;70.03058103975535;0.76637554;-4.735808
9.0;148;74;289;174;69.82670744138633;0.8080292;-4.749635
9.01;148;74;290;174;69.92864424057085;0.82653064;-4.7623906
9.02;148;74;290;174;69.92864424057085;0.82653064;-4.7623906
9.03;148;74;290;174;69.92864424057085;0.82653064;-4.7623906
9.04;148;74;290;174;69.92864424057085;0.82653064;-4.7623906
9.05;148;74;290;174;69.92864424057085;0.82653064;-4.7623906
9.06;148;74;291;174;70.03058103975535;0.84497815;-4.7751093
9.07;147;74;291;174;69.92864424057085;0.8658892;-4.801749
9.08;147;74;291;174;69.92864424057085;0.8658892;-4.801749
9.09;147;74;291;174;69.92864424057085;0.8658892;-4.801749
9.1;147;74;291;175;70.03058103975535;0.84497815;-4.8144107
9.11;147;74;291;175;70.03058103975535;0.84497815;-4.8144107
9.12;147;75;291;175;70.13251783893985;0.8633721;-4.787791
9.13;147;75;291;175;70.13251783893985;0.8633721;-4.787791
9.14;147;75;290;174;69.92864424057085;0.8658892;-4.7623906
9.15;147;75;290;174;69.92864424057085;0.8658892;-4.7623906
9.16;147;75;290;174;69.92864424057085;0.8658892;-4.7623906
9.17;147;75;290;174;69.92864424057085;0.8658892;-4.7623906
9.18;148;75;290;174;70.03058103975535;0.84497815;-4.735808
9.19;148;75;289;174;69.92864424057085;0.82653064;-4.723032
9.2;148;75;289;174;69.92864424057085;0.82653064;-4.723032
9.21;148;75;289;173;69.82670744138633;0.84744525;-4.710219
9.22;149;76;289;173;70.03058103975535;0.84497815;-4.657205
9.23;149;76;289;173;70.03058103975535;0.84497815;-4.657205
9.24;149;76;289;173;70.03058103975535;0.84497815;-4.657205
9.25;149;76;289;173;70.03058103975535;0.84497815;-4.657205
9.26;149;76;289;173;70.03058103975535;0.84497815;-4.657205
9.27;149;76;289;172;69.92864424057085;0.8658892;-4.644315
9.28;149;76;289;172;69.92864424057085;0.8658892;-4.644315
9.29;149;76;289;172;69.92864424057085;0.8658892;-4.644315
9.3;149;77;289;172;70.03058103975535;0.8842795;-4.6179037
9.31;149;77;289;172;70.03058103975535;0.8842795;-4.6179037
9.32;150;77;289;172;70.13251783893985;0.8633721;-4.59157
9.33;150;77;289;172;70.13251783893985;0.8633721;-4.59157
9.34;150;77;288;172;70.03058103975535;0.84497815;-4.578603
9.35;150;77;288;172;70.03058103975535;0.84497815;-4.578603
9.36;150;77;287;172;69.92864424057085;0.82653064;-4.5655975
9.37;150;77;287;172;69.92864424057085;0.82653064;-4.5655975
9.38;150;77;287;172;69.92864424057085;0.82653064;-4.5655975
9.39;150;78;287;172;70.03058103975535;0.84497815;-4.5393014
9.4;150;78;287;172;70.03058103975535;0.84497815;-4.5393014
9.41;150;78;287;172;70.03058103975535;0.84497815;-4.5393014
9.42;151;78;287;172;70.13251783893985;0.8241279;-4.5130816
9.43;151;79;286;171;70.03058103975535;0.84497815;-4.4606986
9.44;151;79;286;171;70.03058103975535;0.84497815;-4.4606986
9.45;151;79;286;171;70.03058103975535;0.84497815;-4.4606986
9.46;151;79;286;170;69.92864424057085;0.8658892;-4.4475217
9.47;151;80;286;170;70.03058103975535;0.8842795;-4.421397
9.48;151;80;286;170;70.03058103975535;0.8842795;-4.421397
9.49;151;80;285;169;69.82670744138633;0.8868613;-4.3948903
9.5;151;80;285;169;69.82670744138633;0.8868613;-4.3948903
9.51;151;81;285;169;69.92864424057085;0.9052478;-4.3688045
9.52;151;81;285;169;69.92864424057085;0.9052478;-4.3688045
9.53;151;81;285;169;69.92864424057085;0.9052478;-4.3688045
9.54;151;81;285;169;69.92864424057085;0.9052478;-4.3688045
9.55;151;81;286;168;69.92864424057085;0.9446064;-4.3688045
9.56;151;81;286;168;69.92864424057085;0.9446064;-4.3688045
9.57;151;81;287;168;70.03058103975535;0.9628821;-4.3820963
9.58;151;81;287;168;70.03058103975535;0.9628821;-4.3820963
9.59;150;81;287;168;69.92864424057085;0.98396504;-4.408163
9.6;150;81;288;168;70.03058103975535;1.0021834;-4.421397
9.61;150;81;288;167;69.92864424057085;1.0233237;-4.408163
9.62;150;81;288;167;69.92864424057085;1.0233237;-4.408163
9.63;150;81;288;167;69.92864424057085;1.0233237;-4.408163
9.64;150;81;288;167;69.92864424057085;1.0233237;-4.408163
9.65;150;81;288;167;69.92864424057085;1.0233237;-4.408163
9.66;150;81;288;167;69.92864424057085;1.0233237;-4.408163
9.67;150;81;288;167;69.92864424057085;1.0233237;-4.408163
9.68;150;81;288;167;69.92864424057085;1.0233237;-4.408163
9.69;150;81;288;168;70.03058103975535;1.0021834;-4.421397
9.7;149;80;289;168;69.92864424057085;1.0233237;-4.4868803
9.71;149;80;289;168;69.92864424057085;1.0233237;-4.4868803
9.72;149;80;289;168;69.92864424057085;1.0233237;-4.4868803
9.73;149;80;289;169;70.03058103975535;1.0021834;-4.5
9.74;149;80;289;169;70.03058103975535;1.0021834;-4.5
9.75;149;80;289;169;70.03058103975535;1.0021834;-4.5
9.76;149;80;289;169;70.03058103975535;1.0021834;-4.5
9.77;149;80;289;169;70.03058103975535;1.0021834;-4.5
9.78;149;80;289;169;70.03058103975535;1.0021834;-4.5
9.79;149;79;289;169;69.92864424057085;0.98396504;-4.526239
9.8;149;79;289;169;69.92864424057085;0.98396504;-4.526239
9.81;149;79;289;169;69.92864424057085;0.98396504;-4.526239
9.82;149;78;289;169;69.82670744138633;0.9656934;-4.5525546
9.83;148;78;289;169;69.72477064220183;0.9868421;-4.5789475
9.84;148;78;289;170;69.82670744138633;0.9656934;-4.591971
9.85;148;77;290;170;69.82670744138633;0.9656934;-4.6313868
9.86;148;77;290;171;69.92864424057085;0.9446064;-4.644315
9.87;148;77;290;171;69.92864424057085;0.9446064;-4.644315
9.88;148;77;291;172;70.13251783893985;0.94186044;-4.6700583
9.89;147;76;291;172;69.92864424057085;0.9446064;-4.723032
9.9;147;76;292;172;70.03058103975535;0.9628821;-4.735808
9.91;147;75;292;173;70.03058103975535;0.92358077;-4.7751093
9.92;146;75;293;173;70.03058103975535;0.9628821;-4.8144107
9.93;146;75;293;173;70.03058103975535;0.9628821;-4.8144107
9.94;146;74;293;174;70.03058103975535;0.92358077;-4.8537116
9.95;146;74;293;174;70.03058103975535;0.92358077;-4.8537116
9.96;146;74;293;174;70.03058103975535;0.92358077;-4.8537116
9.97;146;73;293;174;69.92864424057085;0.9052478;-4.8804665
9.98;146;73;293;174;69.92864424057085;0.9052478;-4.8804665
9.99;146;73;293;175;70.03058103975535;0.8842795;-4.893013
10.0;146;73;293;175;70.03058103975535;0.8842795;-4.893013
10.01;146;73;293;175;70.03058103975535;0.8842795;-4.893013
10.02;146;73;293;175;70.03058103975535;0.8842795;-4.893013
10.03;146;72;293;175;69.92864424057085;0.8658892;-4.919825
10.04;146;72;293;175;69.92864424057085;0.8658892;-4.919825
10.05;146;72;293;176;70.03058103975535;0.84497815;-4.9323144
10.06;146;72;293;176;70.03058103975535;0.84497815;-4.9323144
10.07;146;72;293;176;70.03058103975535;0.84497815;-4.9323144
10.08;146;72;292;176;69.92864424057085;0.82653064;-4.919825
10.09;145;72;292;176;69.82670744138633;0.84744525;-4.9467154
10.1;145;71;292;176;69.72477064220183;0.82894737;-4.9736843
10.11;145;71;292;176;69.72477064220183;0.82894737;-4.9736843
10.12;145;71;292;176;69.72477064220183;0.82894737;-4.9736843
10.13;145;71;293;176;69.82670744138633;0.84744525;-4.986131
10.14;145;71;293;176;69.82670744138633;0.84744525;-4.986131
10.15;145;71;294;177;70.03058103975535;0.84497815;-5.010917
10.16;145;71;294;177;70.03058103975535;0.84497815;-5.010917
10.17;145;71;294;177;70.03058103975535;0.84497815;-5.010917
10.18;146;72;294;177;70.23445463812436;0.8425254;-4.9571843
10.19;146;72;294;176;70.13251783893985;0.8633721;-4.9447675
10.2;146;72;294;176;70.13251783893985;0.8633721;-4.9447675
10.21;145;72;294;176;70.03058103975535;0.8842795;-4.971616
10.22;145;72;293;176;69.92864424057085;0.8658892;-4.9591837
10.23;145;72;293;176;69.92864424057085;0.8658892;-4.9591837
10.24;145;72;293;176;69.92864424057085;0.8658892;-4.9591837
10.25;144;71;294;176;69.82670744138633;0.8868613;-5.0255475
10.26;144;71;294;177;69.92864424057085;0.8658892;-5.037901
10.27;144;71;294;177;69.92864424057085;0.8658892;-5.037901
10.28;144;70;294;177;69.82670744138633;0.84744525;-5.0649633
10.29;143;70;295;178;69.92864424057085;0.8658892;-5.116618
10.3;143;70;295;178;69.92864424057085;0.8658892;-5.116618
10.31;143;70;295;179;70.03058103975535;0.84497815;-5.128821
10.32;143;69;295;179;69.92864424057085;0.82653064;-5.155977
10.33;143;69;295;180;70.03058103975535;0.8056769;-5.1681223
10.34;143;69;295;180;70.03058103975535;0.8056769;-5.1681223
10.35;143;68;295;180;69.92864424057085;0.787172;-5.1953354
10.36;143;68;295;180;69.92864424057085;0.787172;-5.1953354
10.37;142;67;295;181;69.82670744138633;0.76861316;-5.262044
10.38;142;67;295;181;69.82670744138633;0.76861316;-5.262044
10.39;142;67;295;182;69.92864424057085;0.7478134;-5.2740526
10.4;142;66;295;182;69.82670744138633;0.7291971;-5.30146
10.41;142;66;295;183;69.92864424057085;0.7084548;-5.313411
10.42;142;65;294;184;69.82670744138633;0.65036494;-5.340876
10.43;142;65;294;185;69.92864424057085;0.6297376;-5.35277
10.44;142;64;295;186;70.03058103975535;0.6091703;-5.40393
10.45;142;64;295;187;70.13251783893985;0.5886628;-5.4156976
10.46;142;63;295;188;70.13251783893985;0.5494186;-5.4549417
10.47;142;63;294;188;70.03058103975535;0.5305677;-5.4432316
10.48;142;62;294;189;70.03058103975535;0.49126637;-5.482533
10.49;142;61;294;189;69.92864424057085;0.4723032;-5.5102043
10.5;142;61;294;190;70.03058103975535;0.45196506;-5.521834
10.51;142;61;294;190;70.03058103975535;0.45196506;-5.521834
10.52;142;60;294;191;70.03058103975535;0.41266376;-5.5611353
10.53;142;60;294;191;70.03058103975535;0.41266376;-5.5611353
10.54;142;60;294;192;70.13251783893985;0.39244187;-5.5726743
10.55;141;59;294;192;69.92864424057085;0.393586;-5.6282797
10.56;141;59;294;192;69.92864424057085;0.393586;-5.6282797
10.57;141;59;294;192;69.92864424057085;0.393586;-5.6282797
10.58;141;59;294;193;70.03058103975535;0.37336245;-5.639738
10.59;141;59;293;193;69.92864424057085;0.3542274;-5.6282797
10.6;141;59;293;193;69.92864424057085;0.3542274;-5.6282797
10.61;141;59;293;193;69.92864424057085;0.3542274;-5.6282797
10.62;141;59;293;193;69.92864424057085;0.3542274;-5.6282797
10.63;141;59;293;193;69.92864424057085;0.3542274;-5.6282797
10.64;141;59;294;194;70.13251783893985;0.35319766;-5.6511626
10.65;141;59;294;194;70.13251783893985;0.35319766;-5.6511626
10.66;140;59;295;194;70.13251783893985;0.39244187;-5.690407
10.67;140;59;294;194;70.03058103975535;0.37336245;-5.6790395
10.68;140;59;294;194;70.03058103975535;0.37336245;-5.6790395
10.69;140;59;294;194;70.03058103975535;0.37336245;-5.6790395
10.7;139;59;294;194;69.92864424057085;0.393586;-5.706997
10.71;139;59;294;194;69.92864424057085;0.393586;-5.706997
10.72;138;58;294;195;69.82670744138633;0.37445256;-5.7744527
10.73;138;58;294;195;69.82670744138633;0.37445256;-5.7744527
10.74;138;58;294;195;69.82670744138633;0.37445256;-5.7744527
10.75;138;58;294;196;69.92864424057085;0.3542274;-5.785714
10.76;138;57;294;196;69.82670744138633;0.3350365;-5.8138685
10.77;138;57;294;197;69.92864424057085;0.3148688;-5.825073
10.78;138;57;294;197;69.92864424057085;0.3148688;-5.825073
10.79;138;58;295;197;70.13251783893985;0.35319766;-5.8081393
10.8;138;58;295;197;70.13251783893985;0.35319766;-5.8081393
10.81;138;58;295;197;70.13251783893985;0.35319766;-5.8081393
10.82;138;58;295;197;70.13251783893985;0.35319766;-5.8081393
10.83;138;58;295;197;70.13251783893985;0.35319766;-5.8081393
10.84;138;58;294;197;70.03058103975535;0.33406115;-5.796943
10.85;138;58;294;197;70.03058103975535;0.33406115;-5.796943
10.86;138;58;294;197;70.03058103975535;0.33406115;-5.796943
10.87;138;58;294;197;70.03058103975535;0.33406115;-5.796943
10.88;138;58;293;197;69.92864424057085;0.3148688;-5.785714
10.89;138;58;293;197;69.92864424057085;0.3148688;-5.785714
10.9;138;58;293;197;69.92864424057085;0.3148688;-5.785714
10.91;138;58;293;197;69.92864424057085;0.3148688;-5.785714
10.92;138;58;293;197;69.92864424057085;0.3148688;-5.785714
10.93;138;58;292;197;69.82670744138633;0.29562044;-5.7744527
10.94;139;58;292;197;69.92864424057085;0.2755102;-5.7463555
10.95;139;58;292;197;69.92864424057085;0.2755102;-5.7463555
10.96;139;58;292;197;69.92864424057085;0.2755102;-5.7463555
10.97;140;59;292;197;70.13251783893985;0.2747093;-5.690407
10.98;141;59;291;197;70.13251783893985;0.23546511;-5.6511626
10.99;141;59;291;196;70.03058103975535;0.2554585;-5.639738
11.0;142;60;290;196;70.13251783893985;0.23546511;-5.5726743
11.01;142;60;289;195;69.92864424057085;0.2361516;-5.5495625
11.02;143;60;289;195;70.03058103975535;0.2161572;-5.521834
11.03;143;61;289;194;70.03058103975535;0.2554585;-5.482533
11.04;144;61;288;194;70.03058103975535;0.2161572;-5.4432316
11.05;145;61;288;194;70.13251783893985;0.19622093;-5.4156976
11.06;145;62;287;193;70.03058103975535;0.2161572;-5.364629
11.07;146;62;286;192;69.92864424057085;0.196793;-5.313411
11.08;147;63;285;192;70.03058103975535;0.17685589;-5.246725
11.09;147;63;285;191;69.92864424057085;0.196793;-5.234694
11.1;148;63;284;190;69.82670744138633;0.17737226;-5.183212
11.11;148;64;284;190;69.92864424057085;0.196793;-5.155977
11.12;149;64;283;189;69.82670744138633;0.17737226;-5.1043797
11.13;149;65;283;189;69.92864424057085;0.196793;-5.0772595
11.14;149;65;283;188;69.82670744138633;0.21678832;-5.0649633
11.15;149;66;283;188;69.92864424057085;0.2361516;-5.037901
11.16;150;66;282;187;69.82670744138633;0.21678832;-4.986131
11.17;150;66;283;187;69.92864424057085;0.2361516;-4.9985423
11.18;150;67;283;187;70.03058103975535;0.2554585;-4.971616
11.19;150;67;283;186;69.92864424057085;0.2755102;-4.9591837
11.2;150;68;283;186;70.03058103975535;0.29475984;-4.9323144
11.21;150;68;282;185;69.82670744138633;0.29562044;-4.907299
11.22;151;69;282;185;70.03058103975535;0.29475984;-4.8537116
11.23;151;69;282;184;69.92864424057085;0.3148688;-4.841108
11.24;151;69;282;184;69.92864424057085;0.3148688;-4.841108
11.25;151;70;282;183;69.92864424057085;0.3542274;-4.801749
11.26;151;70;282;183;69.92864424057085;0.3542274;-4.801749
11.27;151;70;283;182;69.92864424057085;0.393586;-4.801749
11.28;151;71;283;182;70.03058103975535;0.41266376;-4.7751093
11.29;151;71;283;182;70.03058103975535;0.41266376;-4.7751093
11.3;150;71;284;182;70.03058103975535;0.45196506;-4.8144107
11.31;150;71;284;182;70.03058103975535;0.45196506;-4.8144107
11.32;150;71;284;181;69.92864424057085;0.4723032;-4.801749
11.33;150;71;285;181;70.03058103975535;0.49126637;-4.8144107
11.34;150;71;285;181;70.03058103975535;0.49126637;-4.8144107
11.35;150;71;285;181;70.03058103975535;0.49126637;-4.8144107
11.36;150;71;285;180;69.92864424057085;0.5116618;-4.801749
11.37;149;71;285;180;69.82670744138633;0.5321168;-4.8284674
11.38;149;72;285;180;69.92864424057085;0.5510204;-4.801749
11.39;149;72;285;180;69.92864424057085;0.5510204;-4.801749
11.4;149;72;285;179;69.82670744138633;0.57153285;-4.789051
11.41;149;72;285;179;69.82670744138633;0.57153285;-4.789051
11.42;149;72;285;179;69.82670744138633;0.57153285;-4.789051
11.43;150;73;285;179;70.03058103975535;0.569869;-4.735808
11.44;150;73;285;179;70.03058103975535;0.569869;-4.735808
11.45;150;73;285;179;70.03058103975535;0.569869;-4.735808
11.46;150;73;285;178;69.92864424057085;0.590379;-4.723032
11.47;150;73;285;178;69.92864424057085;0.590379;-4.723032
11.48;150;73;284;178;69.82670744138633;0.57153285;-4.710219
11.49;151;73;284;178;69.92864424057085;0.5510204;-4.6836734
11.5;151;73;284;178;69.92864424057085;0.5510204;-4.6836734
11.51;151;73;284;178;69.92864424057085;0.5510204;-4.6836734
11.52;151;73;284;178;69.92864424057085;0.5510204;-4.6836734
11.53;151;73;284;178;69.92864424057085;0.5510204;-4.6836734
11.54;151;74;284;178;70.03058103975535;0.569869;-4.657205
11.55;152;74;284;178;70.13251783893985;0.5494186;-4.630814
11.56;152;74;283;177;69.92864424057085;0.5510204;-4.604956
11.57;152;74;283;177;69.92864424057085;0.5510204;-4.604956
11.58;152;74;283;177;69.92864424057085;0.5510204;-4.604956
11.59;153;74;282;177;69.92864424057085;0.5116618;-4.5655975
11.6;153;74;282;178;70.03058103975535;0.49126637;-4.578603
11.61;153;74;282;178;70.03058103975535;0.49126637;-4.578603
11.62;153;73;282;178;69.92864424057085;0.4723032;-4.604956
11.63;153;73;282;179;70.03058103975535;0.45196506;-4.6179037
11.64;153;73;282;179;70.03058103975535;0.45196506;-4.6179037
11.65;153;73;282;179;70.03058103975535;0.45196506;-4.6179037
11.66;153;73;282;179;70.03058103975535;0.45196506;-4.6179037
11.67;153;73;282;179;70.03058103975535;0.45196506;-4.6179037
11.68;153;73;282;180;70.13251783893985;0.43168604;-4.630814
11.69;153;72;282;180;70.03058103975535;0.41266376;-4.657205
11.7;153;72;282;180;70.03058103975535;0.41266376;-4.657205
11.71;153;72;281;180;69.92864424057085;0.393586;-4.644315
11.72;153;72;281;180;69.92864424057085;0.393586;-4.644315
11.73;154;72;280;180;69.92864424057085;0.3542274;-4.604956
11.74;154;72;280;180;69.92864424057085;0.3542274;-4.604956
11.75;154;72;279;180;69.82670744138633;0.3350365;-4.591971
11.76;155;72;279;180;69.92864424057085;0.3148688;-4.5655975
11.77;155;72;278;181;69.92864424057085;0.2755102;-4.5655975
11.78;155;72;278;181;69.92864424057085;0.2755102;-4.5655975
11.79;155;72;278;181;69.92864424057085;0.2755102;-4.5655975
11.8;155;72;279;181;70.03058103975535;0.29475984;-4.578603
11.81;155;72;279;181;70.03058103975535;0.29475984;-4.578603
11.82;155;72;279;181;70.03058103975535;0.29475984;-4.578603
11.83;155;72;279;181;70.03058103975535;0.29475984;-4.578603
11.84;155;72;279;181;70.03058103975535;0.29475984;-4.578603
11.85;155;73;279;181;70.13251783893985;0.3139535;-4.5523257
11.86;155;73;278;181;70.03058103975535;0.29475984;-4.5393014
11.87;155;73;278;181;70.03058103975535;0.29475984;-4.5393014
11.88;155;73;278;180;69.92864424057085;0.3148688;-4.526239
11.89;155;73;278;180;69.92864424057085;0.3148688;-4.526239
11.9;154;73;278;180;69.82670744138633;0.3350365;-4.5525546
11.91;154;73;279;180;69.92864424057085;0.3542274;-4.5655975
11.92;155;73;279;180;70.03058103975535;0.33406115;-4.5393014
11.93;155;73;279;180;70.03058103975535;0.33406115;-4.5393014
11.94;155;74;279;180;70.13251783893985;0.35319766;-4.5130816
11.95;155;74;279;179;70.03058103975535;0.37336245;-4.5
11.96;155;74;279;179;70.03058103975535;0.37336245;-4.5
11.97;155;74;279;179;70.03058103975535;0.37336245;-4.5
11.98;155;75;278;179;70.03058103975535;0.37336245;-4.4606986
11.99;155;75;278;178;69.92864424057085;0.393586;-4.4475217
12.0;155;75;278;178;69.92864424057085;0.393586;-4.4475217
12.01;154;75;278;178;69.82670744138633;0.4138686;-4.4737225
12.02;154;75;278;178;69.82670744138633;0.4138686;-4.4737225
12.03;154;75;278;178;69.82670744138633;0.4138686;-4.4737225
12.04;154;75;278;178;69.82670744138633;0.4138686;-4.4737225
12.05;154;75;278;178;69.82670744138633;0.4138686;-4.4737225
12.06;154;75;278;179;69.92864424057085;0.393586;-4.4868803
12.07;154;75;278;179;69.92864424057085;0.393586;-4.4868803
12.08;154;75;279;179;70.03058103975535;0.41266376;-4.5
12.09;154;75;279;179;70.03058103975535;0.41266376;-4.5
12.1;154;76;279;179;70.13251783893985;0.43168604;-4.4738374
12.11;154;76;279;179;70.13251783893985;0.43168604;-4.4738374
12.12;154;76;279;178;70.03058103975535;0.45196506;-4.4606986
12.13;154;76;278;178;69.92864424057085;0.4329446;-4.4475217
12.14;155;76;278;178;70.03058103975535;0.41266376;-4.421397
12.15;155;76;278;178;70.03058103975535;0.41266376;-4.421397
12.16;155;77;278;177;70.03058103975535;0.45196506;-4.3820963
12.17;155;77;278;177;70.03058103975535;0.45196506;-4.3820963
12.18;155;77;278;177;70.03058103975535;0.45196506;-4.3820963
12.19;155;77;278;177;70.03058103975535;0.45196506;-4.3820963
12.2;155;77;278;176;69.92864424057085;0.4723032;-4.3688045
12.21;155;77;278;176;69.92864424057085;0.4723032;-4.3688045
12.22;155;77;278;176;69.92864424057085;0.4723032;-4.3688045
12.23;155;78;279;175;70.03058103975535;0.5305677;-4.342795
12.24;154;78;279;175;69.92864424057085;0.5510204;-4.3688045
12.25;155;78;279;175;70.03058103975535;0.5305677;-4.342795
12.26;155;79;279;175;70.13251783893985;0.5494186;-4.3168607
12.27;155;79;278;175;70.03058103975535;0.5305677;-4.3034935
12.28;155;79;278;175;70.03058103975535;0.5305677;-4.3034935
12.29;155;79;278;175;70.03058103975535;0.5305677;-4.3034935
12.3;155;79;278;175;70.03058103975535;0.5305677;-4.3034935
12.31;155;80;277;175;70.03058103975535;0.5305677;-4.264192
12.32;155;80;277;175;70.03058103975535;0.5305677;-4.264192
12.33;155;80;277;174;69.92864424057085;0.5510204;-4.250729
12.34;156;80;277;174;70.03058103975535;0.5305677;-4.2248907
12.35;156;80;276;174;69.92864424057085;0.5116618;-4.2113705
12.36;156;80;276;174;69.92864424057085;0.5116618;-4.2113705
12.37;156;80;276;174;69.92864424057085;0.5116618;-4.2113705
12.38;156;80;276;174;69.92864424057085;0.5116618;-4.2113705
12.39;156;81;276;174;70.03058103975535;0.5305677;-4.1855893
12.4;156;81;276;174;70.03058103975535;0.5305677;-4.1855893
12.41;156;82;276;174;70.13251783893985;0.5494186;-4.1598835
12.42;156;82;275;173;69.92864424057085;0.5510204;-4.132653
12.43;156;82;275;173;69.92864424057085;0.5510204;-4.132653
12.44;157;82;274;173;69.92864424057085;0.5116618;-4.0932946
12.45;157;82;274;173;69.92864424057085;0.5116618;-4.0932946
12.46;157;82;274;173;69.92864424057085;0.5116618;-4.0932946
12.47;157;82;274;173;69.92864424057085;0.5116618;-4.0932946
12.48;157;82;274;173;69.92864424057085;0.5116618;-4.0932946
12.49;156;82;274;173;69.82670744138633;0.5321168;-4.118978
12.5;156;82;274;173;69.82670744138633;0.5321168;-4.118978
12.51;157;81;275;174;70.03058103975535;0.49126637;-4.1462884
12.52;157;81;275;174;70.03058103975535;0.49126637;-4.1462884
12.53;157;81;276;174;70.13251783893985;0.5101744;-4.1598835
12.54;157;81;276;174;70.13251783893985;0.5101744;-4.1598835
12.55;156;81;276;174;70.03058103975535;0.5305677;-4.1855893
12.56;156;81;276;174;70.03058103975535;0.5305677;-4.1855893
12.57;156;81;275;174;69.92864424057085;0.5116618;-4.172012
12.58;156;81;275;175;70.03058103975535;0.49126637;-4.1855893
12.59;156;81;275;175;70.03058103975535;0.49126637;-4.1855893
12.6;156;80;275;175;69.92864424057085;0.4723032;-4.2113705
12.61;156;80;275;175;69.92864424057085;0.4723032;-4.2113705
12.62;156;79;275;175;69.82670744138633;0.45328468;-4.2372265
12.63;156;79;275;175;69.82670744138633;0.45328468;-4.2372265
12.64;156;79;275;175;69.82670744138633;0.45328468;-4.2372265
12.65;156;79;275;175;69.82670744138633;0.45328468;-4.2372265
12.66;156;79;275;175;69.82670744138633;0.45328468;-4.2372265
12.67;156;79;275;176;69.92864424057085;0.4329446;-4.250729
12.68;156;79;275;176;69.92864424057085;0.4329446;-4.250729
12.69;156;78;275;177;69.92864424057085;0.393586;-4.2900877
12.7;155;78;276;178;70.03058103975535;0.41266376;-4.342795
12.71;155;78;276;178;70.03058103975535;0.41266376;-4.342795
12.72;155;77;277;178;70.03058103975535;0.41266376;-4.3820963
12.73;155;77;278;178;70.13251783893985;0.43168604;-4.395349
12.74;154;77;278;178;70.03058103975535;0.45196506;-4.421397
12.75;154;77;278;179;70.13251783893985;0.43168604;-4.434593
12.76;154;76;278;179;70.03058103975535;0.41266376;-4.4606986
12.77;154;76;278;179;70.03058103975535;0.41266376;-4.4606986
12.78;153;75;278;179;69.82670744138633;0.4138686;-4.513139
12.79;153;75;278;179;69.82670744138633;0.4138686;-4.513139
12.8;152;74;279;179;69.72477064220183;0.43421054;-4.5789475
12.81;152;74;280;180;69.92864424057085;0.4329446;-4.604956
12.82;151;73;281;180;69.82670744138633;0.45328468;-4.670803
12.83;151;73;282;181;70.03058103975535;0.45196506;-4.6965065
12.84;150;72;282;181;69.82670744138633;0.45328468;-4.749635
12.85;150;72;283;181;69.92864424057085;0.4723032;-4.7623906
12.86;149;72;284;182;70.03058103975535;0.49126637;-4.8144107
12.87;149;71;284;182;69.92864424057085;0.4723032;-4.841108
12.88;148;71;285;183;70.03058103975535;0.49126637;-4.893013
12.89;148;70;285;183;69.92864424057085;0.4723032;-4.919825
12.9;147;70;286;183;69.92864424057085;0.5116618;-4.9591837
12.91;146;69;287;184;69.92864424057085;0.5116618;-5.037901
12.92;146;69;287;184;69.92864424057085;0.5116618;-5.037901
12.93;145;68;288;185;69.92864424057085;0.5116618;-5.116618
12.94;145;68;289;185;70.03058103975535;0.5305677;-5.128821
12.95;144;69;289;185;70.03058103975535;0.569869;-5.128821
12.96;144;69;289;185;70.03058103975535;0.569869;-5.128821
12.97;144;69;290;185;70.13251783893985;0.5886628;-5.1409883
12.98;144;69;290;185;70.13251783893985;0.5886628;-5.1409883
12.99;144;69;290;185;70.13251783893985;0.5886628;-5.1409883
13.0;143;69;290;184;69.92864424057085;0.6297376;-5.155977
13.01;143;70;290;184;70.03058103975535;0.6484716;-5.128821
13.02;143;70;290;184;70.03058103975535;0.6484716;-5.128821
13.03;143;70;290;184;70.03058103975535;0.6484716;-5.128821
13.04;143;70;290;183;69.92864424057085;0.66909623;-5.116618
13.05;143;70;289;183;69.82670744138633;0.65036494;-5.1043797
13.06;143;70;289;183;69.82670744138633;0.65036494;-5.1043797
13.07;144;70;289;183;69.92864424057085;0.6297376;-5.0772595
13.08;144;70;289;183;69.92864424057085;0.6297376;-5.0772595
13.09;144;71;289;183;70.03058103975535;0.6484716;-5.050218
13.1;144;71;289;183;70.03058103975535;0.6484716;-5.050218
13.11;144;71;288;183;69.92864424057085;0.6297376;-5.037901
13.12;145;71;288;183;70.03058103975535;0.6091703;-5.010917
13.13;145;71;288;183;70.03058103975535;0.6091703;-5.010917
13.14;145;71;288;183;70.03058103975535;0.6091703;-5.010917
13.15;145;71;288;183;70.03058103975535;0.6091703;-5.010917
13.16;145;72;288;183;70.13251783893985;0.627907;-4.9840117
13.17;146;72;288;183;70.23445463812436;0.607402;-4.9571843
13.18;146;72;288;183;70.23445463812436;0.607402;-4.9571843
13.19;146;72;288;183;70.23445463812436;0.607402;-4.9571843
13.2;146;72;287;182;70.03058103975535;0.6091703;-4.9323144
13.21;147;72;286;182;70.03058103975535;0.569869;-4.893013
13.22;147;72;285;182;69.92864424057085;0.5510204;-4.8804665
13.23;147;72;285;181;69.82670744138633;0.57153285;-4.867883
13.24;147;72;284;181;69.72477064220183;0.55263156;-4.855263
13.25;147;72;284;181;69.72477064220183;0.55263156;-4.855263
13.26;147;72;284;181;69.72477064220183;0.55263156;-4.855263
13.27;148;72;284;181;69.82670744138633;0.5321168;-4.8284674
13.28;148;72;284;181;69.82670744138633;0.5321168;-4.8284674
13.29;149;73;284;181;70.03058103975535;0.5305677;-4.7751093
13.3;149;73;284;181;70.03058103975535;0.5305677;-4.7751093
13.31;149;73;283;181;69.92864424057085;0.5116618;-4.7623906
13.32;150;74;283;181;70.13251783893985;0.5101744;-4.7093024
13.33;150;74;283;180;70.03058103975535;0.5305677;-4.6965065
13.34;150;74;283;180;70.03058103975535;0.5305677;-4.6965065
13.35;151;75;283;180;70.23445463812436;0.5290276;-4.6436863
13.36;151;75;282;179;70.03058103975535;0.5305677;-4.6179037
13.37;151;75;282;179;70.03058103975535;0.5305677;-4.6179037
13.38;151;76;282;178;70.03058103975535;0.569869;-4.578603
13.39;151;76;282;178;70.03058103975535;0.569869;-4.578603
13.4;152;76;281;177;69.92864424057085;0.5510204;-4.526239
13.41;152;77;281;177;70.03058103975535;0.569869;-4.5
13.42;153;77;281;177;70.13251783893985;0.5494186;-4.4738374
13.43;153;77;280;176;69.92864424057085;0.5510204;-4.4475217
13.44;153;78;279;176;69.92864424057085;0.5510204;-4.408163
13.45;154;78;279;176;70.03058103975535;0.5305677;-4.3820963
13.46;154;78;278;176;69.92864424057085;0.5116618;-4.3688045
13.47;155;78;277;176;69.92864424057085;0.4723032;-4.329446
13.48;155;78;277;175;69.82670744138633;0.49270073;-4.316058
13.49;155;78;276;175;69.72477064220183;0.47368422;-4.3026314
13.5;155;78;276;175;69.72477064220183;0.47368422;-4.3026314
13.51;156;78;275;176;69.82670744138633;0.4138686;-4.2766423
13.52;156;78;274;179;70.03058103975535;0.33406115;-4.3034935
13.53;156;78;274;179;70.03058103975535;0.33406115;-4.3034935
13.54;156;78;274;179;70.03058103975535;0.33406115;-4.3034935
13.55;157;78;274;179;70.13251783893985;0.3139535;-4.2776165
13.56;157;78;273;179;70.03058103975535;0.29475984;-4.264192
13.57;157;78;273;179;70.03058103975535;0.29475984;-4.264192
13.58;157;78;273;179;70.03058103975535;0.29475984;-4.264192
13.59;158;78;272;179;70.03058103975535;0.2554585;-4.2248907
13.6;158;78;272;179;70.03058103975535;0.2554585;-4.2248907
13.61;158;78;272;179;70.03058103975535;0.2554585;-4.2248907
13.62;158;79;272;179;70.13251783893985;0.2747093;-4.1991277
13.63;158;79;272;178;70.03058103975535;0.29475984;-4.1855893
13.64;159;79;272;178;70.13251783893985;0.2747093;-4.1598835
13.65;159;80;272;178;70.23445463812436;0.29390422;-4.1342525
13.66;159;80;272;178;70.23445463812436;0.29390422;-4.1342525
13.67;159;80;273;178;70.33639143730886;0.31304348;-4.147826
13.68;159;80;273;177;70.23445463812436;0.33309144;-4.1342525
13.69;160;81;273;177;70.43832823649338;0.33212736;-4.083213
13.7;160;81;272;176;70.23445463812436;0.33309144;-4.055878
13.71;160;81;271;175;70.03058103975535;0.33406115;-4.028384
13.72;160;81;270;174;69.82670744138633;0.3350365;-4.00073
13.73;160;81;269;174;69.72477064220183;0.31578946;-3.9868422
13.74;160;81;268;173;69.52089704383282;0.31671554;-3.9589443
13.75;160;81;267;173;69.41896024464832;0.2973568;-3.944934
13.76;160;81;267;174;69.52089704383282;0.2771261;-3.9589443
13.77;161;81;268;174;69.72477064220183;0.27631578;-3.9473684
13.78;161;81;268;174;69.72477064220183;0.27631578;-3.9473684
13.79;162;82;268;174;69.92864424057085;0.2755102;-3.8965015
13.8;162;82;268;175;70.03058103975535;0.2554585;-3.9104803
13.81;163;83;268;175;70.23445463812436;0.254717;-3.859942
13.82;163;83;268;175;70.23445463812436;0.254717;-3.859942
13.83;163;83;268;175;70.23445463812436;0.254717;-3.859942
13.84;164;83;267;175;70.23445463812436;0.21552975;-3.8207548
13.85;164;83;266;174;70.03058103975535;0.2161572;-3.7925763
13.86;164;83;266;174;70.03058103975535;0.2161572;-3.7925763
13.87;164;83;266;174;70.03058103975535;0.2161572;-3.7925763
13.88;164;83;265;173;69.82670744138633;0.21678832;-3.7642336
13.89;164;83;265;173;69.82670744138633;0.21678832;-3.7642336
13.9;165;83;265;173;69.92864424057085;0.196793;-3.739067
13.91;165;83;264;173;69.82670744138633;0.17737226;-3.7248175
13.92;164;83;264;173;69.72477064220183;0.19736843;-3.75
13.93;164;83;264;173;69.72477064220183;0.19736843;-3.75
13.94;164;83;264;173;69.72477064220183;0.19736843;-3.75
13.95;164;83;265;173;69.82670744138633;0.21678832;-3.7642336
13.96;164;83;265;174;69.92864424057085;0.196793;-3.7784257
13.97;164;83;266;174;70.03058103975535;0.2161572;-3.7925763
13.98;163;82;267;174;69.92864424057085;0.2361516;-3.857143
13.99;163;82;267;175;70.03058103975535;0.2161572;-3.871179
14.0;163;82;267;175;70.03058103975535;0.2161572;-3.871179
14.01;163;82;268;175;70.13251783893985;0.23546511;-3.8851745
14.02;162;82;268;175;70.03058103975535;0.2554585;-3.9104803
14.03;162;81;268;175;69.92864424057085;0.2361516;-3.9358602
14.04;162;81;269;175;70.03058103975535;0.2554585;-3.9497817
14.05;162;81;269;175;70.03058103975535;0.2554585;-3.9497817
14.06;161;81;270;175;70.03058103975535;0.29475984;-3.989083
14.07;161;81;270;175;70.03058103975535;0.29475984;-3.989083
14.08;161;81;270;175;70.03058103975535;0.29475984;-3.989083
14.09;161;81;270;175;70.03058103975535;0.29475984;-3.989083
14.1;161;81;270;175;70.03058103975535;0.29475984;-3.989083
14.11;161;81;270;175;70.03058103975535;0.29475984;-3.989083
14.12;161;81;270;175;70.03058103975535;0.29475984;-3.989083
14.13;160;81;270;174;69.82670744138633;0.3350365;-4.00073
14.14;160;81;270;174;69.82670744138633;0.3350365;-4.00073
14.15;160;81;270;174;69.82670744138633;0.3350365;-4.00073
14.16;160;81;270;174;69.82670744138633;0.3350365;-4.00073
14.17;160;81;270;174;69.82670744138633;0.3350365;-4.00073
14.18;160;81;271;174;69.92864424057085;0.3542274;-4.0145774
14.19;160;81;271;174;69.92864424057085;0.3542274;-4.0145774
14.2;160;82;271;174;70.03058103975535;0.37336245;-3.989083
14.21;160;82;271;174;70.03058103975535;0.37336245;-3.989083
14.22;160;82;271;174;70.03058103975535;0.37336245;-3.989083
14.23;160;82;271;174;70.03058103975535;0.37336245;-3.989083
14.24;160;82;271;173;69.92864424057085;0.393586;-3.9752188
14.25;160;82;271;173;69.92864424057085;0.393586;-3.9752188
14.26;160;83;271;173;70.03058103975535;0.41266376;-3.9497817
14.27;160;83;271;173;70.03058103975535;0.41266376;-3.9497817
14.28;161;83;271;172;70.03058103975535;0.41266376;-3.9104803
14.29;160;83;271;172;69.92864424057085;0.4329446;-3.9358602
14.3;160;83;271;172;69.92864424057085;0.4329446;-3.9358602
14.31;160;83;271;172;69.92864424057085;0.4329446;-3.9358602
14.32;160;83;271;172;69.92864424057085;0.4329446;-3.9358602
14.33;161;84;272;171;70.13251783893985;0.47093022;-3.8851745
14.34;161;84;272;171;70.13251783893985;0.47093022;-3.8851745
14.35;161;85;272;171;70.23445463812436;0.48984036;-3.859942
14.36;161;85;272;170;70.13251783893985;0.5101744;-3.8459303
14.37;161;86;271;170;70.13251783893985;0.5101744;-3.8066862
14.38;162;86;271;169;70.13251783893985;0.5101744;-3.7674417
14.39;162;86;271;169;70.13251783893985;0.5101744;-3.7674417
14.4;162;86;270;169;70.03058103975535;0.49126637;-3.7532752
14.41;162;86;270;168;69.92864424057085;0.5116618;-3.739067
14.42;162;87;269;168;69.92864424057085;0.5116618;-3.6997085
14.43;163;87;269;168;70.03058103975535;0.49126637;-3.6746726
14.44;163;87;268;167;69.82670744138633;0.49270073;-3.6459854
14.45;163;88;268;167;69.92864424057085;0.5116618;-3.6209912
14.46;164;88;268;166;69.92864424057085;0.5116618;-3.5816326
14.47;164;89;268;166;70.03058103975535;0.5305677;-3.5567687
14.48;164;89;267;166;69.92864424057085;0.5116618;-3.542274
14.49;164;89;267;165;69.82670744138633;0.5321168;-3.5277371
14.5;164;89;267;165;69.82670744138633;0.5321168;-3.5277371
14.51;165;89;267;165;69.92864424057085;0.5116618;-3.5029154
14.52;165;89;267;165;69.92864424057085;0.5116618;-3.5029154
14.53;165;90;267;165;70.03058103975535;0.5305677;-3.4781659
14.54;165;90;267;165;70.03058103975535;0.5305677;-3.4781659
14.55;165;90;267;164;69.92864424057085;0.5510204;-3.4635568
14.56;165;90;268;164;70.03058103975535;0.569869;-3.4781659
14.57;165;90;268;164;70.03058103975535;0.569869;-3.4781659
14.58;165;90;268;164;70.03058103975535;0.569869;-3.4781659
14.59;165;90;268;164;70.03058103975535;0.569869;-3.4781659
14.6;165;91;268;164;70.13251783893985;0.5886628;-3.4534883
14.61;165;91;268;164;70.13251783893985;0.5886628;-3.4534883
14.62;165;91;268;164;70.13251783893985;0.5886628;-3.4534883
14.63;164;91;268;164;70.03058103975535;0.6091703;-3.4781659
14.64;164;91;268;164;70.03058103975535;0.6091703;-3.4781659
14.65;164;92;269;163;70.13251783893985;0.66715115;-3.4534883
14.66;165;92;269;163;70.23445463812436;0.6465893;-3.4288824
14.67;165;93;269;162;70.23445463812436;0.6857765;-3.3896952
14.68;165;93;269;162;70.23445463812436;0.6857765;-3.3896952
14.69;165;94;269;161;70.23445463812436;0.7249637;-3.350508
14.7;165;95;269;160;70.23445463812436;0.7641509;-3.3113208
14.71;164;96;269;159;70.13251783893985;0.8241279;-3.2965117
14.72;164;97;269;158;70.13251783893985;0.8633721;-3.2572675
14.73;164;99;270;157;70.33639143730886;0.9391304;-3.2086957
14.74;164;100;270;156;70.33639143730886;0.9782609;-3.1695652
14.75;164;101;270;155;70.33639143730886;1.0173913;-3.1304348
14.76;163;103;270;153;70.23445463812436;1.116836;-3.0761974
14.77;163;104;270;151;70.13251783893985;1.1773256;-3.0218024
14.78;163;106;270;150;70.23445463812436;1.2343976;-2.9586358
14.79;163;108;270;148;70.23445463812436;1.3127722;-2.8802612
14.8;162;110;270;146;70.13251783893985;1.4127907;-2.8255813
14.81;162;111;270;144;70.03058103975535;1.4737991;-2.7707424
14.82;162;113;270;142;70.03058103975535;1.5524018;-2.6921396
14.83;162;115;270;140;70.03058103975535;1.6310043;-2.613537
14.84;161;116;270;139;69.92864424057085;1.6924198;-2.5976677
14.85;161;118;270;137;69.92864424057085;1.771137;-2.5189505
14.86;161;119;270;136;69.92864424057085;1.8104956;-2.4795918
14.87;161;120;270;135;69.92864424057085;1.8498542;-2.4402332
14.88;161;121;269;134;69.82670744138633;1.8722627;-2.3846714
14.89;160;123;269;132;69.72477064220183;1.9736842;-2.3289473
14.9;160;124;269;131;69.72477064220183;2.0131578;-2.2894738
14.91;160;125;269;130;69.72477064220183;2.0526316;-2.25
14.92;160;126;269;129;69.72477064220183;2.0921052;-2.2105262
14.93;160;127;269;129;69.82670744138633;2.1087592;-2.1875913
14.94;160;128;269;128;69.82670744138633;2.1481752;-2.1481752
14.95;160;129;269;127;69.82670744138633;2.1875913;-2.1087592
14.96;160;129;269;127;69.82670744138633;2.1875913;-2.1087592
14.97;160;130;269;127;69.92864424057085;2.2040815;-2.086006
14.98;160;131;268;127;69.92864424057085;2.2040815;-2.0466473
14.99;161;132;268;126;70.03058103975535;2.220524;-1.9847162
15.0;161;132;268;126;70.03058103975535;2.220524;-1.9847162
15.01;161;132;267;126;69.92864424057085;2.2040815;-1.9679301
15.02;161;133;266;126;69.92864424057085;2.2040815;-1.9285715
15.03;161;132;265;126;69.72477064220183;2.1710527;-1.9342105
15.04;161;132;264;126;69.62283384301733;2.1544657;-1.9172767
15.05;161;132;264;126;69.62283384301733;2.1544657;-1.9172767
15.06;161;132;263;127;69.62283384301733;2.1149342;-1.9172767
15.07;161;132;263;127;69.62283384301733;2.1149342;-1.9172767
15.08;161;132;263;127;69.62283384301733;2.1149342;-1.9172767
15.09;161;132;263;128;69.72477064220183;2.0921052;-1.9342105
15.1;161;132;262;128;69.62283384301733;2.0754027;-1.9172767
15.11;161;131;261;128;69.41896024464832;2.0418503;-1.9229075
15.12;161;130;260;129;69.3170234454638;1.9852941;-1.9455882
15.13;162;129;260;130;69.41896024464832;1.9229075;-1.962555
15.14;162;129;259;132;69.52089704383282;1.8607038;-1.9794722
15.15;162;128;259;133;69.52089704383282;1.8211144;-2.0190616
15.16;162;128;259;134;69.62283384301733;1.7986823;-2.0358713
15.17;163;127;258;136;69.72477064220183;1.6973684;-2.0526316
15.18;163;126;257;137;69.62283384301733;1.6405563;-2.0754027
15.19;163;125;256;139;69.62283384301733;1.5614934;-2.1149342
15.2;163;124;255;140;69.52089704383282;1.5043988;-2.13783
15.21;163;123;254;142;69.52089704383282;1.4252199;-2.1774194
15.22;164;121;253;143;69.41896024464832;1.3281938;-2.2004406
15.23;164;120;252;145;69.41896024464832;1.2488986;-2.2400882
15.24;165;119;251;147;69.52089704383282;1.1480938;-2.2565982
15.25;165;118;250;150;69.62283384301733;1.0475842;-2.3125916
15.26;166;117;249;152;69.72477064220183;0.94736844;-2.3289473
15.27;166;115;246;154;69.41896024464832;0.8127753;-2.3590307
15.28;167;113;244;157;69.41896024464832;0.654185;-2.3986783
15.29;168;111;241;159;69.2150866462793;0.4970545;-2.4057438
15.3;168;108;238;163;69.01121304791029;0.29911375;-2.4926145
15.31;169;106;235;167;69.01121304791029;0.09970458;-2.5324962
15.32;170;103;233;172;69.1131498470948;-0.119469024;-2.6283185
15.33;172;100;231;177;69.3170234454638;-0.35735294;-2.7
15.34;173;98;228;184;69.62283384301733;-0.6127379;-2.7869692
15.35;175;95;225;190;69.82670744138633;-0.8868613;-2.8576643
15.36;176;93;222;196;70.03058103975535;-1.1200874;-2.9279475
15.37;177;91;218;201;70.03058103975535;-1.3558952;-2.967249
15.38;178;88;215;207;70.13251783893985;-1.6090117;-3.0610466
15.39;179;86;212;213;70.33639143730886;-1.8391304;-3.1304348
15.4;181;83;209;220;70.64220183486238;-2.1233766;-3.2142856
15.41;183;80;206;228;71.0499490316004;-2.4210904;-3.3120515
15.42;185;76;202;235;71.1518858307849;-2.7464182;-3.4040115
15.43;187;71;198;243;71.25382262996942;-3.109442;-3.5343347
15.44;188;66;193;250;71.0499490316004;-3.4670014;-3.6606886
15.45;189;60;188;258;70.84607543323139;-3.8654675;-3.8266187
15.46;190;53;183;266;70.54026503567788;-4.2919073;-4.018786
15.47;192;46;178;276;70.54026503567788;-4.7601156;-4.213873
15.48;193;38;173;286;70.33639143730886;-5.2434783;-4.46087
15.49;193;30;167;296;69.92864424057085;-5.7463555;-4.723032
15.5;194;22;161;306;69.62283384301733;-6.2657394;-4.9612007
15.51;196;14;155;317;69.52089704383282;-6.8093843;-5.186217
15.52;197;6;150;328;69.41896024464832;-7.314978;-5.451542
15.53;197;1;144;340;69.52089704383282;-7.759531;-5.66129
15.54;195;0;136;353;69.72477064220183;-8.131579;-5.8026314
15.55;192;0;128;366;69.92864424057085;-8.462099;-5.9431486
15.56;190;0;123;376;70.23445463812436;-8.679971;-6.0544267
15.57;189;0;118;384;70.43832823649338;-8.889291;-6.115051
15.58;188;0;116;389;70.64220183486238;-8.980519;-6.1753244
15.59;188;0;116;393;71.0499490316004;-9.006456;-6.21736
15.6;187;0;116;396;71.25382262996942;-9.019313;-6.276824
15.61;185;0;116;398;71.25382262996942;-9.019313;-6.3540773
15.62;184;0;116;398;71.1518858307849;-9.012894;-6.3825216
15.63;182;0;115;398;70.84607543323139;-9.032374;-6.4294963
15.64;179;0;114;396;70.23445463812436;-9.032656;-6.485486
15.65;177;0;113;395;69.82670744138633;-9.045985;-6.523358
15.66;175;0;113;393;69.41896024464832;-9.019824;-6.561674
15.67;173;0;112;392;69.01121304791029;-9.033235;-6.6004434
15.68;171;0;111;391;68.60346585117227;-9.046805;-6.639673
15.69;169;0;111;391;68.39959225280326;-9.033532;-6.699702
15.7;168;0;111;390;68.19571865443424;-9.02018;-6.719731
15.71;167;0;111;390;68.09378185524974;-9.0134735;-6.75
15.72;166;0;111;391;68.09378185524974;-9.0134735;-6.790419
15.73;165;0;111;393;68.19571865443424;-9.02018;-6.840807
15.74;165;0;112;395;68.50152905198776;-9.0;-6.870536
15.75;165;0;112;397;68.70540265035677;-9.013353;-6.890208
15.76;165;0;113;399;69.01121304791029;-8.993353;-6.919498
15.77;165;0;113;400;69.1131498470948;-9.0;-6.9292035
15.78;165;0;113;400;69.1131498470948;-9.0;-6.9292035
15.79;165;0;113;401;69.2150866462793;-9.006627;-6.938881
15.8;165;0;113;402;69.3170234454638;-9.013235;-6.9485292
15.81;165;0;114;404;69.62283384301733;-8.993411;-6.977306
15.82;165;0;114;406;69.82670744138633;-9.006569;-6.9963503
15.83;165;0;114;407;69.92864424057085;-9.01312;-7.005831
15.84;164;0;114;407;69.82670744138633;-9.006569;-7.0357666
15.85;163;0;114;408;69.82670744138633;-9.006569;-7.0751824
15.86;163;0;114;409;69.92864424057085;-9.01312;-7.084548
15.87;163;0;115;411;70.23445463812436;-8.993469;-7.112482
15.88;162;0;115;412;70.23445463812436;-8.993469;-7.151669
15.89;162;0;116;413;70.43832823649338;-8.967439;-7.1700435
15.9;161;0;116;413;70.33639143730886;-8.96087;-7.2
15.91;159;0;116;411;69.92864424057085;-8.934402;-7.2419825
15.92;158;0;116;409;69.62283384301733;-8.914349;-7.2540264
15.93;156;0;117;408;69.41896024464832;-8.861234;-7.314978
15.94;155;0;117;406;69.1131498470948;-8.840708;-7.3274336
15.95;153;0;117;404;68.70540265035677;-8.813056;-7.3709197
15.96;151;0;117;401;68.19571865443424;-8.778027;-7.4058294
15.97;149;0;116;397;67.4821610601427;-8.768882;-7.4229608
15.98;146;0;115;392;66.56472986748216;-8.745023;-7.4632463
15.99;144;0;114;387;65.74923547400611;-8.727907;-7.472093
16.0;143;0;114;383;65.23955147808358;-8.690625;-7.4671874
16.01;142;0;114;382;65.03567787971457;-8.675549;-7.490596
16.02;142;0;116;383;65.34148827726808;-8.613885;-7.5187206
16.03;141;0;117;383;65.34148827726808;-8.571763;-7.5608425
16.04;141;0;117;383;65.34148827726808;-8.571763;-7.5608425
16.05;139;0;117;381;64.93374108053007;-8.540816;-7.60832
16.06;137;0;117;378;64.42405708460754;-8.501582;-7.647152
16.07;135;0;118;372;63.710499490316;-8.4024;-7.668
16.08;132;0;117;366;62.691131498470945;-8.363415;-7.704878
16.09;128;0;114;360;61.36595310907237;-8.387043;-7.759136
16.1;125;0;110;354;60.0407747196738;-8.457555;-7.769949
16.11;121;0;107;348;58.715596330275226;-8.484375;-7.828125
16.12;117;0;104;342;57.39041794087665;-8.512433;-7.8889875
16.13;113;0;100;335;55.86136595310907;-8.572992;-7.932482
16.14;109;0;97;328;54.43425076452599;-8.595506;-7.988764
16.15;104;0;94;320;52.803261977573904;-8.600386;-8.07915
16.16;100;0;91;312;51.274209989806316;-8.615308;-8.132207
16.17;96;0;88;305;49.847094801223236;-8.641105;-8.199387
16.18;92;0;85;298;48.41997961264016;-8.668421;-8.270526
16.19;87;0;83;290;46.890927624872575;-8.628261;-8.393478
16.2;83;0;80;281;45.25993883792049;-8.635135;-8.4527025
16.21;77;0;76;271;43.22120285423038;-8.6603775;-8.596698
16.22;71;0;72;260;41.08053007135576;-8.676179;-8.743176
16.23;65;0;68;247;38.73598369011213;-8.668421;-8.881579
16.24;58;0;63;233;36.08562691131498;-8.694915;-9.076271
16.25;50;0;58;218;33.23139653414883;-8.696319;-9.358895
16.26;42;0;53;202;30.275229357798164;-8.681818;-9.681818
16.27;34;0;48;184;27.11518858307849;-8.62782;-10.048872
16.28;26;0;42;164;23.6493374108053;-8.612069;-10.474138
16.29;19;0;36;144;20.285423037716615;-8.615578;-10.922111
16.3;13;0;31;125;17.227319062181447;-8.547338;-11.423077
16.31;7;0;26;107;14.271151885830784;-8.485714;-12.15
16.32;2;0;22;90;11.620795107033638;-8.289474;-13.026316
16.33;0;0;18;76;9.582059123343527;-8.329787;-13.5
16.34;0;0;15;64;8.053007135575942;-8.373418;-13.5
16.35;0;0;13;55;6.931702344546381;-8.338235;-13.5
16.36;0;0;12;48;6.116207951070336;-8.1;-13.5
16.37;0;0;11;43;5.504587155963303;-8.0;-13.5
16.38;0;0;10;37;4.791029561671763;-7.755319;-13.5
16.39;0;0;9;33;4.281345565749235;-7.714286;-13.5
16.4;0;0;8;28;3.6697247706422016;-7.5;-13.5
16.41;0;0;7;24;3.1600407747196737;-7.403226;-13.5
16.42;0;0;6;19;2.54841997961264;-7.02;-13.5
16.43;0;0;5;15;2.038735983690112;-6.75;-13.5
16.44;0;0;3;10;1.325178389398573;-7.269231;-13.5
16.45;0;0;2;6;0.8154943934760448;-6.75;-13.5
16.46;0;0;1;3;0.4077471967380224;-6.75;-13.5
16.47;0;0;0;1;0.1019367991845056;-13.5;-13.5
16.48;0;0;0;0;0.0;0.0;0.0
16.49;0;0;0;0;0.0;0.0;0.0
16.5;0;0;0;0;0.0;0.0;0.0
16.51;0;0;0;0;0.0;0.0;0.0
16.52;0;0;0;0;0.0;0.0;0.0
16.53;0;0;0;0;0.0;0.0;0.0
16.54;0;0;0;0;0.0;0.0;0.0
16.55;0;0;0;0;0.0;0.0;0.0
16.56;0;0;0;0;0.0;0.0;0.0
16.57;0;0;0;0;0.0;0.0;0.0
16.58;0;0;0;0;0.0;0.0;0.0
16.59;0;0;0;0;0.0;0.0;0.0
16.6;0;0;0;0;0.0;0.0;0.0
16.61;0;0;0;0;0.0;0.0;0.0
16.62;0;0;0;0;0.0;0.0;0.0
16.63;0;0;0;0;0.0;0.0;0.0
16.64;0;0;0;0;0.0;0.0;0.0
16.65;0;0;0;0;0.0;0.0;0.0
16.66;0;0;0;0;0.0;0.0;0.0
16.67;0;0;0;0;0.0;0.0;0.0
16.68;0;0;0;0;0.0;0.0;0.0
16.69;0;0;0;0;0.0;0.0;0.0
16.7;0;0;0;0;0.0;0.0;0.0
16.71;0;0;0;0;0.0;0.0;0.0
16.72;0;0;0;0;0.0;0.0;0.0
16.73;0;0;0;0;0.0;0.0;0.0
16.74;0;0;0;0;0.0;0.0;0.0
16.75;0;0;0;0;0.0;0.0;0.0
16.76;0;0;0;0;0.0;0.0;0.0
16.77;0;0;0;0;0.0;0.0;0.0
16.78;0;0;0;0;0.0;0.0;0.0
16.79;0;0;0;0;0.0;0.0;0.0
16.8;0;0;0;0;0.0;0.0;0.0
16.81;0;0;0;0;0.0;0.0;0.0
16.82;0;0;0;0;0.0;0.0;0.0
16.83;0;0;0;0;0.0;0.0;0.0
16.84;0;0;0;0;0.0;0.0;0.0
16.85;0;0;0;0;0.0;0.0;0.0
16.86;0;0;0;0;0.0;0.0;0.0
16.87;0;0;0;0;0.0;0.0;0.0
16.88;0;0;0;0;0.0;0.0;0.0
16.89;0;0;0;0;0.0;0.0;0.0
16.9;0;0;0;0;0.0;0.0;0.0
16.91;0;0;0;0;0.0;0.0;0.0
16.92;0;0;0;0;0.0;0.0;0.0
16.93;0;0;0;0;0.0;0.0;0.0
16.94;0;0;0;0;0.0;0.0;0.0
16.95;0;0;0;0;0.0;0.0;0.0
16.96;0;0;0;0;0.0;0.0;0.0
16.97;0;0;0;0;0.0;0.0;0.0
16.98;0;0;0;0;0.0;0.0;0.0
16.99;0;0;0;0;0.0;0.0;0.0
17.0;0;0;0;0;0.0;0.0;0.0
17.01;0;0;0;0;0.0;0.0;0.0
17.02;0;0;0;0;0.0;0.0;0.0
17.03;0;0;0;0;0.0;0.0;0.0
17.04;0;0;0;0;0.0;0.0;0.0
17.05;0;0;0;0;0.0;0.0;0.0
17.06;0;0;0;0;0.0;0.0;0.0
17.07;0;0;0;0;0.0;0.0;0.0
17.08;0;0;0;0;0.0;0.0;0.0
17.09;0;0;0;0;0.0;0.0;0.0
17.1;0;0;0;0;0.0;0.0;0.0
17.11;0;0;0;0;0.0;0.0;0.0
17.12;0;0;0;0;0.0;0.0;0.0
17.13;0;0;0;0;0.0;0.0;0.0
17.14;0;0;0;0;0.0;0.0;0.0
17.15;0;0;0;0;0.0;0.0;0.0
17.16;0;0;0;0;0.0;0.0;0.0
17.17;0;0;0;0;0.0;0.0;0.0
17.18;0;0;0;0;0.0;0.0;0.0
17.19;0;0;0;0;0.0;0.0;0.0
17.2;0;0;0;0;0.0;0.0;0.0
17.21;0;0;0;0;0.0;0.0;0.0
17.22;0;0;0;0;0.0;0.0;0.0
17.23;0;0;0;0;0.0;0.0;0.0
17.24;0;0;0;0;0.0;0.0;0.0
17.25;0;0;0;0;0.0;0.0;0.0
17.26;0;0;0;0;0.0;0.0;0.0
17.27;0;0;0;0;0.0;0.0;0.0
17.28;0;0;0;0;0.0;0.0;0.0
17.29;0;0;0;0;0.0;0.0;0.0
17.3;0;0;0;0;0.0;0.0;0.0
17.31;0;0;0;0;0.0;0.0;0.0
17.32;0;0;0;0;0.0;0.0;0.0
17.33;0;0;0;0;0.0;0.0;0.0
17.34;0;0;0;0;0.0;0.0;0.0
17.35;0;0;0;0;0.0;0.0;0.0
17.36;0;0;0;0;0.0;0.0;0.0
17.37;0;0;0;0;0.0;0.0;0.0
17.38;0;0;0;0;0.0;0.0;0.0
17.39;0;0;0;0;0.0;0.0;0.0
17.4;0;0;0;0;0.0;0.0;0.0
17.41;0;0;0;0;0.0;0.0;0.0
17.42;0;0;0;0;0.0;0.0;0.0
17.43;0;0;0;0;0.0;0.0;0.0
17.44;0;0;0;0;0.0;0.0;0.0
17.45;0;0;0;0;0.0;0.0;0.0
17.46;0;0;0;0;0.0;0.0;0.0
17.47;0;0;0;0;0.0;0.0;0.0
17.48;0;0;0;0;0.0;0.0;0.0
17.49;0;0;0;0;0.0;0.0;0.0
17.5;0;0;0;0;0.0;0.0;0.0
17.51;0;0;0;0;0.0;0.0;0.0
17.52;0;0;0;0;0.0;0.0;0.0
17.53;0;0;0;0;0.0;0.0;0.0
17.54;0;0;0;0;0.0;0.0;0.0
17.55;0;0;0;0;0.0;0.0;0.0
17.56;0;0;0;0;0.0;0.0;0.0
17.57;0;0;0;0;0.0;0.0;0.0
17.58;0;0;0;0;0.0;0.0;0.0
17.59;0;0;0;0;0.0;0.0;0.0
17.6;0;0;0;0;0.0;0.0;0.0
17.61;0;0;0;0;0.0;0.0;0.0
17.62;0;0;0;0;0.0;0.0;0.0
17.63;0;0;0;0;0.0;0.0;0.0
17.64;0;0;0;0;0.0;0.0;0.0
17.65;0;0;0;0;0.0;0.0;0.0
17.66;0;0;0;0;0.0;0.0;0.0
17.67;0;0;0;0;0.0;0.0;0.0
17.68;0;0;0;0;0.0;0.0;0.0
17.69;0;0;0;0;0.0;0.0;0.0
17.7;0;0;0;0;0.0;0.0;0.0
17.71;0;0;0;0;0.0;0.0;0.0
17.72;0;0;0;0;0.0;0.0;0.0
17.73;0;0;0;0;0.0;0.0;0.0
17.74;0;0;0;0;0.0;0.0;0.0
17.75;0;0;0;0;0.0;0.0;0.0
17.76;0;0;0;0;0.0;0.0;0.0
17.77;0;0;0;0;0.0;0.0;0.0
17.78;0;0;0;0;0.0;0.0;0.0
17.79;0;0;0;0;0.0;0.0;0.0
17.8;0;0;0;0;0.0;0.0;0.0
17.81;0;0;0;0;0.0;0.0;0.0
17.82;0;0;0;0;0.0;0.0;0.0
17.83;0;0;0;0;0.0;0.0;0.0
17.84;0;0;0;0;0.0;0.0;0.0
17.85;0;0;0;0;0.0;0.0;0.0
17.86;0;0;0;0;0.0;0.0;0.0
17.87;0;0;0;0;0.0;0.0;0.0
17.88;0;0;0;0;0.0;0.0;0.0
17.89;0;0;0;0;0.0;0.0;0.0
17.9;0;0;0;0;0.0;0.0;0.0
17.91;0;0;0;0;0.0;0.0;0.0
17.92;0;0;0;0;0.0;0.0;0.0
17.93;0;0;0;0;0.0;0.0;0.0
17.94;0;0;0;0;0.0;0.0;0.0
17.95;0;0;0;0;0.0;0.0;0.0
17.96;0;0;0;0;0.0;0.0;0.0
17.97;0;0;0;0;0.0;0.0;0.0
17.98;0;0;0;0;0.0;0.0;0.0
17.99;0;0;0;0;0.0;0.0;0.0
18.0;0;0;0;0;0.0;0.0;0.0
18.01;0;0;0;0;0.0;0.0;0.0
18.02;0;0;0;0;0.0;0.0;0.0
18.03;0;0;0;0;0.0;0.0;0.0
18.04;0;0;0;0;0.0;0.0;0.0
18.05;0;0;0;0;0.0;0.0;0.0
18.06;0;0;0;0;0.0;0.0;0.0
18.07;0;0;0;0;0.0;0.0;0.0
18.08;0;0;0;0;0.0;0.0;0.0
18.09;0;0;0;0;0.0;0.0;0.0
18.1;0;0;0;0;0.0;0.0;0.0
18.11;0;0;0;0;0.0;0.0;0.0
18.12;0;0;0;0;0.0;0.0;0.0
18.13;0;0;0;0;0.0;0.0;0.0
18.14;0;0;0;0;0.0;0.0;0.0
18.15;0;0;0;0;0.0;0.0;0.0
18.16;0;0;0;0;0.0;0.0;0.0
18.17;0;0;0;0;0.0;0.0;0.0
18.18;0;0;0;0;0.0;0.0;0.0
18.19;0;0;0;0;0.0;0.0;0.0
18.2;0;0;0;0;0.0;0.0;0.0
18.21;0;0;0;0;0.0;0.0;0.0
18.22;0;0;0;0;0.0;0.0;0.0
18.23;0;0;0;0;0.0;0.0;0.0
18.24;0;0;0;0;0.0;0.0;0.0
18.25;0;0;0;0;0.0;0.0;0.0
18.26;0;0;0;0;0.0;0.0;0.0
18.27;0;0;0;0;0.0;0.0;0.0
18.28;0;0;0;0;0.0;0.0;0.0
18.29;0;0;0;0;0.0;0.0;0.0
18.3;0;0;0;0;0.0;0.0;0.0
18.31;0;0;0;0;0.0;0.0;0.0
18.32;0;0;0;0;0.0;0.0;0.0
18.33;0;0;0;0;0.0;0.0;0.0
18.34;0;0;0;0;0.0;0.0;0.0
18.35;0;0;0;0;0.0;0.0;0.0
18.36;0;0;0;0;0.0;0.0;0.0
18.37;0;0;0;0;0.0;0.0;0.0
18.38;0;0;0;0;0.0;0.0;0.0
18.39;0;0;0;0;0.0;0.0;0.0
18.4;0;0;0;0;0.0;0.0;0.0
18.41;0;0;0;0;0.0;0.0;0.0
18.42;0;0;0;0;0.0;0.0;0.0
18.43;0;0;0;0;0.0;0.0;0.0
18.44;0;0;0;0;0.0;0.0;0.0
18.45;0;0;0;0;0.0;0.0;0.0
