 Height:  Visitor ;  Weight:  Visitor ;  Age:  -1 ;  Gender:  Visitor; name: racha; color: pink; situation: one leg
0.01;0;0;0;0;0.0;0.0;0.0;25.28032619775739;13.44;10;1;3;3;3; 68.29765545361875; 4.188117496169961; 2.047031907571845; 3.426319522797693
0.01;0;0;0;0;0.0;0.0;0.0;25.28032619775739;13.44;10;1;3;3;3; 68.29765545361875; 4.188117496169961; 2.047031907571845; 3.426319522797693
0.02;0;0;0;0;0.0;0.0;0.0
0.03;0;0;0;0;0.0;0.0;0.0
0.04;0;0;0;0;0.0;0.0;0.0
0.05;0;0;0;0;0.0;0.0;0.0
0.06;0;0;0;0;0.0;0.0;0.0
0.07;0;0;0;0;0.0;0.0;0.0
0.08;0;0;0;0;0.0;0.0;0.0
0.09;0;0;0;0;0.0;0.0;0.0
0.1;0;0;0;0;0.0;0.0;0.0
0.11;0;0;0;0;0.0;0.0;0.0
0.12;0;0;0;0;0.0;0.0;0.0
0.13;0;0;0;0;0.0;0.0;0.0
0.14;0;0;0;0;0.0;0.0;0.0
0.15;0;0;0;0;0.0;0.0;0.0
0.16;0;0;0;0;0.0;0.0;0.0
0.17;0;0;0;0;0.0;0.0;0.0
0.18;0;0;0;0;0.0;0.0;0.0
0.19;0;0;0;0;0.0;0.0;0.0
0.2;0;0;0;0;0.0;0.0;0.0
0.21;0;0;0;0;0.0;0.0;0.0
0.22;0;0;0;0;0.0;0.0;0.0
0.23;0;0;0;0;0.0;0.0;0.0
0.24;0;0;0;0;0.0;0.0;0.0
0.25;0;0;0;0;0.0;0.0;0.0
0.26;0;0;0;0;0.0;0.0;0.0
0.27;0;0;0;0;0.0;0.0;0.0
0.28;0;0;0;0;0.0;0.0;0.0
0.29;0;0;0;0;0.0;0.0;0.0
0.3;0;0;0;0;0.0;0.0;0.0
0.31;0;0;0;0;0.0;0.0;0.0
0.32;0;0;0;0;0.0;0.0;0.0
0.33;0;0;0;0;0.0;0.0;0.0
0.34;0;0;0;0;0.0;0.0;0.0
0.35;0;0;0;0;0.0;0.0;0.0
0.36;0;0;0;0;0.0;0.0;0.0
0.37;0;0;0;0;0.0;0.0;0.0
0.38;0;0;0;0;0.0;0.0;0.0
0.39;0;0;0;0;0.0;0.0;0.0
0.4;0;0;0;0;0.0;0.0;0.0
0.41;0;0;0;0;0.0;0.0;0.0
0.42;0;0;0;0;0.0;0.0;0.0
0.43;0;0;0;0;0.0;0.0;0.0
0.44;0;0;0;0;0.0;0.0;0.0
0.45;0;0;0;0;0.0;0.0;0.0
0.46;0;0;0;0;0.0;0.0;0.0
0.47;0;0;0;0;0.0;0.0;0.0
0.48;0;0;0;0;0.0;0.0;0.0
0.49;0;0;0;0;0.0;0.0;0.0
0.5;0;0;0;0;0.0;0.0;0.0
0.51;0;0;0;0;0.0;0.0;0.0
0.52;0;0;0;0;0.0;0.0;0.0
0.53;0;0;0;0;0.0;0.0;0.0
0.54;0;0;0;0;0.0;0.0;0.0
0.55;0;0;0;0;0.0;0.0;0.0
0.56;0;0;0;0;0.0;0.0;0.0
0.57;0;0;0;0;0.0;0.0;0.0
0.58;0;0;0;0;0.0;0.0;0.0
0.59;0;0;0;0;0.0;0.0;0.0
0.6;0;0;0;0;0.0;0.0;0.0
0.61;0;0;0;0;0.0;0.0;0.0
0.62;0;0;0;0;0.0;0.0;0.0
0.63;0;0;0;0;0.0;0.0;0.0
0.64;0;0;0;0;0.0;0.0;0.0
0.65;0;0;0;0;0.0;0.0;0.0
0.66;0;0;0;0;0.0;0.0;0.0
0.67;0;0;0;0;0.0;0.0;0.0
0.68;0;0;0;0;0.0;0.0;0.0
0.69;0;0;0;0;0.0;0.0;0.0
0.7;0;0;0;0;0.0;0.0;0.0
0.71;0;0;0;0;0.0;0.0;0.0
0.72;0;0;0;0;0.0;0.0;0.0
0.73;0;0;0;0;0.0;0.0;0.0
0.74;0;0;0;0;0.0;0.0;0.0
0.75;0;0;0;0;0.0;0.0;0.0
0.76;0;0;0;0;0.0;0.0;0.0
0.77;0;0;0;0;0.0;0.0;0.0
0.78;0;0;0;0;0.0;0.0;0.0
0.79;0;0;0;0;0.0;0.0;0.0
0.8;0;0;0;0;0.0;0.0;0.0
0.81;0;0;0;0;0.0;0.0;0.0
0.82;0;0;0;0;0.0;0.0;0.0
0.83;0;0;0;0;0.0;0.0;0.0
0.84;0;0;0;0;0.0;0.0;0.0
0.85;0;0;0;0;0.0;0.0;0.0
0.86;0;0;0;0;0.0;0.0;0.0
0.87;0;0;0;0;0.0;0.0;0.0
0.88;0;0;0;0;0.0;0.0;0.0
0.89;0;0;0;0;0.0;0.0;0.0
0.9;0;0;0;0;0.0;0.0;0.0
0.91;0;0;0;0;0.0;0.0;0.0
0.92;0;0;0;0;0.0;0.0;0.0
0.93;0;0;0;0;0.0;0.0;0.0
0.94;0;0;0;0;0.0;0.0;0.0
0.95;0;0;0;0;0.0;0.0;0.0
0.96;0;0;0;0;0.0;0.0;0.0
0.97;0;0;0;0;0.0;0.0;0.0
0.98;0;0;0;0;0.0;0.0;0.0
0.99;0;0;0;0;0.0;0.0;0.0
1.0;0;0;0;0;0.0;0.0;0.0
1.01;0;0;0;0;0.0;0.0;0.0
1.02;0;0;0;0;0.0;0.0;0.0
1.03;0;0;0;0;0.0;0.0;0.0
1.04;0;0;0;0;0.0;0.0;0.0
1.05;0;0;0;0;0.0;0.0;0.0
1.06;0;0;0;0;0.0;0.0;0.0
1.07;0;0;0;0;0.0;0.0;0.0
1.08;0;0;0;0;0.0;0.0;0.0
1.09;0;0;0;0;0.0;0.0;0.0
1.1;0;0;0;0;0.0;0.0;0.0
1.11;0;0;0;0;0.0;0.0;0.0
1.12;0;0;0;0;0.0;0.0;0.0
1.13;0;0;0;0;0.0;0.0;0.0
1.14;0;0;0;0;0.0;0.0;0.0
1.15;0;0;0;0;0.0;0.0;0.0
1.16;0;0;0;0;0.0;0.0;0.0
1.17;0;0;0;0;0.0;0.0;0.0
1.18;0;0;0;0;0.0;0.0;0.0
1.19;0;0;0;0;0.0;0.0;0.0
1.2;0;0;0;0;0.0;0.0;0.0
1.21;0;0;0;0;0.0;0.0;0.0
1.22;0;0;0;0;0.0;0.0;0.0
1.23;0;0;0;0;0.0;0.0;0.0
1.24;0;0;0;0;0.0;0.0;0.0
1.25;0;0;0;0;0.0;0.0;0.0
1.26;0;0;0;0;0.0;0.0;0.0
1.27;0;0;0;0;0.0;0.0;0.0
1.28;0;0;0;3;0.3058103975535168;-13.5;-13.5
1.29;0;0;0;7;0.7135575942915392;-13.5;-13.5
1.3;0;0;0;14;1.4271151885830784;-13.5;-13.5
1.31;0;0;0;22;2.2426095820591234;-13.5;-13.5
1.32;0;0;0;27;2.7522935779816513;-13.5;-13.5
1.33;0;0;0;28;2.854230377166157;-13.5;-13.5
1.34;0;0;0;25;2.54841997961264;-13.5;-13.5
1.35;0;0;0;25;2.54841997961264;-13.5;-13.5
1.36;0;0;0;22;2.2426095820591234;-13.5;-13.5
1.37;0;0;0;21;2.1406727828746175;-13.5;-13.5
1.38;0;0;0;20;2.038735983690112;-13.5;-13.5
1.39;0;0;0;19;1.9367991845056065;-13.5;-13.5
1.4;0;0;0;21;2.1406727828746175;-13.5;-13.5
1.41;0;0;0;23;2.344546381243629;-13.5;-13.5
1.42;0;0;0;27;2.7522935779816513;-13.5;-13.5
1.43;0;0;0;32;3.261977573904179;-13.5;-13.5
1.44;0;0;0;38;3.873598369011213;-13.5;-13.5
1.45;0;0;0;44;4.485219164118247;-13.5;-13.5
1.46;0;0;0;51;5.198776758409785;-13.5;-13.5
1.47;0;0;0;58;5.912334352701325;-13.5;-13.5
1.48;0;0;0;65;6.625891946992864;-13.5;-13.5
1.49;0;0;0;73;7.441386340468909;-13.5;-13.5
1.5;0;0;0;80;8.154943934760448;-13.5;-13.5
1.51;0;0;0;89;9.072375127421;-13.5;-13.5
1.52;0;0;0;100;10.19367991845056;-13.5;-13.5
1.53;0;1;0;113;11.620795107033638;-13.263158;-13.263158
1.54;0;3;0;127;13.251783893985728;-12.876923;-12.876923
1.55;0;5;0;142;14.984709480122323;-12.581633;-12.581633
1.56;0;6;0;155;16.411824668705403;-12.493789;-12.493789
1.57;0;8;0;168;17.940876656472987;-12.272727;-12.272727
1.58;0;9;0;180;19.266055045871557;-12.214286;-12.214286
1.59;0;10;0;191;20.489296636085626;-12.156716;-12.156716
1.6;0;11;0;200;21.50866462793068;-12.092417;-12.092417
1.61;0;12;0;208;22.426095820591232;-12.027273;-12.027273
1.62;0;13;0;215;23.241590214067276;-11.960526;-11.960526
1.63;0;13;0;220;23.751274209989806;-11.993563;-11.993563
1.64;0;14;0;225;24.36289500509684;-11.91841;-11.91841
1.65;0;14;0;230;24.872579001019368;-11.95082;-11.95082
1.66;0;15;0;233;25.28032619775739;-11.866936;-11.866936
1.67;0;15;0;236;25.586136595310904;-11.886455;-11.886455
1.68;0;15;0;237;25.68807339449541;-11.892858;-11.892858
1.69;0;16;0;237;25.79001019367992;-11.79249;-11.79249
1.7;0;17;0;235;25.68807339449541;-11.678572;-11.678572
1.71;0;18;0;232;25.4841997961264;-11.556;-11.556
1.72;0;19;0;229;25.28032619775739;-11.431452;-11.431452
1.73;0;20;0;225;24.97451580020387;-11.295918;-11.295918
1.74;0;21;0;222;24.77064220183486;-11.166667;-11.166667
1.75;0;22;0;218;24.464831804281346;-11.025;-11.025
1.76;0;23;0;215;24.260958205912335;-10.890757;-10.890757
1.77;0;24;0;212;24.05708460754332;-10.754237;-10.754237
1.78;0;25;0;209;23.85321100917431;-10.615385;-10.615385
1.79;0;25;0;207;23.6493374108053;-10.590517;-10.590517
1.8;0;26;0;205;23.547400611620795;-10.461039;-10.461039
1.81;0;27;0;205;23.6493374108053;-10.3577585;-10.3577585
1.82;0;28;0;206;23.85321100917431;-10.269231;-10.269231
1.83;0;29;0;208;24.159021406727827;-10.196202;-10.196202
1.84;0;30;0;211;24.56676860346585;-10.139004;-10.139004
1.85;0;31;0;214;24.97451580020387;-10.0836735;-10.0836735
1.86;0;32;0;215;25.178389398572882;-10.002025;-10.002025
1.87;0;34;0;216;25.4841997961264;-9.828;-9.828
1.88;0;36;0;216;25.68807339449541;-9.642858;-9.642858
1.89;0;38;0;215;25.79001019367992;-9.444664;-9.444664
1.9;0;41;0;215;26.095820591233434;-9.175781;-9.175781
1.91;0;43;0;213;26.095820591233434;-8.964844;-8.964844
1.92;0;44;0;211;25.99388379204893;-8.841176;-8.841176
1.93;0;45;0;209;25.891946992864423;-8.716536;-8.716536
1.94;0;46;0;207;25.79001019367992;-8.590909;-8.590909
1.95;0;46;0;205;25.586136595310904;-8.551793;-8.551793
1.96;0;46;0;203;25.382262996941893;-8.512048;-8.512048
1.97;0;46;0;200;25.07645259938838;-8.45122;-8.45122
1.98;0;47;0;199;25.07645259938838;-8.341463;-8.341463
1.99;0;47;0;198;24.97451580020387;-8.320408;-8.320408
2.0;0;47;0;198;24.97451580020387;-8.320408;-8.320408
2.01;0;47;0;197;24.872579001019368;-8.29918;-8.29918
2.02;0;47;0;197;24.872579001019368;-8.29918;-8.29918
2.03;0;47;0;197;24.872579001019368;-8.29918;-8.29918
2.04;0;47;0;196;24.77064220183486;-8.277778;-8.277778
2.05;0;47;0;195;24.668705402650357;-8.256198;-8.256198
2.06;0;47;0;195;24.668705402650357;-8.256198;-8.256198
2.07;0;47;0;195;24.668705402650357;-8.256198;-8.256198
2.08;0;47;0;195;24.668705402650357;-8.256198;-8.256198
2.09;0;47;0;196;24.77064220183486;-8.277778;-8.277778
2.1;0;47;0;197;24.872579001019368;-8.29918;-8.29918
2.11;0;46;0;198;24.872579001019368;-8.409836;-8.409836
2.12;0;46;0;199;24.97451580020387;-8.430613;-8.430613
2.13;0;46;0;201;25.178389398572882;-8.47166;-8.47166
2.14;0;45;0;203;25.28032619775739;-8.600806;-8.600806
2.15;0;44;0;205;25.382262996941893;-8.728915;-8.728915
2.16;0;43;0;209;25.68807339449541;-8.892858;-8.892858
2.17;0;41;0;212;25.79001019367992;-9.124506;-9.124506
2.18;0;39;0;215;25.891946992864423;-9.354331;-9.354331
2.19;0;37;0;218;25.99388379204893;-9.582353;-9.582353
2.2;0;35;0;221;26.095820591233434;-9.808594;-9.808594
2.21;0;34;0;224;26.299694189602445;-9.94186;-9.94186
2.22;0;32;0;227;26.401630988786952;-10.164093;-10.164093
2.23;0;31;0;230;26.605504587155963;-10.293103;-10.293103
2.24;0;30;0;232;26.707441386340466;-10.408397;-10.408397
2.25;0;28;0;234;26.707441386340466;-10.614504;-10.614504
2.26;0;27;0;236;26.809378185524974;-10.728137;-10.728137
2.27;0;26;0;237;26.809378185524974;-10.830798;-10.830798
2.28;0;25;0;238;26.809378185524974;-10.93346;-10.93346
2.29;0;24;0;240;26.911314984709477;-11.045455;-11.045455
2.3;0;23;0;241;26.911314984709477;-11.147727;-11.147727
2.31;0;23;0;242;27.013251783893985;-11.156604;-11.156604
2.32;0;23;0;243;27.11518858307849;-11.165414;-11.165414
2.33;0;22;0;243;27.013251783893985;-11.258491;-11.258491
2.34;0;22;0;242;26.911314984709477;-11.25;-11.25
2.35;0;22;0;242;26.911314984709477;-11.25;-11.25
2.36;0;22;0;242;26.911314984709477;-11.25;-11.25
2.37;0;22;0;243;27.013251783893985;-11.258491;-11.258491
2.38;0;22;0;243;27.013251783893985;-11.258491;-11.258491
2.39;0;22;0;243;27.013251783893985;-11.258491;-11.258491
2.4;0;22;0;244;27.11518858307849;-11.266917;-11.266917
2.41;0;21;0;245;27.11518858307849;-11.368421;-11.368421
2.42;0;21;0;245;27.11518858307849;-11.368421;-11.368421
2.43;0;21;0;246;27.217125382262996;-11.376405;-11.376405
2.44;0;21;0;246;27.217125382262996;-11.376405;-11.376405
2.45;0;21;0;246;27.217125382262996;-11.376405;-11.376405
2.46;0;22;0;247;27.420998980632007;-11.2918215;-11.2918215
2.47;0;22;0;247;27.420998980632007;-11.2918215;-11.2918215
2.48;0;22;0;246;27.3190621814475;-11.283582;-11.283582
2.49;0;21;0;246;27.217125382262996;-11.376405;-11.376405
2.5;0;22;0;245;27.217125382262996;-11.275281;-11.275281
2.51;0;22;0;245;27.217125382262996;-11.275281;-11.275281
2.52;0;22;0;246;27.3190621814475;-11.283582;-11.283582
2.53;0;22;0;246;27.3190621814475;-11.283582;-11.283582
2.54;0;22;0;246;27.3190621814475;-11.283582;-11.283582
2.55;0;21;0;247;27.3190621814475;-11.384328;-11.384328
2.56;0;21;0;247;27.3190621814475;-11.384328;-11.384328
2.57;0;21;0;247;27.3190621814475;-11.384328;-11.384328
2.58;0;21;0;247;27.3190621814475;-11.384328;-11.384328
2.59;0;21;0;247;27.3190621814475;-11.384328;-11.384328
2.6;0;21;0;247;27.3190621814475;-11.384328;-11.384328
2.61;0;21;0;246;27.217125382262996;-11.376405;-11.376405
2.62;0;21;0;245;27.11518858307849;-11.368421;-11.368421
2.63;0;21;0;245;27.11518858307849;-11.368421;-11.368421
2.64;0;22;0;244;27.11518858307849;-11.266917;-11.266917
2.65;0;22;0;244;27.11518858307849;-11.266917;-11.266917
2.66;0;22;0;243;27.013251783893985;-11.258491;-11.258491
2.67;0;23;0;243;27.11518858307849;-11.165414;-11.165414
2.68;0;23;0;243;27.11518858307849;-11.165414;-11.165414
2.69;0;23;0;242;27.013251783893985;-11.156604;-11.156604
2.7;0;24;0;242;27.11518858307849;-11.06391;-11.06391
2.71;0;24;0;241;27.013251783893985;-11.054717;-11.054717
2.72;0;24;0;241;27.013251783893985;-11.054717;-11.054717
2.73;0;25;0;240;27.013251783893985;-10.95283;-10.95283
2.74;0;25;0;239;26.911314984709477;-10.943182;-10.943182
2.75;0;26;0;238;26.911314984709477;-10.840909;-10.840909
2.76;0;26;0;237;26.809378185524974;-10.830798;-10.830798
2.77;0;27;0;236;26.809378185524974;-10.728137;-10.728137
2.78;0;27;0;234;26.605504587155963;-10.706897;-10.706897
2.79;0;28;0;232;26.503567787971456;-10.592308;-10.592308
2.8;0;29;0;231;26.503567787971456;-10.4884615;-10.4884615
2.81;0;29;0;229;26.299694189602445;-10.4651165;-10.4651165
2.82;0;30;0;228;26.299694189602445;-10.360465;-10.360465
2.83;0;31;0;227;26.299694189602445;-10.255814;-10.255814
2.84;0;31;0;226;26.19775739041794;-10.243191;-10.243191
2.85;0;32;0;225;26.19775739041794;-10.138132;-10.138132
2.86;0;33;0;224;26.19775739041794;-10.033074;-10.033074
2.87;0;34;0;223;26.19775739041794;-9.928016;-9.928016
2.88;0;34;0;223;26.19775739041794;-9.928016;-9.928016
2.89;0;35;0;222;26.19775739041794;-9.822957;-9.822957
2.9;0;35;0;221;26.095820591233434;-9.808594;-9.808594
2.91;0;36;0;220;26.095820591233434;-9.703125;-9.703125
2.92;0;36;0;218;25.891946992864423;-9.673228;-9.673228
2.93;0;37;0;217;25.891946992864423;-9.566929;-9.566929
2.94;0;37;0;215;25.68807339449541;-9.535714;-9.535714
2.95;0;38;0;214;25.68807339449541;-9.428572;-9.428572
2.96;0;38;0;213;25.586136595310904;-9.412351;-9.412351
2.97;0;39;0;212;25.586136595310904;-9.304781;-9.304781
2.98;0;40;0;211;25.586136595310904;-9.197211;-9.197211
2.99;0;40;0;210;25.4841997961264;-9.18;-9.18
3.0;0;41;0;209;25.4841997961264;-9.072;-9.072
3.01;0;41;0;209;25.4841997961264;-9.072;-9.072
3.02;0;42;0;208;25.4841997961264;-8.964;-8.964
3.03;0;42;0;208;25.4841997961264;-8.964;-8.964
3.04;0;43;0;207;25.4841997961264;-8.856;-8.856
3.05;0;43;0;207;25.4841997961264;-8.856;-8.856
3.06;0;44;0;207;25.586136595310904;-8.7669325;-8.7669325
3.07;0;44;0;206;25.4841997961264;-8.748;-8.748
3.08;0;44;0;206;25.4841997961264;-8.748;-8.748
3.09;0;44;0;205;25.382262996941893;-8.728915;-8.728915
3.1;0;45;0;204;25.382262996941893;-8.6204815;-8.6204815
3.11;0;45;0;204;25.382262996941893;-8.6204815;-8.6204815
3.12;0;45;0;203;25.28032619775739;-8.600806;-8.600806
3.13;0;46;0;203;25.382262996941893;-8.512048;-8.512048
3.14;0;46;0;203;25.382262996941893;-8.512048;-8.512048
3.15;0;46;0;202;25.28032619775739;-8.491936;-8.491936
3.16;0;46;0;202;25.28032619775739;-8.491936;-8.491936
3.17;0;46;0;202;25.28032619775739;-8.491936;-8.491936
3.18;0;46;0;202;25.28032619775739;-8.491936;-8.491936
3.19;0;46;0;201;25.178389398572882;-8.47166;-8.47166
3.2;0;46;0;201;25.178389398572882;-8.47166;-8.47166
3.21;0;46;0;201;25.178389398572882;-8.47166;-8.47166
3.22;0;46;0;201;25.178389398572882;-8.47166;-8.47166
3.23;0;46;0;201;25.178389398572882;-8.47166;-8.47166
3.24;0;46;0;201;25.178389398572882;-8.47166;-8.47166
3.25;0;45;0;201;25.07645259938838;-8.560976;-8.560976
3.26;0;45;0;202;25.178389398572882;-8.580972;-8.580972
3.27;0;45;0;202;25.178389398572882;-8.580972;-8.580972
3.28;0;45;0;203;25.28032619775739;-8.600806;-8.600806
3.29;0;45;0;204;25.382262996941893;-8.6204815;-8.6204815
3.3;0;45;0;204;25.382262996941893;-8.6204815;-8.6204815
3.31;0;44;0;205;25.382262996941893;-8.728915;-8.728915
3.32;0;44;0;206;25.4841997961264;-8.748;-8.748
3.33;0;43;0;207;25.4841997961264;-8.856;-8.856
3.34;0;43;0;209;25.68807339449541;-8.892858;-8.892858
3.35;0;42;0;210;25.68807339449541;-9.0;-9.0
3.36;0;42;0;211;25.79001019367992;-9.017787;-9.017787
3.37;0;41;0;212;25.79001019367992;-9.124506;-9.124506
3.38;0;41;0;212;25.79001019367992;-9.124506;-9.124506
3.39;0;41;0;212;25.79001019367992;-9.124506;-9.124506
3.4;0;40;0;212;25.68807339449541;-9.214286;-9.214286
3.41;0;40;0;211;25.586136595310904;-9.197211;-9.197211
3.42;0;40;0;211;25.586136595310904;-9.197211;-9.197211
3.43;0;40;0;211;25.586136595310904;-9.197211;-9.197211
3.44;0;40;0;211;25.586136595310904;-9.197211;-9.197211
3.45;0;41;0;211;25.68807339449541;-9.107142;-9.107142
3.46;0;41;0;211;25.68807339449541;-9.107142;-9.107142
3.47;0;41;0;210;25.586136595310904;-9.089642;-9.089642
3.48;0;41;0;210;25.586136595310904;-9.089642;-9.089642
3.49;0;41;0;210;25.586136595310904;-9.089642;-9.089642
3.5;0;41;0;210;25.586136595310904;-9.089642;-9.089642
3.51;0;41;0;210;25.586136595310904;-9.089642;-9.089642
3.52;0;41;0;210;25.586136595310904;-9.089642;-9.089642
3.53;0;41;0;210;25.586136595310904;-9.089642;-9.089642
3.54;0;41;0;209;25.4841997961264;-9.072;-9.072
3.55;0;41;0;209;25.4841997961264;-9.072;-9.072
3.56;0;41;0;209;25.4841997961264;-9.072;-9.072
3.57;0;40;0;210;25.4841997961264;-9.18;-9.18
3.58;0;40;0;210;25.4841997961264;-9.18;-9.18
3.59;0;40;0;210;25.4841997961264;-9.18;-9.18
3.6;0;40;0;210;25.4841997961264;-9.18;-9.18
3.61;0;40;0;211;25.586136595310904;-9.197211;-9.197211
3.62;0;40;0;211;25.586136595310904;-9.197211;-9.197211
3.63;0;40;0;212;25.68807339449541;-9.214286;-9.214286
3.64;0;40;0;212;25.68807339449541;-9.214286;-9.214286
3.65;0;40;0;213;25.79001019367992;-9.231225;-9.231225
3.66;0;40;0;213;25.79001019367992;-9.231225;-9.231225
3.67;0;40;0;213;25.79001019367992;-9.231225;-9.231225
3.68;0;40;0;214;25.891946992864423;-9.248032;-9.248032
3.69;0;40;0;214;25.891946992864423;-9.248032;-9.248032
3.7;0;40;0;214;25.891946992864423;-9.248032;-9.248032
3.71;0;40;0;214;25.891946992864423;-9.248032;-9.248032
3.72;0;40;0;214;25.891946992864423;-9.248032;-9.248032
3.73;0;40;0;214;25.891946992864423;-9.248032;-9.248032
3.74;0;40;0;213;25.79001019367992;-9.231225;-9.231225
3.75;0;40;0;213;25.79001019367992;-9.231225;-9.231225
3.76;0;40;0;213;25.79001019367992;-9.231225;-9.231225
3.77;0;40;0;213;25.79001019367992;-9.231225;-9.231225
3.78;0;39;0;213;25.68807339449541;-9.321428;-9.321428
3.79;0;39;0;213;25.68807339449541;-9.321428;-9.321428
3.8;0;39;0;213;25.68807339449541;-9.321428;-9.321428
3.81;0;39;0;212;25.586136595310904;-9.304781;-9.304781
3.82;0;39;0;212;25.586136595310904;-9.304781;-9.304781
3.83;0;39;0;213;25.68807339449541;-9.321428;-9.321428
3.84;0;39;0;213;25.68807339449541;-9.321428;-9.321428
3.85;0;38;0;213;25.586136595310904;-9.412351;-9.412351
3.86;0;38;0;213;25.586136595310904;-9.412351;-9.412351
3.87;0;38;0;213;25.586136595310904;-9.412351;-9.412351
3.88;0;38;0;213;25.586136595310904;-9.412351;-9.412351
3.89;0;38;0;213;25.586136595310904;-9.412351;-9.412351
3.9;0;38;0;213;25.586136595310904;-9.412351;-9.412351
3.91;0;37;0;212;25.382262996941893;-9.487952;-9.487952
3.92;0;37;0;212;25.382262996941893;-9.487952;-9.487952
3.93;0;37;0;213;25.4841997961264;-9.504;-9.504
3.94;0;38;0;213;25.586136595310904;-9.412351;-9.412351
3.95;0;38;0;214;25.68807339449541;-9.428572;-9.428572
3.96;0;38;0;215;25.79001019367992;-9.444664;-9.444664
3.97;0;38;0;215;25.79001019367992;-9.444664;-9.444664
3.98;0;38;0;215;25.79001019367992;-9.444664;-9.444664
3.99;0;38;0;216;25.891946992864423;-9.460629;-9.460629
4.0;0;38;0;216;25.891946992864423;-9.460629;-9.460629
4.01;0;38;0;215;25.79001019367992;-9.444664;-9.444664
4.02;0;38;0;215;25.79001019367992;-9.444664;-9.444664
4.03;0;38;0;215;25.79001019367992;-9.444664;-9.444664
4.04;0;38;0;214;25.68807339449541;-9.428572;-9.428572
4.05;0;38;0;214;25.68807339449541;-9.428572;-9.428572
4.06;0;38;0;213;25.586136595310904;-9.412351;-9.412351
4.07;0;38;0;213;25.586136595310904;-9.412351;-9.412351
4.08;0;38;0;213;25.586136595310904;-9.412351;-9.412351
4.09;0;38;0;212;25.4841997961264;-9.396;-9.396
4.1;0;38;0;212;25.4841997961264;-9.396;-9.396
4.11;0;38;0;212;25.4841997961264;-9.396;-9.396
4.12;0;38;0;212;25.4841997961264;-9.396;-9.396
4.13;0;38;0;212;25.4841997961264;-9.396;-9.396
4.14;0;38;0;213;25.586136595310904;-9.412351;-9.412351
4.15;0;38;0;213;25.586136595310904;-9.412351;-9.412351
4.16;0;38;0;213;25.586136595310904;-9.412351;-9.412351
4.17;0;37;0;214;25.586136595310904;-9.51992;-9.51992
4.18;0;37;0;215;25.68807339449541;-9.535714;-9.535714
4.19;0;37;0;215;25.68807339449541;-9.535714;-9.535714
4.2;0;37;0;216;25.79001019367992;-9.551383;-9.551383
4.21;0;37;0;217;25.891946992864423;-9.566929;-9.566929
4.22;0;37;0;217;25.891946992864423;-9.566929;-9.566929
4.23;0;37;0;218;25.99388379204893;-9.582353;-9.582353
4.24;0;37;0;219;26.095820591233434;-9.597656;-9.597656
4.25;0;36;0;220;26.095820591233434;-9.703125;-9.703125
4.26;0;36;0;221;26.19775739041794;-9.717898;-9.717898
4.27;0;36;0;221;26.19775739041794;-9.717898;-9.717898
4.28;0;35;0;222;26.19775739041794;-9.822957;-9.822957
4.29;0;35;0;222;26.19775739041794;-9.822957;-9.822957
4.3;0;35;0;222;26.19775739041794;-9.822957;-9.822957
4.31;0;35;0;222;26.19775739041794;-9.822957;-9.822957
4.32;0;35;0;222;26.19775739041794;-9.822957;-9.822957
4.33;0;34;0;222;26.095820591233434;-9.9140625;-9.9140625
4.34;0;34;0;221;25.99388379204893;-9.9;-9.9
4.35;0;34;0;221;25.99388379204893;-9.9;-9.9
4.36;0;34;0;221;25.99388379204893;-9.9;-9.9
4.37;0;34;0;220;25.891946992864423;-9.885827;-9.885827
4.38;0;34;0;220;25.891946992864423;-9.885827;-9.885827
4.39;0;34;0;220;25.891946992864423;-9.885827;-9.885827
4.4;0;34;0;219;25.79001019367992;-9.871542;-9.871542
4.41;0;35;0;219;25.891946992864423;-9.779528;-9.779528
4.42;0;35;0;218;25.79001019367992;-9.764822;-9.764822
4.43;0;35;0;218;25.79001019367992;-9.764822;-9.764822
4.44;0;36;0;217;25.79001019367992;-9.658103;-9.658103
4.45;0;36;0;217;25.79001019367992;-9.658103;-9.658103
4.46;0;36;0;216;25.68807339449541;-9.642858;-9.642858
4.47;0;37;0;215;25.68807339449541;-9.535714;-9.535714
4.48;0;37;0;214;25.586136595310904;-9.51992;-9.51992
4.49;0;38;0;213;25.586136595310904;-9.412351;-9.412351
4.5;0;38;0;214;25.68807339449541;-9.428572;-9.428572
4.51;0;39;0;214;25.79001019367992;-9.337945;-9.337945
4.52;0;39;0;214;25.79001019367992;-9.337945;-9.337945
4.53;0;40;0;215;25.99388379204893;-9.264706;-9.264706
4.54;0;40;0;215;25.99388379204893;-9.264706;-9.264706
4.55;0;40;0;214;25.891946992864423;-9.248032;-9.248032
4.56;0;41;0;214;25.99388379204893;-9.158824;-9.158824
4.57;0;41;0;214;25.99388379204893;-9.158824;-9.158824
4.58;0;41;0;213;25.891946992864423;-9.141732;-9.141732
4.59;0;41;0;213;25.891946992864423;-9.141732;-9.141732
4.6;0;41;0;212;25.79001019367992;-9.124506;-9.124506
4.61;0;41;0;212;25.79001019367992;-9.124506;-9.124506
4.62;0;41;0;211;25.68807339449541;-9.107142;-9.107142
4.63;0;41;0;211;25.68807339449541;-9.107142;-9.107142
4.64;0;42;0;210;25.68807339449541;-9.0;-9.0
4.65;0;42;0;210;25.68807339449541;-9.0;-9.0
4.66;0;42;0;209;25.586136595310904;-8.982072;-8.982072
4.67;0;42;0;209;25.586136595310904;-8.982072;-8.982072
4.68;0;42;0;209;25.586136595310904;-8.982072;-8.982072
4.69;0;42;0;208;25.4841997961264;-8.964;-8.964
4.7;0;42;0;208;25.4841997961264;-8.964;-8.964
4.71;0;42;0;208;25.4841997961264;-8.964;-8.964
4.72;0;42;0;208;25.4841997961264;-8.964;-8.964
4.73;0;42;0;208;25.4841997961264;-8.964;-8.964
4.74;0;42;0;208;25.4841997961264;-8.964;-8.964
4.75;0;42;0;208;25.4841997961264;-8.964;-8.964
4.76;0;42;0;208;25.4841997961264;-8.964;-8.964
4.77;0;42;0;208;25.4841997961264;-8.964;-8.964
4.78;0;42;0;208;25.4841997961264;-8.964;-8.964
4.79;0;42;0;208;25.4841997961264;-8.964;-8.964
4.8;0;42;0;208;25.4841997961264;-8.964;-8.964
4.81;0;42;0;207;25.382262996941893;-8.945783;-8.945783
4.82;0;42;0;207;25.382262996941893;-8.945783;-8.945783
4.83;0;42;0;207;25.382262996941893;-8.945783;-8.945783
4.84;0;43;0;206;25.382262996941893;-8.837349;-8.837349
4.85;0;43;0;206;25.382262996941893;-8.837349;-8.837349
4.86;0;43;0;206;25.382262996941893;-8.837349;-8.837349
4.87;0;43;0;206;25.382262996941893;-8.837349;-8.837349
4.88;0;43;0;206;25.382262996941893;-8.837349;-8.837349
4.89;0;43;0;206;25.382262996941893;-8.837349;-8.837349
4.9;0;44;0;205;25.382262996941893;-8.728915;-8.728915
4.91;0;44;0;205;25.382262996941893;-8.728915;-8.728915
4.92;0;44;0;205;25.382262996941893;-8.728915;-8.728915
4.93;0;44;0;205;25.382262996941893;-8.728915;-8.728915
4.94;0;44;0;205;25.382262996941893;-8.728915;-8.728915
4.95;0;44;0;205;25.382262996941893;-8.728915;-8.728915
4.96;0;44;0;205;25.382262996941893;-8.728915;-8.728915
4.97;0;44;0;205;25.382262996941893;-8.728915;-8.728915
4.98;0;44;0;205;25.382262996941893;-8.728915;-8.728915
4.99;0;44;0;205;25.382262996941893;-8.728915;-8.728915
5.0;0;44;0;205;25.382262996941893;-8.728915;-8.728915
5.01;0;44;0;205;25.382262996941893;-8.728915;-8.728915
5.02;0;44;0;204;25.28032619775739;-8.709678;-8.709678
5.03;0;44;0;204;25.28032619775739;-8.709678;-8.709678
5.04;0;43;0;204;25.178389398572882;-8.799595;-8.799595
5.05;0;43;0;204;25.178389398572882;-8.799595;-8.799595
5.06;0;43;0;204;25.178389398572882;-8.799595;-8.799595
5.07;0;43;0;204;25.178389398572882;-8.799595;-8.799595
5.08;0;43;0;204;25.178389398572882;-8.799595;-8.799595
5.09;0;43;0;204;25.178389398572882;-8.799595;-8.799595
5.1;0;43;0;204;25.178389398572882;-8.799595;-8.799595
5.11;0;44;0;204;25.28032619775739;-8.709678;-8.709678
5.12;0;44;0;204;25.28032619775739;-8.709678;-8.709678
5.13;0;44;0;205;25.382262996941893;-8.728915;-8.728915
5.14;0;44;0;205;25.382262996941893;-8.728915;-8.728915
5.15;0;44;0;205;25.382262996941893;-8.728915;-8.728915
5.16;0;44;0;206;25.4841997961264;-8.748;-8.748
5.17;0;44;0;206;25.4841997961264;-8.748;-8.748
5.18;0;43;0;207;25.4841997961264;-8.856;-8.856
5.19;0;43;0;207;25.4841997961264;-8.856;-8.856
5.2;0;43;0;208;25.586136595310904;-8.874502;-8.874502
5.21;0;43;0;208;25.586136595310904;-8.874502;-8.874502
5.22;0;43;0;208;25.586136595310904;-8.874502;-8.874502
5.23;0;43;0;209;25.68807339449541;-8.892858;-8.892858
5.24;0;43;0;209;25.68807339449541;-8.892858;-8.892858
5.25;0;42;0;209;25.586136595310904;-8.982072;-8.982072
5.26;0;42;0;209;25.586136595310904;-8.982072;-8.982072
5.27;0;42;0;209;25.586136595310904;-8.982072;-8.982072
5.28;0;42;0;209;25.586136595310904;-8.982072;-8.982072
5.29;0;42;0;209;25.586136595310904;-8.982072;-8.982072
5.3;0;42;0;210;25.68807339449541;-9.0;-9.0
5.31;0;41;0;210;25.586136595310904;-9.089642;-9.089642
5.32;0;41;0;210;25.586136595310904;-9.089642;-9.089642
5.33;0;41;0;210;25.586136595310904;-9.089642;-9.089642
5.34;0;41;0;210;25.586136595310904;-9.089642;-9.089642
5.35;0;41;0;210;25.586136595310904;-9.089642;-9.089642
5.36;0;41;0;210;25.586136595310904;-9.089642;-9.089642
5.37;0;41;0;210;25.586136595310904;-9.089642;-9.089642
5.38;0;41;0;210;25.586136595310904;-9.089642;-9.089642
5.39;0;41;0;211;25.68807339449541;-9.107142;-9.107142
5.4;0;41;0;211;25.68807339449541;-9.107142;-9.107142
5.41;0;40;0;211;25.586136595310904;-9.197211;-9.197211
5.42;0;40;0;211;25.586136595310904;-9.197211;-9.197211
5.43;0;40;0;211;25.586136595310904;-9.197211;-9.197211
5.44;0;40;0;212;25.68807339449541;-9.214286;-9.214286
5.45;0;40;0;212;25.68807339449541;-9.214286;-9.214286
5.46;0;40;0;212;25.68807339449541;-9.214286;-9.214286
5.47;0;40;0;212;25.68807339449541;-9.214286;-9.214286
5.48;0;40;0;212;25.68807339449541;-9.214286;-9.214286
5.49;0;40;0;213;25.79001019367992;-9.231225;-9.231225
5.5;0;40;0;213;25.79001019367992;-9.231225;-9.231225
5.51;0;40;0;213;25.79001019367992;-9.231225;-9.231225
5.52;0;40;0;213;25.79001019367992;-9.231225;-9.231225
5.53;0;40;0;214;25.891946992864423;-9.248032;-9.248032
5.54;0;40;0;214;25.891946992864423;-9.248032;-9.248032
5.55;0;40;0;215;25.99388379204893;-9.264706;-9.264706
5.56;0;40;0;215;25.99388379204893;-9.264706;-9.264706
5.57;0;40;0;215;25.99388379204893;-9.264706;-9.264706
5.58;0;39;0;215;25.891946992864423;-9.354331;-9.354331
5.59;0;39;0;215;25.891946992864423;-9.354331;-9.354331
5.6;0;39;0;215;25.891946992864423;-9.354331;-9.354331
5.61;0;39;0;215;25.891946992864423;-9.354331;-9.354331
5.62;0;39;0;215;25.891946992864423;-9.354331;-9.354331
5.63;0;39;0;215;25.891946992864423;-9.354331;-9.354331
5.64;0;39;0;214;25.79001019367992;-9.337945;-9.337945
5.65;0;39;0;214;25.79001019367992;-9.337945;-9.337945
5.66;0;38;0;214;25.68807339449541;-9.428572;-9.428572
5.67;0;38;0;214;25.68807339449541;-9.428572;-9.428572
5.68;0;38;0;213;25.586136595310904;-9.412351;-9.412351
5.69;0;38;0;213;25.586136595310904;-9.412351;-9.412351
5.7;0;38;0;213;25.586136595310904;-9.412351;-9.412351
5.71;0;38;0;213;25.586136595310904;-9.412351;-9.412351
5.72;0;38;0;213;25.586136595310904;-9.412351;-9.412351
5.73;0;38;0;212;25.4841997961264;-9.396;-9.396
5.74;0;39;0;212;25.586136595310904;-9.304781;-9.304781
5.75;0;39;0;212;25.586136595310904;-9.304781;-9.304781
5.76;0;39;0;212;25.586136595310904;-9.304781;-9.304781
5.77;0;39;0;212;25.586136595310904;-9.304781;-9.304781
5.78;0;39;0;212;25.586136595310904;-9.304781;-9.304781
5.79;0;39;0;212;25.586136595310904;-9.304781;-9.304781
5.8;0;39;0;212;25.586136595310904;-9.304781;-9.304781
5.81;0;39;0;212;25.586136595310904;-9.304781;-9.304781
5.82;0;39;0;213;25.68807339449541;-9.321428;-9.321428
5.83;0;39;0;213;25.68807339449541;-9.321428;-9.321428
5.84;0;39;0;213;25.68807339449541;-9.321428;-9.321428
5.85;0;39;0;213;25.68807339449541;-9.321428;-9.321428
5.86;0;39;0;213;25.68807339449541;-9.321428;-9.321428
5.87;0;39;0;213;25.68807339449541;-9.321428;-9.321428
5.88;0;39;0;214;25.79001019367992;-9.337945;-9.337945
5.89;0;39;0;214;25.79001019367992;-9.337945;-9.337945
5.9;0;39;0;214;25.79001019367992;-9.337945;-9.337945
5.91;0;39;0;214;25.79001019367992;-9.337945;-9.337945
5.92;0;39;0;214;25.79001019367992;-9.337945;-9.337945
5.93;0;39;0;214;25.79001019367992;-9.337945;-9.337945
5.94;0;39;0;215;25.891946992864423;-9.354331;-9.354331
5.95;0;38;0;215;25.79001019367992;-9.444664;-9.444664
5.96;0;38;0;215;25.79001019367992;-9.444664;-9.444664
5.97;0;38;0;215;25.79001019367992;-9.444664;-9.444664
5.98;0;38;0;214;25.68807339449541;-9.428572;-9.428572
5.99;0;37;0;214;25.586136595310904;-9.51992;-9.51992
6.0;0;37;0;214;25.586136595310904;-9.51992;-9.51992
6.01;0;37;0;214;25.586136595310904;-9.51992;-9.51992
6.02;0;37;0;213;25.4841997961264;-9.504;-9.504
6.03;0;37;0;213;25.4841997961264;-9.504;-9.504
6.04;0;37;0;214;25.586136595310904;-9.51992;-9.51992
6.05;0;37;0;214;25.586136595310904;-9.51992;-9.51992
6.06;0;37;0;215;25.68807339449541;-9.535714;-9.535714
6.07;0;37;0;215;25.68807339449541;-9.535714;-9.535714
6.08;0;36;0;216;25.68807339449541;-9.642858;-9.642858
6.09;0;36;0;216;25.68807339449541;-9.642858;-9.642858
6.1;0;36;0;216;25.68807339449541;-9.642858;-9.642858
6.11;0;36;0;217;25.79001019367992;-9.658103;-9.658103
6.12;0;36;0;217;25.79001019367992;-9.658103;-9.658103
6.13;0;36;0;217;25.79001019367992;-9.658103;-9.658103
6.14;0;36;0;217;25.79001019367992;-9.658103;-9.658103
6.15;0;36;0;217;25.79001019367992;-9.658103;-9.658103
6.16;0;36;0;217;25.79001019367992;-9.658103;-9.658103
6.17;0;36;0;217;25.79001019367992;-9.658103;-9.658103
6.18;0;36;0;217;25.79001019367992;-9.658103;-9.658103
6.19;0;36;0;217;25.79001019367992;-9.658103;-9.658103
6.2;0;37;0;217;25.891946992864423;-9.566929;-9.566929
6.21;0;37;0;216;25.79001019367992;-9.551383;-9.551383
6.22;0;37;0;216;25.79001019367992;-9.551383;-9.551383
6.23;0;37;0;215;25.68807339449541;-9.535714;-9.535714
6.24;0;37;0;215;25.68807339449541;-9.535714;-9.535714
6.25;0;37;0;214;25.586136595310904;-9.51992;-9.51992
6.26;0;37;0;213;25.4841997961264;-9.504;-9.504
6.27;0;38;0;213;25.586136595310904;-9.412351;-9.412351
6.28;0;38;0;212;25.4841997961264;-9.396;-9.396
6.29;0;38;0;211;25.382262996941893;-9.3795185;-9.3795185
6.3;0;38;0;210;25.28032619775739;-9.362904;-9.362904
6.31;0;39;0;210;25.382262996941893;-9.271085;-9.271085
6.32;0;39;0;210;25.382262996941893;-9.271085;-9.271085
6.33;0;40;0;211;25.586136595310904;-9.197211;-9.197211
6.34;0;40;0;212;25.68807339449541;-9.214286;-9.214286
6.35;0;41;0;213;25.891946992864423;-9.141732;-9.141732
6.36;0;41;0;214;25.99388379204893;-9.158824;-9.158824
6.37;0;41;0;214;25.99388379204893;-9.158824;-9.158824
6.38;0;41;0;214;25.99388379204893;-9.158824;-9.158824
6.39;0;41;0;214;25.99388379204893;-9.158824;-9.158824
6.4;0;41;0;214;25.99388379204893;-9.158824;-9.158824
6.41;0;40;0;214;25.891946992864423;-9.248032;-9.248032
6.42;0;40;0;214;25.891946992864423;-9.248032;-9.248032
6.43;0;40;0;213;25.79001019367992;-9.231225;-9.231225
6.44;0;40;0;213;25.79001019367992;-9.231225;-9.231225
6.45;0;40;0;213;25.79001019367992;-9.231225;-9.231225
6.46;0;40;0;214;25.891946992864423;-9.248032;-9.248032
6.47;0;40;0;214;25.891946992864423;-9.248032;-9.248032
6.48;0;40;0;214;25.891946992864423;-9.248032;-9.248032
6.49;0;40;0;214;25.891946992864423;-9.248032;-9.248032
6.5;0;39;0;214;25.79001019367992;-9.337945;-9.337945
6.51;0;39;0;214;25.79001019367992;-9.337945;-9.337945
6.52;0;39;0;214;25.79001019367992;-9.337945;-9.337945
6.53;0;39;0;214;25.79001019367992;-9.337945;-9.337945
6.54;0;38;0;214;25.68807339449541;-9.428572;-9.428572
6.55;0;38;0;214;25.68807339449541;-9.428572;-9.428572
6.56;0;38;0;214;25.68807339449541;-9.428572;-9.428572
6.57;0;38;0;215;25.79001019367992;-9.444664;-9.444664
6.58;0;38;0;215;25.79001019367992;-9.444664;-9.444664
6.59;0;38;0;215;25.79001019367992;-9.444664;-9.444664
6.6;0;38;0;215;25.79001019367992;-9.444664;-9.444664
6.61;0;38;0;215;25.79001019367992;-9.444664;-9.444664
6.62;0;38;0;215;25.79001019367992;-9.444664;-9.444664
6.63;0;38;0;215;25.79001019367992;-9.444664;-9.444664
6.64;0;38;0;215;25.79001019367992;-9.444664;-9.444664
6.65;0;37;0;215;25.68807339449541;-9.535714;-9.535714
6.66;0;37;0;215;25.68807339449541;-9.535714;-9.535714
6.67;0;37;0;215;25.68807339449541;-9.535714;-9.535714
6.68;0;37;0;215;25.68807339449541;-9.535714;-9.535714
6.69;0;37;0;215;25.68807339449541;-9.535714;-9.535714
6.7;0;37;0;215;25.68807339449541;-9.535714;-9.535714
6.71;0;37;0;215;25.68807339449541;-9.535714;-9.535714
6.72;0;37;0;215;25.68807339449541;-9.535714;-9.535714
6.73;0;37;0;216;25.79001019367992;-9.551383;-9.551383
6.74;0;37;0;216;25.79001019367992;-9.551383;-9.551383
6.75;0;36;0;217;25.79001019367992;-9.658103;-9.658103
6.76;0;36;0;218;25.891946992864423;-9.673228;-9.673228
6.77;0;36;0;219;25.99388379204893;-9.688235;-9.688235
6.78;0;36;0;220;26.095820591233434;-9.703125;-9.703125
6.79;0;36;0;222;26.299694189602445;-9.732558;-9.732558
6.8;0;35;0;223;26.299694189602445;-9.83721;-9.83721
6.81;0;35;0;224;26.401630988786952;-9.851352;-9.851352
6.82;0;35;0;224;26.401630988786952;-9.851352;-9.851352
6.83;0;34;0;225;26.401630988786952;-9.955599;-9.955599
6.84;0;34;0;225;26.401630988786952;-9.955599;-9.955599
6.85;0;34;0;225;26.401630988786952;-9.955599;-9.955599
6.86;0;34;0;225;26.401630988786952;-9.955599;-9.955599
6.87;0;33;0;224;26.19775739041794;-10.033074;-10.033074
6.88;0;33;0;224;26.19775739041794;-10.033074;-10.033074
6.89;0;33;0;224;26.19775739041794;-10.033074;-10.033074
6.9;0;33;0;224;26.19775739041794;-10.033074;-10.033074
6.91;0;33;0;224;26.19775739041794;-10.033074;-10.033074
6.92;0;33;0;223;26.095820591233434;-10.019531;-10.019531
6.93;0;33;0;223;26.095820591233434;-10.019531;-10.019531
6.94;0;33;0;223;26.095820591233434;-10.019531;-10.019531
6.95;0;33;0;223;26.095820591233434;-10.019531;-10.019531
6.96;0;33;0;223;26.095820591233434;-10.019531;-10.019531
6.97;0;33;0;223;26.095820591233434;-10.019531;-10.019531
6.98;0;33;0;223;26.095820591233434;-10.019531;-10.019531
6.99;0;33;0;222;25.99388379204893;-10.005882;-10.005882
7.0;0;33;0;222;25.99388379204893;-10.005882;-10.005882
7.01;0;33;0;223;26.095820591233434;-10.019531;-10.019531
7.02;0;33;0;223;26.095820591233434;-10.019531;-10.019531
7.03;0;33;0;224;26.19775739041794;-10.033074;-10.033074
7.04;0;33;0;225;26.299694189602445;-10.046512;-10.046512
7.05;0;33;0;225;26.299694189602445;-10.046512;-10.046512
7.06;0;33;0;225;26.299694189602445;-10.046512;-10.046512
7.07;0;33;0;225;26.299694189602445;-10.046512;-10.046512
7.08;0;33;0;225;26.299694189602445;-10.046512;-10.046512
7.09;0;33;0;225;26.299694189602445;-10.046512;-10.046512
7.1;0;33;0;225;26.299694189602445;-10.046512;-10.046512
7.11;0;33;0;225;26.299694189602445;-10.046512;-10.046512
7.12;0;33;0;225;26.299694189602445;-10.046512;-10.046512
7.13;0;33;0;224;26.19775739041794;-10.033074;-10.033074
7.14;0;33;0;224;26.19775739041794;-10.033074;-10.033074
7.15;0;33;0;223;26.095820591233434;-10.019531;-10.019531
7.16;0;34;0;223;26.19775739041794;-9.928016;-9.928016
7.17;0;34;0;222;26.095820591233434;-9.9140625;-9.9140625
7.18;0;34;0;222;26.095820591233434;-9.9140625;-9.9140625
7.19;0;34;0;221;25.99388379204893;-9.9;-9.9
7.2;0;34;0;221;25.99388379204893;-9.9;-9.9
7.21;0;35;0;220;25.99388379204893;-9.794118;-9.794118
7.22;0;35;0;220;25.99388379204893;-9.794118;-9.794118
7.23;0;35;0;220;25.99388379204893;-9.794118;-9.794118
7.24;0;35;0;219;25.891946992864423;-9.779528;-9.779528
7.25;0;35;0;219;25.891946992864423;-9.779528;-9.779528
7.26;0;36;0;219;25.99388379204893;-9.688235;-9.688235
7.27;0;36;0;218;25.891946992864423;-9.673228;-9.673228
7.28;0;36;0;219;25.99388379204893;-9.688235;-9.688235
7.29;0;36;0;219;25.99388379204893;-9.688235;-9.688235
7.3;0;36;0;219;25.99388379204893;-9.688235;-9.688235
7.31;0;36;0;219;25.99388379204893;-9.688235;-9.688235
7.32;0;35;0;219;25.891946992864423;-9.779528;-9.779528
7.33;0;35;0;220;25.99388379204893;-9.794118;-9.794118
7.34;0;35;0;220;25.99388379204893;-9.794118;-9.794118
7.35;0;35;0;220;25.99388379204893;-9.794118;-9.794118
7.36;0;35;0;220;25.99388379204893;-9.794118;-9.794118
7.37;0;35;0;220;25.99388379204893;-9.794118;-9.794118
7.38;0;35;0;220;25.99388379204893;-9.794118;-9.794118
7.39;0;35;0;220;25.99388379204893;-9.794118;-9.794118
7.4;0;35;0;220;25.99388379204893;-9.794118;-9.794118
7.41;0;35;0;220;25.99388379204893;-9.794118;-9.794118
7.42;0;35;0;220;25.99388379204893;-9.794118;-9.794118
7.43;0;35;0;219;25.891946992864423;-9.779528;-9.779528
7.44;0;35;0;219;25.891946992864423;-9.779528;-9.779528
7.45;0;35;0;219;25.891946992864423;-9.779528;-9.779528
7.46;0;35;0;219;25.891946992864423;-9.779528;-9.779528
7.47;0;35;0;219;25.891946992864423;-9.779528;-9.779528
7.48;0;35;0;219;25.891946992864423;-9.779528;-9.779528
7.49;0;36;0;219;25.99388379204893;-9.688235;-9.688235
7.5;0;36;0;219;25.99388379204893;-9.688235;-9.688235
7.51;0;36;0;219;25.99388379204893;-9.688235;-9.688235
7.52;0;36;0;218;25.891946992864423;-9.673228;-9.673228
7.53;0;36;0;218;25.891946992864423;-9.673228;-9.673228
7.54;0;36;0;218;25.891946992864423;-9.673228;-9.673228
7.55;0;36;0;218;25.891946992864423;-9.673228;-9.673228
7.56;0;36;0;217;25.79001019367992;-9.658103;-9.658103
7.57;0;36;0;217;25.79001019367992;-9.658103;-9.658103
7.58;0;36;0;217;25.79001019367992;-9.658103;-9.658103
7.59;0;36;0;217;25.79001019367992;-9.658103;-9.658103
7.6;0;35;0;217;25.68807339449541;-9.75;-9.75
7.61;0;35;0;217;25.68807339449541;-9.75;-9.75
7.62;0;36;0;217;25.79001019367992;-9.658103;-9.658103
7.63;0;36;0;217;25.79001019367992;-9.658103;-9.658103
7.64;0;36;0;218;25.891946992864423;-9.673228;-9.673228
7.65;0;36;0;218;25.891946992864423;-9.673228;-9.673228
7.66;0;36;0;218;25.891946992864423;-9.673228;-9.673228
7.67;0;36;0;218;25.891946992864423;-9.673228;-9.673228
7.68;0;36;0;218;25.891946992864423;-9.673228;-9.673228
7.69;0;36;0;218;25.891946992864423;-9.673228;-9.673228
7.7;0;35;0;218;25.79001019367992;-9.764822;-9.764822
7.71;0;35;0;219;25.891946992864423;-9.779528;-9.779528
7.72;0;35;0;219;25.891946992864423;-9.779528;-9.779528
7.73;0;35;0;219;25.891946992864423;-9.779528;-9.779528
7.74;0;35;0;219;25.891946992864423;-9.779528;-9.779528
7.75;0;36;0;219;25.99388379204893;-9.688235;-9.688235
7.76;0;36;0;219;25.99388379204893;-9.688235;-9.688235
7.77;0;36;0;219;25.99388379204893;-9.688235;-9.688235
7.78;0;36;0;219;25.99388379204893;-9.688235;-9.688235
7.79;0;36;0;219;25.99388379204893;-9.688235;-9.688235
7.8;0;36;0;218;25.891946992864423;-9.673228;-9.673228
7.81;0;36;0;218;25.891946992864423;-9.673228;-9.673228
7.82;0;36;0;218;25.891946992864423;-9.673228;-9.673228
7.83;0;36;0;217;25.79001019367992;-9.658103;-9.658103
7.84;0;36;0;217;25.79001019367992;-9.658103;-9.658103
7.85;0;36;0;216;25.68807339449541;-9.642858;-9.642858
7.86;0;37;0;216;25.79001019367992;-9.551383;-9.551383
7.87;0;37;0;216;25.79001019367992;-9.551383;-9.551383
7.88;0;37;0;216;25.79001019367992;-9.551383;-9.551383
7.89;0;37;0;216;25.79001019367992;-9.551383;-9.551383
7.9;0;38;0;215;25.79001019367992;-9.444664;-9.444664
7.91;0;38;0;214;25.68807339449541;-9.428572;-9.428572
7.92;0;38;0;213;25.586136595310904;-9.412351;-9.412351
7.93;0;39;0;213;25.68807339449541;-9.321428;-9.321428
7.94;0;39;0;213;25.68807339449541;-9.321428;-9.321428
7.95;0;39;0;212;25.586136595310904;-9.304781;-9.304781
7.96;0;40;0;212;25.68807339449541;-9.214286;-9.214286
7.97;0;40;0;211;25.586136595310904;-9.197211;-9.197211
7.98;0;40;0;211;25.586136595310904;-9.197211;-9.197211
7.99;0;40;0;211;25.586136595310904;-9.197211;-9.197211
8.0;0;41;0;211;25.68807339449541;-9.107142;-9.107142
8.01;0;41;0;211;25.68807339449541;-9.107142;-9.107142
8.02;0;41;0;211;25.68807339449541;-9.107142;-9.107142
8.03;0;41;0;210;25.586136595310904;-9.089642;-9.089642
8.04;0;41;0;210;25.586136595310904;-9.089642;-9.089642
8.05;0;41;0;210;25.586136595310904;-9.089642;-9.089642
8.06;0;41;0;210;25.586136595310904;-9.089642;-9.089642
8.07;0;41;0;210;25.586136595310904;-9.089642;-9.089642
8.08;0;41;0;210;25.586136595310904;-9.089642;-9.089642
8.09;0;41;0;210;25.586136595310904;-9.089642;-9.089642
8.1;0;41;0;210;25.586136595310904;-9.089642;-9.089642
8.11;0;41;0;210;25.586136595310904;-9.089642;-9.089642
8.12;0;41;0;210;25.586136595310904;-9.089642;-9.089642
8.13;0;41;0;210;25.586136595310904;-9.089642;-9.089642
8.14;0;41;0;210;25.586136595310904;-9.089642;-9.089642
8.15;0;41;0;210;25.586136595310904;-9.089642;-9.089642
8.16;0;41;0;211;25.68807339449541;-9.107142;-9.107142
8.17;0;41;0;210;25.586136595310904;-9.089642;-9.089642
8.18;0;41;0;210;25.586136595310904;-9.089642;-9.089642
8.19;0;41;0;210;25.586136595310904;-9.089642;-9.089642
8.2;0;41;0;210;25.586136595310904;-9.089642;-9.089642
8.21;0;41;0;210;25.586136595310904;-9.089642;-9.089642
8.22;0;41;0;210;25.586136595310904;-9.089642;-9.089642
8.23;0;41;0;210;25.586136595310904;-9.089642;-9.089642
8.24;0;41;0;211;25.68807339449541;-9.107142;-9.107142
8.25;0;41;0;211;25.68807339449541;-9.107142;-9.107142
8.26;0;41;0;212;25.79001019367992;-9.124506;-9.124506
8.27;0;41;0;212;25.79001019367992;-9.124506;-9.124506
8.28;0;41;0;212;25.79001019367992;-9.124506;-9.124506
8.29;0;41;0;212;25.79001019367992;-9.124506;-9.124506
8.3;0;41;0;212;25.79001019367992;-9.124506;-9.124506
8.31;0;41;0;212;25.79001019367992;-9.124506;-9.124506
8.32;0;41;0;212;25.79001019367992;-9.124506;-9.124506
8.33;0;41;0;212;25.79001019367992;-9.124506;-9.124506
8.34;0;41;0;212;25.79001019367992;-9.124506;-9.124506
8.35;0;41;0;211;25.68807339449541;-9.107142;-9.107142
8.36;0;41;0;211;25.68807339449541;-9.107142;-9.107142
8.37;0;41;0;210;25.586136595310904;-9.089642;-9.089642
8.38;0;41;0;209;25.4841997961264;-9.072;-9.072
8.39;0;42;0;209;25.586136595310904;-8.982072;-8.982072
8.4;0;42;0;209;25.586136595310904;-8.982072;-8.982072
8.41;0;42;0;209;25.586136595310904;-8.982072;-8.982072
8.42;0;42;0;209;25.586136595310904;-8.982072;-8.982072
8.43;0;42;0;209;25.586136595310904;-8.982072;-8.982072
8.44;0;42;0;210;25.68807339449541;-9.0;-9.0
8.45;0;42;0;210;25.68807339449541;-9.0;-9.0
8.46;0;42;0;211;25.79001019367992;-9.017787;-9.017787
8.47;0;42;0;211;25.79001019367992;-9.017787;-9.017787
8.48;0;42;0;211;25.79001019367992;-9.017787;-9.017787
8.49;0;42;0;211;25.79001019367992;-9.017787;-9.017787
8.5;0;42;0;211;25.79001019367992;-9.017787;-9.017787
8.51;0;42;0;211;25.79001019367992;-9.017787;-9.017787
8.52;0;41;0;212;25.79001019367992;-9.124506;-9.124506
8.53;0;41;0;212;25.79001019367992;-9.124506;-9.124506
8.54;0;41;0;212;25.79001019367992;-9.124506;-9.124506
8.55;0;41;0;212;25.79001019367992;-9.124506;-9.124506
8.56;0;41;0;213;25.891946992864423;-9.141732;-9.141732
8.57;0;41;0;213;25.891946992864423;-9.141732;-9.141732
8.58;0;41;0;213;25.891946992864423;-9.141732;-9.141732
8.59;0;41;0;213;25.891946992864423;-9.141732;-9.141732
8.6;0;41;0;213;25.891946992864423;-9.141732;-9.141732
8.61;0;41;0;213;25.891946992864423;-9.141732;-9.141732
8.62;0;41;0;213;25.891946992864423;-9.141732;-9.141732
8.63;0;41;0;213;25.891946992864423;-9.141732;-9.141732
8.64;0;40;0;213;25.79001019367992;-9.231225;-9.231225
8.65;0;40;0;213;25.79001019367992;-9.231225;-9.231225
8.66;0;40;0;213;25.79001019367992;-9.231225;-9.231225
8.67;0;40;0;213;25.79001019367992;-9.231225;-9.231225
8.68;0;40;0;214;25.891946992864423;-9.248032;-9.248032
8.69;0;40;0;214;25.891946992864423;-9.248032;-9.248032
8.7;0;40;0;214;25.891946992864423;-9.248032;-9.248032
8.71;0;40;0;214;25.891946992864423;-9.248032;-9.248032
8.72;0;39;0;215;25.891946992864423;-9.354331;-9.354331
8.73;0;39;0;215;25.891946992864423;-9.354331;-9.354331
8.74;0;39;0;215;25.891946992864423;-9.354331;-9.354331
8.75;0;39;0;215;25.891946992864423;-9.354331;-9.354331
8.76;0;38;0;216;25.891946992864423;-9.460629;-9.460629
8.77;0;38;0;216;25.891946992864423;-9.460629;-9.460629
8.78;0;38;0;216;25.891946992864423;-9.460629;-9.460629
8.79;0;38;0;216;25.891946992864423;-9.460629;-9.460629
8.8;0;38;0;217;25.99388379204893;-9.476471;-9.476471
8.81;0;38;0;217;25.99388379204893;-9.476471;-9.476471
8.82;0;38;0;217;25.99388379204893;-9.476471;-9.476471
8.83;0;38;0;218;26.095820591233434;-9.4921875;-9.4921875
8.84;0;38;0;218;26.095820591233434;-9.4921875;-9.4921875
8.85;0;38;0;218;26.095820591233434;-9.4921875;-9.4921875
8.86;0;38;0;218;26.095820591233434;-9.4921875;-9.4921875
8.87;0;38;0;219;26.19775739041794;-9.507782;-9.507782
8.88;0;38;0;219;26.19775739041794;-9.507782;-9.507782
8.89;0;38;0;219;26.19775739041794;-9.507782;-9.507782
8.9;0;38;0;219;26.19775739041794;-9.507782;-9.507782
8.91;0;38;0;219;26.19775739041794;-9.507782;-9.507782
8.92;0;38;0;218;26.095820591233434;-9.4921875;-9.4921875
8.93;0;38;0;218;26.095820591233434;-9.4921875;-9.4921875
8.94;0;38;0;218;26.095820591233434;-9.4921875;-9.4921875
8.95;0;38;0;218;26.095820591233434;-9.4921875;-9.4921875
8.96;0;38;0;218;26.095820591233434;-9.4921875;-9.4921875
8.97;0;38;0;218;26.095820591233434;-9.4921875;-9.4921875
8.98;0;38;0;218;26.095820591233434;-9.4921875;-9.4921875
8.99;0;38;0;217;25.99388379204893;-9.476471;-9.476471
9.0;0;38;0;217;25.99388379204893;-9.476471;-9.476471
9.01;0;38;0;217;25.99388379204893;-9.476471;-9.476471
9.02;0;38;0;217;25.99388379204893;-9.476471;-9.476471
9.03;0;38;0;217;25.99388379204893;-9.476471;-9.476471
9.04;0;38;0;217;25.99388379204893;-9.476471;-9.476471
9.05;0;38;0;217;25.99388379204893;-9.476471;-9.476471
9.06;0;38;0;217;25.99388379204893;-9.476471;-9.476471
9.07;0;38;0;217;25.99388379204893;-9.476471;-9.476471
9.08;0;38;0;217;25.99388379204893;-9.476471;-9.476471
9.09;0;38;0;217;25.99388379204893;-9.476471;-9.476471
9.1;0;38;0;217;25.99388379204893;-9.476471;-9.476471
9.11;0;38;0;217;25.99388379204893;-9.476471;-9.476471
9.12;0;38;0;217;25.99388379204893;-9.476471;-9.476471
9.13;0;38;0;217;25.99388379204893;-9.476471;-9.476471
9.14;0;38;0;217;25.99388379204893;-9.476471;-9.476471
9.15;0;38;0;217;25.99388379204893;-9.476471;-9.476471
9.16;0;38;0;217;25.99388379204893;-9.476471;-9.476471
9.17;0;38;0;217;25.99388379204893;-9.476471;-9.476471
9.18;0;38;0;217;25.99388379204893;-9.476471;-9.476471
9.19;0;39;0;216;25.99388379204893;-9.370588;-9.370588
9.2;0;39;0;216;25.99388379204893;-9.370588;-9.370588
9.21;0;39;0;215;25.891946992864423;-9.354331;-9.354331
9.22;0;40;0;214;25.891946992864423;-9.248032;-9.248032
9.23;0;40;0;212;25.68807339449541;-9.214286;-9.214286
9.24;0;41;0;211;25.68807339449541;-9.107142;-9.107142
9.25;0;41;0;210;25.586136595310904;-9.089642;-9.089642
9.26;0;42;0;210;25.68807339449541;-9.0;-9.0
9.27;0;42;0;209;25.586136595310904;-8.982072;-8.982072
9.28;0;43;0;209;25.68807339449541;-8.892858;-8.892858
9.29;0;43;0;209;25.68807339449541;-8.892858;-8.892858
9.3;0;43;0;208;25.586136595310904;-8.874502;-8.874502
9.31;0;44;0;208;25.68807339449541;-8.785714;-8.785714
9.32;0;44;0;208;25.68807339449541;-8.785714;-8.785714
9.33;0;44;0;208;25.68807339449541;-8.785714;-8.785714
9.34;0;44;0;207;25.586136595310904;-8.7669325;-8.7669325
9.35;0;44;0;207;25.586136595310904;-8.7669325;-8.7669325
9.36;0;44;0;207;25.586136595310904;-8.7669325;-8.7669325
9.37;0;44;0;207;25.586136595310904;-8.7669325;-8.7669325
9.38;0;44;0;207;25.586136595310904;-8.7669325;-8.7669325
9.39;0;44;0;207;25.586136595310904;-8.7669325;-8.7669325
9.4;0;44;0;206;25.4841997961264;-8.748;-8.748
9.41;0;44;0;206;25.4841997961264;-8.748;-8.748
9.42;0;44;0;206;25.4841997961264;-8.748;-8.748
9.43;0;44;0;206;25.4841997961264;-8.748;-8.748
9.44;0;44;0;206;25.4841997961264;-8.748;-8.748
9.45;0;44;0;205;25.382262996941893;-8.728915;-8.728915
9.46;0;45;0;204;25.382262996941893;-8.6204815;-8.6204815
9.47;0;45;0;204;25.382262996941893;-8.6204815;-8.6204815
9.48;0;45;0;203;25.28032619775739;-8.600806;-8.600806
9.49;0;46;0;202;25.28032619775739;-8.491936;-8.491936
9.5;0;46;0;201;25.178389398572882;-8.47166;-8.47166
9.51;0;47;0;201;25.28032619775739;-8.383064;-8.383064
9.52;0;47;0;200;25.178389398572882;-8.362349;-8.362349
9.53;0;48;0;199;25.178389398572882;-8.2530365;-8.2530365
9.54;0;48;0;198;25.07645259938838;-8.231708;-8.231708
9.55;0;48;0;198;25.07645259938838;-8.231708;-8.231708
9.56;0;49;0;197;25.07645259938838;-8.121951;-8.121951
9.57;0;49;0;197;25.07645259938838;-8.121951;-8.121951
9.58;0;49;0;196;24.97451580020387;-8.1;-8.1
9.59;0;49;0;196;24.97451580020387;-8.1;-8.1
9.6;0;50;0;196;25.07645259938838;-8.012196;-8.012196
9.61;0;50;0;196;25.07645259938838;-8.012196;-8.012196
9.62;0;50;0;196;25.07645259938838;-8.012196;-8.012196
9.63;0;50;0;196;25.07645259938838;-8.012196;-8.012196
9.64;0;50;0;196;25.07645259938838;-8.012196;-8.012196
9.65;0;50;0;196;25.07645259938838;-8.012196;-8.012196
9.66;0;50;0;196;25.07645259938838;-8.012196;-8.012196
9.67;0;50;0;196;25.07645259938838;-8.012196;-8.012196
9.68;0;50;0;197;25.178389398572882;-8.034413;-8.034413
9.69;0;49;0;197;25.07645259938838;-8.121951;-8.121951
9.7;0;49;0;197;25.07645259938838;-8.121951;-8.121951
9.71;0;49;0;197;25.07645259938838;-8.121951;-8.121951
9.72;0;48;0;197;24.97451580020387;-8.210204;-8.210204
9.73;0;48;0;197;24.97451580020387;-8.210204;-8.210204
9.74;0;48;0;197;24.97451580020387;-8.210204;-8.210204
9.75;0;47;0;198;24.97451580020387;-8.320408;-8.320408
9.76;0;47;0;198;24.97451580020387;-8.320408;-8.320408
9.77;0;47;0;199;25.07645259938838;-8.341463;-8.341463
9.78;0;47;0;200;25.178389398572882;-8.362349;-8.362349
9.79;0;47;0;200;25.178389398572882;-8.362349;-8.362349
9.8;0;46;0;201;25.178389398572882;-8.47166;-8.47166
9.81;0;46;0;201;25.178389398572882;-8.47166;-8.47166
9.82;0;46;0;202;25.28032619775739;-8.491936;-8.491936
9.83;0;46;0;203;25.382262996941893;-8.512048;-8.512048
9.84;0;46;0;204;25.4841997961264;-8.532;-8.532
9.85;0;45;0;204;25.382262996941893;-8.6204815;-8.6204815
9.86;0;45;0;204;25.382262996941893;-8.6204815;-8.6204815
9.87;0;45;0;204;25.382262996941893;-8.6204815;-8.6204815
9.88;0;45;0;204;25.382262996941893;-8.6204815;-8.6204815
9.89;0;44;0;204;25.28032619775739;-8.709678;-8.709678
9.9;0;44;0;204;25.28032619775739;-8.709678;-8.709678
9.91;0;44;0;204;25.28032619775739;-8.709678;-8.709678
9.92;0;44;0;204;25.28032619775739;-8.709678;-8.709678
9.93;0;44;0;204;25.28032619775739;-8.709678;-8.709678
9.94;0;43;0;204;25.178389398572882;-8.799595;-8.799595
9.95;0;43;0;204;25.178389398572882;-8.799595;-8.799595
9.96;0;43;0;204;25.178389398572882;-8.799595;-8.799595
9.97;0;43;0;204;25.178389398572882;-8.799595;-8.799595
9.98;0;43;0;205;25.28032619775739;-8.818548;-8.818548
9.99;0;43;0;205;25.28032619775739;-8.818548;-8.818548
10.0;0;43;0;206;25.382262996941893;-8.837349;-8.837349
10.01;0;42;0;206;25.28032619775739;-8.92742;-8.92742
10.02;0;42;0;207;25.382262996941893;-8.945783;-8.945783
10.03;0;42;0;207;25.382262996941893;-8.945783;-8.945783
10.04;0;42;0;208;25.4841997961264;-8.964;-8.964
10.05;0;42;0;208;25.4841997961264;-8.964;-8.964
10.06;0;42;0;208;25.4841997961264;-8.964;-8.964
10.07;0;42;0;209;25.586136595310904;-8.982072;-8.982072
10.08;0;41;0;209;25.4841997961264;-9.072;-9.072
10.09;0;41;0;209;25.4841997961264;-9.072;-9.072
10.1;0;41;0;209;25.4841997961264;-9.072;-9.072
10.11;0;41;0;209;25.4841997961264;-9.072;-9.072
10.12;0;41;0;209;25.4841997961264;-9.072;-9.072
10.13;0;41;0;210;25.586136595310904;-9.089642;-9.089642
10.14;0;40;0;210;25.4841997961264;-9.18;-9.18
10.15;0;40;0;210;25.4841997961264;-9.18;-9.18
10.16;0;40;0;211;25.586136595310904;-9.197211;-9.197211
10.17;0;40;0;211;25.586136595310904;-9.197211;-9.197211
10.18;0;40;0;211;25.586136595310904;-9.197211;-9.197211
10.19;0;39;0;211;25.4841997961264;-9.288;-9.288
10.2;0;39;0;211;25.4841997961264;-9.288;-9.288
10.21;0;39;0;211;25.4841997961264;-9.288;-9.288
10.22;0;39;0;211;25.4841997961264;-9.288;-9.288
10.23;0;39;0;210;25.382262996941893;-9.271085;-9.271085
10.24;0;39;0;210;25.382262996941893;-9.271085;-9.271085
10.25;0;39;0;210;25.382262996941893;-9.271085;-9.271085
10.26;0;39;0;210;25.382262996941893;-9.271085;-9.271085
10.27;0;39;0;210;25.382262996941893;-9.271085;-9.271085
10.28;0;39;0;210;25.382262996941893;-9.271085;-9.271085
10.29;0;39;0;210;25.382262996941893;-9.271085;-9.271085
10.3;0;39;0;210;25.382262996941893;-9.271085;-9.271085
10.31;0;40;0;210;25.4841997961264;-9.18;-9.18
10.32;0;40;0;210;25.4841997961264;-9.18;-9.18
10.33;0;40;0;210;25.4841997961264;-9.18;-9.18
10.34;0;40;0;210;25.4841997961264;-9.18;-9.18
10.35;0;40;0;209;25.382262996941893;-9.162651;-9.162651
10.36;0;40;0;209;25.382262996941893;-9.162651;-9.162651
10.37;0;40;0;209;25.382262996941893;-9.162651;-9.162651
10.38;0;40;0;209;25.382262996941893;-9.162651;-9.162651
10.39;0;41;0;209;25.4841997961264;-9.072;-9.072
10.4;0;41;0;209;25.4841997961264;-9.072;-9.072
10.41;0;41;0;209;25.4841997961264;-9.072;-9.072
10.42;0;41;0;209;25.4841997961264;-9.072;-9.072
10.43;0;41;0;209;25.4841997961264;-9.072;-9.072
10.44;0;41;0;209;25.4841997961264;-9.072;-9.072
10.45;0;41;0;209;25.4841997961264;-9.072;-9.072
10.46;0;41;0;209;25.4841997961264;-9.072;-9.072
10.47;0;41;0;208;25.382262996941893;-9.054217;-9.054217
10.48;0;41;0;208;25.382262996941893;-9.054217;-9.054217
10.49;0;41;0;208;25.382262996941893;-9.054217;-9.054217
10.5;0;41;0;208;25.382262996941893;-9.054217;-9.054217
10.51;0;41;0;208;25.382262996941893;-9.054217;-9.054217
10.52;0;41;0;209;25.4841997961264;-9.072;-9.072
10.53;0;41;0;209;25.4841997961264;-9.072;-9.072
10.54;0;41;0;209;25.4841997961264;-9.072;-9.072
10.55;0;41;0;209;25.4841997961264;-9.072;-9.072
10.56;0;41;0;209;25.4841997961264;-9.072;-9.072
10.57;0;41;0;209;25.4841997961264;-9.072;-9.072
10.58;0;41;0;209;25.4841997961264;-9.072;-9.072
10.59;0;41;0;209;25.4841997961264;-9.072;-9.072
10.6;0;41;0;209;25.4841997961264;-9.072;-9.072
10.61;0;41;0;209;25.4841997961264;-9.072;-9.072
10.62;0;41;0;208;25.382262996941893;-9.054217;-9.054217
10.63;0;41;0;207;25.28032619775739;-9.03629;-9.03629
10.64;0;41;0;207;25.28032619775739;-9.03629;-9.03629
10.65;0;41;0;206;25.178389398572882;-9.018219;-9.018219
10.66;0;41;0;206;25.178389398572882;-9.018219;-9.018219
10.67;0;41;0;205;25.07645259938838;-9.0;-9.0
10.68;0;42;0;205;25.178389398572882;-8.908907;-8.908907
10.69;0;42;0;205;25.178389398572882;-8.908907;-8.908907
10.7;0;42;0;205;25.178389398572882;-8.908907;-8.908907
10.71;0;42;0;205;25.178389398572882;-8.908907;-8.908907
10.72;0;42;0;205;25.178389398572882;-8.908907;-8.908907
10.73;0;42;0;205;25.178389398572882;-8.908907;-8.908907
10.74;0;42;0;205;25.178389398572882;-8.908907;-8.908907
10.75;0;42;0;205;25.178389398572882;-8.908907;-8.908907
10.76;0;42;0;205;25.178389398572882;-8.908907;-8.908907
10.77;0;43;0;205;25.28032619775739;-8.818548;-8.818548
10.78;0;43;0;204;25.178389398572882;-8.799595;-8.799595
10.79;0;43;0;204;25.178389398572882;-8.799595;-8.799595
10.8;0;43;0;203;25.07645259938838;-8.780488;-8.780488
10.81;0;43;0;203;25.07645259938838;-8.780488;-8.780488
10.82;0;43;0;203;25.07645259938838;-8.780488;-8.780488
10.83;0;43;0;202;24.97451580020387;-8.761225;-8.761225
10.84;0;43;0;202;24.97451580020387;-8.761225;-8.761225
10.85;0;43;0;202;24.97451580020387;-8.761225;-8.761225
10.86;0;44;0;202;25.07645259938838;-8.670732;-8.670732
10.87;0;44;0;202;25.07645259938838;-8.670732;-8.670732
10.88;0;44;0;201;24.97451580020387;-8.65102;-8.65102
10.89;0;44;0;201;24.97451580020387;-8.65102;-8.65102
10.9;0;44;0;200;24.872579001019368;-8.631147;-8.631147
10.91;0;45;0;199;24.872579001019368;-8.520492;-8.520492
10.92;0;45;0;198;24.77064220183486;-8.5;-8.5
10.93;0;46;0;197;24.77064220183486;-8.388889;-8.388889
10.94;0;47;0;198;24.97451580020387;-8.320408;-8.320408
10.95;0;47;0;198;24.97451580020387;-8.320408;-8.320408
10.96;0;47;0;198;24.97451580020387;-8.320408;-8.320408
10.97;0;48;0;198;25.07645259938838;-8.231708;-8.231708
10.98;0;48;0;197;24.97451580020387;-8.210204;-8.210204
10.99;0;48;0;197;24.97451580020387;-8.210204;-8.210204
11.0;0;48;0;196;24.872579001019368;-8.188524;-8.188524
11.01;0;49;0;196;24.97451580020387;-8.1;-8.1
11.02;0;49;0;195;24.872579001019368;-8.077868;-8.077868
11.03;0;49;0;194;24.77064220183486;-8.055555;-8.055555
11.04;0;50;0;193;24.77064220183486;-7.9444447;-7.9444447
11.05;0;50;0;192;24.668705402650357;-7.921488;-7.921488
11.06;0;50;0;191;24.56676860346585;-7.89834;-7.89834
11.07;0;51;0;190;24.56676860346585;-7.786307;-7.786307
11.08;0;51;0;189;24.464831804281346;-7.7625;-7.7625
11.09;0;52;0;188;24.464831804281346;-7.65;-7.65
11.1;0;52;0;188;24.464831804281346;-7.65;-7.65
11.11;0;53;0;188;24.56676860346585;-7.5622406;-7.5622406
11.12;0;53;0;188;24.56676860346585;-7.5622406;-7.5622406
11.13;0;53;0;188;24.56676860346585;-7.5622406;-7.5622406
11.14;0;53;0;189;24.668705402650357;-7.5867767;-7.5867767
11.15;0;53;0;189;24.668705402650357;-7.5867767;-7.5867767
11.16;0;53;0;189;24.668705402650357;-7.5867767;-7.5867767
11.17;0;53;0;189;24.668705402650357;-7.5867767;-7.5867767
11.18;0;53;0;189;24.668705402650357;-7.5867767;-7.5867767
11.19;0;53;0;189;24.668705402650357;-7.5867767;-7.5867767
11.2;0;53;0;189;24.668705402650357;-7.5867767;-7.5867767
11.21;0;53;0;189;24.668705402650357;-7.5867767;-7.5867767
11.22;0;53;0;189;24.668705402650357;-7.5867767;-7.5867767
11.23;0;53;0;189;24.668705402650357;-7.5867767;-7.5867767
11.24;0;53;0;189;24.668705402650357;-7.5867767;-7.5867767
11.25;0;53;0;189;24.668705402650357;-7.5867767;-7.5867767
11.26;0;53;0;189;24.668705402650357;-7.5867767;-7.5867767
11.27;0;53;0;189;24.668705402650357;-7.5867767;-7.5867767
11.28;0;53;0;189;24.668705402650357;-7.5867767;-7.5867767
11.29;0;53;0;190;24.77064220183486;-7.611111;-7.611111
11.3;0;53;0;190;24.77064220183486;-7.611111;-7.611111
11.31;0;53;0;191;24.872579001019368;-7.635246;-7.635246
11.32;0;53;0;191;24.872579001019368;-7.635246;-7.635246
11.33;0;52;0;191;24.77064220183486;-7.7222223;-7.7222223
11.34;0;52;0;191;24.77064220183486;-7.7222223;-7.7222223
11.35;0;52;0;192;24.872579001019368;-7.7459016;-7.7459016
11.36;0;52;0;192;24.872579001019368;-7.7459016;-7.7459016
11.37;0;52;0;192;24.872579001019368;-7.7459016;-7.7459016
11.38;0;52;0;192;24.872579001019368;-7.7459016;-7.7459016
11.39;0;51;0;193;24.872579001019368;-7.8565574;-7.8565574
11.4;0;51;0;193;24.872579001019368;-7.8565574;-7.8565574
11.41;0;51;0;193;24.872579001019368;-7.8565574;-7.8565574
11.42;0;51;0;193;24.872579001019368;-7.8565574;-7.8565574
11.43;0;51;0;194;24.97451580020387;-7.879592;-7.879592
11.44;0;51;0;194;24.97451580020387;-7.879592;-7.879592
11.45;0;51;0;194;24.97451580020387;-7.879592;-7.879592
11.46;0;51;0;194;24.97451580020387;-7.879592;-7.879592
11.47;0;50;0;194;24.872579001019368;-7.967213;-7.967213
11.48;0;50;0;194;24.872579001019368;-7.967213;-7.967213
11.49;0;50;0;194;24.872579001019368;-7.967213;-7.967213
11.5;0;50;0;193;24.77064220183486;-7.9444447;-7.9444447
11.51;0;50;0;193;24.77064220183486;-7.9444447;-7.9444447
11.52;0;50;0;193;24.77064220183486;-7.9444447;-7.9444447
11.53;0;51;0;193;24.872579001019368;-7.8565574;-7.8565574
11.54;0;51;0;193;24.872579001019368;-7.8565574;-7.8565574
11.55;0;51;0;193;24.872579001019368;-7.8565574;-7.8565574
11.56;0;51;0;193;24.872579001019368;-7.8565574;-7.8565574
11.57;0;51;0;193;24.872579001019368;-7.8565574;-7.8565574
11.58;0;51;0;193;24.872579001019368;-7.8565574;-7.8565574
11.59;0;51;0;194;24.97451580020387;-7.879592;-7.879592
11.6;0;51;0;194;24.97451580020387;-7.879592;-7.879592
11.61;0;51;0;194;24.97451580020387;-7.879592;-7.879592
11.62;0;50;0;195;24.97451580020387;-7.9897957;-7.9897957
11.63;0;50;0;195;24.97451580020387;-7.9897957;-7.9897957
11.64;0;50;0;195;24.97451580020387;-7.9897957;-7.9897957
11.65;0;50;0;196;25.07645259938838;-8.012196;-8.012196
11.66;0;50;0;196;25.07645259938838;-8.012196;-8.012196
11.67;0;50;0;196;25.07645259938838;-8.012196;-8.012196
11.68;0;50;0;196;25.07645259938838;-8.012196;-8.012196
11.69;0;50;0;197;25.178389398572882;-8.034413;-8.034413
11.7;0;50;0;197;25.178389398572882;-8.034413;-8.034413
11.71;0;49;0;197;25.07645259938838;-8.121951;-8.121951
11.72;0;49;0;197;25.07645259938838;-8.121951;-8.121951
11.73;0;49;0;196;24.97451580020387;-8.1;-8.1
11.74;0;49;0;196;24.97451580020387;-8.1;-8.1
11.75;0;49;0;196;24.97451580020387;-8.1;-8.1
11.76;0;49;0;196;24.97451580020387;-8.1;-8.1
11.77;0;49;0;196;24.97451580020387;-8.1;-8.1
11.78;0;49;0;196;24.97451580020387;-8.1;-8.1
11.79;0;49;0;195;24.872579001019368;-8.077868;-8.077868
11.8;0;49;0;195;24.872579001019368;-8.077868;-8.077868
11.81;0;49;0;195;24.872579001019368;-8.077868;-8.077868
11.82;0;49;0;195;24.872579001019368;-8.077868;-8.077868
11.83;0;49;0;195;24.872579001019368;-8.077868;-8.077868
11.84;0;49;0;195;24.872579001019368;-8.077868;-8.077868
11.85;0;49;0;195;24.872579001019368;-8.077868;-8.077868
11.86;0;49;0;195;24.872579001019368;-8.077868;-8.077868
11.87;0;49;0;195;24.872579001019368;-8.077868;-8.077868
11.88;0;49;0;195;24.872579001019368;-8.077868;-8.077868
11.89;0;49;0;195;24.872579001019368;-8.077868;-8.077868
11.9;0;49;0;195;24.872579001019368;-8.077868;-8.077868
11.91;0;49;0;195;24.872579001019368;-8.077868;-8.077868
11.92;0;49;0;195;24.872579001019368;-8.077868;-8.077868
11.93;0;49;0;195;24.872579001019368;-8.077868;-8.077868
11.94;0;49;0;195;24.872579001019368;-8.077868;-8.077868
11.95;0;49;0;196;24.97451580020387;-8.1;-8.1
11.96;0;49;0;196;24.97451580020387;-8.1;-8.1
11.97;0;49;0;196;24.97451580020387;-8.1;-8.1
11.98;0;49;0;196;24.97451580020387;-8.1;-8.1
11.99;0;49;0;197;25.07645259938838;-8.121951;-8.121951
12.0;0;49;0;197;25.07645259938838;-8.121951;-8.121951
12.01;0;49;0;197;25.07645259938838;-8.121951;-8.121951
12.02;0;49;0;198;25.178389398572882;-8.143724;-8.143724
12.03;0;48;0;198;25.07645259938838;-8.231708;-8.231708
12.04;0;48;0;199;25.178389398572882;-8.2530365;-8.2530365
12.05;0;48;0;199;25.178389398572882;-8.2530365;-8.2530365
12.06;0;48;0;199;25.178389398572882;-8.2530365;-8.2530365
12.07;0;48;0;200;25.28032619775739;-8.274194;-8.274194
12.08;0;48;0;200;25.28032619775739;-8.274194;-8.274194
12.09;0;48;0;200;25.28032619775739;-8.274194;-8.274194
12.1;0;48;0;200;25.28032619775739;-8.274194;-8.274194
12.11;0;48;0;200;25.28032619775739;-8.274194;-8.274194
12.12;0;48;0;200;25.28032619775739;-8.274194;-8.274194
12.13;0;48;0;200;25.28032619775739;-8.274194;-8.274194
12.14;0;47;0;200;25.178389398572882;-8.362349;-8.362349
12.15;0;47;0;200;25.178389398572882;-8.362349;-8.362349
12.16;0;47;0;200;25.178389398572882;-8.362349;-8.362349
12.17;0;47;0;199;25.07645259938838;-8.341463;-8.341463
12.18;0;47;0;199;25.07645259938838;-8.341463;-8.341463
12.19;0;47;0;199;25.07645259938838;-8.341463;-8.341463
12.2;0;47;0;199;25.07645259938838;-8.341463;-8.341463
12.21;0;47;0;199;25.07645259938838;-8.341463;-8.341463
12.22;0;47;0;199;25.07645259938838;-8.341463;-8.341463
12.23;0;47;0;199;25.07645259938838;-8.341463;-8.341463
12.24;0;46;0;199;24.97451580020387;-8.430613;-8.430613
12.25;0;46;0;199;24.97451580020387;-8.430613;-8.430613
12.26;0;46;0;200;25.07645259938838;-8.45122;-8.45122
12.27;0;46;0;200;25.07645259938838;-8.45122;-8.45122
12.28;0;46;0;200;25.07645259938838;-8.45122;-8.45122
12.29;0;46;0;201;25.178389398572882;-8.47166;-8.47166
12.3;0;46;0;201;25.178389398572882;-8.47166;-8.47166
12.31;0;46;0;201;25.178389398572882;-8.47166;-8.47166
12.32;0;46;0;201;25.178389398572882;-8.47166;-8.47166
12.33;0;46;0;202;25.28032619775739;-8.491936;-8.491936
12.34;0;46;0;202;25.28032619775739;-8.491936;-8.491936
12.35;0;46;0;202;25.28032619775739;-8.491936;-8.491936
12.36;0;46;0;202;25.28032619775739;-8.491936;-8.491936
12.37;0;46;0;202;25.28032619775739;-8.491936;-8.491936
12.38;0;46;0;202;25.28032619775739;-8.491936;-8.491936
12.39;0;46;0;202;25.28032619775739;-8.491936;-8.491936
12.4;0;46;0;202;25.28032619775739;-8.491936;-8.491936
12.41;0;46;0;203;25.382262996941893;-8.512048;-8.512048
12.42;0;46;0;203;25.382262996941893;-8.512048;-8.512048
12.43;0;46;0;203;25.382262996941893;-8.512048;-8.512048
12.44;0;45;0;203;25.28032619775739;-8.600806;-8.600806
12.45;0;45;0;203;25.28032619775739;-8.600806;-8.600806
12.46;0;45;0;203;25.28032619775739;-8.600806;-8.600806
12.47;0;45;0;203;25.28032619775739;-8.600806;-8.600806
12.48;0;45;0;203;25.28032619775739;-8.600806;-8.600806
12.49;0;45;0;202;25.178389398572882;-8.580972;-8.580972
12.5;0;45;0;202;25.178389398572882;-8.580972;-8.580972
12.51;0;45;0;202;25.178389398572882;-8.580972;-8.580972
12.52;0;45;0;202;25.178389398572882;-8.580972;-8.580972
12.53;0;45;0;202;25.178389398572882;-8.580972;-8.580972
12.54;0;45;0;202;25.178389398572882;-8.580972;-8.580972
12.55;0;45;0;203;25.28032619775739;-8.600806;-8.600806
12.56;0;45;0;203;25.28032619775739;-8.600806;-8.600806
12.57;0;45;0;203;25.28032619775739;-8.600806;-8.600806
12.58;0;45;0;204;25.382262996941893;-8.6204815;-8.6204815
12.59;0;45;0;204;25.382262996941893;-8.6204815;-8.6204815
12.6;0;45;0;204;25.382262996941893;-8.6204815;-8.6204815
12.61;0;45;0;204;25.382262996941893;-8.6204815;-8.6204815
12.62;0;45;0;204;25.382262996941893;-8.6204815;-8.6204815
12.63;0;45;0;205;25.4841997961264;-8.64;-8.64
12.64;0;45;0;205;25.4841997961264;-8.64;-8.64
12.65;0;45;0;205;25.4841997961264;-8.64;-8.64
12.66;0;45;0;205;25.4841997961264;-8.64;-8.64
12.67;0;45;0;205;25.4841997961264;-8.64;-8.64
12.68;0;44;0;205;25.382262996941893;-8.728915;-8.728915
12.69;0;44;0;204;25.28032619775739;-8.709678;-8.709678
12.7;0;44;0;204;25.28032619775739;-8.709678;-8.709678
12.71;0;44;0;204;25.28032619775739;-8.709678;-8.709678
12.72;0;44;0;204;25.28032619775739;-8.709678;-8.709678
12.73;0;44;0;204;25.28032619775739;-8.709678;-8.709678
12.74;0;43;0;204;25.178389398572882;-8.799595;-8.799595
12.75;0;43;0;203;25.07645259938838;-8.780488;-8.780488
12.76;0;43;0;204;25.178389398572882;-8.799595;-8.799595
12.77;0;43;0;204;25.178389398572882;-8.799595;-8.799595
12.78;0;43;0;204;25.178389398572882;-8.799595;-8.799595
12.79;0;43;0;204;25.178389398572882;-8.799595;-8.799595
12.8;0;43;0;205;25.28032619775739;-8.818548;-8.818548
12.81;0;43;0;205;25.28032619775739;-8.818548;-8.818548
12.82;0;43;0;205;25.28032619775739;-8.818548;-8.818548
12.83;0;43;0;205;25.28032619775739;-8.818548;-8.818548
12.84;0;43;0;205;25.28032619775739;-8.818548;-8.818548
12.85;0;43;0;204;25.178389398572882;-8.799595;-8.799595
12.86;0;43;0;204;25.178389398572882;-8.799595;-8.799595
12.87;0;43;0;204;25.178389398572882;-8.799595;-8.799595
12.88;0;43;0;204;25.178389398572882;-8.799595;-8.799595
12.89;0;43;0;204;25.178389398572882;-8.799595;-8.799595
12.9;0;43;0;204;25.178389398572882;-8.799595;-8.799595
12.91;0;43;0;204;25.178389398572882;-8.799595;-8.799595
12.92;0;43;0;204;25.178389398572882;-8.799595;-8.799595
12.93;0;43;0;204;25.178389398572882;-8.799595;-8.799595
12.94;0;43;0;204;25.178389398572882;-8.799595;-8.799595
12.95;0;43;0;204;25.178389398572882;-8.799595;-8.799595
12.96;0;43;0;204;25.178389398572882;-8.799595;-8.799595
12.97;0;43;0;205;25.28032619775739;-8.818548;-8.818548
12.98;0;43;0;205;25.28032619775739;-8.818548;-8.818548
12.99;0;43;0;205;25.28032619775739;-8.818548;-8.818548
13.0;0;43;0;205;25.28032619775739;-8.818548;-8.818548
13.01;0;43;0;205;25.28032619775739;-8.818548;-8.818548
13.02;0;43;0;205;25.28032619775739;-8.818548;-8.818548
13.03;0;43;0;205;25.28032619775739;-8.818548;-8.818548
13.04;0;43;0;204;25.178389398572882;-8.799595;-8.799595
13.05;0;43;0;204;25.178389398572882;-8.799595;-8.799595
13.06;0;43;0;204;25.178389398572882;-8.799595;-8.799595
13.07;0;43;0;204;25.178389398572882;-8.799595;-8.799595
13.08;0;43;0;204;25.178389398572882;-8.799595;-8.799595
13.09;0;43;0;204;25.178389398572882;-8.799595;-8.799595
13.1;0;43;0;204;25.178389398572882;-8.799595;-8.799595
13.11;0;43;0;204;25.178389398572882;-8.799595;-8.799595
13.12;0;43;0;204;25.178389398572882;-8.799595;-8.799595
13.13;0;43;0;204;25.178389398572882;-8.799595;-8.799595
13.14;0;43;0;204;25.178389398572882;-8.799595;-8.799595
13.15;0;43;0;204;25.178389398572882;-8.799595;-8.799595
13.16;0;43;0;204;25.178389398572882;-8.799595;-8.799595
13.17;0;43;0;204;25.178389398572882;-8.799595;-8.799595
13.18;0;43;0;204;25.178389398572882;-8.799595;-8.799595
13.19;0;43;0;204;25.178389398572882;-8.799595;-8.799595
13.2;0;43;0;205;25.28032619775739;-8.818548;-8.818548
13.21;0;43;0;205;25.28032619775739;-8.818548;-8.818548
13.22;0;43;0;205;25.28032619775739;-8.818548;-8.818548
13.23;0;43;0;205;25.28032619775739;-8.818548;-8.818548
13.24;0;43;0;205;25.28032619775739;-8.818548;-8.818548
13.25;0;43;0;205;25.28032619775739;-8.818548;-8.818548
13.26;0;43;0;206;25.382262996941893;-8.837349;-8.837349
13.27;0;43;0;206;25.382262996941893;-8.837349;-8.837349
13.28;0;43;0;206;25.382262996941893;-8.837349;-8.837349
13.29;0;43;0;206;25.382262996941893;-8.837349;-8.837349
13.3;0;43;0;206;25.382262996941893;-8.837349;-8.837349
13.31;0;43;0;207;25.4841997961264;-8.856;-8.856
13.32;0;43;0;207;25.4841997961264;-8.856;-8.856
13.33;0;43;0;207;25.4841997961264;-8.856;-8.856
13.34;0;43;0;207;25.4841997961264;-8.856;-8.856
13.35;0;43;0;207;25.4841997961264;-8.856;-8.856
13.36;0;43;0;207;25.4841997961264;-8.856;-8.856
13.37;0;42;0;207;25.382262996941893;-8.945783;-8.945783
13.38;0;42;0;207;25.382262996941893;-8.945783;-8.945783
13.39;0;42;0;207;25.382262996941893;-8.945783;-8.945783
13.4;0;42;0;207;25.382262996941893;-8.945783;-8.945783
13.41;0;42;0;208;25.4841997961264;-8.964;-8.964
13.42;0;42;0;208;25.4841997961264;-8.964;-8.964
13.43;0;42;0;208;25.4841997961264;-8.964;-8.964
13.44;0;42;0;208;25.4841997961264;-8.964;-8.964
13.45;0;44;0;203;25.178389398572882;-8.690284;-8.690284
13.46;0;44;0;204;25.28032619775739;-8.709678;-8.709678
13.47;0;44;0;204;25.28032619775739;-8.709678;-8.709678
13.48;0;44;0;205;25.382262996941893;-8.728915;-8.728915
13.49;0;44;0;206;25.4841997961264;-8.748;-8.748
13.5;0;43;0;206;25.382262996941893;-8.837349;-8.837349
13.51;0;43;0;207;25.4841997961264;-8.856;-8.856
13.52;0;43;0;207;25.4841997961264;-8.856;-8.856
13.53;0;43;0;207;25.4841997961264;-8.856;-8.856
13.54;0;43;0;207;25.4841997961264;-8.856;-8.856
13.55;0;43;0;207;25.4841997961264;-8.856;-8.856
13.56;0;43;0;207;25.4841997961264;-8.856;-8.856
13.57;0;43;0;206;25.382262996941893;-8.837349;-8.837349
13.58;0;43;0;206;25.382262996941893;-8.837349;-8.837349
13.59;0;44;0;205;25.382262996941893;-8.728915;-8.728915
13.6;0;44;0;204;25.28032619775739;-8.709678;-8.709678
13.61;0;44;0;204;25.28032619775739;-8.709678;-8.709678
13.62;0;44;0;203;25.178389398572882;-8.690284;-8.690284
13.63;0;45;0;203;25.28032619775739;-8.600806;-8.600806
13.64;0;45;0;203;25.28032619775739;-8.600806;-8.600806
13.65;0;45;0;202;25.178389398572882;-8.580972;-8.580972
13.66;0;45;0;202;25.178389398572882;-8.580972;-8.580972
13.67;0;45;0;201;25.07645259938838;-8.560976;-8.560976
13.68;0;45;0;202;25.178389398572882;-8.580972;-8.580972
13.69;0;46;0;202;25.28032619775739;-8.491936;-8.491936
13.7;0;46;0;203;25.382262996941893;-8.512048;-8.512048
13.71;0;46;0;203;25.382262996941893;-8.512048;-8.512048
13.72;0;46;0;204;25.4841997961264;-8.532;-8.532
13.73;0;46;0;204;25.4841997961264;-8.532;-8.532
13.74;0;46;0;204;25.4841997961264;-8.532;-8.532
13.75;0;46;0;204;25.4841997961264;-8.532;-8.532
13.76;0;45;0;205;25.4841997961264;-8.64;-8.64
13.77;0;45;0;205;25.4841997961264;-8.64;-8.64
13.78;0;45;0;205;25.4841997961264;-8.64;-8.64
13.79;0;45;0;205;25.4841997961264;-8.64;-8.64
13.8;0;45;0;205;25.4841997961264;-8.64;-8.64
13.81;0;44;0;205;25.382262996941893;-8.728915;-8.728915
13.82;0;44;0;206;25.4841997961264;-8.748;-8.748
13.83;0;44;0;206;25.4841997961264;-8.748;-8.748
13.84;0;44;0;206;25.4841997961264;-8.748;-8.748
13.85;0;44;0;206;25.4841997961264;-8.748;-8.748
13.86;0;43;0;206;25.382262996941893;-8.837349;-8.837349
13.87;0;43;0;206;25.382262996941893;-8.837349;-8.837349
13.88;0;43;0;206;25.382262996941893;-8.837349;-8.837349
13.89;0;43;0;206;25.382262996941893;-8.837349;-8.837349
13.9;0;43;0;207;25.4841997961264;-8.856;-8.856
13.91;0;43;0;207;25.4841997961264;-8.856;-8.856
13.92;0;42;0;207;25.382262996941893;-8.945783;-8.945783
13.93;0;42;0;207;25.382262996941893;-8.945783;-8.945783
13.94;0;42;0;208;25.4841997961264;-8.964;-8.964
13.95;0;42;0;208;25.4841997961264;-8.964;-8.964
13.96;0;42;0;208;25.4841997961264;-8.964;-8.964
13.97;0;42;0;209;25.586136595310904;-8.982072;-8.982072
13.98;0;42;0;209;25.586136595310904;-8.982072;-8.982072
13.99;0;42;0;209;25.586136595310904;-8.982072;-8.982072
14.0;0;42;0;209;25.586136595310904;-8.982072;-8.982072
14.01;0;42;0;209;25.586136595310904;-8.982072;-8.982072
14.02;0;41;0;210;25.586136595310904;-9.089642;-9.089642
14.03;0;41;0;210;25.586136595310904;-9.089642;-9.089642
14.04;0;41;0;210;25.586136595310904;-9.089642;-9.089642
14.05;0;40;0;211;25.586136595310904;-9.197211;-9.197211
14.06;0;40;0;212;25.68807339449541;-9.214286;-9.214286
14.07;0;39;0;213;25.68807339449541;-9.321428;-9.321428
14.08;0;39;0;214;25.79001019367992;-9.337945;-9.337945
14.09;0;38;0;215;25.79001019367992;-9.444664;-9.444664
14.1;0;38;0;216;25.891946992864423;-9.460629;-9.460629
14.11;0;38;0;217;25.99388379204893;-9.476471;-9.476471
14.12;0;37;0;217;25.891946992864423;-9.566929;-9.566929
14.13;0;37;0;218;25.99388379204893;-9.582353;-9.582353
14.14;0;37;0;219;26.095820591233434;-9.597656;-9.597656
14.15;0;37;0;219;26.095820591233434;-9.597656;-9.597656
14.16;0;36;0;219;25.99388379204893;-9.688235;-9.688235
14.17;0;36;0;220;26.095820591233434;-9.703125;-9.703125
14.18;0;36;0;219;25.99388379204893;-9.688235;-9.688235
14.19;0;36;0;219;25.99388379204893;-9.688235;-9.688235
14.2;0;36;0;219;25.99388379204893;-9.688235;-9.688235
14.21;0;36;0;219;25.99388379204893;-9.688235;-9.688235
14.22;0;36;0;219;25.99388379204893;-9.688235;-9.688235
14.23;0;36;0;218;25.891946992864423;-9.673228;-9.673228
14.24;0;36;0;218;25.891946992864423;-9.673228;-9.673228
14.25;0;36;0;217;25.79001019367992;-9.658103;-9.658103
14.26;0;36;0;217;25.79001019367992;-9.658103;-9.658103
14.27;0;36;0;217;25.79001019367992;-9.658103;-9.658103
14.28;0;37;0;217;25.891946992864423;-9.566929;-9.566929
14.29;0;37;0;217;25.891946992864423;-9.566929;-9.566929
14.3;0;37;0;216;25.79001019367992;-9.551383;-9.551383
14.31;0;37;0;215;25.68807339449541;-9.535714;-9.535714
14.32;0;38;0;215;25.79001019367992;-9.444664;-9.444664
14.33;0;38;0;214;25.68807339449541;-9.428572;-9.428572
14.34;0;39;0;213;25.68807339449541;-9.321428;-9.321428
14.35;0;39;0;212;25.586136595310904;-9.304781;-9.304781
14.36;0;40;0;211;25.586136595310904;-9.197211;-9.197211
14.37;0;40;0;210;25.4841997961264;-9.18;-9.18
14.38;0;41;0;209;25.4841997961264;-9.072;-9.072
14.39;0;41;0;208;25.382262996941893;-9.054217;-9.054217
14.4;0;42;0;206;25.28032619775739;-8.92742;-8.92742
14.41;0;42;0;205;25.178389398572882;-8.908907;-8.908907
14.42;0;43;0;204;25.178389398572882;-8.799595;-8.799595
14.43;0;43;0;202;24.97451580020387;-8.761225;-8.761225
14.44;0;44;0;201;24.97451580020387;-8.65102;-8.65102
14.45;0;44;0;200;24.872579001019368;-8.631147;-8.631147
14.46;0;44;0;199;24.77064220183486;-8.611111;-8.611111
14.47;0;44;0;197;24.56676860346585;-8.570539;-8.570539
14.48;0;44;0;196;24.464831804281346;-8.55;-8.55
14.49;0;45;0;195;24.464831804281346;-8.4375;-8.4375
14.5;0;45;0;194;24.36289500509684;-8.416318;-8.416318
14.51;0;45;0;192;24.159021406727827;-8.373418;-8.373418
14.52;0;45;0;191;24.05708460754332;-8.351695;-8.351695
14.53;0;45;0;191;24.05708460754332;-8.351695;-8.351695
14.54;0;45;0;190;23.955147808358817;-8.329787;-8.329787
14.55;0;45;0;189;23.85321100917431;-8.307693;-8.307693
14.56;0;45;0;189;23.85321100917431;-8.307693;-8.307693
14.57;0;45;0;189;23.85321100917431;-8.307693;-8.307693
14.58;0;45;0;188;23.751274209989806;-8.285408;-8.285408
14.59;0;45;0;188;23.751274209989806;-8.285408;-8.285408
14.6;0;45;0;188;23.751274209989806;-8.285408;-8.285408
14.61;0;45;0;187;23.6493374108053;-8.262931;-8.262931
14.62;0;45;0;187;23.6493374108053;-8.262931;-8.262931
14.63;0;45;0;187;23.6493374108053;-8.262931;-8.262931
14.64;0;45;0;187;23.6493374108053;-8.262931;-8.262931
14.65;0;45;0;188;23.751274209989806;-8.285408;-8.285408
14.66;0;44;0;188;23.6493374108053;-8.379311;-8.379311
14.67;0;44;0;189;23.751274209989806;-8.401287;-8.401287
14.68;0;44;0;190;23.85321100917431;-8.423077;-8.423077
14.69;0;44;0;191;23.955147808358817;-8.444681;-8.444681
14.7;0;44;0;192;24.05708460754332;-8.466102;-8.466102
14.71;0;44;0;193;24.159021406727827;-8.487342;-8.487342
14.72;0;44;0;194;24.260958205912335;-8.508404;-8.508404
14.73;0;44;0;195;24.36289500509684;-8.529288;-8.529288
14.74;0;43;0;196;24.36289500509684;-8.64226;-8.64226
14.75;0;43;0;197;24.464831804281346;-8.6625;-8.6625
14.76;0;43;0;198;24.56676860346585;-8.682572;-8.682572
14.77;0;42;0;199;24.56676860346585;-8.794606;-8.794606
14.78;0;42;0;200;24.668705402650357;-8.81405;-8.81405
14.79;0;42;0;202;24.872579001019368;-8.852459;-8.852459
14.8;0;41;0;203;24.872579001019368;-8.963115;-8.963115
14.81;0;41;0;203;24.872579001019368;-8.963115;-8.963115
14.82;0;40;0;204;24.872579001019368;-9.0737705;-9.0737705
14.83;0;40;0;205;24.97451580020387;-9.091837;-9.091837
14.84;0;39;0;205;24.872579001019368;-9.184426;-9.184426
14.85;0;39;0;206;24.97451580020387;-9.202041;-9.202041
14.86;0;38;0;207;24.97451580020387;-9.312245;-9.312245
14.87;0;37;0;207;24.872579001019368;-9.405738;-9.405738
14.88;0;37;0;208;24.97451580020387;-9.422449;-9.422449
14.89;0;36;0;209;24.97451580020387;-9.532653;-9.532653
14.9;0;36;0;210;25.07645259938838;-9.54878;-9.54878
14.91;0;35;0;211;25.07645259938838;-9.658537;-9.658537
14.92;0;35;0;212;25.178389398572882;-9.674089;-9.674089
14.93;0;34;0;214;25.28032619775739;-9.798388;-9.798388
14.94;0;34;0;216;25.4841997961264;-9.828;-9.828
14.95;0;33;0;217;25.4841997961264;-9.936;-9.936
14.96;0;33;0;219;25.68807339449541;-9.964286;-9.964286
14.97;0;32;0;220;25.68807339449541;-10.071428;-10.071428
14.98;0;32;0;222;25.891946992864423;-10.098425;-10.098425
14.99;0;31;0;223;25.891946992864423;-10.204724;-10.204724
15.0;0;30;0;225;25.99388379204893;-10.323529;-10.323529
15.01;0;30;0;227;26.19775739041794;-10.348249;-10.348249
15.02;0;29;0;228;26.19775739041794;-10.453307;-10.453307
15.03;0;29;0;229;26.299694189602445;-10.4651165;-10.4651165
15.04;0;28;0;230;26.299694189602445;-10.569767;-10.569767
15.05;0;27;0;231;26.299694189602445;-10.674418;-10.674418
15.06;0;27;0;232;26.401630988786952;-10.6853285;-10.6853285
15.07;0;26;0;232;26.299694189602445;-10.77907;-10.77907
15.08;0;26;0;233;26.401630988786952;-10.789576;-10.789576
15.09;0;25;0;233;26.299694189602445;-10.883721;-10.883721
15.1;0;24;0;232;26.095820591233434;-10.96875;-10.96875
15.11;0;24;0;232;26.095820591233434;-10.96875;-10.96875
15.12;0;23;0;230;25.79001019367992;-11.045455;-11.045455
15.13;0;22;0;228;25.4841997961264;-11.124;-11.124
15.14;0;21;0;224;24.97451580020387;-11.185715;-11.185715
15.15;0;20;0;219;24.36289500509684;-11.240585;-11.240585
15.16;0;19;0;214;23.751274209989806;-11.298284;-11.298284
15.17;0;18;0;210;23.241590214067276;-11.368421;-11.368421
15.18;0;17;0;206;22.73190621814475;-11.441704;-11.441704
15.19;0;16;0;202;22.22222222222222;-11.518349;-11.518349
15.2;0;15;0;199;21.8144750254842;-11.607476;-11.607476
15.21;0;14;0;194;21.202854230377167;-11.682693;-11.682693
15.22;0;13;0;190;20.693170234454637;-11.770936;-11.770936
15.23;0;13;0;184;20.081549439347604;-11.718274;-11.718274
15.24;0;12;0;179;19.46992864424057;-11.803665;-11.803665
15.25;0;11;0;173;18.75637104994903;-11.88587;-11.88587
15.26;0;10;0;167;18.04281345565749;-11.974576;-11.974576
15.27;0;9;0;160;17.227319062181447;-12.06213;-12.06213
15.28;0;8;0;154;16.513761467889907;-12.166667;-12.166667
15.29;0;8;0;148;15.902140672782874;-12.115385;-12.115385
15.3;0;7;0;142;15.188583078491334;-12.231544;-12.231544
15.31;0;6;0;135;14.37308868501529;-12.351064;-12.351064
15.32;0;5;0;129;13.65953109072375;-12.4925375;-12.4925375
15.33;0;4;0;123;12.945973496432211;-12.649607;-12.649607
15.34;0;4;0;117;12.334352701325178;-12.607438;-12.607438
15.35;0;3;0;112;11.722731906218144;-12.795652;-12.795652
15.36;0;2;0;107;11.11111111111111;-13.004587;-13.004587
15.37;0;2;0;102;10.601427115188583;-12.980769;-12.980769
15.38;0;1;0;98;10.091743119266054;-13.227273;-13.227273
15.39;0;1;0;93;9.582059123343527;-13.212766;-13.212766
15.4;0;0;0;90;9.174311926605505;-13.5;-13.5
15.41;0;0;0;86;8.766564729867481;-13.5;-13.5
15.42;0;0;0;84;8.56269113149847;-13.5;-13.5
15.43;0;0;0;82;8.358817533129459;-13.5;-13.5
15.44;0;0;0;80;8.154943934760448;-13.5;-13.5
15.45;0;0;0;78;7.951070336391437;-13.5;-13.5
15.46;0;0;0;77;7.8491335372069315;-13.5;-13.5
15.47;0;0;0;76;7.747196738022426;-13.5;-13.5
15.48;0;0;0;75;7.6452599388379205;-13.5;-13.5
15.49;0;0;0;74;7.543323139653414;-13.5;-13.5
15.5;0;0;0;73;7.441386340468909;-13.5;-13.5
15.51;0;0;0;72;7.339449541284403;-13.5;-13.5
15.52;0;0;0;71;7.237512742099898;-13.5;-13.5
15.53;0;0;0;71;7.237512742099898;-13.5;-13.5
15.54;0;0;0;70;7.135575942915392;-13.5;-13.5
15.55;0;0;0;69;7.033639143730887;-13.5;-13.5
15.56;0;0;0;68;6.931702344546381;-13.5;-13.5
15.57;0;0;0;67;6.829765545361875;-13.5;-13.5
15.58;0;0;0;66;6.727828746177369;-13.5;-13.5
15.59;0;0;0;64;6.523955147808358;-13.5;-13.5
15.6;0;0;0;63;6.422018348623853;-13.5;-13.5
15.61;0;0;0;61;6.218144750254842;-13.5;-13.5
15.62;0;0;0;60;6.116207951070336;-13.5;-13.5
15.63;0;0;0;58;5.912334352701325;-13.5;-13.5
15.64;0;0;0;57;5.810397553516819;-13.5;-13.5
15.65;0;0;0;55;5.606523955147808;-13.5;-13.5
15.66;0;0;0;54;5.504587155963303;-13.5;-13.5
15.67;0;0;0;51;5.198776758409785;-13.5;-13.5
15.68;0;0;0;49;4.994903160040774;-13.5;-13.5
15.69;0;0;0;48;4.892966360856269;-13.5;-13.5
15.7;0;0;0;47;4.791029561671763;-13.5;-13.5
15.71;0;0;0;45;4.587155963302752;-13.5;-13.5
15.72;0;0;0;44;4.485219164118247;-13.5;-13.5
15.73;0;0;0;42;4.281345565749235;-13.5;-13.5
15.74;0;0;0;39;3.9755351681957185;-13.5;-13.5
15.75;0;0;0;36;3.6697247706422016;-13.5;-13.5
15.76;0;0;0;34;3.4658511722731906;-13.5;-13.5
15.77;0;0;0;31;3.1600407747196737;-13.5;-13.5
15.78;0;0;0;28;2.854230377166157;-13.5;-13.5
15.79;0;0;0;25;2.54841997961264;-13.5;-13.5
15.8;0;0;0;21;2.1406727828746175;-13.5;-13.5
15.81;0;0;0;17;1.7329255861365953;-13.5;-13.5
15.82;0;0;0;13;1.325178389398573;-13.5;-13.5
15.83;0;0;0;9;0.9174311926605504;-13.5;-13.5
15.84;0;0;0;5;0.509683995922528;-13.5;-13.5
15.85;0;0;0;2;0.2038735983690112;-13.5;-13.5
15.86;0;0;0;0;0.0;0.0;0.0
15.87;0;0;0;0;0.0;0.0;0.0
15.88;0;0;0;0;0.0;0.0;0.0
15.89;0;0;0;0;0.0;0.0;0.0
15.9;0;0;0;0;0.0;0.0;0.0
15.91;0;0;0;0;0.0;0.0;0.0
15.92;0;0;0;0;0.0;0.0;0.0
15.93;0;0;0;0;0.0;0.0;0.0
15.94;0;0;0;0;0.0;0.0;0.0
15.95;0;0;0;0;0.0;0.0;0.0
15.96;0;0;0;0;0.0;0.0;0.0
15.97;0;0;0;0;0.0;0.0;0.0
15.98;0;0;0;0;0.0;0.0;0.0
15.99;0;0;0;0;0.0;0.0;0.0
16.0;0;0;0;0;0.0;0.0;0.0
16.01;0;0;0;0;0.0;0.0;0.0
16.02;0;0;0;0;0.0;0.0;0.0
16.03;0;0;0;0;0.0;0.0;0.0
16.04;0;0;0;0;0.0;0.0;0.0
16.05;0;0;0;0;0.0;0.0;0.0
16.06;0;0;0;0;0.0;0.0;0.0
16.07;0;0;0;0;0.0;0.0;0.0
16.08;0;0;0;0;0.0;0.0;0.0
16.09;0;0;0;0;0.0;0.0;0.0
16.1;0;0;0;0;0.0;0.0;0.0
16.11;0;0;0;0;0.0;0.0;0.0
16.12;0;0;0;0;0.0;0.0;0.0
16.13;0;0;0;0;0.0;0.0;0.0
16.14;0;0;0;0;0.0;0.0;0.0
16.15;0;0;0;0;0.0;0.0;0.0
16.16;0;0;0;0;0.0;0.0;0.0
16.17;0;0;0;0;0.0;0.0;0.0
16.18;0;0;0;0;0.0;0.0;0.0
16.19;0;0;0;0;0.0;0.0;0.0
16.2;0;0;0;0;0.0;0.0;0.0
16.21;0;0;0;0;0.0;0.0;0.0
16.22;0;0;0;0;0.0;0.0;0.0
16.23;0;0;0;0;0.0;0.0;0.0
16.24;0;0;0;0;0.0;0.0;0.0
16.25;0;0;0;0;0.0;0.0;0.0
16.26;0;0;0;0;0.0;0.0;0.0
16.27;0;0;0;0;0.0;0.0;0.0
16.28;0;0;0;0;0.0;0.0;0.0
16.29;0;0;0;0;0.0;0.0;0.0
16.3;0;0;0;0;0.0;0.0;0.0
16.31;0;0;0;0;0.0;0.0;0.0
16.32;0;0;0;0;0.0;0.0;0.0
16.33;0;0;0;0;0.0;0.0;0.0
16.34;0;0;0;0;0.0;0.0;0.0
16.35;0;0;0;0;0.0;0.0;0.0
16.36;0;0;0;0;0.0;0.0;0.0
16.37;0;0;0;0;0.0;0.0;0.0
16.38;0;0;0;0;0.0;0.0;0.0
16.39;0;0;0;0;0.0;0.0;0.0
16.4;0;0;0;0;0.0;0.0;0.0
16.41;0;0;0;0;0.0;0.0;0.0
16.42;0;0;0;0;0.0;0.0;0.0
16.43;0;0;0;0;0.0;0.0;0.0
16.44;0;0;0;0;0.0;0.0;0.0
16.45;0;0;0;0;0.0;0.0;0.0
16.46;0;0;0;0;0.0;0.0;0.0
16.47;0;0;0;0;0.0;0.0;0.0
16.48;0;0;0;0;0.0;0.0;0.0
16.49;0;0;0;0;0.0;0.0;0.0
16.5;0;0;0;0;0.0;0.0;0.0
16.51;0;0;0;0;0.0;0.0;0.0
16.52;0;0;0;0;0.0;0.0;0.0
16.53;0;0;0;0;0.0;0.0;0.0
16.54;0;0;0;0;0.0;0.0;0.0
16.55;0;0;0;0;0.0;0.0;0.0
16.56;0;0;0;0;0.0;0.0;0.0
16.57;0;0;0;0;0.0;0.0;0.0
16.58;0;0;0;0;0.0;0.0;0.0
16.59;0;0;0;0;0.0;0.0;0.0
16.6;0;0;0;0;0.0;0.0;0.0
16.61;0;0;0;0;0.0;0.0;0.0
16.62;0;0;0;0;0.0;0.0;0.0
16.63;0;0;0;0;0.0;0.0;0.0
16.64;0;0;0;0;0.0;0.0;0.0
16.65;0;0;0;0;0.0;0.0;0.0
16.66;0;0;0;0;0.0;0.0;0.0
16.67;0;0;0;0;0.0;0.0;0.0
16.68;0;0;0;0;0.0;0.0;0.0
16.69;0;0;0;0;0.0;0.0;0.0
16.7;0;0;0;0;0.0;0.0;0.0
16.71;0;0;0;0;0.0;0.0;0.0
16.72;0;0;0;0;0.0;0.0;0.0
16.73;0;0;0;0;0.0;0.0;0.0
16.74;0;0;0;0;0.0;0.0;0.0
16.75;0;0;0;0;0.0;0.0;0.0
16.76;0;0;0;0;0.0;0.0;0.0
16.77;0;0;0;0;0.0;0.0;0.0
16.78;0;0;0;0;0.0;0.0;0.0
16.79;0;0;0;0;0.0;0.0;0.0
16.8;0;0;0;0;0.0;0.0;0.0
16.81;0;0;0;0;0.0;0.0;0.0
16.82;0;0;0;0;0.0;0.0;0.0
16.83;0;0;0;0;0.0;0.0;0.0
16.84;0;0;0;0;0.0;0.0;0.0
16.85;0;0;0;0;0.0;0.0;0.0
16.86;0;0;0;0;0.0;0.0;0.0
16.87;0;0;0;0;0.0;0.0;0.0
16.88;0;0;0;0;0.0;0.0;0.0
16.89;0;0;0;0;0.0;0.0;0.0
16.9;0;0;0;0;0.0;0.0;0.0
16.91;0;0;0;0;0.0;0.0;0.0
16.92;0;0;0;0;0.0;0.0;0.0
16.93;0;0;0;0;0.0;0.0;0.0
16.94;0;0;0;0;0.0;0.0;0.0
16.95;0;0;0;0;0.0;0.0;0.0
16.96;0;0;0;0;0.0;0.0;0.0
16.97;0;0;0;0;0.0;0.0;0.0
16.98;0;0;0;0;0.0;0.0;0.0
16.99;0;0;0;0;0.0;0.0;0.0
17.0;0;0;0;0;0.0;0.0;0.0
17.01;0;0;0;0;0.0;0.0;0.0
17.02;0;0;0;0;0.0;0.0;0.0
17.03;0;0;0;0;0.0;0.0;0.0
17.04;0;0;0;0;0.0;0.0;0.0
17.05;0;0;0;0;0.0;0.0;0.0
17.06;0;0;0;0;0.0;0.0;0.0
17.07;0;0;0;0;0.0;0.0;0.0
17.08;0;0;0;0;0.0;0.0;0.0
17.09;0;0;0;0;0.0;0.0;0.0
17.1;0;0;0;0;0.0;0.0;0.0
17.11;0;0;0;0;0.0;0.0;0.0
17.12;0;0;0;0;0.0;0.0;0.0
17.13;0;0;0;0;0.0;0.0;0.0
17.14;0;0;0;0;0.0;0.0;0.0
17.15;0;0;0;0;0.0;0.0;0.0
17.16;0;0;0;0;0.0;0.0;0.0
17.17;0;0;0;0;0.0;0.0;0.0
17.18;0;0;0;0;0.0;0.0;0.0
17.19;0;0;0;0;0.0;0.0;0.0
17.2;0;0;0;0;0.0;0.0;0.0
17.21;0;0;0;0;0.0;0.0;0.0
17.22;0;0;0;0;0.0;0.0;0.0
17.23;0;0;0;0;0.0;0.0;0.0
17.24;0;0;0;0;0.0;0.0;0.0
17.25;0;0;0;0;0.0;0.0;0.0
17.26;0;0;0;0;0.0;0.0;0.0
17.27;0;0;0;0;0.0;0.0;0.0
17.28;0;0;0;0;0.0;0.0;0.0
17.29;0;0;0;0;0.0;0.0;0.0
17.3;0;0;0;0;0.0;0.0;0.0
17.31;0;0;0;0;0.0;0.0;0.0
17.32;0;0;0;0;0.0;0.0;0.0
17.33;0;0;0;0;0.0;0.0;0.0
17.34;0;0;0;0;0.0;0.0;0.0
17.35;0;0;0;0;0.0;0.0;0.0
17.36;0;0;0;0;0.0;0.0;0.0
17.37;0;0;0;0;0.0;0.0;0.0
17.38;0;0;0;0;0.0;0.0;0.0
17.39;0;0;0;0;0.0;0.0;0.0
17.4;0;0;0;0;0.0;0.0;0.0
17.41;0;0;0;0;0.0;0.0;0.0
17.42;0;0;0;0;0.0;0.0;0.0
17.43;0;0;0;0;0.0;0.0;0.0
17.44;0;0;0;0;0.0;0.0;0.0
17.45;0;0;0;0;0.0;0.0;0.0
17.46;0;0;0;0;0.0;0.0;0.0
17.47;0;0;0;0;0.0;0.0;0.0
17.48;0;0;0;0;0.0;0.0;0.0
17.49;0;0;0;0;0.0;0.0;0.0
17.5;0;0;0;0;0.0;0.0;0.0
17.51;0;0;0;0;0.0;0.0;0.0
17.52;0;0;0;0;0.0;0.0;0.0
17.53;0;0;0;0;0.0;0.0;0.0
17.54;0;0;0;0;0.0;0.0;0.0
17.55;0;0;0;0;0.0;0.0;0.0
17.56;0;0;0;0;0.0;0.0;0.0
17.57;0;0;0;0;0.0;0.0;0.0
17.58;0;0;0;0;0.0;0.0;0.0
17.59;0;0;0;0;0.0;0.0;0.0
17.6;0;0;0;0;0.0;0.0;0.0
17.61;0;0;0;0;0.0;0.0;0.0
17.62;0;0;0;0;0.0;0.0;0.0
17.63;0;0;0;0;0.0;0.0;0.0
17.64;0;0;0;0;0.0;0.0;0.0
17.65;0;0;0;0;0.0;0.0;0.0
17.66;0;0;0;0;0.0;0.0;0.0
17.67;0;0;0;0;0.0;0.0;0.0
17.68;0;0;0;0;0.0;0.0;0.0
17.69;0;0;0;0;0.0;0.0;0.0
17.7;0;0;0;0;0.0;0.0;0.0
17.71;0;0;0;0;0.0;0.0;0.0
17.72;0;0;0;0;0.0;0.0;0.0
17.73;0;0;0;0;0.0;0.0;0.0
17.74;0;0;0;0;0.0;0.0;0.0
17.75;0;0;0;0;0.0;0.0;0.0
17.76;0;0;0;0;0.0;0.0;0.0
17.77;0;0;0;0;0.0;0.0;0.0
17.78;0;0;0;0;0.0;0.0;0.0
17.79;0;0;0;0;0.0;0.0;0.0
17.8;0;0;0;0;0.0;0.0;0.0
17.81;0;0;0;0;0.0;0.0;0.0
17.82;0;0;0;0;0.0;0.0;0.0
17.83;0;0;0;0;0.0;0.0;0.0
17.84;0;0;0;0;0.0;0.0;0.0
