 Height:  null ;  Weight:  null ;  Age:  0 ;  Gender:  null; name: alexi; color: green; situation: normal
Temps (s);F1 (N);F2 (N);F3 (N);F4 (N);Fz (kg);ML (cm);AP (cm);Poids (kg);Instant apparition poids (s);Score equilibre;Vitesse de la phase de montee;Surface du stabilogramme;Vitesse de deplacement du centre des pressions;Phase de stabilisation
0.01;0;0;0;0;0.0;0.0;0.0;66.87054026503567;13.97;15;4;4;4;3; 206.72782874617735; 1.1483813224302948; 1.6460765545135108; 2.7568518518058593
0.02;0;0;0;0;0.0;0.0;0.0
0.03;0;0;0;0;0.0;0.0;0.0
0.04;0;0;0;0;0.0;0.0;0.0
0.05;0;0;0;0;0.0;0.0;0.0
0.06;0;0;0;0;0.0;0.0;0.0
0.07;0;0;0;0;0.0;0.0;0.0
0.08;0;0;0;0;0.0;0.0;0.0
0.09;0;0;0;0;0.0;0.0;0.0
0.1;0;0;0;0;0.0;0.0;0.0
0.11;0;0;0;0;0.0;0.0;0.0
0.12;0;0;0;0;0.0;0.0;0.0
0.13;0;0;0;0;0.0;0.0;0.0
0.14;0;0;0;0;0.0;0.0;0.0
0.15;0;0;0;0;0.0;0.0;0.0
0.16;0;0;0;0;0.0;0.0;0.0
0.17;0;0;0;0;0.0;0.0;0.0
0.18;0;0;0;0;0.0;0.0;0.0
0.19;0;0;0;0;0.0;0.0;0.0
0.2;0;0;0;0;0.0;0.0;0.0
0.21;0;0;0;0;0.0;0.0;0.0
0.22;0;0;0;0;0.0;0.0;0.0
0.23;0;0;0;0;0.0;0.0;0.0
0.24;0;0;0;0;0.0;0.0;0.0
0.25;0;0;0;0;0.0;0.0;0.0
0.26;0;0;0;0;0.0;0.0;0.0
0.27;0;0;0;0;0.0;0.0;0.0
0.28;0;0;0;0;0.0;0.0;0.0
0.29;0;0;0;0;0.0;0.0;0.0
0.3;0;0;0;0;0.0;0.0;0.0
0.31;0;0;0;0;0.0;0.0;0.0
0.32;0;0;0;0;0.0;0.0;0.0
0.33;0;0;0;0;0.0;0.0;0.0
0.34;0;0;0;0;0.0;0.0;0.0
0.35;0;0;0;0;0.0;0.0;0.0
0.36;0;0;0;0;0.0;0.0;0.0
0.37;0;0;0;0;0.0;0.0;0.0
0.38;0;0;0;0;0.0;0.0;0.0
0.39;0;0;0;0;0.0;0.0;0.0
0.4;0;0;0;0;0.0;0.0;0.0
0.41;0;0;0;0;0.0;0.0;0.0
0.42;0;0;0;0;0.0;0.0;0.0
0.43;0;0;0;0;0.0;0.0;0.0
0.44;0;0;0;0;0.0;0.0;0.0
0.45;0;0;0;0;0.0;0.0;0.0
0.46;0;0;0;0;0.0;0.0;0.0
0.47;0;0;0;0;0.0;0.0;0.0
0.48;0;0;0;0;0.0;0.0;0.0
0.49;0;0;0;0;0.0;0.0;0.0
0.5;0;0;0;0;0.0;0.0;0.0
0.51;0;0;0;0;0.0;0.0;0.0
0.52;0;0;0;0;0.0;0.0;0.0
0.53;0;0;0;0;0.0;0.0;0.0
0.54;0;0;0;0;0.0;0.0;0.0
0.55;0;0;0;0;0.0;0.0;0.0
0.56;0;0;0;0;0.0;0.0;0.0
0.57;0;0;0;0;0.0;0.0;0.0
0.58;0;0;0;0;0.0;0.0;0.0
0.59;0;0;0;0;0.0;0.0;0.0
0.6;0;0;0;0;0.0;0.0;0.0
0.61;0;0;0;0;0.0;0.0;0.0
0.62;0;0;0;0;0.0;0.0;0.0
0.63;0;0;0;0;0.0;0.0;0.0
0.64;0;0;0;0;0.0;0.0;0.0
0.65;0;0;0;0;0.0;0.0;0.0
0.66;0;0;0;0;0.0;0.0;0.0
0.67;0;0;0;0;0.0;0.0;0.0
0.68;0;0;0;0;0.0;0.0;0.0
0.69;0;0;0;0;0.0;0.0;0.0
0.7;0;0;0;0;0.0;0.0;0.0
0.71;0;0;0;0;0.0;0.0;0.0
0.72;0;0;0;0;0.0;0.0;0.0
0.73;0;0;0;0;0.0;0.0;0.0
0.74;0;0;0;0;0.0;0.0;0.0
0.75;0;0;0;0;0.0;0.0;0.0
0.76;0;0;0;0;0.0;0.0;0.0
0.77;0;0;0;0;0.0;0.0;0.0
0.78;0;0;0;0;0.0;0.0;0.0
0.79;0;0;0;0;0.0;0.0;0.0
0.8;0;0;0;0;0.0;0.0;0.0
0.81;0;0;0;0;0.0;0.0;0.0
0.82;0;0;0;0;0.0;0.0;0.0
0.83;0;0;0;0;0.0;0.0;0.0
0.84;0;0;0;0;0.0;0.0;0.0
0.85;0;0;0;0;0.0;0.0;0.0
0.86;0;0;0;0;0.0;0.0;0.0
0.87;0;0;0;0;0.0;0.0;0.0
0.88;0;0;0;0;0.0;0.0;0.0
0.89;0;0;0;0;0.0;0.0;0.0
0.9;0;0;0;0;0.0;0.0;0.0
0.91;0;0;0;0;0.0;0.0;0.0
0.92;0;0;0;0;0.0;0.0;0.0
0.93;0;0;0;0;0.0;0.0;0.0
0.94;0;0;0;0;0.0;0.0;0.0
0.95;0;0;0;0;0.0;0.0;0.0
0.96;0;0;0;0;0.0;0.0;0.0
0.97;0;0;0;0;0.0;0.0;0.0
0.98;0;0;0;0;0.0;0.0;0.0
0.99;0;0;0;0;0.0;0.0;0.0
1.0;0;0;0;0;0.0;0.0;0.0
1.01;0;0;0;0;0.0;0.0;0.0
1.02;0;0;0;0;0.0;0.0;0.0
1.03;0;0;0;0;0.0;0.0;0.0
1.04;0;0;0;0;0.0;0.0;0.0
1.05;0;0;0;0;0.0;0.0;0.0
1.06;0;0;0;0;0.0;0.0;0.0
1.07;0;0;0;0;0.0;0.0;0.0
1.08;0;0;0;0;0.0;0.0;0.0
1.09;0;0;0;0;0.0;0.0;0.0
1.1;0;0;0;0;0.0;0.0;0.0
1.11;0;0;0;0;0.0;0.0;0.0
1.12;0;0;0;0;0.0;0.0;0.0
1.13;0;0;0;0;0.0;0.0;0.0
1.14;0;0;0;0;0.0;0.0;0.0
1.15;0;0;0;0;0.0;0.0;0.0
1.16;0;0;0;0;0.0;0.0;0.0
1.17;0;0;0;0;0.0;0.0;0.0
1.18;0;0;0;0;0.0;0.0;0.0
1.19;0;0;0;0;0.0;0.0;0.0
1.2;0;0;0;0;0.0;0.0;0.0
1.21;0;0;0;0;0.0;0.0;0.0
1.22;0;0;0;0;0.0;0.0;0.0
1.23;0;0;0;0;0.0;0.0;0.0
1.24;0;0;0;0;0.0;0.0;0.0
1.25;0;0;0;0;0.0;0.0;0.0
1.26;0;0;0;0;0.0;0.0;0.0
1.27;0;0;0;0;0.0;0.0;0.0
1.28;0;0;0;0;0.0;0.0;0.0
1.29;0;0;0;0;0.0;0.0;0.0
1.3;0;0;0;0;0.0;0.0;0.0
1.31;0;0;0;0;0.0;0.0;0.0
1.32;0;0;0;0;0.0;0.0;0.0
1.33;0;0;0;0;0.0;0.0;0.0
1.34;0;0;0;0;0.0;0.0;0.0
1.35;0;0;0;0;0.0;0.0;0.0
1.36;0;0;0;0;0.0;0.0;0.0
1.37;0;0;0;0;0.0;0.0;0.0
1.38;0;0;0;0;0.0;0.0;0.0
1.39;0;0;0;0;0.0;0.0;0.0
1.4;0;0;0;0;0.0;0.0;0.0
1.41;0;0;0;0;0.0;0.0;0.0
1.42;0;0;0;0;0.0;0.0;0.0
1.43;0;0;0;0;0.0;0.0;0.0
1.44;0;0;0;0;0.0;0.0;0.0
1.45;0;0;0;0;0.0;0.0;0.0
1.46;0;0;0;0;0.0;0.0;0.0
1.47;0;0;0;0;0.0;0.0;0.0
1.48;0;0;0;0;0.0;0.0;0.0
1.49;0;0;0;0;0.0;0.0;0.0
1.5;0;0;0;0;0.0;0.0;0.0
1.51;0;0;0;0;0.0;0.0;0.0
1.52;0;0;0;0;0.0;0.0;0.0
1.53;0;0;0;0;0.0;0.0;0.0
1.54;0;0;0;0;0.0;0.0;0.0
1.55;0;0;0;0;0.0;0.0;0.0
1.56;0;0;0;0;0.0;0.0;0.0
1.57;0;0;0;0;0.0;0.0;0.0
1.58;0;0;0;0;0.0;0.0;0.0
1.59;0;0;0;0;0.0;0.0;0.0
1.6;0;0;0;0;0.0;0.0;0.0
1.61;0;0;0;0;0.0;0.0;0.0
1.62;0;0;0;0;0.0;0.0;0.0
1.63;0;0;0;0;0.0;0.0;0.0
1.64;0;0;0;0;0.0;0.0;0.0
1.65;0;0;0;0;0.0;0.0;0.0
1.66;0;0;0;0;0.0;0.0;0.0
1.67;0;0;0;0;0.0;0.0;0.0
1.68;0;0;0;0;0.0;0.0;0.0
1.69;0;0;0;0;0.0;0.0;0.0
1.7;0;0;0;0;0.0;0.0;0.0
1.71;0;0;0;0;0.0;0.0;0.0
1.72;0;0;0;0;0.0;0.0;0.0
1.73;0;0;0;0;0.0;0.0;0.0
1.74;0;0;0;0;0.0;0.0;0.0
1.75;0;0;0;0;0.0;0.0;0.0
1.76;0;0;0;0;0.0;0.0;0.0
1.77;0;0;0;0;0.0;0.0;0.0
1.78;0;0;0;0;0.0;0.0;0.0
1.79;0;0;0;0;0.0;0.0;0.0
1.8;0;0;0;0;0.0;0.0;0.0
1.81;0;0;0;0;0.0;0.0;0.0
1.82;0;0;0;0;0.0;0.0;0.0
1.83;0;0;0;0;0.0;0.0;0.0
1.84;0;0;0;0;0.0;0.0;0.0
1.85;0;0;0;0;0.0;0.0;0.0
1.86;0;0;0;0;0.0;0.0;0.0
1.87;0;0;0;0;0.0;0.0;0.0
1.88;0;0;0;0;0.0;0.0;0.0
1.89;0;0;0;0;0.0;0.0;0.0
1.9;0;0;0;0;0.0;0.0;0.0
1.91;0;0;0;0;0.0;0.0;0.0
1.92;0;0;1;0;0.1019367991845056;13.5;-13.5
1.93;3;1;6;0;1.019367991845056;5.4;-2.7
1.94;1;7;5;0;1.325178389398573;11.423077;3.1153846
1.95;1;8;6;0;1.529051987767584;11.7;2.7
1.96;6;7;16;0;2.9561671763506623;7.913793;-1.3965517
1.97;2;12;14;0;2.854230377166157;11.571428;0.0
1.98;8;12;26;0;4.689092762487258;8.804348;-1.7608696
1.99;9;15;38;0;6.320081549439347;9.580646;-3.048387
2.0;13;17;57;0;8.868501529051988;9.465517;-4.1896553
2.01;19;18;79;0;11.82466870540265;9.077586;-4.887931
2.02;19;22;93;1;13.761467889908257;9.5;-5.3
2.03;20;27;102;3;15.494393476044852;9.414474;-5.1513157
2.04;21;31;107;3;16.513761467889907;9.5;-4.8333335
2.05;21;36;111;3;17.431192660550458;9.710526;-4.5
2.06;22;41;115;3;18.450560652395513;9.770719;-4.10221
2.07;23;46;121;4;19.775739041794086;9.742268;-3.8969073
2.08;23;51;128;6;21.202854230377167;9.735577;-3.8942308
2.09;24;57;138;8;23.139653414882773;9.693832;-3.8656387
2.1;24;62;149;10;24.97451580020387;9.753061;-4.022449
2.11;24;67;162;13;27.11518858307849;9.744361;-4.263158
2.12;25;73;177;16;29.66360856269113;9.695876;-4.4072165
2.13;25;79;194;20;32.415902140672785;9.679245;-4.6698112
2.14;25;85;212;24;35.27013251783894;9.676301;-4.916185
2.15;25;91;229;28;38.02242609582059;9.663539;-5.103217
2.16;25;97;247;31;40.77471967380224;9.72;-5.265
2.17;26;104;264;35;43.730886850152906;9.660839;-5.318182
2.18;26;110;281;38;46.381243628950045;9.702198;-5.4296703
2.19;26;115;297;41;48.827726809378184;9.723382;-5.552192
2.2;26;120;313;44;51.274209989806316;9.742545;-5.663022
2.21;26;124;329;47;53.61875637104995;9.7528515;-5.80038
2.22;26;127;344;49;55.65749235474006;9.791209;-5.934066
2.23;26;130;358;52;57.69622833843017;9.779152;-6.058304
2.24;26;132;371;53;59.32721712538226;9.835052;-6.170103
2.25;25;133;381;55;60.55045871559633;9.863636;-6.318182
2.26;25;135;391;56;61.8756371049949;9.897035;-6.3830314
2.27;24;136;401;58;63.09887869520897;9.923264;-6.521002
2.28;24;138;410;60;64.42405708460754;9.911392;-6.579114
2.29;24;140;417;61;65.4434250764526;9.925234;-6.6028037
2.3;24;141;422;61;66.05504587155963;9.958333;-6.625
2.31;24;142;423;61;66.25891946992864;9.969231;-6.604615
2.32;24;143;422;60;66.15698267074414;10.005393;-6.552388
2.33;24;144;420;58;65.85117227319061;10.072756;-6.478328
2.34;23;145;418;56;65.4434250764526;10.17757;-6.4345794
2.35;22;146;415;54;64.93374108053007;10.27865;-6.379121
2.36;22;146;413;52;64.52599388379204;10.343602;-6.334123
2.37;21;146;412;51;64.22018348623853;10.414286;-6.3428574
2.38;20;146;412;49;63.91437308868501;10.528708;-6.3516746
2.39;20;147;412;48;63.91437308868501;10.571771;-6.3086123
2.4;19;148;412;47;63.8124362895005;10.653355;-6.2971244
2.41;19;148;410;46;63.50662589194699;10.682985;-6.2624397
2.42;19;149;408;45;63.30275229357798;10.717391;-6.195652
2.43;19;150;407;44;63.200815494393474;10.756452;-6.1403227
2.44;18;151;405;43;62.89500509683996;10.830632;-6.104538
2.45;18;152;404;42;62.79306829765545;10.87013;-6.0487013
2.46;18;152;403;42;62.691131498470945;10.865853;-6.0365853
2.47;18;152;402;41;62.48725790010193;10.901305;-6.0122347
2.48;18;153;401;41;62.48725790010193;10.901305;-5.9681892
2.49;18;153;400;41;62.38532110091743;10.8970585;-5.9558825
2.5;18;154;400;41;62.48725790010193;10.901305;-5.924144
2.51;18;154;400;41;62.48725790010193;10.901305;-5.924144
2.52;18;155;402;41;62.79306829765545;10.913961;-5.9172077
2.53;18;155;404;42;63.09887869520897;10.882875;-5.953958
2.54;18;155;406;42;63.30275229357798;10.891304;-5.978261
2.55;18;156;408;43;63.710499490316;10.8648;-5.9832
2.56;19;156;411;43;64.11824668705403;10.838633;-5.988076
2.57;19;157;414;44;64.62793068297655;10.817035;-6.0047317
2.58;19;158;417;45;65.13761467889908;10.795774;-6.0211267
2.59;19;158;419;45;65.34148827726808;10.804213;-6.0444617
2.6;19;159;421;45;65.64729867482161;10.816771;-6.037267
2.61;19;160;423;46;66.05504587155963;10.791667;-6.0416665
2.62;19;160;424;46;66.15698267074414;10.795839;-6.0531588
2.63;19;159;425;46;66.15698267074414;10.795839;-6.0947614
2.64;19;159;424;46;66.05504587155963;10.791667;-6.0833335
2.65;19;159;423;46;65.95310907237513;10.78748;-6.0718703
2.66;19;160;422;46;65.95310907237513;10.78748;-6.030139
2.67;20;160;421;46;65.95310907237513;10.745749;-5.988408
2.68;20;160;422;47;66.15698267074414;10.712635;-6.011556
2.69;20;160;424;47;66.36085626911314;10.721198;-6.034562
2.7;20;159;426;48;66.56472986748216;10.688361;-6.098775
2.71;27;159;428;53;67.99184505606523;10.26162;-5.9707646
2.72;30;158;428;54;68.29765545361876;10.114925;-5.9238806
2.73;30;156;426;55;67.99184505606523;10.05922;-5.9707646
2.74;30;155;422;55;67.4821610601427;10.033233;-5.954683
2.75;30;154;417;55;66.87054026503567;10.001524;-5.9268293
2.76;32;155;413;58;67.07441386340469;9.806991;-5.826748
2.77;36;155;408;64;67.58409785932722;9.427602;-5.7217193
2.78;42;154;402;73;68.39959225280326;8.872579;-5.6132636
2.79;49;153;395;82;69.2150866462793;8.290869;-5.4675994
2.8;54;151;388;91;69.72477064220183;7.7763157;-5.4078946
2.81;60;149;377;99;69.82670744138633;7.2328467;-5.262044
2.82;66;146;364;107;69.62283384301733;6.661054;-5.1193266
2.83;72;142;350;116;69.3170234454638;6.035294;-5.002941
2.84;78;136;333;125;68.50152905198776;5.34375;-4.901786
2.85;84;128;315;136;67.58409785932722;4.540724;-4.8665156
2.86;91;118;295;148;66.46279306829766;3.6027608;-4.845092
2.87;99;107;274;164;65.64729867482161;2.4736025;-4.863354
2.88;108;95;254;184;65.34148827726808;1.2004681;-4.949298
2.89;119;82;232;206;65.13761467889908;-0.23239437;-5.0070424
2.9;131;68;210;231;65.23955147808358;-1.771875;-5.1046877
2.91;143;56;187;255;65.34148827726808;-3.2644305;-5.1177845
2.92;154;45;167;278;65.64729867482161;-4.611801;-5.156832
2.93;164;37;149;299;66.15698267074414;-5.7619414;-5.1379046
2.94;174;31;136;318;67.17635066258919;-6.657815;-5.1009107
2.95;182;26;127;335;68.29765545361876;-7.334328;-5.1179104
2.96;188;23;121;348;69.3170234454638;-7.782353;-5.122059
2.97;193;19;117;357;69.92864424057085;-8.14723;-5.155977
2.98;197;16;114;364;70.43832823649338;-8.420405;-5.1772795
2.99;200;14;112;366;70.54026503567788;-8.583815;-5.150289
3.0;202;13;110;366;70.43832823649338;-8.693922;-5.0991316
3.01;204;13;111;364;70.54026503567788;-8.66185;-5.033237
3.02;204;15;114;361;70.74413863404689;-8.481268;-4.979827
3.03;204;18;119;356;71.0499490316004;-8.19297;-4.900287
3.04;203;21;122;350;70.9480122324159;-7.952586;-4.8103447
3.05;200;23;125;344;70.54026503567788;-7.7254333;-4.799133
3.06;196;25;128;337;69.92864424057085;-7.478134;-4.801749
3.07;193;27;131;329;69.3170234454638;-7.2264705;-4.7647057
3.08;190;28;132;321;68.39959225280326;-7.061848;-4.728018
3.09;186;27;132;311;66.87054026503567;-6.955793;-4.7332315
3.1;182;27;134;301;65.64729867482161;-6.75;-4.7375774
3.11;178;28;138;292;64.83180428134557;-6.4528303;-4.754717
3.12;174;30;145;282;64.32212028542304;-6.011886;-4.7709985
3.13;170;34;154;273;64.32212028542304;-5.455626;-4.7709985
3.14;166;39;165;264;64.62793068297655;-4.812303;-4.7697163
3.15;163;44;174;255;64.83180428134557;-4.245283;-4.712264
3.16;158;49;182;246;64.72986748216105;-3.6779528;-4.6984253
3.17;154;54;188;236;64.42405708460754;-3.1613925;-4.613924
3.18;149;57;194;227;63.91437308868501;-2.6913877;-4.6291866
3.19;144;60;200;219;63.50662589194699;-2.2319422;-4.6589084
3.2;138;62;207;212;63.09887869520897;-1.766559;-4.776252
3.21;133;64;215;206;62.99694189602446;-1.3106796;-4.8932037
3.22;128;66;223;200;62.89500509683996;-0.8533225;-5.010535
3.23;123;68;232;195;62.99694189602446;-0.39320388;-5.1553397
3.24;118;70;239;190;62.89500509683996;0.021880064;-5.2730956
3.25;114;72;245;185;62.79306829765545;0.39448053;-5.3474026
3.26;111;74;252;181;62.99694189602446;0.74271846;-5.4174757
3.27;108;76;258;178;63.200815494393474;1.0451612;-5.487097
3.28;105;78;263;175;63.30275229357798;1.326087;-5.5434785
3.29;104;80;268;173;63.710499490316;1.5336;-5.5512
3.3;102;82;274;172;64.22018348623853;1.7571429;-5.614286
3.31;102;85;281;174;65.4434250764526;1.8925234;-5.635514
3.32;103;88;288;177;66.87054026503567;1.9756098;-5.6387196
3.33;105;91;295;181;68.50152905198776;2.0089285;-5.625
3.34;109;94;300;186;70.23445463812436;1.9397678;-5.544993
3.35;112;97;302;190;71.45769622833842;1.8680457;-5.4500713
3.36;117;99;302;193;72.47706422018348;1.727848;-5.297468
3.37;120;101;299;193;72.6809378185525;1.6472651;-5.131136
3.38;124;103;295;191;72.6809378185525;1.5715288;-4.903927
3.39;128;105;289;187;72.27319062181446;1.5042313;-4.6269393
3.4;131;106;282;182;71.45769622833842;1.4443651;-4.371612
3.41;134;107;275;176;70.54026503567788;1.4046242;-4.096821
3.42;136;108;268;170;69.52089704383282;1.3856305;-3.8401759
3.43;137;109;262;165;68.60346585117227;1.384101;-3.6307578
3.44;138;110;257;160;67.78797145769623;1.4007518;-3.4308271
3.45;139;111;252;155;66.97247706422019;1.4178082;-3.2260275
3.46;139;112;247;151;66.15698267074414;1.4352851;-3.0577812
3.47;138;113;243;148;65.4434250764526;1.4719626;-2.9439251
3.48;137;114;240;147;65.03567787971457;1.4811913;-2.877743
3.49;137;114;236;147;64.62793068297655;1.4053627;-2.8107255
3.5;136;115;232;149;64.42405708460754;1.324367;-2.7768986
3.51;136;115;229;152;64.42405708460754;1.1962025;-2.7768986
3.52;135;114;227;156;64.42405708460754;1.068038;-2.862342
3.53;133;114;226;162;64.72986748216105;0.95669293;-2.9976377
3.54;132;113;226;168;65.13761467889908;0.8239437;-3.1478872
3.55;131;111;226;176;65.64729867482161;0.628882;-3.3540373
3.56;130;109;226;185;66.25891946992864;0.41538462;-3.5723076
3.57;129;107;227;194;66.97247706422019;0.2260274;-3.80137
3.58;128;104;227;203;67.4821610601427;0.0;-4.0377645
3.59;127;102;226;211;67.88990825688073;-0.2027027;-4.216216
3.6;126;99;225;218;68.09378185524974;-0.4041916;-4.405689
3.61;125;97;224;224;68.29765545361876;-0.5641791;-4.5537314
3.62;124;95;223;228;68.29765545361876;-0.6850746;-4.674627
3.63;123;93;222;231;68.19571865443424;-0.78699553;-4.782511
3.64;121;90;221;233;67.78797145769623;-0.8729323;-4.9330826
3.65;120;88;221;234;67.58409785932722;-0.91628957;-5.029412
3.66;118;86;222;234;67.2782874617737;-0.9;-5.1545453
3.67;117;83;223;234;66.97247706422019;-0.9246575;-5.280822
3.68;115;81;226;233;66.76860346585117;-0.8450382;-5.420611
3.69;114;78;228;233;66.56472986748216;-0.8476263;-5.561256
3.7;112;75;231;233;66.36085626911314;-0.80875576;-5.74424
3.71;111;72;234;233;66.25891946992864;-0.78923076;-5.8984613
3.72;109;68;238;234;66.15698267074414;-0.76964563;-6.1363635
3.73;107;65;242;236;66.25891946992864;-0.7476923;-6.355385
3.74;106;62;246;238;66.46279306829766;-0.74539876;-6.542945
3.75;104;60;250;240;66.66666666666666;-0.70183486;-6.7293577
3.76;102;57;253;242;66.66666666666666;-0.70183486;-6.93578
3.77;101;55;257;244;66.97247706422019;-0.67808217;-7.089041
3.78;100;53;260;246;67.17635066258919;-0.67602426;-7.2314115
3.79;99;52;262;247;67.2782874617737;-0.6545454;-7.322727
3.8;97;51;265;247;67.2782874617737;-0.57272726;-7.4454546
3.81;96;50;266;247;67.17635066258919;-0.5531108;-7.5182095
3.82;95;49;268;247;67.17635066258919;-0.5121396;-7.6001515
3.83;94;48;269;247;67.07441386340469;-0.4924012;-7.673252
3.84;94;47;270;246;66.97247706422019;-0.47260273;-7.7054796
3.85;93;47;270;246;66.87054026503567;-0.4527439;-7.737805
3.86;93;46;271;245;66.76860346585117;-0.43282443;-7.770229
3.87;92;46;272;244;66.66666666666666;-0.37155962;-7.8027525
3.88;91;46;273;242;66.46279306829766;-0.2898773;-7.8266873
3.89;91;46;274;241;66.46279306829766;-0.24846625;-7.8266873
3.9;90;46;277;239;66.46279306829766;-0.12423313;-7.8680983
3.91;90;47;279;237;66.56472986748216;-0.020673813;-7.8353753
3.92;89;47;282;235;66.56472986748216;0.103369065;-7.876723
3.93;89;47;284;234;66.66666666666666;0.16513762;-7.885321
3.94;88;47;286;233;66.66666666666666;0.24770643;-7.9266057
3.95;88;48;289;232;66.97247706422019;0.34931508;-7.910959
3.96;87;48;291;231;66.97247706422019;0.43150684;-7.952055
3.97;86;48;294;230;67.07441386340469;0.5334346;-8.00152
3.98;85;48;297;228;67.07441386340469;0.65653497;-8.042553
3.99;84;48;299;227;67.07441386340469;0.7386018;-8.083587
4.0;84;48;302;225;67.17635066258919;0.83990896;-8.091805
4.01;83;48;304;224;67.17635066258919;0.9218513;-8.132777
4.02;82;48;306;222;67.07441386340469;1.0258359;-8.165653
4.03;82;48;308;220;67.07441386340469;1.1079028;-8.165653
4.04;81;48;310;218;66.97247706422019;1.2123288;-8.19863
4.05;81;48;311;216;66.87054026503567;1.2759147;-8.190549
4.06;80;48;312;215;66.76860346585117;1.3396946;-8.223664
4.07;80;48;313;213;66.66666666666666;1.4036697;-8.215596
4.08;80;48;315;212;66.76860346585117;1.4633588;-8.223664
4.09;79;48;316;210;66.56472986748216;1.550536;-8.248852
4.1;79;48;317;209;66.56472986748216;1.5918837;-8.248852
4.11;79;48;319;208;66.66666666666666;1.6513761;-8.256881
4.12;79;49;320;207;66.76860346585117;1.710687;-8.223664
4.13;79;50;321;205;66.76860346585117;1.7931298;-8.182443
4.14;79;51;321;203;66.66666666666666;1.8577982;-8.133027
4.15;80;52;322;201;66.76860346585117;1.916794;-8.058779
4.16;80;53;322;200;66.76860346585117;1.9580153;-8.017557
4.17;80;54;323;199;66.87054026503567;2.0167682;-7.984756
4.18;80;54;323;198;66.76860346585117;2.040458;-7.976336
4.19;80;55;324;197;66.87054026503567;2.0990853;-7.943598
4.2;81;55;324;196;66.87054026503567;2.0990853;-7.902439
4.21;81;56;324;195;66.87054026503567;2.140244;-7.8612804
4.22;81;56;325;194;66.87054026503567;2.1814024;-7.8612804
4.23;82;57;325;193;66.97247706422019;2.19863;-7.787671
4.24;82;57;325;192;66.87054026503567;2.222561;-7.7789636
4.25;82;57;325;191;66.76860346585117;2.2465649;-7.770229
4.26;82;58;324;191;66.76860346585117;2.2465649;-7.7290077
4.27;83;58;324;190;66.76860346585117;2.2465649;-7.687786
4.28;83;59;323;190;66.76860346585117;2.2465649;-7.646565
4.29;83;59;322;190;66.66666666666666;2.2293577;-7.6376147
4.3;84;60;321;189;66.66666666666666;2.2293577;-7.555046
4.31;84;60;320;189;66.56472986748216;2.2120981;-7.545942
4.32;84;60;319;190;66.56472986748216;2.1707504;-7.545942
4.33;85;61;319;190;66.76860346585117;2.164122;-7.4816794
4.34;85;61;318;190;66.66666666666666;2.146789;-7.472477
4.35;85;61;318;191;66.76860346585117;2.1229007;-7.4816794
4.36;86;61;318;191;66.87054026503567;2.0990853;-7.449695
4.37;86;62;317;191;66.87054026503567;2.0990853;-7.4085364
4.38;86;62;317;191;66.87054026503567;2.0990853;-7.4085364
4.39;86;63;317;190;66.87054026503567;2.140244;-7.367378
4.4;87;64;317;190;67.07441386340469;2.1337385;-7.3039513
4.41;87;64;317;190;67.07441386340469;2.1337385;-7.3039513
4.42;87;65;316;190;67.07441386340469;2.1337385;-7.262918
4.43;88;65;316;189;67.07441386340469;2.1337385;-7.2218847
4.44;88;66;316;190;67.2782874617737;2.1272728;-7.2
4.45;88;66;315;190;67.17635066258919;2.1100152;-7.19044
4.46;89;66;314;189;67.07441386340469;2.0927052;-7.1398177
4.47;89;67;314;189;67.17635066258919;2.1100152;-7.1084976
4.48;89;67;313;189;67.07441386340469;2.0927052;-7.098784
4.49;89;67;312;189;66.97247706422019;2.0753424;-7.089041
4.5;89;67;312;188;66.87054026503567;2.0990853;-7.0792685
4.51;89;67;312;188;66.87054026503567;2.0990853;-7.0792685
4.52;89;67;312;188;66.87054026503567;2.0990853;-7.0792685
4.53;88;67;312;188;66.76860346585117;2.1229007;-7.1106873
4.54;88;66;312;188;66.66666666666666;2.1055045;-7.142202
4.55;88;66;313;188;66.76860346585117;2.1229007;-7.1519084
4.56;87;66;314;188;66.76860346585117;2.164122;-7.1931295
4.57;87;66;314;188;66.76860346585117;2.164122;-7.1931295
4.58;87;66;315;188;66.87054026503567;2.1814024;-7.202744
4.59;87;66;315;187;66.76860346585117;2.2053435;-7.1931295
4.6;87;66;316;187;66.87054026503567;2.222561;-7.202744
4.61;87;67;316;187;66.97247706422019;2.239726;-7.1712327
4.62;86;67;316;186;66.76860346585117;2.2877862;-7.1931295
4.63;86;67;316;186;66.76860346585117;2.2877862;-7.1931295
4.64;86;67;316;186;66.76860346585117;2.2877862;-7.1931295
4.65;86;67;317;187;66.97247706422019;2.2808218;-7.212329
4.66;86;66;317;187;66.87054026503567;2.2637196;-7.243902
4.67;86;66;317;187;66.87054026503567;2.2637196;-7.243902
4.68;85;66;318;187;66.87054026503567;2.304878;-7.285061
4.69;85;66;318;187;66.87054026503567;2.304878;-7.285061
4.7;85;65;318;187;66.76860346585117;2.2877862;-7.316794
4.71;85;65;319;187;66.87054026503567;2.304878;-7.3262196
4.72;84;65;319;188;66.87054026503567;2.304878;-7.367378
4.73;84;64;319;188;66.76860346585117;2.2877862;-7.3992367
4.74;84;64;320;189;66.97247706422019;2.2808218;-7.417808
4.75;84;64;320;189;66.97247706422019;2.2808218;-7.417808
4.76;84;63;320;190;66.97247706422019;2.239726;-7.4589043
4.77;84;63;320;190;66.97247706422019;2.239726;-7.4589043
4.78;84;63;319;190;66.87054026503567;2.222561;-7.449695
4.79;84;63;319;190;66.87054026503567;2.222561;-7.449695
4.8;84;63;319;189;66.76860346585117;2.2465649;-7.440458
4.81;84;63;318;189;66.66666666666666;2.2293577;-7.431193
4.82;84;63;318;189;66.66666666666666;2.2293577;-7.431193
4.83;84;63;318;190;66.76860346585117;2.2053435;-7.440458
4.84;84;63;317;190;66.66666666666666;2.1880734;-7.431193
4.85;84;63;317;190;66.66666666666666;2.1880734;-7.431193
4.86;84;63;317;191;66.76860346585117;2.164122;-7.440458
4.87;84;63;316;191;66.66666666666666;2.146789;-7.431193
4.88;84;63;316;191;66.66666666666666;2.146789;-7.431193
4.89;84;63;316;192;66.76860346585117;2.1229007;-7.440458
4.9;84;63;316;192;66.76860346585117;2.1229007;-7.440458
4.91;84;63;316;193;66.87054026503567;2.0990853;-7.449695
4.92;85;63;316;193;66.97247706422019;2.0753424;-7.417808
4.93;85;63;316;194;67.07441386340469;2.0516717;-7.4270515
4.94;85;62;315;195;66.97247706422019;1.9931507;-7.4589043
4.95;85;62;315;195;66.97247706422019;1.9931507;-7.4589043
4.96;85;62;315;196;67.07441386340469;1.9696048;-7.4680853
4.97;85;62;314;196;66.97247706422019;1.9520547;-7.4589043
4.98;85;62;314;196;66.97247706422019;1.9520547;-7.4589043
4.99;85;62;313;195;66.76860346585117;1.9580153;-7.440458
5.0;85;63;313;195;66.87054026503567;1.9756098;-7.4085364
5.01;85;63;313;195;66.87054026503567;1.9756098;-7.4085364
5.02;86;63;312;195;66.87054026503567;1.9344512;-7.367378
5.03;86;63;312;194;66.76860346585117;1.9580153;-7.358015
5.04;86;63;312;195;66.87054026503567;1.9344512;-7.367378
5.05;86;63;311;195;66.76860346585117;1.916794;-7.358015
5.06;86;63;311;195;66.76860346585117;1.916794;-7.358015
5.07;86;63;311;195;66.76860346585117;1.916794;-7.358015
5.08;86;63;311;195;66.76860346585117;1.916794;-7.358015
5.09;86;63;311;196;66.87054026503567;1.8932927;-7.367378
5.1;86;63;311;196;66.87054026503567;1.8932927;-7.367378
5.11;86;63;311;196;66.87054026503567;1.8932927;-7.367378
5.12;86;63;311;196;66.87054026503567;1.8932927;-7.367378
5.13;86;63;311;196;66.87054026503567;1.8932927;-7.367378
5.14;86;62;311;197;66.87054026503567;1.8521341;-7.4085364
5.15;86;62;311;197;66.87054026503567;1.8521341;-7.4085364
5.16;86;62;311;197;66.87054026503567;1.8521341;-7.4085364
5.17;86;62;311;198;66.97247706422019;1.8287672;-7.417808
5.18;86;61;311;198;66.87054026503567;1.8109756;-7.449695
5.19;86;61;311;198;66.87054026503567;1.8109756;-7.449695
5.2;85;61;312;198;66.87054026503567;1.8521341;-7.490854
5.21;85;61;312;199;66.97247706422019;1.8287672;-7.5
5.22;85;60;312;199;66.87054026503567;1.8109756;-7.532012
5.23;85;60;312;199;66.87054026503567;1.8109756;-7.532012
5.24;85;60;312;199;66.87054026503567;1.8109756;-7.532012
5.25;85;60;311;199;66.76860346585117;1.7931298;-7.5229006
5.26;85;60;311;199;66.76860346585117;1.7931298;-7.5229006
5.27;85;60;311;199;66.76860346585117;1.7931298;-7.5229006
5.28;85;60;310;200;66.76860346585117;1.7519084;-7.5229006
5.29;85;60;310;200;66.76860346585117;1.7519084;-7.5229006
5.3;85;60;310;200;66.76860346585117;1.7519084;-7.5229006
5.31;84;60;311;201;66.87054026503567;1.7698171;-7.5731707
5.32;84;59;311;201;66.76860346585117;1.7519084;-7.6053433
5.33;83;59;311;202;66.76860346585117;1.7519084;-7.646565
5.34;83;59;312;203;66.97247706422019;1.7465754;-7.6643834
5.35;82;59;312;204;66.97247706422019;1.7465754;-7.7054796
5.36;82;58;312;205;66.97247706422019;1.7054795;-7.7465754
5.37;82;58;312;206;67.07441386340469;1.6823708;-7.755319
5.38;82;58;312;206;67.07441386340469;1.6823708;-7.755319
5.39;81;57;312;207;66.97247706422019;1.6643835;-7.8287673
5.4;81;57;312;207;66.97247706422019;1.6643835;-7.8287673
5.41;81;57;311;207;66.87054026503567;1.6463414;-7.820122
5.42;81;56;311;207;66.76860346585117;1.6282443;-7.8526716
5.43;81;56;311;207;66.76860346585117;1.6282443;-7.8526716
5.44;81;56;311;207;66.76860346585117;1.6282443;-7.8526716
5.45;81;55;311;207;66.66666666666666;1.6100917;-7.885321
5.46;81;55;312;206;66.66666666666666;1.6513761;-7.885321
5.47;81;55;312;206;66.66666666666666;1.6513761;-7.885321
5.48;81;55;311;206;66.56472986748216;1.6332313;-7.876723
5.49;81;56;311;206;66.66666666666666;1.6513761;-7.8440366
5.5;82;57;311;205;66.76860346585117;1.6694657;-7.770229
5.51;82;57;311;205;66.76860346585117;1.6694657;-7.770229
5.52;83;58;311;204;66.87054026503567;1.6875;-7.696646
5.53;83;58;311;204;66.87054026503567;1.6875;-7.696646
5.54;83;59;311;204;66.97247706422019;1.7054795;-7.6643834
5.55;84;59;311;204;67.07441386340469;1.6823708;-7.632219
5.56;84;59;311;203;66.97247706422019;1.7054795;-7.6232877
5.57;84;59;311;203;66.97247706422019;1.7054795;-7.6232877
5.58;84;59;311;203;66.97247706422019;1.7054795;-7.6232877
5.59;84;59;311;203;66.97247706422019;1.7054795;-7.6232877
5.6;84;59;311;203;66.97247706422019;1.7054795;-7.6232877
5.61;84;59;311;203;66.97247706422019;1.7054795;-7.6232877
5.62;84;59;311;202;66.87054026503567;1.7286586;-7.6143293
5.63;84;59;311;202;66.87054026503567;1.7286586;-7.6143293
5.64;84;58;311;202;66.76860346585117;1.710687;-7.646565
5.65;84;58;311;202;66.76860346585117;1.710687;-7.646565
5.66;84;58;310;202;66.66666666666666;1.6926606;-7.6376147
5.67;84;58;310;202;66.66666666666666;1.6926606;-7.6376147
5.68;84;58;310;203;66.76860346585117;1.6694657;-7.646565
5.69;84;58;311;203;66.87054026503567;1.6875;-7.655488
5.7;84;58;311;203;66.87054026503567;1.6875;-7.655488
5.71;84;58;311;203;66.87054026503567;1.6875;-7.655488
5.72;84;58;311;204;66.97247706422019;1.6643835;-7.6643834
5.73;84;58;311;204;66.97247706422019;1.6643835;-7.6643834
5.74;84;58;311;204;66.97247706422019;1.6643835;-7.6643834
5.75;84;58;311;204;66.97247706422019;1.6643835;-7.6643834
5.76;84;58;311;204;66.97247706422019;1.6643835;-7.6643834
5.77;84;58;310;203;66.76860346585117;1.6694657;-7.646565
5.78;85;59;310;203;66.97247706422019;1.6643835;-7.582192
5.79;85;59;310;203;66.97247706422019;1.6643835;-7.582192
5.8;85;60;309;202;66.87054026503567;1.6875;-7.532012
5.81;85;60;309;202;66.87054026503567;1.6875;-7.532012
5.82;85;60;309;202;66.87054026503567;1.6875;-7.532012
5.83;85;60;308;202;66.76860346585117;1.6694657;-7.5229006
5.84;85;60;308;202;66.76860346585117;1.6694657;-7.5229006
5.85;86;61;308;202;66.97247706422019;1.6643835;-7.4589043
5.86;86;61;308;202;66.97247706422019;1.6643835;-7.4589043
5.87;86;61;307;201;66.76860346585117;1.6694657;-7.440458
5.88;86;62;307;201;66.87054026503567;1.6875;-7.4085364
5.89;86;62;307;201;66.87054026503567;1.6875;-7.4085364
5.9;86;62;307;201;66.87054026503567;1.6875;-7.4085364
5.91;86;62;306;201;66.76860346585117;1.6694657;-7.3992367
5.92;86;62;306;201;66.76860346585117;1.6694657;-7.3992367
5.93;86;62;306;201;66.76860346585117;1.6694657;-7.3992367
5.94;86;61;306;202;66.76860346585117;1.6282443;-7.440458
5.95;86;61;307;202;66.87054026503567;1.6463414;-7.449695
5.96;86;61;307;202;66.87054026503567;1.6463414;-7.449695
5.97;86;61;307;202;66.87054026503567;1.6463414;-7.449695
5.98;86;61;307;203;66.97247706422019;1.6232877;-7.4589043
5.99;86;61;306;203;66.87054026503567;1.6051829;-7.449695
6.0;86;61;306;203;66.87054026503567;1.6051829;-7.449695
6.01;86;61;306;203;66.87054026503567;1.6051829;-7.449695
6.02;86;61;306;203;66.87054026503567;1.6051829;-7.449695
6.03;87;61;306;203;66.97247706422019;1.5821918;-7.417808
6.04;87;61;306;203;66.97247706422019;1.5821918;-7.417808
6.05;87;61;305;203;66.87054026503567;1.5640244;-7.4085364
6.06;87;61;305;203;66.87054026503567;1.5640244;-7.4085364
6.07;87;61;305;203;66.87054026503567;1.5640244;-7.4085364
6.08;87;61;305;203;66.87054026503567;1.5640244;-7.4085364
6.09;87;61;305;203;66.87054026503567;1.5640244;-7.4085364
6.1;87;61;304;203;66.76860346585117;1.5458015;-7.3992367
6.11;87;61;304;203;66.76860346585117;1.5458015;-7.3992367
6.12;87;61;304;203;66.76860346585117;1.5458015;-7.3992367
6.13;87;61;304;203;66.76860346585117;1.5458015;-7.3992367
6.14;88;61;304;203;66.87054026503567;1.5228659;-7.367378
6.15;88;61;304;203;66.87054026503567;1.5228659;-7.367378
6.16;88;61;304;203;66.87054026503567;1.5228659;-7.367378
6.17;88;61;304;203;66.87054026503567;1.5228659;-7.367378
6.18;88;61;304;204;66.97247706422019;1.5;-7.3767123
6.19;88;61;304;204;66.97247706422019;1.5;-7.3767123
6.2;88;61;304;204;66.97247706422019;1.5;-7.3767123
6.21;87;60;304;204;66.76860346585117;1.5045801;-7.440458
6.22;87;60;304;205;66.87054026503567;1.4817073;-7.449695
6.23;87;60;304;205;66.87054026503567;1.4817073;-7.449695
6.24;87;60;304;205;66.87054026503567;1.4817073;-7.449695
6.25;87;60;304;205;66.87054026503567;1.4817073;-7.449695
6.26;87;60;303;206;66.87054026503567;1.4405488;-7.449695
6.27;87;60;303;206;66.87054026503567;1.4405488;-7.449695
6.28;86;59;303;206;66.66666666666666;1.4449542;-7.5137615
6.29;87;59;302;207;66.76860346585117;1.380916;-7.4816794
6.3;87;59;302;207;66.76860346585117;1.380916;-7.4816794
6.31;87;59;301;207;66.66666666666666;1.3623853;-7.472477
6.32;87;59;301;207;66.66666666666666;1.3623853;-7.472477
6.33;87;59;300;207;66.56472986748216;1.3437978;-7.4632463
6.34;87;59;300;207;66.56472986748216;1.3437978;-7.4632463
6.35;88;59;300;207;66.66666666666666;1.321101;-7.431193
6.36;88;60;300;207;66.76860346585117;1.3396946;-7.3992367
6.37;88;60;300;208;66.87054026503567;1.3170732;-7.4085364
6.38;88;60;300;208;66.87054026503567;1.3170732;-7.4085364
6.39;88;60;300;208;66.87054026503567;1.3170732;-7.4085364
6.4;88;60;300;208;66.87054026503567;1.3170732;-7.4085364
6.41;89;61;300;207;66.97247706422019;1.3356165;-7.3356166
6.42;89;61;300;207;66.97247706422019;1.3356165;-7.3356166
6.43;89;61;300;207;66.97247706422019;1.3356165;-7.3356166
6.44;89;61;300;206;66.87054026503567;1.3582317;-7.3262196
6.45;89;61;301;206;66.97247706422019;1.3767123;-7.3356166
6.46;90;61;301;206;67.07441386340469;1.3541033;-7.3039513
6.47;90;61;301;206;67.07441386340469;1.3541033;-7.3039513
6.48;90;62;301;205;67.07441386340469;1.3951368;-7.262918
6.49;90;62;301;205;67.07441386340469;1.3951368;-7.262918
6.5;90;62;301;204;66.97247706422019;1.4178082;-7.2534246
6.51;90;62;301;204;66.97247706422019;1.4178082;-7.2534246
6.52;90;62;300;204;66.87054026503567;1.3993902;-7.243902
6.53;90;62;300;203;66.76860346585117;1.4221374;-7.234351
6.54;90;62;300;203;66.76860346585117;1.4221374;-7.234351
6.55;90;62;301;203;66.87054026503567;1.4405488;-7.243902
6.56;90;62;301;203;66.87054026503567;1.4405488;-7.243902
6.57;90;63;301;203;66.97247706422019;1.4589041;-7.212329
6.58;91;63;301;203;67.07441386340469;1.4361702;-7.180851
6.59;91;63;301;203;67.07441386340469;1.4361702;-7.180851
6.6;91;63;301;203;67.07441386340469;1.4361702;-7.180851
6.61;91;63;301;203;67.07441386340469;1.4361702;-7.180851
6.62;91;63;301;203;67.07441386340469;1.4361702;-7.180851
6.63;91;62;301;203;66.97247706422019;1.4178082;-7.212329
6.64;90;62;302;203;66.97247706422019;1.4589041;-7.2534246
6.65;90;62;302;203;66.97247706422019;1.4589041;-7.2534246
6.66;90;62;302;203;66.97247706422019;1.4589041;-7.2534246
6.67;90;62;302;203;66.97247706422019;1.4589041;-7.2534246
6.68;90;62;301;203;66.87054026503567;1.4405488;-7.243902
6.69;90;62;301;203;66.87054026503567;1.4405488;-7.243902
6.7;90;62;301;203;66.87054026503567;1.4405488;-7.243902
6.71;90;62;301;203;66.87054026503567;1.4405488;-7.243902
6.72;90;62;301;203;66.87054026503567;1.4405488;-7.243902
6.73;90;62;301;203;66.87054026503567;1.4405488;-7.243902
6.74;90;62;301;203;66.87054026503567;1.4405488;-7.243902
6.75;90;62;301;203;66.87054026503567;1.4405488;-7.243902
6.76;90;62;301;203;66.87054026503567;1.4405488;-7.243902
6.77;90;62;301;204;66.97247706422019;1.4178082;-7.2534246
6.78;90;62;301;204;66.97247706422019;1.4178082;-7.2534246
6.79;90;62;301;204;66.97247706422019;1.4178082;-7.2534246
6.8;90;62;301;204;66.97247706422019;1.4178082;-7.2534246
6.81;90;62;301;204;66.97247706422019;1.4178082;-7.2534246
6.82;90;62;301;204;66.97247706422019;1.4178082;-7.2534246
6.83;90;63;301;204;67.07441386340469;1.4361702;-7.2218847
6.84;90;63;301;204;67.07441386340469;1.4361702;-7.2218847
6.85;90;63;301;203;66.97247706422019;1.4589041;-7.212329
6.86;90;63;300;203;66.87054026503567;1.4405488;-7.202744
6.87;90;64;300;203;66.97247706422019;1.4589041;-7.1712327
6.88;90;64;300;202;66.87054026503567;1.4817073;-7.1615853
6.89;90;65;300;202;66.97247706422019;1.5;-7.130137
6.9;90;65;300;202;66.97247706422019;1.5;-7.130137
6.91;90;65;300;202;66.97247706422019;1.5;-7.130137
6.92;90;65;300;201;66.87054026503567;1.5228659;-7.1204267
6.93;90;65;300;201;66.87054026503567;1.5228659;-7.1204267
6.94;90;65;300;201;66.87054026503567;1.5228659;-7.1204267
6.95;90;65;299;201;66.76860346585117;1.5045801;-7.1106873
6.96;90;65;299;201;66.76860346585117;1.5045801;-7.1106873
6.97;90;66;299;200;66.76860346585117;1.5458015;-7.0694656
6.98;90;66;299;200;66.76860346585117;1.5458015;-7.0694656
6.99;90;66;299;200;66.76860346585117;1.5458015;-7.0694656
7.0;91;66;299;200;66.87054026503567;1.5228659;-7.03811
7.01;91;66;299;200;66.87054026503567;1.5228659;-7.03811
7.02;91;66;299;200;66.87054026503567;1.5228659;-7.03811
7.03;91;66;299;200;66.87054026503567;1.5228659;-7.03811
7.04;91;66;299;200;66.87054026503567;1.5228659;-7.03811
7.05;91;66;299;201;66.97247706422019;1.5;-7.047945
7.06;91;66;300;201;67.07441386340469;1.5182371;-7.0577507
7.07;91;66;300;201;67.07441386340469;1.5182371;-7.0577507
7.08;91;66;300;201;67.07441386340469;1.5182371;-7.0577507
7.09;90;66;301;202;67.17635066258919;1.5364188;-7.1084976
7.1;90;66;301;202;67.17635066258919;1.5364188;-7.1084976
7.11;90;66;301;202;67.17635066258919;1.5364188;-7.1084976
7.12;90;66;301;201;67.07441386340469;1.5592705;-7.098784
7.13;90;66;300;201;66.97247706422019;1.5410959;-7.089041
7.14;90;66;300;201;66.97247706422019;1.5410959;-7.089041
7.15;90;66;300;200;66.87054026503567;1.5640244;-7.0792685
7.16;90;67;299;200;66.87054026503567;1.5640244;-7.03811
7.17;90;67;299;199;66.76860346585117;1.5870229;-7.0282445
7.18;90;67;299;199;66.76860346585117;1.5870229;-7.0282445
7.19;90;67;298;199;66.66666666666666;1.5688074;-7.0183487
7.2;90;68;298;198;66.66666666666666;1.6100917;-6.977064
7.21;90;68;298;198;66.66666666666666;1.6100917;-6.977064
7.22;90;68;298;198;66.66666666666666;1.6100917;-6.977064
7.23;90;68;298;198;66.66666666666666;1.6100917;-6.977064
7.24;90;68;298;198;66.66666666666666;1.6100917;-6.977064
7.25;91;69;298;198;66.87054026503567;1.6051829;-6.914634
7.26;91;69;299;198;66.97247706422019;1.6232877;-6.9246573
7.27;91;69;299;198;66.97247706422019;1.6232877;-6.9246573
7.28;91;69;299;198;66.97247706422019;1.6232877;-6.9246573
7.29;91;69;299;198;66.97247706422019;1.6232877;-6.9246573
7.3;91;69;299;198;66.97247706422019;1.6232877;-6.9246573
7.31;91;69;299;198;66.97247706422019;1.6232877;-6.9246573
7.32;91;69;298;198;66.87054026503567;1.6051829;-6.914634
7.33;91;69;298;198;66.87054026503567;1.6051829;-6.914634
7.34;91;69;298;198;66.87054026503567;1.6051829;-6.914634
7.35;91;69;299;198;66.97247706422019;1.6232877;-6.9246573
7.36;91;69;299;198;66.97247706422019;1.6232877;-6.9246573
7.37;91;69;299;199;67.07441386340469;1.600304;-6.9346504
7.38;91;68;299;199;66.97247706422019;1.5821918;-6.9657536
7.39;91;68;300;199;67.07441386340469;1.600304;-6.9756837
7.4;91;68;300;199;67.07441386340469;1.600304;-6.9756837
7.41;91;68;300;199;67.07441386340469;1.600304;-6.9756837
7.42;90;68;300;200;67.07441386340469;1.600304;-7.0167174
7.43;90;67;300;200;66.97247706422019;1.5821918;-7.047945
7.44;90;67;301;200;67.07441386340469;1.600304;-7.0577507
7.45;90;67;301;200;67.07441386340469;1.600304;-7.0577507
7.46;90;67;301;200;67.07441386340469;1.600304;-7.0577507
7.47;90;67;300;199;66.87054026503567;1.6051829;-7.03811
7.48;90;67;300;199;66.87054026503567;1.6051829;-7.03811
7.49;90;67;300;199;66.87054026503567;1.6051829;-7.03811
7.5;90;67;300;200;66.97247706422019;1.5821918;-7.047945
7.51;90;67;301;200;67.07441386340469;1.600304;-7.0577507
7.52;90;67;301;200;67.07441386340469;1.600304;-7.0577507
7.53;90;67;301;200;67.07441386340469;1.600304;-7.0577507
7.54;91;67;301;200;67.17635066258919;1.57739;-7.0265555
7.55;91;67;301;201;67.2782874617737;1.5545454;-7.0363636
7.56;91;67;301;201;67.2782874617737;1.5545454;-7.0363636
7.57;91;67;301;201;67.2782874617737;1.5545454;-7.0363636
7.58;91;67;301;201;67.2782874617737;1.5545454;-7.0363636
7.59;91;67;300;201;67.17635066258919;1.5364188;-7.0265555
7.6;91;67;300;201;67.17635066258919;1.5364188;-7.0265555
7.61;91;67;300;200;67.07441386340469;1.5592705;-7.0167174
7.62;91;67;300;200;67.07441386340469;1.5592705;-7.0167174
7.63;91;67;299;199;66.87054026503567;1.5640244;-6.996951
7.64;91;67;298;199;66.76860346585117;1.5458015;-6.987023
7.65;91;67;297;198;66.56472986748216;1.550536;-6.967075
7.66;91;67;297;198;66.56472986748216;1.550536;-6.967075
7.67;91;67;297;198;66.56472986748216;1.550536;-6.967075
7.68;91;67;296;198;66.46279306829766;1.5322086;-6.957055
7.69;91;67;297;198;66.56472986748216;1.550536;-6.967075
7.7;91;67;297;198;66.56472986748216;1.550536;-6.967075
7.71;91;67;297;199;66.66666666666666;1.5275229;-6.977064
7.72;91;66;297;199;66.56472986748216;1.5091884;-7.008423
7.73;91;66;297;199;66.56472986748216;1.5091884;-7.008423
7.74;90;66;297;199;66.46279306829766;1.5322086;-7.0398774
7.75;91;66;297;199;66.56472986748216;1.5091884;-7.008423
7.76;91;66;297;199;66.56472986748216;1.5091884;-7.008423
7.77;91;66;298;199;66.66666666666666;1.5275229;-7.0183487
7.78;91;66;298;200;66.76860346585117;1.5045801;-7.0282445
7.79;91;66;299;200;66.87054026503567;1.5228659;-7.03811
7.8;91;67;299;201;67.07441386340469;1.5182371;-7.0167174
7.81;91;67;299;201;67.07441386340469;1.5182371;-7.0167174
7.82;91;67;299;201;67.07441386340469;1.5182371;-7.0167174
7.83;91;67;298;200;66.87054026503567;1.5228659;-6.996951
7.84;91;67;298;200;66.87054026503567;1.5228659;-6.996951
7.85;91;67;297;199;66.66666666666666;1.5275229;-6.977064
7.86;91;67;297;199;66.66666666666666;1.5275229;-6.977064
7.87;91;67;297;199;66.66666666666666;1.5275229;-6.977064
7.88;91;67;297;199;66.66666666666666;1.5275229;-6.977064
7.89;92;67;297;199;66.76860346585117;1.5045801;-6.9458017
7.9;92;68;298;199;66.97247706422019;1.5410959;-6.9246573
7.91;92;68;298;199;66.97247706422019;1.5410959;-6.9246573
7.92;92;68;298;199;66.97247706422019;1.5410959;-6.9246573
7.93;92;68;298;199;66.97247706422019;1.5410959;-6.9246573
7.94;92;68;299;200;67.17635066258919;1.5364188;-6.944613
7.95;92;68;299;200;67.17635066258919;1.5364188;-6.944613
7.96;92;68;299;199;67.07441386340469;1.5592705;-6.9346504
7.97;92;68;299;199;67.07441386340469;1.5592705;-6.9346504
7.98;92;68;298;199;66.97247706422019;1.5410959;-6.9246573
7.99;92;68;298;198;66.87054026503567;1.5640244;-6.914634
8.0;92;68;297;198;66.76860346585117;1.5458015;-6.90458
8.01;92;68;297;197;66.66666666666666;1.5688074;-6.8944955
8.02;92;68;297;197;66.66666666666666;1.5688074;-6.8944955
8.03;92;68;296;196;66.46279306829766;1.5736196;-6.8742332
8.04;92;69;296;196;66.56472986748216;1.5918837;-6.8430324
8.05;92;69;296;196;66.56472986748216;1.5918837;-6.8430324
8.06;92;69;296;196;66.56472986748216;1.5918837;-6.8430324
8.07;92;69;297;197;66.76860346585117;1.5870229;-6.863359
8.08;92;69;297;197;66.76860346585117;1.5870229;-6.863359
8.09;92;69;297;197;66.76860346585117;1.5870229;-6.863359
8.1;92;69;298;197;66.87054026503567;1.6051829;-6.8734756
8.11;92;68;298;198;66.87054026503567;1.5640244;-6.914634
8.12;92;68;298;198;66.87054026503567;1.5640244;-6.914634
8.13;92;68;299;198;66.97247706422019;1.5821918;-6.9246573
8.14;92;68;299;198;66.97247706422019;1.5821918;-6.9246573
8.15;91;68;299;198;66.87054026503567;1.6051829;-6.955793
8.16;91;68;299;197;66.76860346585117;1.6282443;-6.9458017
8.17;91;68;300;197;66.87054026503567;1.6463414;-6.955793
8.18;91;68;300;197;66.87054026503567;1.6463414;-6.955793
8.19;91;68;300;196;66.76860346585117;1.6694657;-6.9458017
8.2;91;68;300;196;66.76860346585117;1.6694657;-6.9458017
8.21;91;68;300;196;66.76860346585117;1.6694657;-6.9458017
8.22;91;68;300;196;66.76860346585117;1.6694657;-6.9458017
8.23;91;68;301;196;66.87054026503567;1.6875;-6.955793
8.24;91;68;301;196;66.87054026503567;1.6875;-6.955793
8.25;90;68;301;196;66.76860346585117;1.710687;-6.987023
8.26;90;68;301;196;66.76860346585117;1.710687;-6.987023
8.27;90;68;302;196;66.87054026503567;1.7286586;-6.996951
8.28;90;68;302;195;66.76860346585117;1.7519084;-6.987023
8.29;90;68;302;195;66.76860346585117;1.7519084;-6.987023
8.3;90;68;302;195;66.76860346585117;1.7519084;-6.987023
8.31;90;69;302;195;66.87054026503567;1.7698171;-6.955793
8.32;90;69;302;195;66.87054026503567;1.7698171;-6.955793
8.33;90;69;302;195;66.87054026503567;1.7698171;-6.955793
8.34;90;69;302;195;66.87054026503567;1.7698171;-6.955793
8.35;90;69;301;194;66.66666666666666;1.7752293;-6.93578
8.36;90;70;301;194;66.76860346585117;1.7931298;-6.90458
8.37;90;70;302;194;66.87054026503567;1.8109756;-6.914634
8.38;91;70;302;194;66.97247706422019;1.7876712;-6.8835616
8.39;91;70;302;194;66.97247706422019;1.7876712;-6.8835616
8.4;91;70;302;194;66.97247706422019;1.7876712;-6.8835616
8.41;91;70;303;193;66.97247706422019;1.8287672;-6.8835616
8.42;91;70;303;193;66.97247706422019;1.8287672;-6.8835616
8.43;91;70;303;192;66.87054026503567;1.8521341;-6.8734756
8.44;91;71;303;192;66.97247706422019;1.869863;-6.842466
8.45;91;71;303;191;66.87054026503567;1.8932927;-6.832317
8.46;91;71;304;191;66.97247706422019;1.9109589;-6.842466
8.47;91;72;304;190;66.97247706422019;1.9520547;-6.8013697
8.48;91;72;304;190;66.97247706422019;1.9520547;-6.8013697
8.49;91;72;304;189;66.87054026503567;1.9756098;-6.7911587
8.5;91;73;304;189;66.97247706422019;1.9931507;-6.760274
8.51;91;73;304;188;66.87054026503567;2.0167682;-6.75
8.52;91;73;304;188;66.87054026503567;2.0167682;-6.75
8.53;91;73;304;187;66.76860346585117;2.040458;-6.7396946
8.54;91;73;304;187;66.76860346585117;2.040458;-6.7396946
8.55;91;73;304;187;66.76860346585117;2.040458;-6.7396946
8.56;91;73;304;187;66.76860346585117;2.040458;-6.7396946
8.57;91;73;304;187;66.76860346585117;2.040458;-6.7396946
8.58;91;73;305;187;66.87054026503567;2.057927;-6.75
8.59;91;73;305;187;66.87054026503567;2.057927;-6.75
8.6;91;73;305;187;66.87054026503567;2.057927;-6.75
8.61;91;73;305;187;66.87054026503567;2.057927;-6.75
8.62;90;73;306;187;66.87054026503567;2.0990853;-6.7911587
8.63;90;72;306;187;66.76860346585117;2.0816793;-6.8221374
8.64;90;72;307;187;66.87054026503567;2.0990853;-6.832317
8.65;90;72;307;188;66.97247706422019;2.0753424;-6.842466
8.66;90;72;307;188;66.97247706422019;2.0753424;-6.842466
8.67;89;71;308;188;66.87054026503567;2.0990853;-6.914634
8.68;89;71;308;188;66.87054026503567;2.0990853;-6.914634
8.69;89;71;308;188;66.87054026503567;2.0990853;-6.914634
8.7;89;71;308;189;66.97247706422019;2.0753424;-6.9246573
8.71;89;71;309;189;67.07441386340469;2.0927052;-6.9346504
8.72;88;71;309;189;66.97247706422019;2.1164384;-6.9657536
8.73;88;71;309;189;66.97247706422019;2.1164384;-6.9657536
8.74;88;70;309;189;66.87054026503567;2.0990853;-6.996951
8.75;88;70;309;189;66.87054026503567;2.0990853;-6.996951
8.76;88;70;309;189;66.87054026503567;2.0990853;-6.996951
8.77;87;70;309;189;66.76860346585117;2.1229007;-7.0282445
8.78;87;69;309;189;66.66666666666666;2.1055045;-7.0596333
8.79;87;69;309;190;66.76860346585117;2.0816793;-7.0694656
8.8;87;69;309;190;66.76860346585117;2.0816793;-7.0694656
8.81;86;68;310;190;66.66666666666666;2.1055045;-7.142202
8.82;86;68;310;190;66.66666666666666;2.1055045;-7.142202
8.83;86;67;310;191;66.66666666666666;2.0642202;-7.1834865
8.84;86;67;311;191;66.76860346585117;2.0816793;-7.1931295
8.85;86;67;311;192;66.87054026503567;2.057927;-7.202744
8.86;85;66;312;192;66.76860346585117;2.0816793;-7.2755723
8.87;85;66;312;193;66.87054026503567;2.057927;-7.285061
8.88;85;65;313;193;66.87054026503567;2.057927;-7.3262196
8.89;85;65;313;194;66.97247706422019;2.0342467;-7.3356166
8.9;85;64;313;194;66.87054026503567;2.0167682;-7.367378
8.91;84;64;313;194;66.76860346585117;2.040458;-7.3992367
8.92;84;64;313;194;66.76860346585117;2.040458;-7.3992367
8.93;84;64;313;194;66.76860346585117;2.040458;-7.3992367
8.94;84;64;313;194;66.76860346585117;2.040458;-7.3992367
8.95;84;64;313;194;66.76860346585117;2.040458;-7.3992367
8.96;84;64;312;194;66.66666666666666;2.0229359;-7.3899083
8.97;84;64;312;194;66.66666666666666;2.0229359;-7.3899083
8.98;84;64;312;194;66.66666666666666;2.0229359;-7.3899083
8.99;84;64;312;194;66.66666666666666;2.0229359;-7.3899083
9.0;84;64;312;194;66.66666666666666;2.0229359;-7.3899083
9.01;84;64;312;194;66.66666666666666;2.0229359;-7.3899083
9.02;84;64;312;195;66.76860346585117;1.9992366;-7.3992367
9.03;84;64;312;195;66.76860346585117;1.9992366;-7.3992367
9.04;85;65;312;195;66.97247706422019;1.9931507;-7.3356166
9.05;85;65;312;194;66.87054026503567;2.0167682;-7.3262196
9.06;86;66;312;194;67.07441386340469;2.0106382;-7.262918
9.07;87;67;311;193;67.07441386340469;2.0106382;-7.180851
9.08;87;67;310;192;66.87054026503567;2.0167682;-7.1615853
9.09;88;68;309;191;66.87054026503567;2.0167682;-7.0792685
9.1;88;68;309;191;66.87054026503567;2.0167682;-7.0792685
9.11;88;69;308;190;66.76860346585117;2.040458;-7.0282445
9.12;88;69;308;190;66.76860346585117;2.040458;-7.0282445
9.13;89;69;308;190;66.87054026503567;2.0167682;-6.996951
9.14;89;69;308;190;66.87054026503567;2.0167682;-6.996951
9.15;89;69;308;189;66.76860346585117;2.040458;-6.987023
9.16;89;70;308;189;66.87054026503567;2.057927;-6.955793
9.17;89;70;307;189;66.76860346585117;2.040458;-6.9458017
9.18;89;70;308;189;66.87054026503567;2.057927;-6.955793
9.19;89;70;308;190;66.97247706422019;2.0342467;-6.9657536
9.2;89;69;308;190;66.87054026503567;2.0167682;-6.996951
9.21;89;69;308;190;66.87054026503567;2.0167682;-6.996951
9.22;89;69;308;190;66.87054026503567;2.0167682;-6.996951
9.23;89;69;308;190;66.87054026503567;2.0167682;-6.996951
9.24;89;69;308;191;66.97247706422019;1.9931507;-7.0068493
9.25;88;68;308;191;66.76860346585117;1.9992366;-7.0694656
9.26;88;68;308;191;66.76860346585117;1.9992366;-7.0694656
9.27;88;68;309;191;66.87054026503567;2.0167682;-7.0792685
9.28;88;68;309;192;66.97247706422019;1.9931507;-7.089041
9.29;88;67;309;192;66.87054026503567;1.9756098;-7.1204267
9.3;88;67;309;192;66.87054026503567;1.9756098;-7.1204267
9.31;87;67;309;192;66.76860346585117;1.9992366;-7.1519084
9.32;87;67;309;193;66.87054026503567;1.9756098;-7.1615853
9.33;87;67;310;193;66.97247706422019;1.9931507;-7.1712327
9.34;87;66;310;193;66.87054026503567;1.9756098;-7.202744
9.35;87;66;310;193;66.87054026503567;1.9756098;-7.202744
9.36;87;66;310;193;66.87054026503567;1.9756098;-7.202744
9.37;87;66;310;193;66.87054026503567;1.9756098;-7.202744
9.38;87;66;310;193;66.87054026503567;1.9756098;-7.202744
9.39;87;67;309;193;66.87054026503567;1.9756098;-7.1615853
9.4;87;67;309;193;66.87054026503567;1.9756098;-7.1615853
9.41;87;67;309;192;66.76860346585117;1.9992366;-7.1519084
9.42;87;67;309;192;66.76860346585117;1.9992366;-7.1519084
9.43;87;67;308;192;66.66666666666666;1.9816514;-7.142202
9.44;87;68;308;192;66.76860346585117;1.9992366;-7.1106873
9.45;87;68;308;192;66.76860346585117;1.9992366;-7.1106873
9.46;87;68;308;192;66.76860346585117;1.9992366;-7.1106873
9.47;87;68;308;192;66.76860346585117;1.9992366;-7.1106873
9.48;87;68;309;193;66.97247706422019;1.9931507;-7.130137
9.49;87;68;309;193;66.97247706422019;1.9931507;-7.130137
9.5;87;68;309;193;66.97247706422019;1.9931507;-7.130137
9.51;87;68;309;193;66.97247706422019;1.9931507;-7.130137
9.52;87;68;309;193;66.97247706422019;1.9931507;-7.130137
9.53;87;68;309;193;66.97247706422019;1.9931507;-7.130137
9.54;87;68;309;193;66.97247706422019;1.9931507;-7.130137
9.55;87;68;308;193;66.87054026503567;1.9756098;-7.1204267
9.56;87;68;308;193;66.87054026503567;1.9756098;-7.1204267
9.57;87;68;307;192;66.66666666666666;1.9816514;-7.1009173
9.58;88;69;307;192;66.87054026503567;1.9756098;-7.03811
9.59;88;69;306;191;66.66666666666666;1.9816514;-7.0183487
9.6;88;69;306;191;66.66666666666666;1.9816514;-7.0183487
9.61;88;69;306;191;66.66666666666666;1.9816514;-7.0183487
9.62;88;69;306;191;66.66666666666666;1.9816514;-7.0183487
9.63;89;70;306;191;66.87054026503567;1.9756098;-6.955793
9.64;89;70;306;191;66.87054026503567;1.9756098;-6.955793
9.65;89;70;306;191;66.87054026503567;1.9756098;-6.955793
9.66;89;70;306;191;66.87054026503567;1.9756098;-6.955793
9.67;90;71;306;191;67.07441386340469;1.9696048;-6.893617
9.68;90;71;306;191;67.07441386340469;1.9696048;-6.893617
9.69;90;72;305;191;67.07441386340469;1.9696048;-6.8525834
9.7;91;72;305;191;67.17635066258919;1.9461305;-6.8216996
9.71;91;73;305;190;67.17635066258919;1.9871017;-6.7807283
9.72;92;73;304;190;67.17635066258919;1.9461305;-6.739757
9.73;92;73;304;190;67.17635066258919;1.9461305;-6.739757
9.74;93;74;303;190;67.2782874617737;1.9227272;-6.668182
9.75;93;74;302;189;67.07441386340469;1.9285715;-6.6474166
9.76;93;74;301;188;66.87054026503567;1.9344512;-6.6265244
9.77;93;74;300;187;66.66666666666666;1.940367;-6.6055045
9.78;93;74;300;186;66.56472986748216;1.9640123;-6.5949464
9.79;94;74;299;186;66.56472986748216;1.9226646;-6.553599
9.8;94;74;298;186;66.46279306829766;1.904908;-6.542945
9.81;94;74;298;186;66.46279306829766;1.904908;-6.542945
9.82;94;74;298;187;66.56472986748216;1.881317;-6.553599
9.83;94;75;298;187;66.66666666666666;1.8990825;-6.522936
9.84;95;75;298;187;66.76860346585117;1.8755726;-6.4923663
9.85;95;75;298;188;66.87054026503567;1.8521341;-6.503049
9.86;95;75;297;188;66.76860346585117;1.8343512;-6.4923663
9.87;96;75;297;188;66.87054026503567;1.8109756;-6.46189
9.88;96;76;297;188;66.97247706422019;1.8287672;-6.4315066
9.89;96;76;296;188;66.87054026503567;1.8109756;-6.4207315
9.9;97;76;296;189;67.07441386340469;1.7644377;-6.401216
9.91;97;75;296;189;66.97247706422019;1.7465754;-6.4315066
9.92;97;75;296;189;66.97247706422019;1.7465754;-6.4315066
9.93;97;75;296;189;66.97247706422019;1.7465754;-6.4315066
9.94;97;75;295;189;66.87054026503567;1.7286586;-6.4207315
9.95;97;75;295;190;66.97247706422019;1.7054795;-6.4315066
9.96;97;75;295;190;66.97247706422019;1.7054795;-6.4315066
9.97;97;75;295;190;66.97247706422019;1.7054795;-6.4315066
9.98;97;74;295;190;66.87054026503567;1.6875;-6.46189
9.99;98;74;295;190;66.97247706422019;1.6643835;-6.4315066
10.0;98;74;295;190;66.97247706422019;1.6643835;-6.4315066
10.01;98;74;295;190;66.97247706422019;1.6643835;-6.4315066
10.02;98;74;294;191;66.97247706422019;1.6232877;-6.4315066
10.03;98;73;294;191;66.87054026503567;1.6051829;-6.46189
10.04;98;73;294;191;66.87054026503567;1.6051829;-6.46189
10.05;98;73;294;191;66.87054026503567;1.6051829;-6.46189
10.06;97;73;294;192;66.87054026503567;1.6051829;-6.503049
10.07;97;73;294;192;66.87054026503567;1.6051829;-6.503049
10.08;97;73;294;192;66.87054026503567;1.6051829;-6.503049
10.09;97;73;293;192;66.76860346585117;1.5870229;-6.4923663
10.1;97;73;293;193;66.87054026503567;1.5640244;-6.503049
10.11;98;73;293;193;66.97247706422019;1.5410959;-6.472603
10.12;98;72;293;193;66.87054026503567;1.5228659;-6.503049
10.13;98;72;293;193;66.87054026503567;1.5228659;-6.503049
10.14;98;72;293;194;66.97247706422019;1.5;-6.5136986
10.15;98;72;293;194;66.97247706422019;1.5;-6.5136986
10.16;98;72;293;194;66.97247706422019;1.5;-6.5136986
10.17;98;72;293;194;66.97247706422019;1.5;-6.5136986
10.18;98;72;293;194;66.97247706422019;1.5;-6.5136986
10.19;98;72;293;194;66.97247706422019;1.5;-6.5136986
10.2;98;72;293;193;66.87054026503567;1.5228659;-6.503049
10.21;98;72;292;193;66.76860346585117;1.5045801;-6.4923663
10.22;98;72;292;193;66.76860346585117;1.5045801;-6.4923663
10.23;98;72;292;193;66.76860346585117;1.5045801;-6.4923663
10.24;98;72;292;194;66.87054026503567;1.4817073;-6.503049
10.25;98;72;292;194;66.87054026503567;1.4817073;-6.503049
10.26;98;72;292;194;66.87054026503567;1.4817073;-6.503049
10.27;98;72;292;194;66.87054026503567;1.4817073;-6.503049
10.28;98;72;292;194;66.87054026503567;1.4817073;-6.503049
10.29;99;72;292;195;67.07441386340469;1.4361702;-6.4832826
10.3;99;72;292;195;67.07441386340469;1.4361702;-6.4832826
10.31;99;72;292;195;67.07441386340469;1.4361702;-6.4832826
10.32;99;72;292;195;67.07441386340469;1.4361702;-6.4832826
10.33;99;72;291;195;66.97247706422019;1.4178082;-6.472603
10.34;99;72;291;195;66.97247706422019;1.4178082;-6.472603
10.35;99;72;291;194;66.87054026503567;1.4405488;-6.46189
10.36;99;72;290;194;66.76860346585117;1.4221374;-6.451145
10.37;99;72;290;194;66.76860346585117;1.4221374;-6.451145
10.38;99;72;290;194;66.76860346585117;1.4221374;-6.451145
10.39;99;72;289;194;66.66666666666666;1.4036697;-6.4403667
10.4;99;72;289;194;66.66666666666666;1.4036697;-6.4403667
10.41;99;71;289;194;66.56472986748216;1.3851454;-6.4709034
10.42;99;71;290;194;66.66666666666666;1.4036697;-6.4816513
10.43;99;72;290;195;66.87054026503567;1.3993902;-6.46189
10.44;99;72;290;195;66.87054026503567;1.3993902;-6.46189
10.45;100;72;290;195;66.97247706422019;1.3767123;-6.4315066
10.46;100;72;290;195;66.97247706422019;1.3767123;-6.4315066
10.47;101;72;290;195;67.07441386340469;1.3541033;-6.401216
10.48;101;73;290;195;67.17635066258919;1.3725342;-6.3710165
10.49;101;73;290;195;67.17635066258919;1.3725342;-6.3710165
10.5;101;73;290;194;67.07441386340469;1.3951368;-6.3601823
10.51;101;73;290;194;67.07441386340469;1.3951368;-6.3601823
10.52;101;73;289;194;66.97247706422019;1.3767123;-6.349315
10.53;101;73;289;193;66.87054026503567;1.3993902;-6.3384147
10.54;101;72;289;193;66.76860346585117;1.380916;-6.3687024
10.55;101;72;290;193;66.87054026503567;1.3993902;-6.3795733
10.56;100;72;290;193;66.76860346585117;1.4221374;-6.4099236
10.57;100;72;290;193;66.76860346585117;1.4221374;-6.4099236
10.58;100;72;291;193;66.87054026503567;1.4405488;-6.4207315
10.59;100;72;291;193;66.87054026503567;1.4405488;-6.4207315
10.6;99;72;292;193;66.87054026503567;1.4817073;-6.46189
10.61;99;71;292;194;66.87054026503567;1.4405488;-6.503049
10.62;99;71;292;194;66.87054026503567;1.4405488;-6.503049
10.63;99;71;292;195;66.97247706422019;1.4178082;-6.5136986
10.64;98;71;293;195;66.97247706422019;1.4589041;-6.5547943
10.65;98;70;293;196;66.97247706422019;1.4178082;-6.5958905
10.66;98;70;293;196;66.97247706422019;1.4178082;-6.5958905
10.67;98;70;293;196;66.97247706422019;1.4178082;-6.5958905
10.68;97;70;293;196;66.87054026503567;1.4405488;-6.6265244
10.69;97;70;293;196;66.87054026503567;1.4405488;-6.6265244
10.7;97;70;293;196;66.87054026503567;1.4405488;-6.6265244
10.71;97;70;293;196;66.87054026503567;1.4405488;-6.6265244
10.72;97;70;293;196;66.87054026503567;1.4405488;-6.6265244
10.73;96;70;293;196;66.76860346585117;1.4633588;-6.657252
10.74;96;70;293;196;66.76860346585117;1.4633588;-6.657252
10.75;96;70;293;196;66.76860346585117;1.4633588;-6.657252
10.76;96;70;293;196;66.76860346585117;1.4633588;-6.657252
10.77;96;70;293;196;66.76860346585117;1.4633588;-6.657252
10.78;96;70;293;197;66.87054026503567;1.4405488;-6.667683
10.79;96;70;294;197;66.97247706422019;1.4589041;-6.678082
10.8;96;70;294;197;66.97247706422019;1.4589041;-6.678082
10.81;96;69;294;198;66.97247706422019;1.4178082;-6.719178
10.82;96;69;294;198;66.97247706422019;1.4178082;-6.719178
10.83;95;69;294;198;66.87054026503567;1.4405488;-6.75
10.84;95;69;294;198;66.87054026503567;1.4405488;-6.75
10.85;95;69;294;198;66.87054026503567;1.4405488;-6.75
10.86;95;69;294;199;66.97247706422019;1.4178082;-6.760274
10.87;95;69;293;199;66.87054026503567;1.3993902;-6.75
10.88;95;69;293;199;66.87054026503567;1.3993902;-6.75
10.89;95;69;293;199;66.87054026503567;1.3993902;-6.75
10.9;95;69;293;198;66.76860346585117;1.4221374;-6.7396946
10.91;96;69;292;198;66.76860346585117;1.380916;-6.6984735
10.92;96;69;292;198;66.76860346585117;1.380916;-6.6984735
10.93;96;69;292;198;66.76860346585117;1.380916;-6.6984735
10.94;96;69;292;198;66.76860346585117;1.380916;-6.6984735
10.95;96;70;292;198;66.87054026503567;1.3993902;-6.667683
10.96;96;70;292;198;66.87054026503567;1.3993902;-6.667683
10.97;97;70;292;198;66.97247706422019;1.3767123;-6.6369863
10.98;97;70;292;198;66.97247706422019;1.3767123;-6.6369863
10.99;97;70;292;198;66.97247706422019;1.3767123;-6.6369863
11.0;97;70;292;198;66.97247706422019;1.3767123;-6.6369863
11.01;97;70;292;198;66.97247706422019;1.3767123;-6.6369863
11.02;97;70;292;198;66.97247706422019;1.3767123;-6.6369863
11.03;97;70;292;198;66.97247706422019;1.3767123;-6.6369863
11.04;97;70;292;198;66.97247706422019;1.3767123;-6.6369863
11.05;97;69;292;198;66.87054026503567;1.3582317;-6.667683
11.06;97;69;292;198;66.87054026503567;1.3582317;-6.667683
11.07;97;69;292;198;66.87054026503567;1.3582317;-6.667683
11.08;97;70;292;198;66.97247706422019;1.3767123;-6.6369863
11.09;97;70;292;198;66.97247706422019;1.3767123;-6.6369863
11.1;97;70;292;198;66.97247706422019;1.3767123;-6.6369863
11.11;97;70;292;198;66.97247706422019;1.3767123;-6.6369863
11.12;97;70;292;198;66.97247706422019;1.3767123;-6.6369863
11.13;97;70;292;198;66.97247706422019;1.3767123;-6.6369863
11.14;97;70;292;198;66.97247706422019;1.3767123;-6.6369863
11.15;97;70;292;198;66.97247706422019;1.3767123;-6.6369863
11.16;97;70;292;197;66.87054026503567;1.3993902;-6.6265244
11.17;97;70;292;197;66.87054026503567;1.3993902;-6.6265244
11.18;97;70;292;197;66.87054026503567;1.3993902;-6.6265244
11.19;97;70;291;197;66.76860346585117;1.380916;-6.6160307
11.2;97;71;291;196;66.76860346585117;1.4221374;-6.574809
11.21;97;71;291;196;66.76860346585117;1.4221374;-6.574809
11.22;97;71;291;197;66.87054026503567;1.3993902;-6.585366
11.23;97;71;291;197;66.87054026503567;1.3993902;-6.585366
11.24;97;71;291;197;66.87054026503567;1.3993902;-6.585366
11.25;97;71;291;197;66.87054026503567;1.3993902;-6.585366
11.26;97;71;291;197;66.87054026503567;1.3993902;-6.585366
11.27;97;71;291;197;66.87054026503567;1.3993902;-6.585366
11.28;97;71;291;196;66.76860346585117;1.4221374;-6.574809
11.29;97;71;291;196;66.76860346585117;1.4221374;-6.574809
11.3;97;72;291;196;66.87054026503567;1.4405488;-6.544207
11.31;97;72;291;196;66.87054026503567;1.4405488;-6.544207
11.32;97;72;291;196;66.87054026503567;1.4405488;-6.544207
11.33;98;72;291;196;66.97247706422019;1.4178082;-6.5136986
11.34;98;73;291;196;67.07441386340469;1.4361702;-6.4832826
11.35;98;73;291;195;66.97247706422019;1.4589041;-6.472603
11.36;98;73;291;195;66.97247706422019;1.4589041;-6.472603
11.37;98;73;291;195;66.97247706422019;1.4589041;-6.472603
11.38;98;73;291;194;66.87054026503567;1.4817073;-6.46189
11.39;98;73;291;194;66.87054026503567;1.4817073;-6.46189
11.4;98;73;291;194;66.87054026503567;1.4817073;-6.46189
11.41;98;73;291;194;66.87054026503567;1.4817073;-6.46189
11.42;98;73;291;194;66.87054026503567;1.4817073;-6.46189
11.43;98;73;291;194;66.87054026503567;1.4817073;-6.46189
11.44;97;73;291;194;66.76860346585117;1.5045801;-6.4923663
11.45;97;73;291;194;66.76860346585117;1.5045801;-6.4923663
11.46;97;73;291;194;66.76860346585117;1.5045801;-6.4923663
11.47;97;73;291;194;66.76860346585117;1.5045801;-6.4923663
11.48;97;73;291;194;66.76860346585117;1.5045801;-6.4923663
11.49;97;73;291;194;66.76860346585117;1.5045801;-6.4923663
11.5;97;73;292;194;66.87054026503567;1.5228659;-6.503049
11.51;97;73;292;194;66.87054026503567;1.5228659;-6.503049
11.52;97;73;292;194;66.87054026503567;1.5228659;-6.503049
11.53;97;73;292;194;66.87054026503567;1.5228659;-6.503049
11.54;97;73;293;195;67.07441386340469;1.5182371;-6.5243163
11.55;97;72;293;195;66.97247706422019;1.5;-6.5547943
11.56;97;72;293;195;66.97247706422019;1.5;-6.5547943
11.57;97;72;294;196;67.17635066258919;1.4954476;-6.5758724
11.58;96;72;294;196;67.07441386340469;1.5182371;-6.606383
11.59;96;72;294;196;67.07441386340469;1.5182371;-6.606383
11.6;96;72;294;196;67.07441386340469;1.5182371;-6.606383
11.61;96;71;294;196;66.97247706422019;1.5;-6.6369863
11.62;96;71;294;196;66.97247706422019;1.5;-6.6369863
11.63;96;71;294;197;67.07441386340469;1.4772036;-6.6474166
11.64;96;71;294;197;67.07441386340469;1.4772036;-6.6474166
11.65;96;71;294;197;67.07441386340469;1.4772036;-6.6474166
11.66;96;71;294;197;67.07441386340469;1.4772036;-6.6474166
11.67;96;71;294;197;67.07441386340469;1.4772036;-6.6474166
11.68;96;71;294;197;67.07441386340469;1.4772036;-6.6474166
11.69;95;71;293;196;66.76860346585117;1.5045801;-6.657252
11.7;95;71;293;196;66.76860346585117;1.5045801;-6.657252
11.71;95;71;292;195;66.56472986748216;1.5091884;-6.636294
11.72;95;71;291;194;66.36085626911314;1.5138249;-6.615207
11.73;95;71;291;194;66.36085626911314;1.5138249;-6.615207
11.74;95;71;291;195;66.46279306829766;1.4907975;-6.6257668
11.75;95;71;292;196;66.66666666666666;1.4862385;-6.646789
11.76;96;71;293;197;66.97247706422019;1.4589041;-6.6369863
11.77;96;71;294;198;67.17635066258919;1.4544765;-6.657815
11.78;96;71;295;199;67.3802242609582;1.4500756;-6.6785173
11.79;96;71;296;200;67.58409785932722;1.4457014;-6.6990952
11.8;96;71;296;200;67.58409785932722;1.4457014;-6.6990952
11.81;96;70;296;200;67.4821610601427;1.4274925;-6.729607
11.82;95;70;296;199;67.2782874617737;1.4727273;-6.75
11.83;95;70;295;198;67.07441386340469;1.4772036;-6.729483
11.84;95;70;294;197;66.87054026503567;1.4817073;-6.7088413
11.85;94;69;293;196;66.46279306829766;1.4907975;-6.75
11.86;94;69;292;195;66.25891946992864;1.4953846;-6.729231
11.87;94;69;291;194;66.05504587155963;1.5;-6.7083335
11.88;94;69;291;194;66.05504587155963;1.5;-6.7083335
11.89;94;69;291;194;66.05504587155963;1.5;-6.7083335
11.9;94;69;292;194;66.15698267074414;1.51849;-6.718798
11.91;93;69;292;195;66.15698267074414;1.51849;-6.760401
11.92;93;69;292;195;66.15698267074414;1.51849;-6.760401
11.93;93;69;293;195;66.25891946992864;1.536923;-6.770769
11.94;93;69;294;197;66.56472986748216;1.5091884;-6.8016844
11.95;94;69;295;198;66.87054026503567;1.4817073;-6.7911587
11.96;94;68;296;200;67.07441386340469;1.4361702;-6.8525834
11.97;94;68;297;201;67.2782874617737;1.4318181;-6.8727274
11.98;94;68;298;203;67.58409785932722;1.4049773;-6.9027147
11.99;94;68;298;203;67.58409785932722;1.4049773;-6.9027147
12.0;94;68;298;204;67.68603465851172;1.3825301;-6.9126506
12.01;94;68;298;204;67.68603465851172;1.3825301;-6.9126506
12.02;93;68;297;203;67.3802242609582;1.4092284;-6.9236007
12.03;93;68;296;203;67.2782874617737;1.3909091;-6.913636
12.04;93;68;295;202;67.07441386340469;1.3951368;-6.893617
12.05;93;67;294;201;66.76860346585117;1.380916;-6.90458
12.06;93;67;294;201;66.76860346585117;1.380916;-6.90458
12.07;93;67;293;201;66.66666666666666;1.3623853;-6.8944955
12.08;93;67;292;200;66.46279306829766;1.3665644;-6.8742332
12.09;93;67;292;200;66.46279306829766;1.3665644;-6.8742332
12.1;93;67;292;200;66.46279306829766;1.3665644;-6.8742332
12.11;92;66;292;201;66.36085626911314;1.3479263;-6.947005
12.12;92;66;292;201;66.36085626911314;1.3479263;-6.947005
12.13;93;66;293;202;66.66666666666666;1.321101;-6.93578
12.14;93;66;294;204;66.97247706422019;1.2945205;-6.9657536
12.15;93;66;296;205;67.2782874617737;1.3090909;-6.9954543
12.16;93;66;296;205;67.2782874617737;1.3090909;-6.9954543
12.17;92;66;297;205;67.2782874617737;1.35;-7.0363636
12.18;92;66;296;205;67.17635066258919;1.331563;-7.0265555
12.19;92;66;296;204;67.07441386340469;1.3541033;-7.0167174
12.2;92;65;295;204;66.87054026503567;1.3170732;-7.03811
12.21;92;65;295;203;66.76860346585117;1.3396946;-7.0282445
12.22;92;65;295;203;66.76860346585117;1.3396946;-7.0282445
12.23;91;65;295;203;66.66666666666666;1.3623853;-7.0596333
12.24;91;65;295;203;66.66666666666666;1.3623853;-7.0596333
12.25;91;65;295;202;66.56472986748216;1.3851454;-7.0497704
12.26;91;65;295;202;66.56472986748216;1.3851454;-7.0497704
12.27;91;65;295;202;66.56472986748216;1.3851454;-7.0497704
12.28;91;65;295;202;66.56472986748216;1.3851454;-7.0497704
12.29;91;65;295;202;66.56472986748216;1.3851454;-7.0497704
12.3;91;65;295;202;66.56472986748216;1.3851454;-7.0497704
12.31;91;65;296;202;66.66666666666666;1.4036697;-7.0596333
12.32;91;66;296;203;66.87054026503567;1.3993902;-7.03811
12.33;91;66;297;203;66.97247706422019;1.4178082;-7.047945
12.34;91;66;298;204;67.17635066258919;1.4135053;-7.0675263
12.35;91;66;298;205;67.2782874617737;1.3909091;-7.077273
12.36;92;67;299;205;67.58409785932722;1.4049773;-7.024887
12.37;92;67;299;204;67.4821610601427;1.4274925;-7.0151057
12.38;92;67;298;204;67.3802242609582;1.4092284;-7.005295
12.39;92;67;297;203;67.17635066258919;1.4135053;-6.9855843
12.4;92;68;296;202;67.07441386340469;1.4361702;-6.9346504
12.41;92;68;295;201;66.87054026503567;1.4405488;-6.914634
12.42;92;68;295;200;66.76860346585117;1.4633588;-6.90458
12.43;92;68;294;200;66.66666666666666;1.4449542;-6.8944955
12.44;92;67;294;199;66.46279306829766;1.4493865;-6.915644
12.45;91;67;293;199;66.25891946992864;1.4538461;-6.936923
12.46;91;67;293;199;66.25891946992864;1.4538461;-6.936923
12.47;91;67;293;199;66.25891946992864;1.4538461;-6.936923
12.48;91;67;293;199;66.25891946992864;1.4538461;-6.936923
12.49;91;67;294;200;66.46279306829766;1.4493865;-6.957055
12.5;91;67;294;201;66.56472986748216;1.4264932;-6.967075
12.51;92;67;295;201;66.76860346585117;1.4221374;-6.9458017
12.52;92;67;295;201;66.76860346585117;1.4221374;-6.9458017
12.53;92;67;295;202;66.87054026503567;1.3993902;-6.955793
12.54;92;67;296;202;66.97247706422019;1.4178082;-6.9657536
12.55;92;67;296;203;67.07441386340469;1.3951368;-6.9756837
12.56;92;67;297;203;67.17635066258919;1.4135053;-6.9855843
12.57;91;67;297;203;67.07441386340469;1.4361702;-7.0167174
12.58;91;67;297;203;67.07441386340469;1.4361702;-7.0167174
12.59;91;67;297;203;67.07441386340469;1.4361702;-7.0167174
12.6;91;66;297;203;66.97247706422019;1.4178082;-7.047945
12.61;91;66;296;203;66.87054026503567;1.3993902;-7.03811
12.62;91;66;296;203;66.87054026503567;1.3993902;-7.03811
12.63;91;66;296;204;66.97247706422019;1.3767123;-7.047945
12.64;92;66;296;204;67.07441386340469;1.3541033;-7.0167174
12.65;92;66;296;204;67.07441386340469;1.3541033;-7.0167174
12.66;92;66;296;204;67.07441386340469;1.3541033;-7.0167174
12.67;92;66;296;205;67.17635066258919;1.331563;-7.0265555
12.68;92;65;296;205;67.07441386340469;1.3130699;-7.0577507
12.69;91;65;296;205;66.97247706422019;1.3356165;-7.089041
12.7;91;65;296;205;66.97247706422019;1.3356165;-7.089041
12.71;91;65;296;205;66.97247706422019;1.3356165;-7.089041
12.72;91;64;296;205;66.87054026503567;1.3170732;-7.1204267
12.73;91;64;296;205;66.87054026503567;1.3170732;-7.1204267
12.74;91;64;296;205;66.87054026503567;1.3170732;-7.1204267
12.75;91;64;295;205;66.76860346585117;1.2984732;-7.1106873
12.76;91;64;295;205;66.76860346585117;1.2984732;-7.1106873
12.77;91;64;295;205;66.76860346585117;1.2984732;-7.1106873
12.78;91;64;295;205;66.76860346585117;1.2984732;-7.1106873
12.79;91;64;294;205;66.66666666666666;1.2798165;-7.1009173
12.8;91;64;294;205;66.66666666666666;1.2798165;-7.1009173
12.81;92;64;294;205;66.76860346585117;1.2572519;-7.0694656
12.82;92;64;294;206;66.87054026503567;1.2347561;-7.0792685
12.83;92;64;294;206;66.87054026503567;1.2347561;-7.0792685
12.84;92;64;294;206;66.87054026503567;1.2347561;-7.0792685
12.85;92;64;294;206;66.87054026503567;1.2347561;-7.0792685
12.86;92;64;294;206;66.87054026503567;1.2347561;-7.0792685
12.87;92;64;294;206;66.87054026503567;1.2347561;-7.0792685
12.88;92;64;293;206;66.76860346585117;1.2160305;-7.0694656
12.89;92;64;293;206;66.76860346585117;1.2160305;-7.0694656
12.9;93;65;292;205;66.76860346585117;1.2160305;-6.987023
12.91;93;65;292;205;66.76860346585117;1.2160305;-6.987023
12.92;93;65;292;205;66.76860346585117;1.2160305;-6.987023
12.93;94;65;292;205;66.87054026503567;1.1935976;-6.955793
12.94;94;66;291;205;66.87054026503567;1.1935976;-6.914634
12.95;94;66;291;205;66.87054026503567;1.1935976;-6.914634
12.96;94;66;291;205;66.87054026503567;1.1935976;-6.914634
12.97;94;66;291;205;66.87054026503567;1.1935976;-6.914634
12.98;95;66;291;205;66.97247706422019;1.1712328;-6.8835616
12.99;95;66;291;205;66.97247706422019;1.1712328;-6.8835616
13.0;95;66;291;205;66.97247706422019;1.1712328;-6.8835616
13.01;95;66;291;205;66.97247706422019;1.1712328;-6.8835616
13.02;95;67;291;204;66.97247706422019;1.2123288;-6.842466
13.03;95;67;291;204;66.97247706422019;1.2123288;-6.842466
13.04;95;67;291;204;66.97247706422019;1.2123288;-6.842466
13.05;95;67;291;204;66.97247706422019;1.2123288;-6.842466
13.06;95;67;291;203;66.87054026503567;1.2347561;-6.832317
13.07;95;67;291;203;66.87054026503567;1.2347561;-6.832317
13.08;95;68;291;203;66.97247706422019;1.2534246;-6.8013697
13.09;95;68;291;202;66.87054026503567;1.2759147;-6.7911587
13.1;95;68;291;202;66.87054026503567;1.2759147;-6.7911587
13.11;96;68;290;201;66.76860346585117;1.2572519;-6.7396946
13.12;96;69;290;201;66.87054026503567;1.2759147;-6.7088413
13.13;96;69;290;201;66.87054026503567;1.2759147;-6.7088413
13.14;96;69;290;201;66.87054026503567;1.2759147;-6.7088413
13.15;96;69;290;201;66.87054026503567;1.2759147;-6.7088413
13.16;96;69;290;200;66.76860346585117;1.2984732;-6.6984735
13.17;96;69;290;200;66.76860346585117;1.2984732;-6.6984735
13.18;96;70;290;200;66.87054026503567;1.3170732;-6.667683
13.19;97;70;290;200;66.97247706422019;1.2945205;-6.6369863
13.2;97;70;291;199;66.97247706422019;1.3356165;-6.6369863
13.21;97;70;291;199;66.97247706422019;1.3356165;-6.6369863
13.22;97;70;291;199;66.97247706422019;1.3356165;-6.6369863
13.23;97;71;291;199;67.07441386340469;1.3541033;-6.606383
13.24;98;71;290;198;66.97247706422019;1.3356165;-6.5547943
13.25;98;71;290;198;66.97247706422019;1.3356165;-6.5547943
13.26;98;71;290;197;66.87054026503567;1.3582317;-6.544207
13.27;98;72;289;197;66.87054026503567;1.3582317;-6.503049
13.28;98;72;289;197;66.87054026503567;1.3582317;-6.503049
13.29;99;72;289;196;66.87054026503567;1.3582317;-6.46189
13.3;99;73;289;196;66.97247706422019;1.3767123;-6.4315066
13.31;99;73;288;195;66.76860346585117;1.380916;-6.4099236
13.32;99;73;288;195;66.76860346585117;1.380916;-6.4099236
13.33;99;73;288;195;66.76860346585117;1.380916;-6.4099236
13.34;99;73;288;195;66.76860346585117;1.380916;-6.4099236
13.35;99;73;288;195;66.76860346585117;1.380916;-6.4099236
13.36;99;73;288;195;66.76860346585117;1.380916;-6.4099236
13.37;99;73;289;195;66.87054026503567;1.3993902;-6.4207315
13.38;99;73;289;195;66.87054026503567;1.3993902;-6.4207315
13.39;99;72;290;196;66.97247706422019;1.3767123;-6.472603
13.4;99;72;290;196;66.97247706422019;1.3767123;-6.472603
13.41;99;72;290;196;66.97247706422019;1.3767123;-6.472603
13.42;98;72;290;197;66.97247706422019;1.3767123;-6.5136986
13.43;98;72;290;197;66.97247706422019;1.3767123;-6.5136986
13.44;98;72;290;197;66.97247706422019;1.3767123;-6.5136986
13.45;98;72;290;197;66.97247706422019;1.3767123;-6.5136986
13.46;98;72;290;197;66.97247706422019;1.3767123;-6.5136986
13.47;98;72;290;197;66.97247706422019;1.3767123;-6.5136986
13.48;98;72;290;197;66.97247706422019;1.3767123;-6.5136986
13.49;98;72;290;197;66.97247706422019;1.3767123;-6.5136986
13.5;98;72;290;197;66.97247706422019;1.3767123;-6.5136986
13.51;97;71;290;197;66.76860346585117;1.380916;-6.574809
13.52;97;71;290;197;66.76860346585117;1.380916;-6.574809
13.53;97;71;290;197;66.76860346585117;1.380916;-6.574809
13.54;97;71;290;198;66.87054026503567;1.3582317;-6.585366
13.55;97;70;290;198;66.76860346585117;1.3396946;-6.6160307
13.56;97;70;290;199;66.87054026503567;1.3170732;-6.6265244
13.57;97;70;290;199;66.87054026503567;1.3170732;-6.6265244
13.58;96;69;290;200;66.76860346585117;1.2984732;-6.6984735
13.59;96;69;291;201;66.97247706422019;1.2945205;-6.719178
13.6;96;68;291;201;66.87054026503567;1.2759147;-6.75
13.61;96;68;291;202;66.97247706422019;1.2534246;-6.760274
13.62;96;67;291;202;66.87054026503567;1.2347561;-6.7911587
13.63;96;67;291;203;66.97247706422019;1.2123288;-6.8013697
13.64;95;67;291;203;66.87054026503567;1.2347561;-6.832317
13.65;95;67;291;203;66.87054026503567;1.2347561;-6.832317
13.66;95;67;291;203;66.87054026503567;1.2347561;-6.832317
13.67;95;67;291;203;66.87054026503567;1.2347561;-6.832317
13.68;95;67;290;204;66.87054026503567;1.1935976;-6.832317
13.69;95;67;290;204;66.87054026503567;1.1935976;-6.832317
13.7;95;66;290;204;66.76860346585117;1.1748092;-6.863359
13.71;95;66;290;204;66.76860346585117;1.1748092;-6.863359
13.72;95;66;290;205;66.87054026503567;1.152439;-6.8734756
13.73;95;66;290;205;66.87054026503567;1.152439;-6.8734756
13.74;95;66;290;205;66.87054026503567;1.152439;-6.8734756
13.75;95;66;290;205;66.87054026503567;1.152439;-6.8734756
13.76;95;66;290;206;66.97247706422019;1.130137;-6.8835616
13.77;95;66;289;206;66.87054026503567;1.1112804;-6.8734756
13.78;95;66;290;206;66.97247706422019;1.130137;-6.8835616
13.79;95;66;290;206;66.97247706422019;1.130137;-6.8835616
13.8;95;66;290;206;66.97247706422019;1.130137;-6.8835616
13.81;95;66;290;206;66.97247706422019;1.130137;-6.8835616
13.82;95;66;290;206;66.97247706422019;1.130137;-6.8835616
13.83;95;66;290;206;66.97247706422019;1.130137;-6.8835616
13.84;95;66;290;206;66.97247706422019;1.130137;-6.8835616
13.85;95;66;289;206;66.87054026503567;1.1112804;-6.8734756
13.86;95;66;289;205;66.76860346585117;1.1335878;-6.863359
13.87;95;66;289;205;66.76860346585117;1.1335878;-6.863359
13.88;95;66;289;205;66.76860346585117;1.1335878;-6.863359
13.89;95;66;290;205;66.87054026503567;1.152439;-6.8734756
13.9;95;67;290;205;66.97247706422019;1.1712328;-6.842466
13.91;95;67;290;204;66.87054026503567;1.1935976;-6.832317
13.92;95;67;290;204;66.87054026503567;1.1935976;-6.832317
13.93;95;67;290;204;66.87054026503567;1.1935976;-6.832317
13.94;95;67;290;204;66.87054026503567;1.1935976;-6.832317
13.95;95;67;290;203;66.76860346585117;1.2160305;-6.8221374
13.96;95;67;290;203;66.76860346585117;1.2160305;-6.8221374
13.97;95;67;290;203;66.76860346585117;1.2160305;-6.8221374
13.98;93;65;292;205;66.76860346585117;1.2160305;-6.987023
13.99;93;65;292;205;66.76860346585117;1.2160305;-6.987023
14.0;93;65;293;205;66.87054026503567;1.2347561;-6.996951
14.01;93;65;293;205;66.87054026503567;1.2347561;-6.996951
14.02;93;65;293;206;66.97247706422019;1.2123288;-7.0068493
14.03;92;65;293;206;66.87054026503567;1.2347561;-7.03811
14.04;92;65;293;206;66.87054026503567;1.2347561;-7.03811
14.05;92;65;294;206;66.97247706422019;1.2534246;-7.047945
14.06;92;65;294;206;66.97247706422019;1.2534246;-7.047945
14.07;92;65;294;206;66.97247706422019;1.2534246;-7.047945
14.08;92;65;294;206;66.97247706422019;1.2534246;-7.047945
14.09;92;66;294;205;66.97247706422019;1.2945205;-7.0068493
14.1;92;66;294;205;66.97247706422019;1.2945205;-7.0068493
14.11;93;67;293;204;66.97247706422019;1.2945205;-6.9246573
14.12;93;68;293;204;67.07441386340469;1.3130699;-6.893617
14.13;93;68;292;203;66.87054026503567;1.3170732;-6.8734756
14.14;93;69;292;203;66.97247706422019;1.3356165;-6.842466
14.15;93;70;291;202;66.87054026503567;1.3582317;-6.7911587
14.16;93;70;291;202;66.87054026503567;1.3582317;-6.7911587
14.17;94;70;291;202;66.97247706422019;1.3356165;-6.760274
14.18;94;70;290;201;66.76860346585117;1.3396946;-6.7396946
14.19;93;70;290;201;66.66666666666666;1.3623853;-6.7706423
14.2;93;70;290;201;66.66666666666666;1.3623853;-6.7706423
14.21;93;70;290;201;66.66666666666666;1.3623853;-6.7706423
14.22;93;70;290;201;66.66666666666666;1.3623853;-6.7706423
14.23;93;70;290;201;66.66666666666666;1.3623853;-6.7706423
14.24;93;70;290;201;66.66666666666666;1.3623853;-6.7706423
14.25;93;70;290;201;66.66666666666666;1.3623853;-6.7706423
14.26;93;70;291;202;66.87054026503567;1.3582317;-6.7911587
14.27;93;69;291;202;66.76860346585117;1.3396946;-6.8221374
14.28;93;69;291;203;66.87054026503567;1.3170732;-6.832317
14.29;93;69;291;203;66.87054026503567;1.3170732;-6.832317
14.3;93;68;292;203;66.87054026503567;1.3170732;-6.8734756
14.31;93;68;292;204;66.97247706422019;1.2945205;-6.8835616
14.32;93;68;292;204;66.97247706422019;1.2945205;-6.8835616
14.33;93;68;292;204;66.97247706422019;1.2945205;-6.8835616
14.34;93;67;292;205;66.97247706422019;1.2534246;-6.9246573
14.35;93;67;292;205;66.97247706422019;1.2534246;-6.9246573
14.36;93;67;292;205;66.97247706422019;1.2534246;-6.9246573
14.37;93;67;292;205;66.97247706422019;1.2534246;-6.9246573
14.38;93;66;292;205;66.87054026503567;1.2347561;-6.955793
14.39;93;66;291;205;66.76860346585117;1.2160305;-6.9458017
14.4;93;66;291;205;66.76860346585117;1.2160305;-6.9458017
14.41;94;66;291;205;66.87054026503567;1.1935976;-6.914634
14.42;94;66;290;205;66.76860346585117;1.1748092;-6.90458
14.43;94;66;290;205;66.76860346585117;1.1748092;-6.90458
14.44;94;66;290;205;66.76860346585117;1.1748092;-6.90458
14.45;94;66;289;206;66.76860346585117;1.1335878;-6.90458
14.46;95;65;289;207;66.87054026503567;1.070122;-6.914634
14.47;95;65;288;207;66.76860346585117;1.0511451;-6.90458
14.48;95;65;287;208;66.76860346585117;1.0099237;-6.90458
14.49;95;65;287;209;66.87054026503567;0.9878049;-6.914634
14.5;95;64;286;209;66.66666666666666;0.9495413;-6.93578
14.51;96;64;286;210;66.87054026503567;0.9054878;-6.914634
14.52;96;64;286;210;66.87054026503567;0.9054878;-6.914634
14.53;96;64;286;211;66.97247706422019;0.8835617;-6.9246573
14.54;96;64;286;211;66.97247706422019;0.8835617;-6.9246573
14.55;96;64;286;212;67.07441386340469;0.86170214;-6.9346504
14.56;96;63;285;212;66.87054026503567;0.8231707;-6.955793
14.57;97;63;284;213;66.97247706422019;0.760274;-6.9246573
14.58;97;63;283;214;66.97247706422019;0.7191781;-6.9246573
14.59;98;63;283;214;67.07441386340469;0.6975684;-6.893617
14.6;99;63;282;214;67.07441386340469;0.65653497;-6.8525834
14.61;99;63;281;214;66.97247706422019;0.6369863;-6.842466
14.62;100;63;281;214;67.07441386340469;0.6155015;-6.81155
14.63;100;63;281;214;67.07441386340469;0.6155015;-6.81155
14.64;100;63;280;213;66.87054026503567;0.61737806;-6.7911587
14.65;101;63;280;213;66.97247706422019;0.5958904;-6.760274
14.66;101;63;280;212;66.87054026503567;0.61737806;-6.75
14.67;101;63;280;212;66.87054026503567;0.61737806;-6.75
14.68;101;63;279;211;66.66666666666666;0.61926603;-6.7293577
14.69;101;63;279;211;66.66666666666666;0.61926603;-6.7293577
14.7;101;64;279;211;66.76860346585117;0.6389313;-6.6984735
14.71;101;64;280;211;66.87054026503567;0.6585366;-6.7088413
14.72;101;64;280;211;66.87054026503567;0.6585366;-6.7088413
14.73;101;64;280;211;66.87054026503567;0.6585366;-6.7088413
14.74;101;64;281;211;66.97247706422019;0.67808217;-6.719178
14.75;101;64;281;211;66.97247706422019;0.67808217;-6.719178
14.76;101;64;281;211;66.97247706422019;0.67808217;-6.719178
14.77;101;63;280;212;66.87054026503567;0.61737806;-6.75
14.78;102;63;280;212;66.97247706422019;0.5958904;-6.719178
14.79;102;63;280;212;66.97247706422019;0.5958904;-6.719178
14.8;102;63;279;212;66.87054026503567;0.5762195;-6.7088413
14.81;102;63;279;212;66.87054026503567;0.5762195;-6.7088413
14.82;102;63;279;212;66.87054026503567;0.5762195;-6.7088413
14.83;102;63;279;211;66.76860346585117;0.5977099;-6.6984735
14.84;102;63;279;212;66.87054026503567;0.5762195;-6.7088413
14.85;102;63;279;212;66.87054026503567;0.5762195;-6.7088413
14.86;103;63;278;212;66.87054026503567;0.535061;-6.667683
14.87;103;63;278;213;66.97247706422019;0.51369864;-6.678082
14.88;103;64;278;213;67.07441386340469;0.5334346;-6.6474166
14.89;103;64;278;214;67.17635066258919;0.5121396;-6.657815
14.9;104;64;278;215;67.3802242609582;0.4697428;-6.63767
14.91;104;64;277;216;67.3802242609582;0.42889562;-6.63767
14.92;104;63;277;218;67.4821610601427;0.36706948;-6.688822
14.93;104;63;276;219;67.4821610601427;0.326284;-6.688822
14.94;104;63;276;221;67.68603465851172;0.28463855;-6.709337
14.95;105;62;275;222;67.68603465851172;0.20331325;-6.709337
14.96;105;62;274;223;67.68603465851172;0.1626506;-6.709337
14.97;105;62;274;224;67.78797145769623;0.14210527;-6.7195487
14.98;106;61;273;225;67.78797145769623;0.060902257;-6.7195487
14.99;106;61;272;225;67.68603465851172;0.04066265;-6.709337
15.0;107;61;271;226;67.78797145769623;-0.020300752;-6.6789474
15.01;107;61;269;226;67.58409785932722;-0.061085973;-6.658371
15.02;108;61;267;228;67.68603465851172;-0.1626506;-6.628012
15.03;108;61;265;229;67.58409785932722;-0.2239819;-6.617647
15.04;109;61;263;230;67.58409785932722;-0.30542988;-6.576923
15.05;110;60;261;230;67.3802242609582;-0.3880484;-6.555976
15.06;111;60;259;230;67.2782874617737;-0.45;-6.5045457
15.07;112;60;257;230;67.17635066258919;-0.5121396;-6.452959
15.08;113;60;255;229;66.97247706422019;-0.55479455;-6.390411
15.09;114;59;253;228;66.66666666666666;-0.61926603;-6.357798
15.1;115;59;251;227;66.46279306829766;-0.6625767;-6.2944784
15.11;116;59;250;226;66.36085626911314;-0.6843318;-6.2419353
15.12;117;59;248;226;66.25891946992864;-0.7476923;-6.189231
15.13;119;59;248;225;66.36085626911314;-0.7672811;-6.1175117
15.14;120;59;247;223;66.15698267074414;-0.76964563;-6.0531588
15.15;121;60;246;222;66.15698267074414;-0.76964563;-5.9699535
15.16;122;61;246;220;66.15698267074414;-0.72804314;-5.886749
15.17;122;62;245;218;65.95310907237513;-0.6885626;-5.8214836
15.18;123;63;245;216;65.95310907237513;-0.6468315;-5.738022
15.19;124;64;245;214;65.95310907237513;-0.60510045;-5.6545596
15.2;126;65;246;211;66.05504587155963;-0.5416667;-5.5416665
15.21;129;66;246;208;66.15698267074414;-0.5200308;-5.3875194
15.22;131;68;246;202;65.95310907237513;-0.39644513;-5.1955175
15.23;134;70;246;196;65.85117227319061;-0.29256967;-4.9736843
15.24;136;72;247;188;65.5453618756371;-0.10497667;-4.7659407
15.25;138;75;249;180;65.4434250764526;0.12616822;-4.542056
15.26;140;79;252;172;65.5453618756371;0.39891136;-4.304044
15.27;141;82;254;165;65.4434250764526;0.63084114;-4.1214952
15.28;142;86;256;157;65.34148827726808;0.9056162;-3.8962557
15.29;141;89;259;150;65.13761467889908;1.2042253;-3.7816901
15.3;141;92;263;144;65.23955147808358;1.4765625;-3.6703124
15.31;139;96;269;138;65.4434250764526;1.8504673;-3.6168225
15.32;137;100;276;132;65.74923547400611;2.2395349;-3.5790699
15.33;135;105;285;126;66.36085626911314;2.675115;-3.546083
15.34;132;110;294;120;66.87054026503567;3.128049;-3.5396342
15.35;129;114;303;115;67.3802242609582;3.533283;-3.57413
15.36;125;117;312;110;67.68603465851172;3.944277;-3.6596386
15.37;121;120;321;105;67.99184505606523;4.3515744;-3.7443779
15.38;116;123;330;101;68.29765545361876;4.7552238;-3.8686566
15.39;110;125;339;98;68.50152905198776;5.142857;-4.058036
15.4;103;127;349;95;68.70540265035677;5.568249;-4.2863503
15.41;95;128;360;91;68.70540265035677;6.0489616;-4.566766
15.42;86;129;371;88;68.70540265035677;6.5296736;-4.8872404
15.43;76;130;380;84;68.29765545361876;7.052239;-5.1985073
15.44;66;131;388;79;67.68603465851172;7.6039157;-5.4894576
15.45;56;132;394;74;66.87054026503567;8.14939;-5.762195
15.46;47;133;399;69;66.05504587155963;8.666667;-6.0
15.47;40;134;403;64;65.34148827726808;9.119345;-6.170827
15.48;35;136;408;61;65.23955147808358;9.45;-6.2859373
15.49;33;138;412;60;65.5453618756371;9.594868;-6.319596
15.5;32;139;416;60;65.95310907237513;9.660742;-6.3639874
15.51;32;140;420;60;66.46279306829766;9.690184;-6.3773007
15.52;33;141;422;61;66.97247706422019;9.636987;-6.349315
15.53;33;142;423;61;67.17635066258919;9.64871;-6.3300457
15.54;33;143;423;61;67.2782874617737;9.654546;-6.3
15.55;33;143;423;60;67.17635066258919;9.689681;-6.2890744
15.56;33;143;422;60;67.07441386340469;9.68389;-6.2781153
15.57;33;143;422;60;67.07441386340469;9.68389;-6.2781153
15.58;32;142;422;60;66.87054026503567;9.713414;-6.3384147
15.59;32;141;422;60;66.76860346585117;9.707634;-6.3687024
15.6;32;141;423;60;66.87054026503567;9.713414;-6.3795733
15.61;32;141;423;60;66.87054026503567;9.713414;-6.3795733
15.62;31;140;423;60;66.66666666666666;9.743119;-6.4403667
15.63;31;139;421;59;66.25891946992864;9.7615385;-6.4384613
15.64;31;138;420;59;66.05504587155963;9.75;-6.4583335
15.65;30;137;418;58;65.5453618756371;9.804821;-6.4875584
15.66;30;136;417;58;65.34148827726808;9.793292;-6.5078
15.67;30;135;417;58;65.23955147808358;9.7875;-6.5390625
15.68;30;134;417;58;65.13761467889908;9.781691;-6.5704226
15.69;29;134;416;58;64.93374108053007;9.812402;-6.5910516
15.7;29;133;415;57;64.62793068297655;9.83754;-6.6009464
15.71;29;132;413;57;64.32212028542304;9.820127;-6.610935
15.72;28;131;413;57;64.11824668705403;9.851352;-6.674881
15.73;28;130;413;57;64.01630988786951;9.845541;-6.7070065
15.74;28;129;414;57;64.01630988786951;9.845541;-6.75
15.75;28;128;416;58;64.22018348623853;9.814285;-6.8142858
15.76;27;127;418;58;64.22018348623853;9.857142;-6.9
15.77;27;126;419;59;64.32212028542304;9.820127;-6.953249
15.78;27;124;420;59;64.22018348623853;9.814285;-7.0285716
15.79;26;123;419;59;63.91437308868501;9.839713;-7.083732
15.8;26;121;418;59;63.608562691131496;9.822115;-7.139423
15.81;26;120;417;59;63.40468909276248;9.810289;-7.1623793
15.82;25;118;416;59;62.99694189602446;9.830097;-7.252427
15.83;25;116;414;59;62.58919469928644;9.806189;-7.299674
15.84;24;114;412;59;62.07951070336391;9.820197;-7.3817735
15.85;24;111;410;58;61.46788990825688;9.828359;-7.455224
15.86;24;108;406;58;60.754332313965335;9.785234;-7.5201344
15.87;23;105;401;58;59.83690112130479;9.774276;-7.6124363
15.88;23;103;396;57;59.02140672782874;9.76943;-7.6243525
15.89;23;100;392;57;58.307849133537204;9.723776;-7.694056
15.9;22;98;389;56;57.59429153924567;9.772567;-7.7654867
15.91;22;96;385;56;56.98267074413863;9.732558;-7.8005366
15.92;21;93;380;55;55.96330275229357;9.762295;-7.8934426
15.93;21;90;374;54;54.94393476044852;9.743043;-7.939703
15.94;20;87;366;53;53.61875637104995;9.7528515;-8.007605
15.95;19;83;354;51;51.68195718654434;9.772189;-8.068048
15.96;19;78;339;48;49.33741080530071;9.762397;-8.088843
15.97;18;73;321;45;46.58511722731906;9.7779;-8.123632
15.98;17;68;301;42;43.6289500509684;9.778037;-8.137851
15.99;17;63;282;39;40.876656472986745;9.729426;-8.113466
16.0;16;58;262;36;37.920489296636084;9.725806;-8.129032
16.01;16;53;243;33;35.16819571865443;9.665217;-8.1
16.02;15;48;225;31;32.517838939857285;9.606583;-8.167711
16.03;14;43;208;28;29.867482161060142;9.629693;-8.24744
16.04;13;37;191;26;27.217125382262996;9.55618;-8.44382
16.05;12;31;174;23;24.464831804281346;9.5625;-8.6625
16.06;10;25;157;20;21.61060142711519;9.679245;-9.042453
16.07;9;18;140;18;18.858307849133535;9.55946;-9.55946
16.08;7;12;123;16;16.106014271151885;9.56962;-10.253164
16.09;6;6;107;14;13.557594291539244;9.43985;-11.06391
16.1;4;2;93;12;11.314984709480122;9.6081085;-12.040541
16.11;3;0;79;11;9.480122324159021;9.435484;-12.629032
16.12;1;0;65;10;7.747196738022426;9.592105;-13.144737
16.13;0;0;51;10;6.218144750254842;9.0737705;-13.5
16.14;0;0;39;8;4.791029561671763;8.904255;-13.5
16.15;0;0;29;6;3.567787971457696;8.8714285;-13.5
16.16;0;0;20;5;2.54841997961264;8.1;-13.5
16.17;0;0;13;3;1.6309887869520896;8.4375;-13.5
16.18;0;0;6;2;0.8154943934760448;6.75;-13.5
16.19;0;0;1;1;0.2038735983690112;0.0;-13.5
16.2;0;0;0;0;0.0;0.0;0.0
16.21;0;0;0;0;0.0;0.0;0.0
16.22;0;0;0;0;0.0;0.0;0.0
16.23;0;0;0;0;0.0;0.0;0.0
16.24;0;0;0;0;0.0;0.0;0.0
16.25;0;0;0;0;0.0;0.0;0.0
16.26;0;0;0;0;0.0;0.0;0.0
16.27;0;0;0;0;0.0;0.0;0.0
16.28;0;0;0;0;0.0;0.0;0.0
16.29;0;0;0;0;0.0;0.0;0.0
16.3;0;0;0;0;0.0;0.0;0.0
16.31;0;0;0;0;0.0;0.0;0.0
16.32;0;0;0;0;0.0;0.0;0.0
16.33;0;0;0;0;0.0;0.0;0.0
16.34;0;0;0;0;0.0;0.0;0.0
16.35;0;0;0;0;0.0;0.0;0.0
16.36;0;0;0;0;0.0;0.0;0.0
16.37;0;0;0;0;0.0;0.0;0.0
16.38;0;0;0;0;0.0;0.0;0.0
16.39;0;0;0;0;0.0;0.0;0.0
16.4;0;0;0;0;0.0;0.0;0.0
16.41;0;0;0;0;0.0;0.0;0.0
16.42;0;0;0;0;0.0;0.0;0.0
16.43;0;0;0;0;0.0;0.0;0.0
16.44;0;0;0;0;0.0;0.0;0.0
16.45;0;0;0;0;0.0;0.0;0.0
16.46;0;0;0;0;0.0;0.0;0.0
16.47;0;0;0;0;0.0;0.0;0.0
16.48;0;0;0;0;0.0;0.0;0.0
16.49;0;0;0;0;0.0;0.0;0.0
16.5;0;0;0;0;0.0;0.0;0.0
16.51;0;0;0;0;0.0;0.0;0.0
16.52;0;0;0;0;0.0;0.0;0.0
16.53;0;0;0;0;0.0;0.0;0.0
16.54;0;0;0;0;0.0;0.0;0.0
16.55;0;0;0;0;0.0;0.0;0.0
16.56;0;0;0;0;0.0;0.0;0.0
16.57;0;0;0;0;0.0;0.0;0.0
16.58;0;0;0;0;0.0;0.0;0.0
16.59;0;0;0;0;0.0;0.0;0.0
16.6;0;0;0;0;0.0;0.0;0.0
16.61;0;0;0;0;0.0;0.0;0.0
16.62;0;0;0;0;0.0;0.0;0.0
16.63;0;0;0;0;0.0;0.0;0.0
16.64;0;0;0;0;0.0;0.0;0.0
16.65;0;0;0;0;0.0;0.0;0.0
16.66;0;0;0;0;0.0;0.0;0.0
16.67;0;0;0;0;0.0;0.0;0.0
16.68;0;0;0;0;0.0;0.0;0.0
16.69;0;0;0;0;0.0;0.0;0.0
16.7;0;0;0;0;0.0;0.0;0.0
16.71;0;0;0;0;0.0;0.0;0.0
16.72;0;0;0;0;0.0;0.0;0.0
16.73;0;0;0;0;0.0;0.0;0.0
16.74;0;0;0;0;0.0;0.0;0.0
16.75;0;0;0;0;0.0;0.0;0.0
16.76;0;0;0;0;0.0;0.0;0.0
16.77;0;0;0;0;0.0;0.0;0.0
16.78;0;0;0;0;0.0;0.0;0.0
16.79;0;0;0;0;0.0;0.0;0.0
16.8;0;0;0;0;0.0;0.0;0.0
16.81;0;0;0;0;0.0;0.0;0.0
16.82;0;0;0;0;0.0;0.0;0.0
16.83;0;0;0;0;0.0;0.0;0.0
16.84;0;0;0;0;0.0;0.0;0.0
16.85;0;0;0;0;0.0;0.0;0.0
16.86;0;0;0;0;0.0;0.0;0.0
16.87;0;0;0;0;0.0;0.0;0.0
16.88;0;0;0;0;0.0;0.0;0.0
16.89;0;0;0;0;0.0;0.0;0.0
16.9;0;0;0;0;0.0;0.0;0.0
16.91;0;0;0;0;0.0;0.0;0.0
16.92;0;0;0;0;0.0;0.0;0.0
16.93;0;0;0;0;0.0;0.0;0.0
16.94;0;0;0;0;0.0;0.0;0.0
16.95;0;0;0;0;0.0;0.0;0.0
16.96;0;0;0;0;0.0;0.0;0.0
16.97;0;0;0;0;0.0;0.0;0.0
16.98;0;0;0;0;0.0;0.0;0.0
16.99;0;0;0;0;0.0;0.0;0.0
17.0;0;0;0;0;0.0;0.0;0.0
17.01;0;0;0;0;0.0;0.0;0.0
17.02;0;0;0;0;0.0;0.0;0.0
17.03;0;0;0;0;0.0;0.0;0.0
17.04;0;0;0;0;0.0;0.0;0.0
17.05;0;0;0;0;0.0;0.0;0.0
17.06;0;0;0;0;0.0;0.0;0.0
17.07;0;0;0;0;0.0;0.0;0.0
17.08;0;0;0;0;0.0;0.0;0.0
17.09;0;0;0;0;0.0;0.0;0.0
17.1;0;0;0;0;0.0;0.0;0.0
17.11;0;0;0;0;0.0;0.0;0.0
17.12;0;0;0;0;0.0;0.0;0.0
17.13;0;0;0;0;0.0;0.0;0.0
17.14;0;0;0;0;0.0;0.0;0.0
17.15;0;0;0;0;0.0;0.0;0.0
17.16;0;0;0;0;0.0;0.0;0.0
17.17;0;0;0;0;0.0;0.0;0.0
17.18;0;0;0;0;0.0;0.0;0.0
17.19;0;0;0;0;0.0;0.0;0.0
17.2;0;0;0;0;0.0;0.0;0.0
17.21;0;0;0;0;0.0;0.0;0.0
17.22;0;0;0;0;0.0;0.0;0.0
17.23;0;0;0;0;0.0;0.0;0.0
17.24;0;0;0;0;0.0;0.0;0.0
17.25;0;0;0;0;0.0;0.0;0.0
17.26;0;0;0;0;0.0;0.0;0.0
17.27;0;0;0;0;0.0;0.0;0.0
17.28;0;0;0;0;0.0;0.0;0.0
17.29;0;0;0;0;0.0;0.0;0.0
17.3;0;0;0;0;0.0;0.0;0.0
17.31;0;0;0;0;0.0;0.0;0.0
17.32;0;0;0;0;0.0;0.0;0.0
17.33;0;0;0;0;0.0;0.0;0.0
17.34;0;0;0;0;0.0;0.0;0.0
17.35;0;0;0;0;0.0;0.0;0.0
17.36;0;0;0;0;0.0;0.0;0.0
17.37;0;0;0;0;0.0;0.0;0.0
17.38;0;0;0;0;0.0;0.0;0.0
17.39;0;0;0;0;0.0;0.0;0.0
17.4;0;0;0;0;0.0;0.0;0.0
17.41;0;0;0;0;0.0;0.0;0.0
17.42;0;0;0;0;0.0;0.0;0.0
17.43;0;0;0;0;0.0;0.0;0.0
17.44;0;0;0;0;0.0;0.0;0.0
17.45;0;0;0;0;0.0;0.0;0.0
17.46;0;0;0;0;0.0;0.0;0.0
17.47;0;0;0;0;0.0;0.0;0.0
17.48;0;0;0;0;0.0;0.0;0.0
17.49;0;0;0;0;0.0;0.0;0.0
17.5;0;0;0;0;0.0;0.0;0.0
17.51;0;0;0;0;0.0;0.0;0.0
17.52;0;0;0;0;0.0;0.0;0.0
17.53;0;0;0;0;0.0;0.0;0.0
17.54;0;0;0;0;0.0;0.0;0.0
17.55;0;0;0;0;0.0;0.0;0.0
17.56;0;0;0;0;0.0;0.0;0.0
17.57;0;0;0;0;0.0;0.0;0.0
17.58;0;0;0;0;0.0;0.0;0.0
17.59;0;0;0;0;0.0;0.0;0.0
17.6;0;0;0;0;0.0;0.0;0.0
17.61;0;0;0;0;0.0;0.0;0.0
17.62;0;0;0;0;0.0;0.0;0.0
17.63;0;0;0;0;0.0;0.0;0.0
17.64;0;0;0;0;0.0;0.0;0.0
17.65;0;0;0;0;0.0;0.0;0.0
17.66;0;0;0;0;0.0;0.0;0.0
17.67;0;0;0;0;0.0;0.0;0.0
17.68;0;0;0;0;0.0;0.0;0.0
17.69;0;0;0;0;0.0;0.0;0.0
17.7;0;0;0;0;0.0;0.0;0.0
17.71;0;0;0;0;0.0;0.0;0.0
17.72;0;0;0;0;0.0;0.0;0.0
17.73;0;0;0;0;0.0;0.0;0.0
17.74;0;0;0;0;0.0;0.0;0.0
17.75;0;0;0;0;0.0;0.0;0.0
17.76;0;0;0;0;0.0;0.0;0.0
17.77;0;0;0;0;0.0;0.0;0.0
17.78;0;0;0;0;0.0;0.0;0.0
17.79;0;0;0;0;0.0;0.0;0.0
17.8;0;0;0;0;0.0;0.0;0.0
17.81;0;0;0;0;0.0;0.0;0.0
17.82;0;0;0;0;0.0;0.0;0.0
17.83;0;0;0;0;0.0;0.0;0.0
17.84;0;0;0;0;0.0;0.0;0.0
17.85;0;0;0;0;0.0;0.0;0.0
17.86;0;0;0;0;0.0;0.0;0.0
17.87;0;0;0;0;0.0;0.0;0.0
17.88;0;0;0;0;0.0;0.0;0.0
17.89;0;0;0;0;0.0;0.0;0.0
17.9;0;0;0;0;0.0;0.0;0.0
17.91;0;0;0;0;0.0;0.0;0.0
17.92;0;0;0;0;0.0;0.0;0.0
17.93;0;0;0;0;0.0;0.0;0.0
17.94;0;0;0;0;0.0;0.0;0.0
17.95;0;0;0;0;0.0;0.0;0.0
17.96;0;0;0;0;0.0;0.0;0.0
17.97;0;0;0;0;0.0;0.0;0.0
17.98;0;0;0;0;0.0;0.0;0.0
17.99;0;0;0;0;0.0;0.0;0.0
18.0;0;0;0;0;0.0;0.0;0.0
18.01;0;0;0;0;0.0;0.0;0.0
18.02;0;0;0;0;0.0;0.0;0.0
18.03;0;0;0;0;0.0;0.0;0.0
18.04;0;0;0;0;0.0;0.0;0.0
18.05;0;0;0;0;0.0;0.0;0.0
18.06;0;0;0;0;0.0;0.0;0.0
18.07;0;0;0;0;0.0;0.0;0.0
18.08;0;0;0;0;0.0;0.0;0.0
18.09;0;0;0;0;0.0;0.0;0.0
18.1;0;0;0;0;0.0;0.0;0.0
18.11;0;0;0;0;0.0;0.0;0.0
18.12;0;0;0;0;0.0;0.0;0.0
18.13;0;0;0;0;0.0;0.0;0.0
18.14;0;0;0;0;0.0;0.0;0.0
18.15;0;0;0;0;0.0;0.0;0.0
18.16;0;0;0;0;0.0;0.0;0.0
18.17;0;0;0;0;0.0;0.0;0.0
18.18;0;0;0;0;0.0;0.0;0.0
