 Height:  Visitor ;  Weight:  Visitor ;  Age:  -1 ;  Gender:  Visitor; name: hasan; color: green; situation: one leg
Temps (s);F1 (N);F2 (N);F3 (N);F4 (N);Fz (kg);ML (cm);AP (cm);Poids (kg);Instant apparition poids (s);Score equilibre;Vitesse de la phase de montee;Surface du stabilogramme;Vitesse de deplacement du centre des pressions;Phase de stabilisation
0.01;0;0;0;0;0.0;0.0;0.0;72.579001019368;13.120000000000001;14;4;4;2;4; 193.67991845056062; 1.7333692433737364; 2.750686050885117; 0.5055936699655847
0.02;0;0;0;0;0.0;0.0;0.0
0.03;0;0;0;0;0.0;0.0;0.0
0.04;0;0;0;0;0.0;0.0;0.0
0.05;0;0;0;0;0.0;0.0;0.0
0.06;0;0;0;0;0.0;0.0;0.0
0.07;0;0;0;0;0.0;0.0;0.0
0.08;0;0;0;0;0.0;0.0;0.0
0.09;0;0;0;0;0.0;0.0;0.0
0.1;0;0;0;0;0.0;0.0;0.0
0.11;0;0;0;0;0.0;0.0;0.0
0.12;0;0;0;0;0.0;0.0;0.0
0.13;0;0;0;0;0.0;0.0;0.0
0.14;0;0;0;0;0.0;0.0;0.0
0.15;0;0;0;0;0.0;0.0;0.0
0.16;0;0;0;0;0.0;0.0;0.0
0.17;0;0;0;0;0.0;0.0;0.0
0.18;0;0;0;0;0.0;0.0;0.0
0.19;0;0;0;0;0.0;0.0;0.0
0.2;0;0;0;0;0.0;0.0;0.0
0.21;0;0;0;0;0.0;0.0;0.0
0.22;0;0;0;0;0.0;0.0;0.0
0.23;0;0;0;0;0.0;0.0;0.0
0.24;0;0;0;0;0.0;0.0;0.0
0.25;0;0;0;0;0.0;0.0;0.0
0.26;0;0;0;0;0.0;0.0;0.0
0.27;0;0;0;0;0.0;0.0;0.0
0.28;0;0;0;0;0.0;0.0;0.0
0.29;0;0;0;0;0.0;0.0;0.0
0.3;0;0;0;0;0.0;0.0;0.0
0.31;0;0;0;0;0.0;0.0;0.0
0.32;0;0;0;0;0.0;0.0;0.0
0.33;0;0;0;0;0.0;0.0;0.0
0.34;0;0;0;0;0.0;0.0;0.0
0.35;0;0;0;0;0.0;0.0;0.0
0.36;0;0;0;0;0.0;0.0;0.0
0.37;0;0;0;0;0.0;0.0;0.0
0.38;0;0;0;0;0.0;0.0;0.0
0.39;0;0;0;0;0.0;0.0;0.0
0.4;0;0;0;0;0.0;0.0;0.0
0.41;0;0;0;0;0.0;0.0;0.0
0.42;0;0;0;0;0.0;0.0;0.0
0.43;0;0;0;0;0.0;0.0;0.0
0.44;0;0;0;0;0.0;0.0;0.0
0.45;0;0;0;0;0.0;0.0;0.0
0.46;0;0;0;0;0.0;0.0;0.0
0.47;0;0;0;0;0.0;0.0;0.0
0.48;0;0;0;0;0.0;0.0;0.0
0.49;0;0;0;0;0.0;0.0;0.0
0.5;0;0;0;0;0.0;0.0;0.0
0.51;0;0;0;0;0.0;0.0;0.0
0.52;0;0;0;0;0.0;0.0;0.0
0.53;0;0;0;0;0.0;0.0;0.0
0.54;0;0;0;0;0.0;0.0;0.0
0.55;0;0;0;0;0.0;0.0;0.0
0.56;0;0;0;0;0.0;0.0;0.0
0.57;0;0;0;0;0.0;0.0;0.0
0.58;0;0;0;0;0.0;0.0;0.0
0.59;0;0;0;0;0.0;0.0;0.0
0.6;0;0;0;0;0.0;0.0;0.0
0.61;0;0;0;0;0.0;0.0;0.0
0.62;0;0;0;0;0.0;0.0;0.0
0.63;0;0;0;0;0.0;0.0;0.0
0.64;0;0;0;0;0.0;0.0;0.0
0.65;0;0;0;0;0.0;0.0;0.0
0.66;0;0;0;0;0.0;0.0;0.0
0.67;0;0;0;0;0.0;0.0;0.0
0.68;0;0;0;0;0.0;0.0;0.0
0.69;0;0;0;0;0.0;0.0;0.0
0.7;0;0;0;0;0.0;0.0;0.0
0.71;0;0;0;0;0.0;0.0;0.0
0.72;0;0;0;0;0.0;0.0;0.0
0.73;0;0;0;0;0.0;0.0;0.0
0.74;0;0;0;0;0.0;0.0;0.0
0.75;0;0;0;0;0.0;0.0;0.0
0.76;0;0;0;0;0.0;0.0;0.0
0.77;0;0;0;0;0.0;0.0;0.0
0.78;0;0;0;0;0.0;0.0;0.0
0.79;0;0;0;0;0.0;0.0;0.0
0.8;0;0;0;0;0.0;0.0;0.0
0.81;0;0;0;0;0.0;0.0;0.0
0.82;0;0;0;0;0.0;0.0;0.0
0.83;0;0;0;0;0.0;0.0;0.0
0.84;0;0;0;0;0.0;0.0;0.0
0.85;0;0;0;0;0.0;0.0;0.0
0.86;0;0;0;0;0.0;0.0;0.0
0.87;0;0;0;0;0.0;0.0;0.0
0.88;0;0;0;0;0.0;0.0;0.0
0.89;0;0;0;0;0.0;0.0;0.0
0.9;0;0;0;0;0.0;0.0;0.0
0.91;0;0;0;0;0.0;0.0;0.0
0.92;0;0;0;0;0.0;0.0;0.0
0.93;0;0;0;0;0.0;0.0;0.0
0.94;0;0;0;0;0.0;0.0;0.0
0.95;0;0;0;0;0.0;0.0;0.0
0.96;0;0;0;0;0.0;0.0;0.0
0.97;0;0;0;0;0.0;0.0;0.0
0.98;0;0;0;0;0.0;0.0;0.0
0.99;1;0;0;0;0.1019367991845056;-13.5;13.5
1.0;4;0;0;2;0.6116207951070336;-13.5;4.5
1.01;7;0;1;2;1.019367991845056;-10.8;5.4
1.02;7;0;2;1;1.019367991845056;-8.1;5.4
1.03;5;0;1;1;0.7135575942915392;-9.642858;5.785714
1.04;5;0;1;1;0.7135575942915392;-9.642858;5.785714
1.05;7;0;2;2;1.1213047910295617;-8.590909;3.6818182
1.06;8;0;2;3;1.325178389398573;-9.346154;3.1153846
1.07;9;0;2;3;1.4271151885830784;-9.642858;3.857143
1.08;10;0;3;3;1.6309887869520896;-8.4375;3.375
1.09;13;0;4;4;2.1406727828746175;-8.357142;3.2142856
1.1;16;0;5;6;2.7522935779816513;-8.5;2.5
1.11;19;0;7;8;3.4658511722731906;-7.9411764;1.5882353
1.12;22;0;8;10;4.077471967380224;-8.1;1.35
1.13;25;0;10;12;4.791029561671763;-7.755319;0.86170214
1.14;27;0;12;14;5.402650356778797;-7.3867927;0.254717
1.15;29;0;14;17;6.116207951070336;-7.2;-0.45
1.16;31;0;17;21;7.033639143730887;-6.847826;-1.3695652
1.17;33;0;19;25;7.8491335372069315;-6.837662;-1.9285715
1.18;35;0;23;31;9.072375127421;-6.522472;-2.8820224
1.19;39;0;27;39;10.703363914373089;-6.5571427;-3.4714286
1.2;42;0;31;48;12.334352701325178;-6.5826445;-4.128099
1.21;46;0;36;56;14.067278287461773;-6.4565215;-4.5
1.22;51;0;40;63;15.698267074413863;-6.487013;-4.5584416
1.23;55;0;43;69;17.023445463812436;-6.547904;-4.6077843
1.24;60;0;46;73;18.246687054026502;-6.5614524;-4.449721
1.25;66;0;49;78;19.673802242609582;-6.6450777;-4.2668395
1.26;73;0;53;83;21.30479102956167;-6.65311;-4.069378
1.27;81;0;57;90;23.241590214067276;-6.75;-3.9078948
1.28;89;2;62;100;25.79001019367992;-6.6699605;-3.7885375
1.29;96;3;66;111;28.134556574923547;-6.75;-3.8152175
1.3;103;5;70;123;30.682976554536186;-6.772425;-3.8122923
1.31;110;6;75;134;33.12945973496432;-6.770769;-3.863077
1.32;118;8;79;146;35.77981651376147;-6.8076925;-3.8076923
1.33;125;10;83;156;38.12436289500509;-6.786096;-3.7540107
1.34;132;12;87;166;40.46890927624872;-6.7670026;-3.7065492
1.35;138;14;90;176;42.60958205912334;-6.7822967;-3.6818182
1.36;145;16;93;184;44.64831804281345;-6.780822;-3.5753424
1.37;152;18;97;193;46.890927624872575;-6.75;-3.5217392
1.38;159;20;100;201;48.92966360856269;-6.75;-3.43125
1.39;166;23;103;209;51.07033639143731;-6.709581;-3.3143713
1.4;174;25;106;217;53.211009174311926;-6.724138;-3.2068965
1.41;181;28;109;224;55.249745158002035;-6.6752768;-3.0885608
1.42;188;31;112;232;57.39041794087665;-6.642096;-2.9973357
1.43;194;33;115;239;59.225280326197755;-6.622203;-2.9509466
1.44;201;34;118;247;61.162079510703364;-6.66;-2.925
1.45;207;36;121;255;63.09887869520897;-6.651858;-2.9006462
1.46;212;37;123;262;64.62793068297655;-6.68612;-2.895899
1.47;218;38;124;267;65.95310907237513;-6.7395673;-2.816847
1.48;223;39;124;271;66.97247706422019;-6.8013697;-2.7328768
1.49;228;39;123;274;67.68603465851172;-6.9126506;-2.6430724
1.5;233;39;122;275;68.19571865443424;-7.002242;-2.5224216
1.51;240;40;121;276;69.01121304791029;-7.0790253;-2.3330872
1.52;247;42;119;274;69.52089704383282;-7.1260996;-2.058651
1.53;254;44;117;272;70.03058103975535;-7.172489;-1.7882096
1.54;260;46;116;269;70.43832823649338;-7.1700435;-1.5434153
1.55;266;48;115;267;70.9480122324159;-7.176724;-1.3189656
1.56;271;49;114;266;71.35575942915392;-7.2128572;-1.1571429
1.57;275;51;113;264;71.66156982670744;-7.20128;-0.9793741
1.58;278;52;112;262;71.76350662589195;-7.2102275;-0.84375
1.59;280;52;111;260;71.66156982670744;-7.239687;-0.74893314
1.6;282;52;109;258;71.45769622833842;-7.2988586;-0.6355207
1.61;283;52;108;255;71.1518858307849;-7.3108883;-0.5415473
1.62;285;52;106;253;70.9480122324159;-7.37069;-0.42672414
1.63;286;51;104;250;70.43832823649338;-7.44356;-0.33212736
1.64;287;50;101;249;70.03058103975535;-7.565502;-0.2554585
1.65;289;50;100;248;70.03058103975535;-7.6048036;-0.17685589
1.66;291;49;98;248;69.92864424057085;-7.714286;-0.1180758
1.67;294;49;98;247;70.13251783893985;-7.731105;-0.039244186
1.68;296;50;97;247;70.33639143730886;-7.747826;0.039130434
1.69;299;51;98;247;70.84607543323139;-7.7115107;0.097122304
1.7;301;53;98;246;71.1518858307849;-7.6590257;0.19340974
1.71;302;54;99;246;71.45769622833842;-7.60699;0.21184023
1.72;302;55;100;245;71.55963302752293;-7.5384617;0.23076923
1.73;302;56;100;244;71.55963302752293;-7.5;0.26923078
1.74;302;57;101;243;71.66156982670744;-7.431721;0.28805122
1.75;302;58;101;242;71.66156982670744;-7.3933144;0.32645804
1.76;302;59;102;241;71.76350662589195;-7.325284;0.34517047
1.77;301;59;102;240;71.55963302752293;-7.3076925;0.34615386
1.78;301;60;103;239;71.66156982670744;-7.239687;0.36486486
1.79;300;61;104;238;71.66156982670744;-7.1628733;0.36486486
1.8;299;62;105;238;71.76350662589195;-7.0951705;0.34517047
1.81;297;62;105;237;71.45769622833842;-7.0677605;0.32738945
1.82;297;63;106;236;71.55963302752293;-7.0;0.34615386
1.83;297;64;106;234;71.45769622833842;-6.952211;0.40442225
1.84;297;64;105;233;71.25382262996942;-6.972103;0.444206
1.85;299;65;105;232;71.45769622833842;-6.952211;0.5199715
1.86;301;65;104;231;71.45769622833842;-6.9907274;0.5970043
1.87;305;65;102;229;71.45769622833842;-7.0677605;0.7510699
1.88;309;65;99;227;71.35575942915392;-7.174286;0.9257143
1.89;313;64;97;227;71.45769622833842;-7.2988586;1.0206847
1.9;318;62;94;227;71.45769622833842;-7.491441;1.1362339
1.91;323;62;92;227;71.76350662589195;-7.59375;1.265625
1.92;329;62;90;225;71.96738022426095;-7.686969;1.4532578
1.93;335;64;89;223;72.47706422018348;-7.689873;1.6518987
1.94;340;65;88;221;72.782874617737;-7.714286;1.8151261
1.95;343;67;88;220;73.19062181447502;-7.671309;1.9178272
1.96;345;69;89;219;73.59836901121304;-7.5914125;1.9819945
1.97;345;70;89;218;73.59836901121304;-7.5540166;2.0193906
1.98;345;71;89;217;73.59836901121304;-7.5166206;2.0567868
1.99;344;71;89;216;73.39449541284404;-7.5;2.0625
2.0;343;72;89;214;73.19062181447502;-7.4456825;2.1058495
2.01;342;73;89;212;72.98674821610601;-7.3910613;2.1494412
2.02;341;73;90;210;72.782874617737;-7.3361344;2.1554623
2.03;340;74;90;210;72.782874617737;-7.2983193;2.1554623
2.04;338;74;91;210;72.6809378185525;-7.2517533;2.1016831
2.05;335;73;91;210;72.27319062181446;-7.254584;2.0373766
2.06;333;72;91;211;72.06931702344546;-7.275106;1.966761
2.07;332;71;91;212;71.96738022426095;-7.3045325;1.9121813
2.08;332;71;91;212;71.96738022426095;-7.3045325;1.9121813
2.09;333;70;90;212;71.86544342507645;-7.37234;1.9340426
2.1;334;70;89;212;71.86544342507645;-7.4106383;1.9723405
2.11;336;70;88;211;71.86544342507645;-7.448936;2.0489361
2.12;338;70;88;211;72.06931702344546;-7.466054;2.0813296
2.13;339;71;88;210;72.17125382262996;-7.4364405;2.1355932
2.14;341;71;87;210;72.27319062181446;-7.4830747;2.1897037
2.15;342;71;87;210;72.37512742099898;-7.4915495;2.2056339
2.16;343;72;87;210;72.579001019368;-7.4705057;2.2373595
2.17;344;72;87;209;72.579001019368;-7.4705057;2.275281
2.18;345;72;86;209;72.579001019368;-7.508427;2.3132021
2.19;346;72;87;209;72.782874617737;-7.487395;2.3067226
2.2;346;73;87;209;72.88481141692151;-7.458042;2.3223777
2.21;347;73;87;209;72.98674821610601;-7.4664803;2.3379889
2.22;347;74;87;209;73.08868501529052;-7.4372387;2.3535564
2.23;347;74;87;209;73.08868501529052;-7.4372387;2.3535564
2.24;347;75;88;210;73.39449541284404;-7.3875;2.325
2.25;347;75;88;210;73.39449541284404;-7.3875;2.325
2.26;346;75;89;210;73.39449541284404;-7.35;2.2875
2.27;345;75;89;209;73.19062181447502;-7.332869;2.2938719
2.28;344;75;89;209;73.08868501529052;-7.324268;2.2782426
2.29;343;75;89;208;72.88481141692151;-7.306993;2.2846153
2.3;342;76;90;208;72.98674821610601;-7.2402234;2.26257
2.31;340;76;90;208;72.782874617737;-7.222689;2.2310925
2.32;339;76;91;209;72.88481141692151;-7.1937065;2.1713288
2.33;337;76;92;210;72.88481141692151;-7.155944;2.0958042
2.34;335;76;94;212;73.08868501529052;-7.098326;1.9769875
2.35;332;76;95;214;73.08868501529052;-7.0606694;1.8640168
2.36;329;76;97;216;73.19062181447502;-6.994429;1.729805
2.37;326;75;98;218;73.08868501529052;-6.985356;1.6004184
2.38;323;75;100;220;73.19062181447502;-6.91922;1.4665738
2.39;321;74;101;222;73.19062181447502;-6.91922;1.3537605
2.4;320;74;101;222;73.08868501529052;-6.910042;1.3368201
2.41;319;73;100;221;72.6809378185525;-6.9488077;1.3443198
2.42;320;73;99;220;72.579001019368;-6.977528;1.4030899
2.43;321;73;98;218;72.37512742099898;-6.9971833;1.4830986
2.44;323;72;96;217;72.17125382262996;-7.09322;1.5635593
2.45;324;70;94;217;71.86544342507645;-7.219149;1.5893617
2.46;327;69;92;217;71.86544342507645;-7.3340425;1.6659575
2.47;331;69;91;217;72.17125382262996;-7.398305;1.7542373
2.48;335;69;89;215;72.17125382262996;-7.4745765;1.9067796
2.49;338;70;88;214;72.37512742099898;-7.4915495;2.015493
2.5;341;70;88;213;72.579001019368;-7.508427;2.085674
2.51;343;71;87;213;72.782874617737;-7.52521;2.1554623
2.52;345;71;87;212;72.88481141692151;-7.5335665;2.209091
2.53;346;71;87;212;72.98674821610601;-7.541899;2.2248604
2.54;348;71;86;211;72.98674821610601;-7.579609;2.3002794
2.55;349;72;86;211;73.19062181447502;-7.558496;2.3314762
2.56;350;72;85;210;73.08868501529052;-7.5878663;2.3912134
2.57;350;72;85;208;72.88481141692151;-7.5713286;2.4356644
2.58;351;72;84;207;72.782874617737;-7.6008406;2.4957983
2.59;351;72;84;206;72.6809378185525;-7.5925665;2.5182328
2.6;350;72;84;205;72.47706422018348;-7.575949;2.5253165
2.61;350;72;83;205;72.37512742099898;-7.6056337;2.5478873
2.62;350;72;84;204;72.37512742099898;-7.5676055;2.5478873
2.63;350;73;84;204;72.47706422018348;-7.537975;2.563291
2.64;350;73;84;204;72.47706422018348;-7.537975;2.563291
2.65;350;73;84;204;72.47706422018348;-7.537975;2.563291
2.66;350;73;84;205;72.579001019368;-7.546348;2.5407302
2.67;350;74;85;204;72.6809378185525;-7.478962;2.556101
2.68;350;74;85;204;72.6809378185525;-7.478962;2.556101
2.69;349;74;86;204;72.6809378185525;-7.441094;2.5182328
2.7;348;75;86;204;72.6809378185525;-7.403226;2.5182328
2.71;347;75;86;204;72.579001019368;-7.394663;2.502809
2.72;346;75;87;205;72.6809378185525;-7.365358;2.4424965
2.73;345;75;87;205;72.579001019368;-7.3567414;2.4269662
2.74;343;75;88;206;72.579001019368;-7.31882;2.3511236
2.75;342;74;88;207;72.47706422018348;-7.348101;2.2974684
2.76;342;74;89;209;72.782874617737;-7.3361344;2.2310925
2.77;341;73;89;210;72.6809378185525;-7.365358;2.1774194
2.78;341;72;89;212;72.782874617737;-7.4117646;2.1176472
2.79;342;71;88;214;72.88481141692151;-7.4958043;2.0958042
2.8;341;68;88;217;72.782874617737;-7.6008406;1.9663866
2.81;341;64;87;222;72.782874617737;-7.789916;1.8151261
2.82;340;60;86;228;72.782874617737;-7.9789915;1.6260505
2.83;340;57;85;234;72.98674821610601;-8.145251;1.4706703
2.84;340;53;83;238;72.782874617737;-8.357142;1.3613446
2.85;341;50;82;241;72.782874617737;-8.508404;1.2857143
2.86;342;49;81;242;72.782874617737;-8.584034;1.2857143
2.87;344;49;80;242;72.88481141692151;-8.628672;1.3405595
2.88;345;49;80;242;72.98674821610601;-8.635475;1.3575419
2.89;346;50;81;243;73.39449541284404;-8.5875;1.35
2.9;346;50;82;243;73.49643221202854;-8.556866;1.3294036
2.91;346;51;82;242;73.49643221202854;-8.519418;1.3668516
2.92;346;51;82;242;73.49643221202854;-8.519418;1.3668516
2.93;346;51;81;241;73.29255861365952;-8.543116;1.4082059
2.94;345;52;81;239;73.08868501529052;-8.4916315;1.4497908
2.95;344;52;81;238;72.88481141692151;-8.477622;1.4538461
2.96;343;52;81;237;72.6809378185525;-8.463534;1.4579242
2.97;342;52;81;237;72.579001019368;-8.456461;1.4410112
2.98;341;52;81;236;72.37512742099898;-8.442253;1.4450704
2.99;340;52;81;235;72.17125382262996;-8.427966;1.4491526
3.0;339;52;81;234;71.96738022426095;-8.413598;1.4532578
3.01;339;53;81;233;71.96738022426095;-8.375354;1.4915015
3.02;338;53;82;232;71.86544342507645;-8.329787;1.4744681
3.03;337;54;82;232;71.86544342507645;-8.29149;1.4744681
3.04;336;54;83;232;71.86544342507645;-8.253192;1.4361702
3.05;336;54;83;233;71.96738022426095;-8.260623;1.4150141
3.06;335;54;84;233;71.96738022426095;-8.22238;1.3767705
3.07;335;54;84;234;72.06931702344546;-8.229844;1.3557284
3.08;335;54;85;235;72.27319062181446;-8.206629;1.3138223
3.09;335;54;85;235;72.27319062181446;-8.206629;1.3138223
3.1;334;54;85;236;72.27319062181446;-8.206629;1.2757405
3.11;334;54;85;237;72.37512742099898;-8.214085;1.2549295
3.12;334;54;86;237;72.47706422018348;-8.183544;1.2341772
3.13;333;54;87;238;72.579001019368;-8.15309;1.1755618
3.14;332;54;87;239;72.579001019368;-8.15309;1.1376405
3.15;331;54;88;240;72.6809378185525;-8.122721;1.0792426
3.16;331;54;88;241;72.782874617737;-8.130252;1.0588236
3.17;331;54;88;241;72.782874617737;-8.130252;1.0588236
3.18;331;54;88;242;72.88481141692151;-8.137762;1.0384616
3.19;331;54;88;243;72.98674821610601;-8.145251;1.0181564
3.2;332;53;88;243;72.98674821610601;-8.1829605;1.0181564
3.21;333;53;88;244;73.19062181447502;-8.197772;1.0153203
3.22;334;53;87;243;73.08868501529052;-8.228033;1.0732218
3.23;335;52;86;243;72.98674821610601;-8.296089;1.0935755
3.24;335;52;86;242;72.88481141692151;-8.288811;1.113986
3.25;335;52;85;241;72.6809378185525;-8.312061;1.154979
3.26;335;52;85;241;72.6809378185525;-8.312061;1.154979
3.27;334;52;86;240;72.579001019368;-8.266854;1.1376405
3.28;333;53;86;240;72.579001019368;-8.228932;1.1376405
3.29;332;53;86;240;72.47706422018348;-8.2215185;1.1202532
3.3;331;53;87;240;72.47706422018348;-8.183544;1.0822785
3.31;330;53;87;241;72.47706422018348;-8.183544;1.0443038
3.32;330;53;87;241;72.47706422018348;-8.183544;1.0443038
3.33;329;53;87;241;72.37512742099898;-8.176056;1.0267606
3.34;329;53;87;241;72.37512742099898;-8.176056;1.0267606
3.35;330;53;87;242;72.579001019368;-8.191011;1.0238764
3.36;331;52;87;242;72.579001019368;-8.228932;1.0238764
3.37;331;52;87;243;72.6809378185525;-8.236325;1.0035063
3.38;332;51;86;244;72.6809378185525;-8.312061;1.0035063
3.39;332;50;86;245;72.6809378185525;-8.34993;0.96563816
3.4;332;49;85;248;72.782874617737;-8.432773;0.90756303
3.41;332;47;85;251;72.88481141692151;-8.515385;0.8118881
3.42;331;45;85;253;72.782874617737;-8.584034;0.7184874
3.43;330;44;84;255;72.6809378185525;-8.652875;0.66269284
3.44;330;42;83;257;72.579001019368;-8.759831;0.60674155
3.45;330;41;83;258;72.579001019368;-8.797752;0.56882024
3.46;329;40;83;260;72.579001019368;-8.835674;0.49297753
3.47;329;40;83;260;72.579001019368;-8.835674;0.49297753
3.48;330;40;82;261;72.6809378185525;-8.880084;0.5112202
3.49;330;40;82;261;72.6809378185525;-8.880084;0.5112202
3.5;330;40;82;261;72.6809378185525;-8.880084;0.5112202
3.51;331;40;82;261;72.782874617737;-8.886555;0.5294118
3.52;331;40;82;261;72.782874617737;-8.886555;0.5294118
3.53;331;40;82;260;72.6809378185525;-8.880084;0.54908836
3.54;332;41;82;260;72.88481141692151;-8.855245;0.5853147
3.55;332;41;82;260;72.88481141692151;-8.855245;0.5853147
3.56;332;41;82;259;72.782874617737;-8.84874;0.60504204
3.57;332;41;82;259;72.782874617737;-8.84874;0.60504204
3.58;332;41;82;258;72.6809378185525;-8.842216;0.6248247
3.59;331;41;82;258;72.579001019368;-8.835674;0.60674155
3.6;331;41;82;257;72.47706422018348;-8.829114;0.62658226
3.61;331;41;82;256;72.37512742099898;-8.8225355;0.6464789
3.62;331;42;82;255;72.37512742099898;-8.784507;0.6845071
3.63;331;44;83;253;72.47706422018348;-8.677216;0.74050635
3.64;330;45;83;252;72.37512742099898;-8.632395;0.7605634
3.65;330;46;84;251;72.47706422018348;-8.563292;0.778481
3.66;329;46;85;251;72.47706422018348;-8.525316;0.74050635
3.67;329;47;86;250;72.579001019368;-8.456461;0.75842696
3.68;328;48;86;249;72.47706422018348;-8.411392;0.778481
3.69;328;49;87;249;72.6809378185525;-8.34993;0.77629733
3.7;327;50;88;249;72.782874617737;-8.281512;0.75630254
3.71;327;50;88;249;72.782874617737;-8.281512;0.75630254
3.72;327;50;89;248;72.782874617737;-8.243697;0.75630254
3.73;326;50;88;248;72.579001019368;-8.266854;0.75842696
3.74;326;50;88;247;72.47706422018348;-8.259494;0.778481
3.75;326;50;88;247;72.47706422018348;-8.259494;0.778481
3.76;326;50;88;248;72.579001019368;-8.266854;0.75842696
3.77;326;49;88;249;72.579001019368;-8.304775;0.7205056
3.78;325;48;87;250;72.37512742099898;-8.366198;0.6845071
3.79;325;47;87;252;72.47706422018348;-8.411392;0.62658226
3.8;324;45;87;254;72.37512742099898;-8.480282;0.53239435
3.81;324;44;87;257;72.579001019368;-8.532304;0.4550562
3.82;324;42;86;259;72.47706422018348;-8.63924;0.39873418
3.83;324;41;86;261;72.579001019368;-8.683989;0.34129214
3.84;324;41;86;262;72.6809378185525;-8.690743;0.3218794
3.85;324;40;85;263;72.579001019368;-8.759831;0.30337077
3.86;325;40;85;264;72.782874617737;-8.773109;0.30252102
3.87;325;39;85;264;72.6809378185525;-8.804348;0.28401121
3.88;326;39;85;264;72.782874617737;-8.810925;0.30252102
3.89;326;39;84;264;72.6809378185525;-8.842216;0.3218794
3.9;327;39;84;264;72.782874617737;-8.84874;0.34033614
3.91;327;39;84;263;72.6809378185525;-8.842216;0.35974756
3.92;327;39;84;263;72.6809378185525;-8.842216;0.35974756
3.93;327;39;84;263;72.6809378185525;-8.842216;0.35974756
3.94;327;39;84;263;72.6809378185525;-8.842216;0.35974756
3.95;326;38;84;264;72.579001019368;-8.873595;0.30337077
3.96;326;38;84;265;72.6809378185525;-8.880084;0.28401121
3.97;325;38;84;265;72.579001019368;-8.873595;0.26544943
3.98;324;37;84;266;72.47706422018348;-8.905064;0.20886075
3.99;323;37;84;266;72.37512742099898;-8.898592;0.19014084
4.0;323;37;85;267;72.579001019368;-8.873595;0.15168539
4.01;322;36;85;267;72.37512742099898;-8.898592;0.114084505
4.02;321;36;85;268;72.37512742099898;-8.898592;0.07605634
4.03;322;36;85;268;72.47706422018348;-8.905064;0.094936706
4.04;322;36;85;268;72.47706422018348;-8.905064;0.094936706
4.05;322;37;85;268;72.579001019368;-8.873595;0.11376405
4.06;323;37;85;267;72.579001019368;-8.873595;0.15168539
4.07;323;38;86;266;72.6809378185525;-8.804348;0.17040673
4.08;323;38;86;265;72.579001019368;-8.797752;0.18960674
4.09;323;39;86;265;72.6809378185525;-8.7664795;0.2082749
4.1;324;39;86;264;72.6809378185525;-8.7664795;0.24614306
4.11;323;40;86;264;72.6809378185525;-8.728612;0.24614306
4.12;323;40;87;263;72.6809378185525;-8.690743;0.24614306
4.13;323;40;87;263;72.6809378185525;-8.690743;0.24614306
4.14;323;41;87;263;72.782874617737;-8.659664;0.2647059
4.15;322;41;87;262;72.579001019368;-8.646068;0.26544943
4.16;322;42;88;260;72.579001019368;-8.570225;0.30337077
4.17;322;43;88;258;72.47706422018348;-8.525316;0.3607595
4.18;321;45;89;256;72.47706422018348;-8.411392;0.39873418
4.19;321;46;90;254;72.47706422018348;-8.3354435;0.43670887
4.2;320;48;91;253;72.579001019368;-8.228932;0.4550562
4.21;319;49;91;251;72.37512742099898;-8.176056;0.4943662
4.22;319;50;92;250;72.47706422018348;-8.1075945;0.51265824
4.23;318;51;93;250;72.579001019368;-8.039326;0.49297753
4.24;318;51;93;249;72.47706422018348;-8.031646;0.51265824
4.25;317;52;94;249;72.579001019368;-7.9634833;0.49297753
4.26;317;52;94;249;72.579001019368;-7.9634833;0.49297753
4.27;316;52;94;248;72.37512742099898;-7.9478874;0.4943662
4.28;316;52;94;248;72.37512742099898;-7.9478874;0.4943662
4.29;315;52;94;248;72.27319062181446;-7.9400563;0.47602257
4.3;315;52;94;249;72.37512742099898;-7.9478874;0.45633802
4.31;315;51;94;251;72.47706422018348;-7.993671;0.39873418
4.32;315;50;94;252;72.47706422018348;-8.031646;0.3607595
4.33;315;49;95;254;72.6809378185525;-8.046985;0.28401121
4.34;314;49;95;256;72.782874617737;-8.054622;0.22689076
4.35;314;48;94;256;72.579001019368;-8.115169;0.2275281
4.36;314;48;94;257;72.6809378185525;-8.122721;0.2082749
4.37;315;48;94;257;72.782874617737;-8.130252;0.22689076
4.38;315;48;95;257;72.88481141692151;-8.1;0.20769231
4.39;314;48;95;258;72.88481141692151;-8.1;0.16993007
4.4;314;48;95;258;72.88481141692151;-8.1;0.16993007
4.41;314;48;95;258;72.88481141692151;-8.1;0.16993007
4.42;314;48;95;258;72.88481141692151;-8.1;0.16993007
4.43;314;48;94;258;72.782874617737;-8.130252;0.18907563
4.44;314;47;94;258;72.6809378185525;-8.160589;0.17040673
4.45;314;47;94;259;72.782874617737;-8.168067;0.15126051
4.46;313;46;94;260;72.6809378185525;-8.198457;0.09467041
4.47;313;45;93;260;72.47706422018348;-8.259494;0.094936706
4.48;313;45;93;261;72.579001019368;-8.266854;0.07584269
4.49;312;44;93;262;72.47706422018348;-8.297468;0.01898734
4.5;312;43;93;263;72.47706422018348;-8.3354435;-0.01898734
4.51;312;43;92;264;72.47706422018348;-8.373418;-0.01898734
4.52;311;42;92;265;72.37512742099898;-8.404225;-0.07605634
4.53;311;41;92;266;72.37512742099898;-8.442253;-0.114084505
4.54;311;41;92;266;72.37512742099898;-8.442253;-0.114084505
4.55;310;41;92;267;72.37512742099898;-8.442253;-0.15211268
4.56;310;40;92;268;72.37512742099898;-8.480282;-0.19014084
4.57;310;40;92;268;72.37512742099898;-8.480282;-0.19014084
4.58;310;40;92;268;72.37512742099898;-8.480282;-0.19014084
4.59;310;40;92;267;72.27319062181446;-8.473202;-0.17136812
4.6;311;41;92;266;72.37512742099898;-8.442253;-0.114084505
4.61;311;43;92;264;72.37512742099898;-8.366198;-0.03802817
4.62;311;44;93;262;72.37512742099898;-8.290141;0.0
4.63;312;46;94;261;72.6809378185525;-8.198457;0.056802243
4.64;312;47;95;259;72.6809378185525;-8.122721;0.09467041
4.65;312;49;95;258;72.782874617737;-8.054622;0.15126051
4.66;313;50;96;256;72.88481141692151;-7.9867134;0.20769231
4.67;313;51;96;255;72.88481141692151;-7.9489512;0.24545455
4.68;313;52;96;254;72.88481141692151;-7.9111886;0.28321677
4.69;312;52;97;254;72.88481141692151;-7.8734264;0.24545455
4.7;312;52;97;254;72.88481141692151;-7.8734264;0.24545455
4.71;312;52;97;254;72.88481141692151;-7.8734264;0.24545455
4.72;312;52;97;254;72.88481141692151;-7.8734264;0.24545455
4.73;311;51;97;255;72.782874617737;-7.9033613;0.18907563
4.74;311;51;97;256;72.88481141692151;-7.9111886;0.16993007
4.75;310;50;96;257;72.6809378185525;-7.971248;0.13253857
4.76;309;48;96;259;72.579001019368;-8.039326;0.037921347
4.77;309;47;96;261;72.6809378185525;-8.084853;-0.018934082
4.78;309;46;96;262;72.6809378185525;-8.122721;-0.056802243
4.79;308;45;96;263;72.579001019368;-8.15309;-0.11376405
4.8;308;45;95;264;72.579001019368;-8.191011;-0.11376405
4.81;308;44;95;265;72.579001019368;-8.228932;-0.15168539
4.82;308;43;95;266;72.579001019368;-8.266854;-0.18960674
4.83;308;43;95;266;72.579001019368;-8.266854;-0.18960674
4.84;309;43;95;265;72.579001019368;-8.266854;-0.15168539
4.85;309;43;94;265;72.47706422018348;-8.297468;-0.1329114
4.86;309;44;95;265;72.6809378185525;-8.236325;-0.13253857
4.87;309;44;95;264;72.579001019368;-8.228932;-0.11376405
4.88;310;44;95;264;72.6809378185525;-8.236325;-0.09467041
4.89;310;44;95;264;72.6809378185525;-8.236325;-0.09467041
4.9;310;44;95;264;72.6809378185525;-8.236325;-0.09467041
4.91;310;45;95;264;72.782874617737;-8.205882;-0.075630255
4.92;310;45;95;264;72.782874617737;-8.205882;-0.075630255
4.93;310;45;95;263;72.6809378185525;-8.198457;-0.056802243
4.94;310;45;95;263;72.6809378185525;-8.198457;-0.056802243
4.95;310;45;95;263;72.6809378185525;-8.198457;-0.056802243
4.96;311;45;95;262;72.6809378185525;-8.198457;-0.018934082
4.97;311;45;95;262;72.6809378185525;-8.198457;-0.018934082
4.98;312;46;94;261;72.6809378185525;-8.198457;0.056802243
4.99;313;46;94;261;72.782874617737;-8.205882;0.075630255
5.0;314;46;94;261;72.88481141692151;-8.213286;0.09440559
5.01;315;46;93;261;72.88481141692151;-8.251049;0.13216783
5.02;316;46;93;261;72.98674821610601;-8.25838;0.15083799
5.03;317;46;92;260;72.88481141692151;-8.288811;0.20769231
5.04;318;45;91;260;72.782874617737;-8.357142;0.22689076
5.05;319;45;91;260;72.88481141692151;-8.364336;0.24545455
5.06;319;44;91;261;72.88481141692151;-8.402098;0.20769231
5.07;320;43;90;262;72.88481141692151;-8.477622;0.20769231
5.08;320;42;90;264;72.98674821610601;-8.5223465;0.15083799
5.09;320;42;89;264;72.88481141692151;-8.553147;0.16993007
5.1;320;41;89;265;72.88481141692151;-8.590909;0.13216783
5.11;321;40;88;265;72.782874617737;-8.659664;0.15126051
5.12;321;39;87;265;72.579001019368;-8.72191;0.15168539
5.13;321;39;87;265;72.579001019368;-8.72191;0.15168539
5.14;321;38;86;264;72.27319062181446;-8.777856;0.17136812
5.15;321;38;86;264;72.27319062181446;-8.777856;0.17136812
5.16;321;37;85;264;72.06931702344546;-8.840877;0.1718529
5.17;321;37;85;264;72.06931702344546;-8.840877;0.1718529
5.18;322;37;85;264;72.17125382262996;-8.847458;0.19067797
5.19;322;37;85;264;72.17125382262996;-8.847458;0.19067797
5.2;323;38;85;263;72.27319062181446;-8.815938;0.24753174
5.21;323;38;85;263;72.27319062181446;-8.815938;0.24753174
5.22;324;38;85;262;72.27319062181446;-8.815938;0.28561354
5.23;324;39;85;262;72.37512742099898;-8.784507;0.30422536
5.24;324;39;85;262;72.37512742099898;-8.784507;0.30422536
5.25;325;39;85;262;72.47706422018348;-8.79114;0.3227848
5.26;325;39;85;262;72.47706422018348;-8.79114;0.3227848
5.27;326;40;85;262;72.6809378185525;-8.7664795;0.35974756
5.28;327;40;85;262;72.782874617737;-8.773109;0.37815127
5.29;328;40;85;262;72.88481141692151;-8.77972;0.3965035
5.3;328;41;85;261;72.88481141692151;-8.741958;0.43426573
5.31;329;41;85;261;72.98674821610601;-8.748604;0.45251396
5.32;330;41;85;261;73.08868501529052;-8.75523;0.4707113
5.33;331;41;84;260;72.98674821610601;-8.786313;0.52793294
5.34;332;41;84;260;73.08868501529052;-8.792887;0.5460251
5.35;333;41;84;260;73.19062181447502;-8.799443;0.5640668
5.36;334;41;83;260;73.19062181447502;-8.837048;0.60167134
5.37;335;40;83;259;73.08868501529052;-8.868201;0.6213389
5.38;336;40;82;259;73.08868501529052;-8.905858;0.6589958
5.39;337;40;81;258;72.98674821610601;-8.937151;0.71648043
5.4;337;40;80;257;72.782874617737;-8.962185;0.75630254
5.41;338;40;80;257;72.88481141692151;-8.968532;0.7741259
5.42;338;39;79;256;72.579001019368;-9.025281;0.79634833
5.43;338;39;79;255;72.47706422018348;-9.018988;0.8164557
5.44;337;39;79;255;72.37512742099898;-9.012676;0.79859155
5.45;337;39;79;255;72.37512742099898;-9.012676;0.79859155
5.46;337;39;79;254;72.27319062181446;-9.006347;0.8187588
5.47;337;39;78;254;72.17125382262996;-9.038136;0.83898306
5.48;337;40;78;253;72.17125382262996;-9.0;0.87711865
5.49;337;40;79;251;72.06931702344546;-8.955445;0.897454
5.5;337;41;79;250;72.06931702344546;-8.917256;0.93564355
5.51;337;41;79;250;72.06931702344546;-8.917256;0.93564355
5.52;336;42;80;249;72.06931702344546;-8.840877;0.93564355
5.53;336;42;80;248;71.96738022426095;-8.834277;0.9560906
5.54;335;43;80;248;71.96738022426095;-8.796034;0.9560906
5.55;335;43;81;249;72.17125382262996;-8.771187;0.91525424
5.56;335;44;82;249;72.37512742099898;-8.70845;0.91267604
5.57;336;44;82;250;72.579001019368;-8.72191;0.9101124
5.58;336;44;82;251;72.6809378185525;-8.728612;0.8899018
5.59;337;44;82;251;72.782874617737;-8.735294;0.90756303
5.6;338;44;82;251;72.88481141692151;-8.741958;0.92517483
5.61;338;44;82;251;72.88481141692151;-8.741958;0.92517483
5.62;338;44;82;252;72.98674821610601;-8.748604;0.9050279
5.63;339;44;82;253;73.19062181447502;-8.761839;0.90250695
5.64;339;43;82;253;73.08868501529052;-8.792887;0.8849372
5.65;339;43;82;254;73.19062181447502;-8.799443;0.8649025
5.66;339;43;82;254;73.19062181447502;-8.799443;0.8649025
5.67;338;42;81;254;72.88481141692151;-8.855245;0.8496503
5.68;338;42;81;254;72.88481141692151;-8.855245;0.8496503
5.69;338;42;81;254;72.88481141692151;-8.855245;0.8496503
5.7;337;41;81;254;72.6809378185525;-8.880084;0.8141655
5.71;337;41;81;254;72.6809378185525;-8.880084;0.8141655
5.72;337;41;81;254;72.6809378185525;-8.880084;0.8141655
5.73;337;41;81;254;72.6809378185525;-8.880084;0.8141655
5.74;337;41;81;254;72.6809378185525;-8.880084;0.8141655
5.75;336;41;81;253;72.47706422018348;-8.867088;0.8164557
5.76;336;42;81;252;72.47706422018348;-8.829114;0.8544304
5.77;335;42;81;252;72.37512742099898;-8.8225355;0.83661973
5.78;335;42;82;252;72.47706422018348;-8.79114;0.8164557
5.79;334;42;82;252;72.37512742099898;-8.784507;0.79859155
5.8;334;43;82;252;72.47706422018348;-8.753164;0.8164557
5.81;333;43;82;251;72.27319062181446;-8.739775;0.8187588
5.82;333;43;82;251;72.27319062181446;-8.739775;0.8187588
5.83;333;43;82;250;72.17125382262996;-8.733051;0.83898306
5.84;333;43;82;250;72.17125382262996;-8.733051;0.83898306
5.85;332;44;83;250;72.27319062181446;-8.66361;0.8187588
5.86;332;44;83;250;72.27319062181446;-8.66361;0.8187588
5.87;332;44;83;250;72.27319062181446;-8.66361;0.8187588
5.88;331;45;84;249;72.27319062181446;-8.587447;0.8187588
5.89;331;46;84;249;72.37512742099898;-8.556338;0.83661973
5.9;331;46;85;249;72.47706422018348;-8.525316;0.8164557
5.91;330;47;85;249;72.47706422018348;-8.487342;0.8164557
5.92;330;47;86;249;72.579001019368;-8.456461;0.79634833
5.93;330;47;86;249;72.579001019368;-8.456461;0.79634833
5.94;330;48;86;249;72.6809378185525;-8.425666;0.8141655
5.95;331;48;86;249;72.782874617737;-8.432773;0.8319328
5.96;331;48;86;249;72.782874617737;-8.432773;0.8319328
5.97;332;47;86;250;72.88481141692151;-8.477622;0.8118881
5.98;332;47;85;250;72.782874617737;-8.508404;0.8319328
5.99;333;47;85;251;72.98674821610601;-8.5223465;0.8296089
6.0;333;46;85;252;72.98674821610601;-8.560056;0.79189944
6.01;333;45;85;253;72.98674821610601;-8.597765;0.75418997
6.02;334;45;84;254;73.08868501529052;-8.64226;0.7719665
6.03;334;44;84;255;73.08868501529052;-8.679916;0.7343096
6.04;335;43;83;255;72.98674821610601;-8.748604;0.75418997
6.05;335;42;82;255;72.782874617737;-8.810925;0.75630254
6.06;336;42;82;255;72.88481141692151;-8.817483;0.7741259
6.07;336;41;81;256;72.782874617737;-8.886555;0.75630254
6.08;337;41;81;256;72.88481141692151;-8.893007;0.7741259
6.09;337;40;80;256;72.6809378185525;-8.95582;0.77629733
6.1;337;40;80;256;72.6809378185525;-8.95582;0.77629733
6.11;338;40;79;255;72.579001019368;-8.98736;0.83426964
6.12;338;39;79;255;72.47706422018348;-9.018988;0.8164557
6.13;339;39;79;254;72.47706422018348;-9.018988;0.8544304
6.14;339;39;78;254;72.37512742099898;-9.050704;0.8746479
6.15;339;39;78;254;72.37512742099898;-9.050704;0.8746479
6.16;339;39;78;254;72.37512742099898;-9.050704;0.8746479
6.17;338;39;78;254;72.27319062181446;-9.044429;0.8568406
6.18;338;39;78;254;72.27319062181446;-9.044429;0.8568406
6.19;338;39;78;255;72.37512742099898;-9.050704;0.83661973
6.2;338;39;79;255;72.47706422018348;-9.018988;0.8164557
6.21;338;39;79;255;72.47706422018348;-9.018988;0.8164557
6.22;338;39;79;255;72.47706422018348;-9.018988;0.8164557
6.23;338;39;79;255;72.47706422018348;-9.018988;0.8164557
6.24;338;39;79;255;72.47706422018348;-9.018988;0.8164557
6.25;338;40;79;255;72.579001019368;-8.98736;0.83426964
6.26;338;40;79;255;72.579001019368;-8.98736;0.83426964
6.27;338;40;80;255;72.6809378185525;-8.95582;0.8141655
6.28;337;41;80;255;72.6809378185525;-8.917953;0.8141655
6.29;337;41;80;255;72.6809378185525;-8.917953;0.8141655
6.3;337;41;80;256;72.782874617737;-8.92437;0.7941176
6.31;337;41;80;256;72.782874617737;-8.92437;0.7941176
6.32;338;41;80;256;72.88481141692151;-8.930769;0.8118881
6.33;338;41;80;256;72.88481141692151;-8.930769;0.8118881
6.34;338;40;80;256;72.782874617737;-8.962185;0.7941176
6.35;338;40;80;256;72.782874617737;-8.962185;0.7941176
6.36;338;40;80;256;72.782874617737;-8.962185;0.7941176
6.37;338;40;80;256;72.782874617737;-8.962185;0.7941176
6.38;337;40;80;257;72.782874617737;-8.962185;0.75630254
6.39;337;39;80;257;72.6809378185525;-8.993689;0.7384292
6.4;336;39;80;257;72.579001019368;-8.98736;0.7205056
6.41;336;39;80;258;72.6809378185525;-8.993689;0.700561
6.42;336;39;80;258;72.6809378185525;-8.993689;0.700561
6.43;335;39;80;258;72.579001019368;-8.98736;0.6825843
6.44;335;39;80;258;72.579001019368;-8.98736;0.6825843
6.45;335;39;80;258;72.579001019368;-8.98736;0.6825843
6.46;334;39;80;258;72.47706422018348;-8.981012;0.664557
6.47;334;39;80;258;72.47706422018348;-8.981012;0.664557
6.48;334;39;81;258;72.579001019368;-8.949438;0.6446629
6.49;334;39;81;259;72.6809378185525;-8.95582;0.6248247
6.5;334;39;81;258;72.579001019368;-8.949438;0.6446629
6.51;334;39;81;258;72.579001019368;-8.949438;0.6446629
6.52;333;40;81;256;72.37512742099898;-8.898592;0.6845071
6.53;333;40;81;255;72.27319062181446;-8.892101;0.7045134
6.54;333;42;81;253;72.27319062181446;-8.815938;0.780677
6.55;333;43;82;252;72.37512742099898;-8.746479;0.79859155
6.56;332;43;82;251;72.17125382262996;-8.733051;0.8008475
6.57;332;44;83;251;72.37512742099898;-8.670423;0.79859155
6.58;331;45;84;250;72.37512742099898;-8.594366;0.79859155
6.59;331;45;84;250;72.37512742099898;-8.594366;0.79859155
6.6;330;45;84;250;72.27319062181446;-8.587447;0.780677
6.61;330;46;85;251;72.579001019368;-8.532304;0.75842696
6.62;330;46;85;252;72.6809378185525;-8.53927;0.7384292
6.63;330;46;86;252;72.782874617737;-8.508404;0.7184874
6.64;330;46;86;253;72.88481141692151;-8.515385;0.6986014
6.65;330;45;86;253;72.782874617737;-8.546219;0.6806723
6.66;330;45;85;254;72.782874617737;-8.584034;0.6806723
6.67;330;44;85;254;72.6809378185525;-8.615007;0.66269284
6.68;330;44;85;255;72.782874617737;-8.621849;0.64285713
6.69;330;43;85;256;72.782874617737;-8.659664;0.60504204
6.7;330;43;85;257;72.88481141692151;-8.666433;0.5853147
6.71;329;42;84;258;72.6809378185525;-8.728612;0.54908836
6.72;329;41;84;259;72.6809378185525;-8.7664795;0.5112202
6.73;329;40;84;260;72.6809378185525;-8.804348;0.47335204
6.74;329;39;83;261;72.579001019368;-8.873595;0.4550562
6.75;330;39;83;261;72.6809378185525;-8.880084;0.47335204
6.76;330;38;83;262;72.6809378185525;-8.917953;0.43548387
6.77;330;38;82;262;72.579001019368;-8.949438;0.4550562
6.78;330;38;82;262;72.579001019368;-8.949438;0.4550562
6.79;330;38;82;262;72.579001019368;-8.949438;0.4550562
6.8;330;38;82;262;72.579001019368;-8.949438;0.4550562
6.81;330;38;82;262;72.579001019368;-8.949438;0.4550562
6.82;330;38;82;261;72.47706422018348;-8.943038;0.47468355
6.83;330;39;82;261;72.579001019368;-8.911517;0.49297753
6.84;330;39;82;260;72.47706422018348;-8.905064;0.51265824
6.85;330;40;83;259;72.579001019368;-8.835674;0.53089887
6.86;330;41;83;258;72.579001019368;-8.797752;0.56882024
6.87;330;41;83;257;72.47706422018348;-8.79114;0.5886076
6.88;330;42;84;257;72.6809378185525;-8.728612;0.5869565
6.89;330;42;84;256;72.579001019368;-8.72191;0.60674155
6.9;329;43;84;255;72.47706422018348;-8.677216;0.62658226
6.91;329;43;85;255;72.579001019368;-8.646068;0.60674155
6.92;328;44;85;255;72.579001019368;-8.608146;0.60674155
6.93;328;44;85;255;72.579001019368;-8.608146;0.60674155
6.94;328;44;85;255;72.579001019368;-8.608146;0.60674155
6.95;327;44;86;255;72.579001019368;-8.570225;0.56882024
6.96;327;44;86;256;72.6809378185525;-8.577139;0.54908836
6.97;327;44;86;256;72.6809378185525;-8.577139;0.54908836
6.98;326;43;86;256;72.47706422018348;-8.601266;0.51265824
6.99;326;43;86;257;72.579001019368;-8.608146;0.49297753
7.0;325;43;86;257;72.47706422018348;-8.601266;0.47468355
7.01;325;43;86;258;72.579001019368;-8.608146;0.4550562
7.02;324;43;87;258;72.579001019368;-8.570225;0.41713482
7.03;324;43;87;259;72.6809378185525;-8.577139;0.3976157
7.04;323;42;87;259;72.47706422018348;-8.601266;0.3607595
7.05;322;42;87;260;72.47706422018348;-8.601266;0.3227848
7.06;321;42;87;260;72.37512742099898;-8.594366;0.30422536
7.07;321;42;88;261;72.579001019368;-8.570225;0.26544943
7.08;320;42;88;261;72.47706422018348;-8.563292;0.24683544
7.09;319;42;89;262;72.579001019368;-8.532304;0.18960674
7.1;319;42;89;263;72.6809378185525;-8.53927;0.17040673
7.11;318;42;89;263;72.579001019368;-8.532304;0.15168539
7.12;318;42;89;264;72.6809378185525;-8.53927;0.13253857
7.13;317;41;90;264;72.579001019368;-8.532304;0.07584269
7.14;317;41;90;265;72.6809378185525;-8.53927;0.056802243
7.15;317;42;90;265;72.782874617737;-8.508404;0.075630255
7.16;317;42;90;265;72.782874617737;-8.508404;0.075630255
7.17;316;42;90;265;72.6809378185525;-8.501403;0.056802243
7.18;316;42;90;264;72.579001019368;-8.494382;0.07584269
7.19;316;42;90;263;72.47706422018348;-8.487342;0.094936706
7.2;316;43;90;262;72.47706422018348;-8.449368;0.1329114
7.21;315;44;90;260;72.27319062181446;-8.397038;0.17136812
7.22;315;44;91;259;72.27319062181446;-8.358956;0.17136812
7.23;314;45;91;258;72.17125382262996;-8.31356;0.19067797
7.24;314;46;92;257;72.27319062181446;-8.244711;0.20944993
7.25;313;46;92;257;72.17125382262996;-8.237288;0.19067797
7.26;313;47;93;257;72.37512742099898;-8.176056;0.19014084
7.27;313;47;93;257;72.37512742099898;-8.176056;0.19014084
7.28;312;47;94;258;72.47706422018348;-8.14557;0.1329114
7.29;312;47;94;258;72.47706422018348;-8.14557;0.1329114
7.3;312;47;94;259;72.579001019368;-8.15309;0.11376405
7.31;311;47;94;260;72.579001019368;-8.15309;0.07584269
7.32;311;46;95;261;72.6809378185525;-8.160589;0.018934082
7.33;310;46;95;262;72.6809378185525;-8.160589;-0.018934082
7.34;310;45;95;263;72.6809378185525;-8.198457;-0.056802243
7.35;309;44;95;265;72.6809378185525;-8.236325;-0.13253857
7.36;309;44;95;267;72.88481141692151;-8.251049;-0.16993007
7.37;309;43;95;268;72.88481141692151;-8.288811;-0.20769231
7.38;309;42;94;270;72.88481141692151;-8.364336;-0.24545455
7.39;309;41;94;270;72.782874617737;-8.394958;-0.2647059
7.4;310;41;93;270;72.782874617737;-8.432773;-0.22689076
7.41;310;40;93;270;72.6809378185525;-8.463534;-0.24614306
7.42;310;40;93;270;72.6809378185525;-8.463534;-0.24614306
7.43;311;40;93;270;72.782874617737;-8.470589;-0.22689076
7.44;311;40;92;270;72.6809378185525;-8.501403;-0.2082749
7.45;311;40;92;270;72.6809378185525;-8.501403;-0.2082749
7.46;311;40;92;270;72.6809378185525;-8.501403;-0.2082749
7.47;312;39;91;270;72.579001019368;-8.570225;-0.18960674
7.48;312;39;91;270;72.579001019368;-8.570225;-0.18960674
7.49;312;39;91;270;72.579001019368;-8.570225;-0.18960674
7.5;313;39;91;270;72.6809378185525;-8.577139;-0.17040673
7.51;313;38;90;270;72.47706422018348;-8.63924;-0.17088607
7.52;313;38;90;270;72.47706422018348;-8.63924;-0.17088607
7.53;313;38;90;271;72.579001019368;-8.646068;-0.18960674
7.54;314;38;90;271;72.6809378185525;-8.652875;-0.17040673
7.55;314;38;90;271;72.6809378185525;-8.652875;-0.17040673
7.56;314;37;90;271;72.579001019368;-8.683989;-0.18960674
7.57;314;37;90;271;72.579001019368;-8.683989;-0.18960674
7.58;314;37;90;271;72.579001019368;-8.683989;-0.18960674
7.59;314;38;90;271;72.6809378185525;-8.652875;-0.17040673
7.6;314;38;90;270;72.579001019368;-8.646068;-0.15168539
7.61;314;38;90;270;72.579001019368;-8.646068;-0.15168539
7.62;314;37;89;270;72.37512742099898;-8.70845;-0.15211268
7.63;314;37;89;270;72.37512742099898;-8.70845;-0.15211268
7.64;314;37;89;270;72.37512742099898;-8.70845;-0.15211268
7.65;315;37;89;270;72.47706422018348;-8.71519;-0.1329114
7.66;315;37;89;270;72.47706422018348;-8.71519;-0.1329114
7.67;315;37;89;271;72.579001019368;-8.72191;-0.15168539
7.68;316;37;89;271;72.6809378185525;-8.728612;-0.13253857
7.69;316;37;89;272;72.782874617737;-8.735294;-0.15126051
7.7;316;37;89;272;72.782874617737;-8.735294;-0.15126051
7.71;316;37;89;273;72.88481141692151;-8.741958;-0.16993007
7.72;316;36;89;273;72.782874617737;-8.773109;-0.18907563
7.73;316;36;89;273;72.782874617737;-8.773109;-0.18907563
7.74;316;36;88;274;72.782874617737;-8.810925;-0.18907563
7.75;316;35;88;274;72.6809378185525;-8.842216;-0.2082749
7.76;316;35;88;274;72.6809378185525;-8.842216;-0.2082749
7.77;316;35;88;274;72.6809378185525;-8.842216;-0.2082749
7.78;316;35;88;274;72.6809378185525;-8.842216;-0.2082749
7.79;316;35;88;274;72.6809378185525;-8.842216;-0.2082749
7.8;316;35;88;275;72.782874617737;-8.84874;-0.22689076
7.81;316;35;88;275;72.782874617737;-8.84874;-0.22689076
7.82;316;35;88;275;72.782874617737;-8.84874;-0.22689076
7.83;316;35;88;275;72.782874617737;-8.84874;-0.22689076
7.84;316;35;88;275;72.782874617737;-8.84874;-0.22689076
7.85;316;35;88;274;72.6809378185525;-8.842216;-0.2082749
7.86;316;35;88;274;72.6809378185525;-8.842216;-0.2082749
7.87;316;35;88;273;72.579001019368;-8.835674;-0.18960674
7.88;316;36;88;273;72.6809378185525;-8.804348;-0.17040673
7.89;316;36;88;273;72.6809378185525;-8.804348;-0.17040673
7.9;316;36;88;272;72.579001019368;-8.797752;-0.15168539
7.91;315;36;88;272;72.47706422018348;-8.79114;-0.17088607
7.92;315;36;88;271;72.37512742099898;-8.784507;-0.15211268
7.93;315;36;88;271;72.37512742099898;-8.784507;-0.15211268
7.94;314;36;88;271;72.27319062181446;-8.777856;-0.17136812
7.95;314;37;89;271;72.47706422018348;-8.71519;-0.17088607
7.96;314;37;89;271;72.47706422018348;-8.71519;-0.17088607
7.97;313;37;89;271;72.37512742099898;-8.70845;-0.19014084
7.98;313;37;89;272;72.47706422018348;-8.71519;-0.20886075
7.99;313;37;89;272;72.47706422018348;-8.71519;-0.20886075
8.0;313;37;89;272;72.47706422018348;-8.71519;-0.20886075
8.01;313;36;89;273;72.47706422018348;-8.753164;-0.24683544
8.02;313;36;89;273;72.47706422018348;-8.753164;-0.24683544
8.03;313;36;89;274;72.579001019368;-8.759831;-0.26544943
8.04;313;36;90;274;72.6809378185525;-8.728612;-0.28401121
8.05;313;36;90;274;72.6809378185525;-8.728612;-0.28401121
8.06;313;36;90;274;72.6809378185525;-8.728612;-0.28401121
8.07;313;37;90;274;72.782874617737;-8.697479;-0.2647059
8.08;313;37;90;273;72.6809378185525;-8.690743;-0.24614306
8.09;313;37;90;273;72.6809378185525;-8.690743;-0.24614306
8.1;313;37;90;273;72.6809378185525;-8.690743;-0.24614306
8.11;313;37;90;272;72.579001019368;-8.683989;-0.2275281
8.12;312;37;90;272;72.47706422018348;-8.677216;-0.24683544
8.13;312;37;90;271;72.37512742099898;-8.670423;-0.22816901
8.14;312;37;90;270;72.27319062181446;-8.66361;-0.20944993
8.15;312;38;90;269;72.27319062181446;-8.625529;-0.17136812
8.16;312;38;90;268;72.17125382262996;-8.618644;-0.15254237
8.17;312;39;90;267;72.17125382262996;-8.580508;-0.11440678
8.18;312;40;90;265;72.06931702344546;-8.53536;-0.0572843
8.19;311;41;91;264;72.06931702344546;-8.4589815;-0.0572843
8.2;311;42;92;262;72.06931702344546;-8.382603;-0.019094767
8.21;311;44;93;261;72.27319062181446;-8.282793;0.019040903
8.22;311;45;93;260;72.27319062181446;-8.244711;0.057122707
8.23;311;46;94;259;72.37512742099898;-8.176056;0.07605634
8.24;311;47;95;259;72.579001019368;-8.115169;0.07584269
8.25;312;48;95;258;72.6809378185525;-8.084853;0.13253857
8.26;312;48;95;258;72.6809378185525;-8.084853;0.13253857
8.27;312;49;95;257;72.6809378185525;-8.046985;0.17040673
8.28;312;49;95;257;72.6809378185525;-8.046985;0.17040673
8.29;313;49;95;257;72.782874617737;-8.054622;0.18907563
8.3;312;49;95;257;72.6809378185525;-8.046985;0.17040673
8.31;312;49;95;258;72.782874617737;-8.054622;0.15126051
8.32;312;48;95;259;72.782874617737;-8.092437;0.11344538
8.33;312;47;95;260;72.782874617737;-8.130252;0.075630255
8.34;313;47;95;261;72.98674821610601;-8.145251;0.075418994
8.35;313;45;94;263;72.88481141692151;-8.251049;0.01888112
8.36;313;44;94;264;72.88481141692151;-8.288811;-0.01888112
8.37;313;43;93;266;72.88481141692151;-8.364336;-0.056643356
8.38;314;42;92;266;72.782874617737;-8.432773;-0.037815128
8.39;314;42;91;266;72.6809378185525;-8.463534;-0.018934082
8.4;315;41;91;265;72.579001019368;-8.494382;0.0
8.41;315;41;90;265;72.47706422018348;-8.525316;0.01898734
8.42;316;41;90;264;72.47706422018348;-8.525316;0.056962024
8.43;316;41;90;264;72.47706422018348;-8.525316;0.056962024
8.44;316;41;90;264;72.47706422018348;-8.525316;0.056962024
8.45;317;41;90;264;72.579001019368;-8.532304;0.07584269
8.46;317;41;90;264;72.579001019368;-8.532304;0.07584269
8.47;317;41;89;264;72.47706422018348;-8.563292;0.094936706
8.48;317;41;89;264;72.47706422018348;-8.563292;0.094936706
8.49;317;41;89;265;72.579001019368;-8.570225;0.07584269
8.5;318;40;89;265;72.579001019368;-8.608146;0.07584269
8.51;318;40;89;266;72.6809378185525;-8.615007;0.056802243
8.52;318;40;89;266;72.6809378185525;-8.615007;0.056802243
8.53;318;39;88;266;72.47706422018348;-8.677216;0.056962024
8.54;318;40;88;265;72.47706422018348;-8.63924;0.094936706
8.55;318;40;88;264;72.37512742099898;-8.632395;0.114084505
8.56;317;40;88;264;72.27319062181446;-8.625529;0.09520451
8.57;317;41;89;263;72.37512742099898;-8.556338;0.114084505
8.58;317;41;89;263;72.37512742099898;-8.556338;0.114084505
8.59;317;41;89;263;72.37512742099898;-8.556338;0.114084505
8.6;316;41;89;263;72.27319062181446;-8.549365;0.09520451
8.61;316;41;89;263;72.27319062181446;-8.549365;0.09520451
8.62;316;41;90;264;72.47706422018348;-8.525316;0.056962024
8.63;316;41;90;264;72.47706422018348;-8.525316;0.056962024
8.64;316;41;90;265;72.579001019368;-8.532304;0.037921347
8.65;317;41;90;265;72.6809378185525;-8.53927;0.056802243
8.66;317;41;90;266;72.782874617737;-8.546219;0.037815128
8.67;317;41;90;266;72.782874617737;-8.546219;0.037815128
8.68;317;41;90;266;72.782874617737;-8.546219;0.037815128
8.69;317;41;90;266;72.782874617737;-8.546219;0.037815128
8.7;317;41;91;267;72.98674821610601;-8.5223465;0.0
8.71;317;41;91;267;72.98674821610601;-8.5223465;0.0
8.72;317;41;91;267;72.98674821610601;-8.5223465;0.0
8.73;316;41;91;267;72.88481141692151;-8.515385;-0.01888112
8.74;316;41;91;266;72.782874617737;-8.508404;0.0
8.75;316;41;91;266;72.782874617737;-8.508404;0.0
8.76;316;41;91;266;72.782874617737;-8.508404;0.0
8.77;315;41;91;266;72.6809378185525;-8.501403;-0.018934082
8.78;315;41;91;266;72.6809378185525;-8.501403;-0.018934082
8.79;315;41;91;266;72.6809378185525;-8.501403;-0.018934082
8.8;315;41;91;265;72.579001019368;-8.494382;0.0
8.81;315;41;90;265;72.47706422018348;-8.525316;0.01898734
8.82;315;41;90;265;72.47706422018348;-8.525316;0.01898734
8.83;315;41;90;265;72.47706422018348;-8.525316;0.01898734
8.84;315;40;90;266;72.47706422018348;-8.563292;-0.01898734
8.85;315;40;90;266;72.47706422018348;-8.563292;-0.01898734
8.86;315;40;90;267;72.579001019368;-8.570225;-0.037921347
8.87;314;40;90;267;72.47706422018348;-8.563292;-0.056962024
8.88;314;39;90;267;72.37512742099898;-8.594366;-0.07605634
8.89;314;39;90;268;72.47706422018348;-8.601266;-0.094936706
8.9;314;39;90;268;72.47706422018348;-8.601266;-0.094936706
8.91;314;39;90;268;72.47706422018348;-8.601266;-0.094936706
8.92;314;39;90;268;72.47706422018348;-8.601266;-0.094936706
8.93;314;39;90;268;72.47706422018348;-8.601266;-0.094936706
8.94;314;39;90;268;72.47706422018348;-8.601266;-0.094936706
8.95;314;39;90;268;72.47706422018348;-8.601266;-0.094936706
8.96;315;39;90;268;72.579001019368;-8.608146;-0.07584269
8.97;315;39;90;268;72.579001019368;-8.608146;-0.07584269
8.98;315;39;90;268;72.579001019368;-8.608146;-0.07584269
8.99;315;39;90;268;72.579001019368;-8.608146;-0.07584269
9.0;315;39;90;268;72.579001019368;-8.608146;-0.07584269
9.01;315;39;90;269;72.6809378185525;-8.615007;-0.09467041
9.02;315;38;90;270;72.6809378185525;-8.652875;-0.13253857
9.03;315;38;90;270;72.6809378185525;-8.652875;-0.13253857
9.04;314;38;90;271;72.6809378185525;-8.652875;-0.17040673
9.05;314;37;90;272;72.6809378185525;-8.690743;-0.2082749
9.06;314;37;90;272;72.6809378185525;-8.690743;-0.2082749
9.07;314;37;90;273;72.782874617737;-8.697479;-0.22689076
9.08;314;37;89;273;72.6809378185525;-8.728612;-0.2082749
9.09;315;37;89;273;72.782874617737;-8.735294;-0.18907563
9.1;315;36;89;274;72.782874617737;-8.773109;-0.22689076
9.11;315;36;89;274;72.782874617737;-8.773109;-0.22689076
9.12;315;36;89;274;72.782874617737;-8.773109;-0.22689076
9.13;315;35;88;274;72.579001019368;-8.835674;-0.2275281
9.14;315;35;88;274;72.579001019368;-8.835674;-0.2275281
9.15;315;35;88;274;72.579001019368;-8.835674;-0.2275281
9.16;314;35;88;275;72.579001019368;-8.835674;-0.26544943
9.17;314;34;88;275;72.47706422018348;-8.867088;-0.28481013
9.18;313;34;88;275;72.37512742099898;-8.860563;-0.30422536
9.19;313;34;88;276;72.47706422018348;-8.867088;-0.3227848
9.2;312;34;88;276;72.37512742099898;-8.860563;-0.34225354
9.21;312;34;88;276;72.37512742099898;-8.860563;-0.34225354
9.22;311;34;89;276;72.37512742099898;-8.8225355;-0.3802817
9.23;311;34;88;276;72.27319062181446;-8.85402;-0.36177716
9.24;311;34;88;276;72.27319062181446;-8.85402;-0.36177716
9.25;311;34;88;275;72.17125382262996;-8.847458;-0.34322035
9.26;312;34;88;275;72.27319062181446;-8.85402;-0.32369533
9.27;312;34;88;275;72.27319062181446;-8.85402;-0.32369533
9.28;313;34;88;275;72.37512742099898;-8.860563;-0.30422536
9.29;313;34;88;275;72.37512742099898;-8.860563;-0.30422536
9.3;314;34;88;275;72.47706422018348;-8.867088;-0.28481013
9.31;314;34;88;276;72.579001019368;-8.873595;-0.30337077
9.32;314;34;88;276;72.579001019368;-8.873595;-0.30337077
9.33;315;34;88;276;72.6809378185525;-8.880084;-0.28401121
9.34;315;34;88;276;72.6809378185525;-8.880084;-0.28401121
9.35;316;34;88;276;72.782874617737;-8.886555;-0.2647059
9.36;316;34;88;276;72.782874617737;-8.886555;-0.2647059
9.37;316;34;88;276;72.782874617737;-8.886555;-0.2647059
9.38;316;34;87;275;72.579001019368;-8.911517;-0.2275281
9.39;316;34;87;275;72.579001019368;-8.911517;-0.2275281
9.4;316;34;87;275;72.579001019368;-8.911517;-0.2275281
9.41;316;34;87;275;72.579001019368;-8.911517;-0.2275281
9.42;316;34;87;275;72.579001019368;-8.911517;-0.2275281
9.43;316;34;87;275;72.579001019368;-8.911517;-0.2275281
9.44;316;34;87;275;72.579001019368;-8.911517;-0.2275281
9.45;316;34;87;275;72.579001019368;-8.911517;-0.2275281
9.46;316;34;87;275;72.579001019368;-8.911517;-0.2275281
9.47;316;34;88;275;72.6809378185525;-8.880084;-0.24614306
9.48;316;34;88;275;72.6809378185525;-8.880084;-0.24614306
9.49;316;34;88;275;72.6809378185525;-8.880084;-0.24614306
9.5;316;35;88;275;72.782874617737;-8.84874;-0.22689076
9.51;316;35;88;275;72.782874617737;-8.84874;-0.22689076
9.52;317;35;87;275;72.782874617737;-8.886555;-0.18907563
9.53;317;34;87;275;72.6809378185525;-8.917953;-0.2082749
9.54;318;34;87;274;72.6809378185525;-8.917953;-0.17040673
9.55;318;34;86;274;72.579001019368;-8.949438;-0.15168539
9.56;318;34;86;274;72.579001019368;-8.949438;-0.15168539
9.57;318;34;86;274;72.579001019368;-8.949438;-0.15168539
9.58;318;34;86;274;72.579001019368;-8.949438;-0.15168539
9.59;318;34;86;274;72.579001019368;-8.949438;-0.15168539
9.6;318;34;86;274;72.579001019368;-8.949438;-0.15168539
9.61;318;34;86;274;72.579001019368;-8.949438;-0.15168539
9.62;318;34;86;273;72.47706422018348;-8.943038;-0.1329114
9.63;318;34;86;273;72.47706422018348;-8.943038;-0.1329114
9.64;318;35;86;273;72.579001019368;-8.911517;-0.11376405
9.65;318;35;86;273;72.579001019368;-8.911517;-0.11376405
9.66;318;35;86;273;72.579001019368;-8.911517;-0.11376405
9.67;319;35;86;272;72.579001019368;-8.911517;-0.07584269
9.68;319;35;86;272;72.579001019368;-8.911517;-0.07584269
9.69;319;35;86;272;72.579001019368;-8.911517;-0.07584269
9.7;319;35;86;272;72.579001019368;-8.911517;-0.07584269
9.71;319;35;86;272;72.579001019368;-8.911517;-0.07584269
9.72;319;35;86;272;72.579001019368;-8.911517;-0.07584269
9.73;318;35;86;272;72.47706422018348;-8.905064;-0.094936706
9.74;318;34;86;273;72.47706422018348;-8.943038;-0.1329114
9.75;318;34;86;273;72.47706422018348;-8.943038;-0.1329114
9.76;318;34;86;273;72.47706422018348;-8.943038;-0.1329114
9.77;318;34;86;273;72.47706422018348;-8.943038;-0.1329114
9.78;318;34;86;273;72.47706422018348;-8.943038;-0.1329114
9.79;318;34;86;273;72.47706422018348;-8.943038;-0.1329114
9.8;318;34;86;273;72.47706422018348;-8.943038;-0.1329114
9.81;319;34;86;273;72.579001019368;-8.949438;-0.11376405
9.82;319;34;86;273;72.579001019368;-8.949438;-0.11376405
9.83;319;34;86;273;72.579001019368;-8.949438;-0.11376405
9.84;319;34;86;274;72.6809378185525;-8.95582;-0.13253857
9.85;319;34;86;274;72.6809378185525;-8.95582;-0.13253857
9.86;319;34;86;274;72.6809378185525;-8.95582;-0.13253857
9.87;319;34;86;274;72.6809378185525;-8.95582;-0.13253857
9.88;319;34;86;274;72.6809378185525;-8.95582;-0.13253857
9.89;319;34;86;274;72.6809378185525;-8.95582;-0.13253857
9.9;319;35;86;274;72.782874617737;-8.92437;-0.11344538
9.91;319;35;86;273;72.6809378185525;-8.917953;-0.09467041
9.92;318;35;86;272;72.47706422018348;-8.905064;-0.094936706
9.93;318;36;87;271;72.579001019368;-8.835674;-0.07584269
9.94;318;36;87;270;72.47706422018348;-8.829114;-0.056962024
9.95;318;37;87;269;72.47706422018348;-8.79114;-0.01898734
9.96;318;37;87;269;72.47706422018348;-8.79114;-0.01898734
9.97;319;37;87;268;72.47706422018348;-8.79114;0.01898734
9.98;319;38;87;268;72.579001019368;-8.759831;0.037921347
9.99;319;38;87;268;72.579001019368;-8.759831;0.037921347
10.0;319;38;87;268;72.579001019368;-8.759831;0.037921347
10.01;319;38;87;268;72.579001019368;-8.759831;0.037921347
10.02;319;38;87;268;72.579001019368;-8.759831;0.037921347
10.03;319;38;87;268;72.579001019368;-8.759831;0.037921347
10.04;319;38;87;269;72.6809378185525;-8.7664795;0.018934082
10.05;319;37;87;269;72.579001019368;-8.797752;0.0
10.06;320;37;87;269;72.6809378185525;-8.804348;0.018934082
10.07;320;37;87;269;72.6809378185525;-8.804348;0.018934082
10.08;320;37;87;269;72.6809378185525;-8.804348;0.018934082
10.09;320;37;87;269;72.6809378185525;-8.804348;0.018934082
10.1;320;37;87;269;72.6809378185525;-8.804348;0.018934082
10.11;321;37;87;269;72.782874617737;-8.810925;0.037815128
10.12;321;37;86;269;72.6809378185525;-8.842216;0.056802243
10.13;322;37;86;270;72.88481141692151;-8.855245;0.056643356
10.14;323;36;85;270;72.782874617737;-8.92437;0.075630255
10.15;324;36;85;270;72.88481141692151;-8.930769;0.09440559
10.16;324;35;84;271;72.782874617737;-9.0;0.075630255
10.17;324;35;83;271;72.6809378185525;-9.031557;0.09467041
10.18;325;34;83;271;72.6809378185525;-9.069425;0.09467041
10.19;325;34;82;271;72.579001019368;-9.101124;0.11376405
10.2;325;34;82;272;72.6809378185525;-9.107293;0.09467041
10.21;325;33;82;272;72.579001019368;-9.139045;0.07584269
10.22;324;33;82;273;72.579001019368;-9.139045;0.037921347
10.23;324;33;82;273;72.579001019368;-9.139045;0.037921347
10.24;324;32;82;274;72.579001019368;-9.176967;0.0
10.25;324;32;81;274;72.47706422018348;-9.20886;0.01898734
10.26;324;32;81;274;72.47706422018348;-9.20886;0.01898734
10.27;324;32;81;274;72.47706422018348;-9.20886;0.01898734
10.28;324;32;81;275;72.579001019368;-9.214888;0.0
10.29;324;32;81;275;72.579001019368;-9.214888;0.0
10.3;324;32;81;276;72.6809378185525;-9.220898;-0.018934082
10.31;324;31;81;276;72.579001019368;-9.252809;-0.037921347
10.32;324;31;81;276;72.579001019368;-9.252809;-0.037921347
10.33;323;31;82;277;72.6809378185525;-9.220898;-0.09467041
10.34;323;31;82;277;72.6809378185525;-9.220898;-0.09467041
10.35;323;31;82;277;72.6809378185525;-9.220898;-0.09467041
10.36;323;31;82;277;72.6809378185525;-9.220898;-0.09467041
10.37;322;31;82;278;72.6809378185525;-9.220898;-0.13253857
10.38;322;31;82;278;72.6809378185525;-9.220898;-0.13253857
10.39;322;31;82;278;72.6809378185525;-9.220898;-0.13253857
10.4;322;31;83;278;72.782874617737;-9.189075;-0.15126051
10.41;322;31;83;278;72.782874617737;-9.189075;-0.15126051
10.42;322;31;82;279;72.782874617737;-9.226891;-0.15126051
10.43;322;31;82;279;72.782874617737;-9.226891;-0.15126051
10.44;322;31;82;279;72.782874617737;-9.226891;-0.15126051
10.45;322;31;82;279;72.782874617737;-9.226891;-0.15126051
10.46;323;30;82;278;72.6809378185525;-9.258766;-0.13253857
10.47;323;30;81;278;72.579001019368;-9.29073;-0.11376405
10.48;323;30;81;278;72.579001019368;-9.29073;-0.11376405
10.49;323;30;81;278;72.579001019368;-9.29073;-0.11376405
10.5;323;30;81;278;72.579001019368;-9.29073;-0.11376405
10.51;323;30;81;278;72.579001019368;-9.29073;-0.11376405
10.52;323;30;81;278;72.579001019368;-9.29073;-0.11376405
10.53;323;31;81;278;72.6809378185525;-9.258766;-0.09467041
10.54;323;31;81;277;72.579001019368;-9.252809;-0.07584269
10.55;323;31;81;277;72.579001019368;-9.252809;-0.07584269
10.56;323;31;81;276;72.47706422018348;-9.246836;-0.056962024
10.57;324;31;81;275;72.47706422018348;-9.246836;-0.01898734
10.58;324;31;81;275;72.47706422018348;-9.246836;-0.01898734
10.59;324;32;81;274;72.47706422018348;-9.20886;0.01898734
10.6;325;32;81;274;72.579001019368;-9.214888;0.037921347
10.61;325;32;81;273;72.47706422018348;-9.20886;0.056962024
10.62;326;32;80;272;72.37512742099898;-9.240845;0.114084505
10.63;326;32;80;272;72.37512742099898;-9.240845;0.114084505
10.64;327;33;80;271;72.47706422018348;-9.20886;0.17088607
10.65;327;33;80;271;72.47706422018348;-9.20886;0.17088607
10.66;328;33;80;270;72.47706422018348;-9.20886;0.20886075
10.67;329;34;80;270;72.6809378185525;-9.183029;0.24614306
10.68;329;34;80;270;72.6809378185525;-9.183029;0.24614306
10.69;330;34;80;269;72.6809378185525;-9.183029;0.28401121
10.7;331;34;80;269;72.782874617737;-9.189075;0.30252102
10.71;331;34;80;269;72.782874617737;-9.189075;0.30252102
10.72;332;34;79;268;72.6809378185525;-9.220898;0.35974756
10.73;333;34;79;268;72.782874617737;-9.226891;0.37815127
10.74;333;34;79;267;72.6809378185525;-9.220898;0.3976157
10.75;333;34;78;266;72.47706422018348;-9.246836;0.43670887
10.76;333;34;78;266;72.47706422018348;-9.246836;0.43670887
10.77;333;34;78;266;72.47706422018348;-9.246836;0.43670887
10.78;333;34;78;266;72.47706422018348;-9.246836;0.43670887
10.79;333;34;78;266;72.47706422018348;-9.246836;0.43670887
10.8;334;34;78;267;72.6809378185525;-9.258766;0.43548387
10.81;334;34;78;267;72.6809378185525;-9.258766;0.43548387
10.82;334;34;78;267;72.6809378185525;-9.258766;0.43548387
10.83;334;34;78;267;72.6809378185525;-9.258766;0.43548387
10.84;334;33;77;267;72.47706422018348;-9.322784;0.43670887
10.85;334;33;77;267;72.47706422018348;-9.322784;0.43670887
10.86;334;33;77;267;72.47706422018348;-9.322784;0.43670887
10.87;334;33;77;267;72.47706422018348;-9.322784;0.43670887
10.88;333;33;77;267;72.37512742099898;-9.316901;0.41830987
10.89;333;33;78;267;72.47706422018348;-9.28481;0.39873418
10.9;332;33;78;268;72.47706422018348;-9.28481;0.3607595
10.91;332;33;78;268;72.47706422018348;-9.28481;0.3607595
10.92;331;33;78;268;72.37512742099898;-9.278873;0.34225354
10.93;331;33;79;269;72.579001019368;-9.252809;0.30337077
10.94;330;33;79;269;72.47706422018348;-9.246836;0.28481013
10.95;329;33;79;269;72.37512742099898;-9.240845;0.26619717
10.96;329;33;80;270;72.579001019368;-9.214888;0.2275281
10.97;328;33;80;270;72.47706422018348;-9.20886;0.20886075
10.98;328;33;80;270;72.47706422018348;-9.20886;0.20886075
10.99;328;33;80;270;72.47706422018348;-9.20886;0.20886075
11.0;328;33;81;270;72.579001019368;-9.176967;0.18960674
11.01;328;33;81;270;72.579001019368;-9.176967;0.18960674
11.02;328;34;81;270;72.6809378185525;-9.145162;0.2082749
11.03;328;34;81;269;72.579001019368;-9.139045;0.2275281
11.04;328;34;81;269;72.579001019368;-9.139045;0.2275281
11.05;328;35;81;268;72.579001019368;-9.101124;0.26544943
11.06;328;35;81;267;72.47706422018348;-9.094936;0.28481013
11.07;328;36;82;267;72.6809378185525;-9.031557;0.28401121
11.08;328;36;82;266;72.579001019368;-9.025281;0.30337077
11.09;328;37;82;266;72.6809378185525;-8.993689;0.3218794
11.1;328;37;83;266;72.782874617737;-8.962185;0.30252102
11.11;328;38;83;265;72.782874617737;-8.92437;0.34033614
11.12;328;38;83;265;72.782874617737;-8.92437;0.34033614
11.13;328;38;83;264;72.6809378185525;-8.917953;0.35974756
11.14;328;38;83;263;72.579001019368;-8.911517;0.37921348
11.15;328;39;83;262;72.579001019368;-8.873595;0.41713482
11.16;328;39;83;262;72.579001019368;-8.873595;0.41713482
11.17;328;39;83;262;72.579001019368;-8.873595;0.41713482
11.18;328;40;83;261;72.579001019368;-8.835674;0.4550562
11.19;328;40;83;261;72.579001019368;-8.835674;0.4550562
11.2;328;40;84;262;72.782874617737;-8.810925;0.4159664
11.21;328;40;84;262;72.782874617737;-8.810925;0.4159664
11.22;328;40;84;263;72.88481141692151;-8.817483;0.3965035
11.23;328;40;84;263;72.88481141692151;-8.817483;0.3965035
11.24;329;40;83;263;72.88481141692151;-8.855245;0.43426573
11.25;329;40;83;262;72.782874617737;-8.84874;0.45378152
11.26;330;39;83;262;72.782874617737;-8.886555;0.45378152
11.27;330;39;82;262;72.6809378185525;-8.917953;0.47335204
11.28;330;39;82;262;72.6809378185525;-8.917953;0.47335204
11.29;330;38;82;263;72.6809378185525;-8.95582;0.43548387
11.3;330;38;82;264;72.782874617737;-8.962185;0.4159664
11.31;330;37;81;264;72.579001019368;-9.025281;0.41713482
11.32;329;36;81;265;72.47706422018348;-9.056962;0.3607595
11.33;329;36;81;266;72.579001019368;-9.063202;0.34129214
11.34;329;35;81;266;72.47706422018348;-9.094936;0.3227848
11.35;329;35;81;267;72.579001019368;-9.101124;0.30337077
11.36;329;35;80;267;72.47706422018348;-9.132912;0.3227848
11.37;329;34;80;268;72.47706422018348;-9.170886;0.28481013
11.38;329;34;80;268;72.47706422018348;-9.170886;0.28481013
11.39;329;34;80;269;72.579001019368;-9.176967;0.26544943
11.4;328;34;80;269;72.47706422018348;-9.170886;0.24683544
11.41;328;33;80;269;72.37512742099898;-9.202817;0.22816901
11.42;328;33;80;270;72.47706422018348;-9.20886;0.20886075
11.43;327;33;80;270;72.37512742099898;-9.202817;0.19014084
11.44;327;33;80;271;72.47706422018348;-9.20886;0.17088607
11.45;326;33;80;271;72.37512742099898;-9.202817;0.15211268
11.46;326;33;80;272;72.47706422018348;-9.20886;0.1329114
11.47;325;33;81;272;72.47706422018348;-9.170886;0.094936706
11.48;325;33;81;273;72.579001019368;-9.176967;0.07584269
11.49;325;33;81;273;72.579001019368;-9.176967;0.07584269
11.5;324;33;82;274;72.6809378185525;-9.145162;0.018934082
11.51;324;33;82;274;72.6809378185525;-9.145162;0.018934082
11.52;324;33;82;274;72.6809378185525;-9.145162;0.018934082
11.53;323;33;83;275;72.782874617737;-9.113445;-0.037815128
11.54;323;33;83;275;72.782874617737;-9.113445;-0.037815128
11.55;323;33;83;275;72.782874617737;-9.113445;-0.037815128
11.56;323;33;83;275;72.782874617737;-9.113445;-0.037815128
11.57;323;33;83;275;72.782874617737;-9.113445;-0.037815128
11.58;323;34;83;275;72.88481141692151;-9.081819;-0.01888112
11.59;323;34;83;274;72.782874617737;-9.07563;0.0
11.6;323;34;84;274;72.88481141692151;-9.044056;-0.01888112
11.61;322;34;84;274;72.782874617737;-9.037815;-0.037815128
11.62;322;34;84;274;72.782874617737;-9.037815;-0.037815128
11.63;322;34;84;273;72.6809378185525;-9.031557;-0.018934082
11.64;322;35;84;271;72.579001019368;-8.98736;0.037921347
11.65;321;36;84;270;72.47706422018348;-8.943038;0.056962024
11.66;321;36;85;270;72.579001019368;-8.911517;0.037921347
11.67;321;37;85;269;72.579001019368;-8.873595;0.07584269
11.68;321;37;85;269;72.579001019368;-8.873595;0.07584269
11.69;321;37;85;269;72.579001019368;-8.873595;0.07584269
11.7;320;37;85;269;72.47706422018348;-8.867088;0.056962024
11.71;321;37;85;268;72.47706422018348;-8.867088;0.094936706
11.72;321;37;85;268;72.47706422018348;-8.867088;0.094936706
11.73;321;37;85;269;72.579001019368;-8.873595;0.07584269
11.74;322;37;85;269;72.6809378185525;-8.880084;0.09467041
11.75;322;37;85;269;72.6809378185525;-8.880084;0.09467041
11.76;323;37;84;269;72.6809378185525;-8.917953;0.13253857
11.77;324;36;84;269;72.6809378185525;-8.95582;0.13253857
11.78;324;36;83;270;72.6809378185525;-8.993689;0.13253857
11.79;325;35;83;270;72.6809378185525;-9.031557;0.13253857
11.8;325;35;82;271;72.6809378185525;-9.069425;0.13253857
11.81;326;35;82;271;72.782874617737;-9.07563;0.15126051
11.82;326;34;82;271;72.6809378185525;-9.107293;0.13253857
11.83;326;34;81;271;72.579001019368;-9.139045;0.15168539
11.84;327;34;81;271;72.6809378185525;-9.145162;0.17040673
11.85;327;34;81;271;72.6809378185525;-9.145162;0.17040673
11.86;327;33;80;271;72.47706422018348;-9.20886;0.17088607
11.87;327;33;80;271;72.47706422018348;-9.20886;0.17088607
11.88;327;33;80;271;72.47706422018348;-9.20886;0.17088607
11.89;327;33;80;271;72.47706422018348;-9.20886;0.17088607
11.9;327;33;81;271;72.579001019368;-9.176967;0.15168539
11.91;327;33;81;272;72.6809378185525;-9.183029;0.13253857
11.92;327;34;81;272;72.782874617737;-9.15126;0.15126051
11.93;327;34;81;272;72.782874617737;-9.15126;0.15126051
11.94;326;34;81;272;72.6809378185525;-9.145162;0.13253857
11.95;326;34;81;272;72.6809378185525;-9.145162;0.13253857
11.96;326;33;81;271;72.47706422018348;-9.170886;0.1329114
11.97;325;33;81;271;72.37512742099898;-9.164789;0.114084505
11.98;325;33;81;271;72.37512742099898;-9.164789;0.114084505
11.99;324;33;81;271;72.27319062181446;-9.158674;0.09520451
12.0;324;33;81;271;72.27319062181446;-9.158674;0.09520451
12.01;324;33;81;270;72.17125382262996;-9.152542;0.11440678
12.02;324;33;81;270;72.17125382262996;-9.152542;0.11440678
12.03;324;34;81;270;72.27319062181446;-9.120592;0.13328631
12.04;324;34;81;270;72.27319062181446;-9.120592;0.13328631
12.05;325;34;81;271;72.47706422018348;-9.132912;0.1329114
12.06;325;34;81;271;72.47706422018348;-9.132912;0.1329114
12.07;326;34;81;271;72.579001019368;-9.139045;0.15168539
12.08;326;34;81;271;72.579001019368;-9.139045;0.15168539
12.09;327;34;81;271;72.6809378185525;-9.145162;0.17040673
12.1;327;34;81;270;72.579001019368;-9.139045;0.18960674
12.11;327;34;80;270;72.47706422018348;-9.170886;0.20886075
12.12;328;34;80;271;72.6809378185525;-9.183029;0.2082749
12.13;328;33;80;271;72.579001019368;-9.214888;0.18960674
12.14;328;33;80;272;72.6809378185525;-9.220898;0.17040673
12.15;328;33;80;272;72.6809378185525;-9.220898;0.17040673
12.16;328;32;80;273;72.6809378185525;-9.258766;0.13253857
12.17;328;32;80;274;72.782874617737;-9.264706;0.11344538
12.18;328;31;80;275;72.782874617737;-9.302521;0.075630255
12.19;328;31;80;277;72.98674821610601;-9.314246;0.037709497
12.2;328;30;79;278;72.88481141692151;-9.383916;0.01888112
12.21;328;30;79;278;72.88481141692151;-9.383916;0.01888112
12.22;329;29;78;278;72.782874617737;-9.453781;0.037815128
12.23;329;29;78;278;72.782874617737;-9.453781;0.037815128
12.24;329;29;77;278;72.6809378185525;-9.485974;0.056802243
12.25;330;28;77;278;72.6809378185525;-9.523843;0.056802243
12.26;330;28;77;278;72.6809378185525;-9.523843;0.056802243
12.27;331;28;76;279;72.782874617737;-9.567227;0.075630255
12.28;331;28;76;279;72.782874617737;-9.567227;0.075630255
12.29;330;28;76;280;72.782874617737;-9.567227;0.037815128
12.3;330;27;76;280;72.6809378185525;-9.599579;0.018934082
12.31;330;27;76;281;72.782874617737;-9.605042;0.0
12.32;330;26;75;281;72.579001019368;-9.669944;0.0
12.33;330;26;75;282;72.6809378185525;-9.675316;-0.018934082
12.34;330;26;75;282;72.6809378185525;-9.675316;-0.018934082
12.35;331;26;75;282;72.782874617737;-9.680673;0.0
12.36;331;26;74;282;72.6809378185525;-9.713183;0.018934082
12.37;332;25;74;282;72.6809378185525;-9.751052;0.018934082
12.38;332;25;73;282;72.579001019368;-9.783708;0.037921347
12.39;333;26;73;281;72.6809378185525;-9.751052;0.09467041
12.4;333;26;73;280;72.579001019368;-9.745787;0.11376405
12.41;333;26;73;279;72.47706422018348;-9.740506;0.1329114
12.42;333;26;73;279;72.47706422018348;-9.740506;0.1329114
12.43;334;26;73;278;72.47706422018348;-9.740506;0.17088607
12.44;334;27;73;278;72.579001019368;-9.707865;0.18960674
12.45;334;27;73;277;72.47706422018348;-9.702532;0.20886075
12.46;334;28;73;276;72.47706422018348;-9.6645565;0.24683544
12.47;334;28;73;275;72.37512742099898;-9.659155;0.26619717
12.48;335;28;74;275;72.579001019368;-9.632023;0.26544943
12.49;335;29;74;274;72.579001019368;-9.594101;0.30337077
12.5;336;29;74;273;72.579001019368;-9.594101;0.34129214
12.51;336;29;74;272;72.47706422018348;-9.588608;0.3607595
12.52;336;30;74;272;72.579001019368;-9.55618;0.37921348
12.53;337;30;74;272;72.6809378185525;-9.561711;0.3976157
12.54;337;30;74;272;72.6809378185525;-9.561711;0.3976157
12.55;337;30;74;272;72.6809378185525;-9.561711;0.3976157
12.56;338;30;74;271;72.6809378185525;-9.561711;0.43548387
12.57;338;30;74;271;72.6809378185525;-9.561711;0.43548387
12.58;338;31;74;271;72.782874617737;-9.529411;0.45378152
12.59;338;31;74;269;72.579001019368;-9.518258;0.49297753
12.6;338;32;74;268;72.579001019368;-9.480337;0.53089887
12.61;339;33;74;265;72.47706422018348;-9.436708;0.62658226
12.62;339;35;75;263;72.579001019368;-9.328651;0.6825843
12.63;338;36;75;260;72.27319062181446;-9.27292;0.7425952
12.64;337;38;76;257;72.17125382262996;-9.152542;0.8008475
12.65;336;39;77;254;71.96738022426095;-9.06374;0.8413598
12.66;335;41;78;251;71.86544342507645;-8.9425535;0.9
12.67;334;43;79;249;71.86544342507645;-8.82766;0.93829787
12.68;334;44;80;249;72.06931702344546;-8.764498;0.93564355
12.69;335;45;81;249;72.37512742099898;-8.70845;0.9507042
12.7;335;46;82;248;72.47706422018348;-8.63924;0.9683544
12.71;335;47;82;247;72.47706422018348;-8.601266;1.006329
12.72;335;48;82;246;72.47706422018348;-8.563292;1.0443038
12.73;336;49;82;245;72.579001019368;-8.532304;1.099719
12.74;336;49;82;245;72.579001019368;-8.532304;1.099719
12.75;336;50;83;244;72.6809378185525;-8.463534;1.1171108
12.76;336;50;83;244;72.6809378185525;-8.463534;1.1171108
12.77;336;50;83;244;72.6809378185525;-8.463534;1.1171108
12.78;335;51;84;244;72.782874617737;-8.394958;1.0966387
12.79;335;51;84;244;72.782874617737;-8.394958;1.0966387
12.8;335;51;84;245;72.88481141692151;-8.402098;1.0762237
12.81;335;50;84;245;72.782874617737;-8.432773;1.0588236
12.82;336;50;84;245;72.88481141692151;-8.43986;1.0762237
12.83;336;49;83;246;72.782874617737;-8.508404;1.0588236
12.84;336;49;83;246;72.782874617737;-8.508404;1.0588236
12.85;336;48;82;247;72.6809378185525;-8.577139;1.0413744
12.86;336;47;82;248;72.6809378185525;-8.615007;1.0035063
12.87;335;47;82;248;72.579001019368;-8.608146;0.98595506
12.88;335;46;82;248;72.47706422018348;-8.63924;0.9683544
12.89;335;46;82;248;72.47706422018348;-8.63924;0.9683544
12.9;335;47;82;247;72.47706422018348;-8.601266;1.006329
12.91;335;47;82;247;72.47706422018348;-8.601266;1.006329
12.92;334;47;82;246;72.27319062181446;-8.587447;1.0091678
12.93;334;48;82;246;72.37512742099898;-8.556338;1.0267606
12.94;334;48;83;245;72.37512742099898;-8.51831;1.0267606
12.95;334;49;83;244;72.37512742099898;-8.480282;1.0647887
12.96;334;50;83;243;72.37512742099898;-8.442253;1.1028169
12.97;334;50;83;242;72.27319062181446;-8.43512;1.1234132
12.98;334;51;84;241;72.37512742099898;-8.366198;1.1408451
12.99;334;51;84;242;72.47706422018348;-8.373418;1.1202532
13.0;333;51;84;242;72.37512742099898;-8.366198;1.1028169
13.01;333;52;85;242;72.579001019368;-8.304775;1.099719
13.02;333;52;85;243;72.6809378185525;-8.312061;1.0792426
13.03;333;51;85;244;72.6809378185525;-8.34993;1.0413744
13.04;332;51;85;245;72.6809378185525;-8.34993;1.0035063
13.05;332;51;85;246;72.782874617737;-8.357142;0.9831933
13.06;332;50;85;247;72.782874617737;-8.394958;0.9453781
13.07;332;50;85;247;72.782874617737;-8.394958;0.9453781
13.08;332;49;85;248;72.782874617737;-8.432773;0.90756303
13.09;332;49;85;249;72.88481141692151;-8.43986;0.8874126
13.1;331;48;85;249;72.6809378185525;-8.463534;0.8520337
13.11;330;48;86;250;72.782874617737;-8.432773;0.7941176
13.12;330;48;86;250;72.782874617737;-8.432773;0.7941176
13.13;321;42;87;262;72.579001019368;-8.608146;0.26544943
13.14;321;43;87;260;72.47706422018348;-8.563292;0.3227848
13.15;322;43;87;258;72.37512742099898;-8.556338;0.3802817
13.16;322;44;87;257;72.37512742099898;-8.51831;0.41830987
13.17;323;45;87;255;72.37512742099898;-8.480282;0.4943662
13.18;323;45;87;254;72.27319062181446;-8.473202;0.51410437
13.19;323;46;88;253;72.37512742099898;-8.404225;0.53239435
13.2;323;46;88;253;72.37512742099898;-8.404225;0.53239435
13.21;323;47;88;252;72.37512742099898;-8.366198;0.57042253
13.22;323;47;88;252;72.37512742099898;-8.366198;0.57042253
13.23;323;48;89;251;72.47706422018348;-8.297468;0.5886076
13.24;323;48;89;251;72.47706422018348;-8.297468;0.5886076
13.25;323;49;89;250;72.47706422018348;-8.259494;0.62658226
13.26;323;50;90;250;72.6809378185525;-8.198457;0.6248247
13.27;324;50;90;249;72.6809378185525;-8.198457;0.66269284
13.28;325;51;90;248;72.782874617737;-8.168067;0.7184874
13.29;325;51;90;247;72.6809378185525;-8.160589;0.7384292
13.3;326;52;90;246;72.782874617737;-8.130252;0.7941176
13.31;327;52;90;245;72.782874617737;-8.130252;0.8319328
13.32;327;53;89;244;72.6809378185525;-8.122721;0.8899018
13.33;328;53;89;243;72.6809378185525;-8.122721;0.92776996
13.34;329;54;89;243;72.88481141692151;-8.1;0.96293706
13.35;329;54;90;242;72.88481141692151;-8.062238;0.96293706
13.36;329;54;90;242;72.88481141692151;-8.062238;0.96293706
13.37;328;55;90;241;72.782874617737;-8.016807;0.9831933
13.38;328;55;90;241;72.782874617737;-8.016807;0.9831933
13.39;327;54;90;242;72.6809378185525;-8.046985;0.92776996
13.4;325;54;91;242;72.579001019368;-8.001405;0.872191
13.41;324;54;91;243;72.579001019368;-8.001405;0.83426964
13.42;322;54;92;243;72.47706422018348;-7.955696;0.778481
13.43;321;54;92;244;72.47706422018348;-7.955696;0.74050635
13.44;321;54;92;244;72.47706422018348;-7.955696;0.74050635
13.45;320;54;93;244;72.47706422018348;-7.9177217;0.70253164
13.46;320;54;93;244;72.47706422018348;-7.9177217;0.70253164
13.47;320;54;93;243;72.37512742099898;-7.909859;0.7225352
13.48;320;55;93;243;72.47706422018348;-7.879747;0.74050635
13.49;321;55;93;243;72.579001019368;-7.8876405;0.75842696
13.5;321;55;92;242;72.37512742099898;-7.909859;0.79859155
13.51;322;55;92;242;72.47706422018348;-7.9177217;0.8164557
13.52;322;55;92;242;72.47706422018348;-7.9177217;0.8164557
13.53;322;55;92;242;72.47706422018348;-7.9177217;0.8164557
13.54;322;55;92;242;72.47706422018348;-7.9177217;0.8164557
13.55;323;55;92;242;72.579001019368;-7.925562;0.83426964
13.56;324;55;91;241;72.47706422018348;-7.955696;0.8924051
13.57;325;55;91;241;72.579001019368;-7.9634833;0.9101124
13.58;325;55;90;240;72.37512742099898;-7.9859157;0.9507042
13.59;326;55;90;240;72.47706422018348;-7.993671;0.9683544
13.6;326;55;89;238;72.17125382262996;-8.008474;1.029661
13.61;325;55;88;237;71.86544342507645;-8.023404;1.0531915
13.62;324;54;87;236;71.45769622833842;-8.069187;1.0592011
13.63;323;54;87;235;71.25382262996942;-8.053648;1.0622318
13.64;321;53;86;235;70.84607543323139;-8.1;1.0294964
13.65;320;52;86;235;70.64220183486238;-8.123377;0.9935065
13.66;318;51;86;237;70.54026503567788;-8.154624;0.8973988
13.67;317;50;86;239;70.54026503567788;-8.193642;0.8193642
13.68;316;49;87;240;70.54026503567788;-8.193642;0.7413295
13.69;315;49;87;242;70.64220183486238;-8.201299;0.6818182
13.7;314;48;88;244;70.74413863404689;-8.208934;0.58357346
13.71;313;48;88;247;70.9480122324159;-8.224138;0.50431037
13.72;312;47;89;249;71.0499490316004;-8.231708;0.4067432
13.73;310;46;90;252;71.1518858307849;-8.239255;0.27077365
13.74;309;46;91;255;71.45769622833842;-8.223252;0.17332383
13.75;307;45;92;258;71.55963302752293;-8.230769;0.03846154
13.76;304;43;93;262;71.55963302752293;-8.269231;-0.15384616
13.77;301;42;94;267;71.76350662589195;-8.284091;-0.34517047
13.78;298;40;95;271;71.76350662589195;-8.322443;-0.5369318
13.79;295;39;96;276;71.96738022426095;-8.3371105;-0.7266289
13.8;291;37;97;280;71.86544342507645;-8.368085;-0.93829787
13.81;288;36;98;283;71.86544342507645;-8.368085;-1.0914893
13.82;283;34;99;286;71.55963302752293;-8.384615;-1.3076923
13.83;279;33;101;290;71.66156982670744;-8.353485;-1.5170697
13.84;274;32;102;294;71.55963302752293;-8.346154;-1.7307693
13.85;269;31;104;297;71.45769622833842;-8.300285;-1.9450785
13.86;263;29;105;300;71.0499490316004;-8.309182;-2.1886656
13.87;258;28;107;303;70.9480122324159;-8.262931;-2.4051723
13.88;251;27;108;304;70.33639143730886;-8.217391;-2.6217391
13.89;245;25;109;306;69.82670744138633;-8.218248;-2.8576643
13.9;239;24;110;307;69.3170234454638;-8.179412;-3.057353
13.91;232;22;111;309;68.70540265035677;-8.172107;-3.324926
13.92;226;21;111;309;67.99184505606523;-8.156672;-3.5014992
13.93;219;20;112;309;67.2782874617737;-8.1;-3.7227273
13.94;213;18;112;308;66.36085626911314;-8.1082945;-3.919355
13.95;206;17;112;306;65.34148827726808;-8.066302;-4.1068645
13.96;200;16;111;302;64.11824668705403;-8.04849;-4.22814
13.97;194;15;111;298;62.99694189602446;-7.995146;-4.3689322
13.98;188;14;110;294;61.773700305810394;-7.9752474;-4.5
13.99;183;13;109;289;60.55045871559633;-7.9545455;-4.590909
14.0;178;12;108;285;59.42915392456676;-7.9425387;-4.700686
14.01;173;11;107;280;58.205912334352696;-7.9203153;-4.7994747
14.02;169;10;105;274;56.88073394495412;-7.935484;-4.83871
14.03;164;10;103;266;55.35168195718654;-7.8812156;-4.8480663
14.04;160;9;100;256;53.51681957186544;-7.8942857;-4.8085713
14.05;155;8;96;245;51.37614678899082;-7.928571;-4.767857
14.06;150;7;91;231;48.827726809378184;-7.9759917;-4.6503134
14.07;146;7;86;216;46.381243628950045;-7.9813185;-4.420879
14.08;142;6;80;199;43.52701325178389;-8.062061;-4.141686
14.09;137;5;72;181;40.265035677879716;-8.236709;-3.793671
14.1;132;4;64;161;36.79918450560652;-8.414127;-3.328255
14.11;127;3;56;141;33.33333333333333;-8.62844;-2.766055
14.12;121;2;48;120;29.66360856269113;-8.860825;-2.0876288
14.13;114;0;40;101;25.99388379204893;-9.264706;-1.4294118
14.14;106;0;32;83;22.52803261977574;-9.590498;-0.54977375
14.15;95;0;24;68;19.062181447502546;-10.0347595;0.21657754
14.16;83;0;18;54;15.800203873598369;-10.364516;0.9580645
14.17;70;0;13;42;12.7420998980632;-10.692;1.62
14.18;58;0;9;32;10.091743119266054;-11.045455;2.3181818
14.19;46;0;6;24;7.747196738022426;-11.368421;2.8421052
14.2;35;0;4;18;5.810397553516819;-11.605263;3.0789473
14.21;25;0;2;14;4.1794087665647295;-12.182927;2.9634147
14.22;17;0;1;10;2.854230377166157;-12.535714;2.892857
14.23;11;0;0;7;1.8348623853211008;-13.5;3.0
14.24;7;0;0;5;1.2232415902140672;-13.5;2.25
14.25;4;0;0;3;0.7135575942915392;-13.5;1.9285715
14.26;1;0;0;1;0.2038735983690112;-13.5;0.0
14.27;0;0;0;0;0.0;0.0;0.0
14.28;0;0;0;0;0.0;0.0;0.0
14.29;0;0;0;0;0.0;0.0;0.0
14.3;0;0;0;0;0.0;0.0;0.0
14.31;0;0;0;0;0.0;0.0;0.0
14.32;0;0;0;0;0.0;0.0;0.0
14.33;0;0;0;0;0.0;0.0;0.0
14.34;0;0;0;0;0.0;0.0;0.0
14.35;0;0;0;0;0.0;0.0;0.0
14.36;0;0;0;0;0.0;0.0;0.0
14.37;0;0;0;0;0.0;0.0;0.0
14.38;0;0;0;0;0.0;0.0;0.0
14.39;0;0;0;0;0.0;0.0;0.0
14.4;0;0;0;0;0.0;0.0;0.0
14.41;0;0;0;0;0.0;0.0;0.0
14.42;0;0;0;0;0.0;0.0;0.0
14.43;0;0;0;0;0.0;0.0;0.0
14.44;0;0;0;0;0.0;0.0;0.0
14.45;0;0;0;0;0.0;0.0;0.0
14.46;0;0;0;0;0.0;0.0;0.0
14.47;0;0;0;0;0.0;0.0;0.0
14.48;0;0;0;0;0.0;0.0;0.0
14.49;0;0;0;0;0.0;0.0;0.0
14.5;0;0;0;0;0.0;0.0;0.0
14.51;0;0;0;0;0.0;0.0;0.0
14.52;0;0;0;0;0.0;0.0;0.0
14.53;0;0;0;0;0.0;0.0;0.0
14.54;0;0;0;0;0.0;0.0;0.0
14.55;0;0;0;0;0.0;0.0;0.0
14.56;0;0;0;0;0.0;0.0;0.0
14.57;0;0;0;0;0.0;0.0;0.0
14.58;0;0;0;0;0.0;0.0;0.0
14.59;0;0;0;0;0.0;0.0;0.0
14.6;0;0;0;0;0.0;0.0;0.0
14.61;0;0;0;0;0.0;0.0;0.0
14.62;0;0;0;0;0.0;0.0;0.0
14.63;0;0;0;0;0.0;0.0;0.0
14.64;0;0;0;0;0.0;0.0;0.0
14.65;0;0;0;0;0.0;0.0;0.0
14.66;0;0;0;0;0.0;0.0;0.0
14.67;0;0;0;0;0.0;0.0;0.0
14.68;0;0;0;0;0.0;0.0;0.0
14.69;0;0;0;0;0.0;0.0;0.0
14.7;0;0;0;0;0.0;0.0;0.0
14.71;0;0;0;0;0.0;0.0;0.0
14.72;0;0;0;0;0.0;0.0;0.0
14.73;0;0;0;0;0.0;0.0;0.0
14.74;0;0;0;0;0.0;0.0;0.0
14.75;0;0;0;0;0.0;0.0;0.0
14.76;0;0;0;0;0.0;0.0;0.0
14.77;0;0;0;0;0.0;0.0;0.0
14.78;0;0;0;0;0.0;0.0;0.0
14.79;0;0;0;0;0.0;0.0;0.0
14.8;0;0;0;0;0.0;0.0;0.0
14.81;0;0;0;0;0.0;0.0;0.0
14.82;0;0;0;0;0.0;0.0;0.0
14.83;0;0;0;0;0.0;0.0;0.0
14.84;0;0;0;0;0.0;0.0;0.0
14.85;0;0;0;0;0.0;0.0;0.0
14.86;0;0;0;0;0.0;0.0;0.0
14.87;0;0;0;0;0.0;0.0;0.0
14.88;0;0;0;0;0.0;0.0;0.0
14.89;0;0;0;0;0.0;0.0;0.0
14.9;0;0;0;0;0.0;0.0;0.0
14.91;0;0;0;0;0.0;0.0;0.0
14.92;0;0;0;0;0.0;0.0;0.0
14.93;0;0;0;0;0.0;0.0;0.0
14.94;0;0;0;0;0.0;0.0;0.0
14.95;0;0;0;0;0.0;0.0;0.0
14.96;0;0;0;0;0.0;0.0;0.0
14.97;0;0;0;0;0.0;0.0;0.0
14.98;0;0;0;0;0.0;0.0;0.0
14.99;0;0;0;0;0.0;0.0;0.0
15.0;0;0;0;0;0.0;0.0;0.0
15.01;0;0;0;0;0.0;0.0;0.0
15.02;0;0;0;0;0.0;0.0;0.0
15.03;0;0;0;0;0.0;0.0;0.0
15.04;0;0;0;0;0.0;0.0;0.0
15.05;0;0;0;0;0.0;0.0;0.0
15.06;0;0;0;0;0.0;0.0;0.0
15.07;0;0;0;0;0.0;0.0;0.0
15.08;0;0;0;0;0.0;0.0;0.0
15.09;0;0;0;0;0.0;0.0;0.0
15.1;0;0;0;0;0.0;0.0;0.0
15.11;0;0;0;0;0.0;0.0;0.0
15.12;0;0;0;0;0.0;0.0;0.0
15.13;0;0;0;0;0.0;0.0;0.0
15.14;0;0;0;0;0.0;0.0;0.0
15.15;0;0;0;0;0.0;0.0;0.0
15.16;0;0;0;0;0.0;0.0;0.0
15.17;0;0;0;0;0.0;0.0;0.0
15.18;0;0;0;0;0.0;0.0;0.0
15.19;0;0;0;0;0.0;0.0;0.0
15.2;0;0;0;0;0.0;0.0;0.0
15.21;0;0;0;0;0.0;0.0;0.0
15.22;0;0;0;0;0.0;0.0;0.0
15.23;0;0;0;0;0.0;0.0;0.0
15.24;0;0;0;0;0.0;0.0;0.0
15.25;0;0;0;0;0.0;0.0;0.0
15.26;0;0;0;0;0.0;0.0;0.0
15.27;0;0;0;0;0.0;0.0;0.0
15.28;0;0;0;0;0.0;0.0;0.0
15.29;0;0;0;0;0.0;0.0;0.0
15.3;0;0;0;0;0.0;0.0;0.0
15.31;0;0;0;0;0.0;0.0;0.0
15.32;0;0;0;0;0.0;0.0;0.0
15.33;0;0;0;0;0.0;0.0;0.0
15.34;0;0;0;0;0.0;0.0;0.0
15.35;0;0;0;0;0.0;0.0;0.0
15.36;0;0;0;0;0.0;0.0;0.0
15.37;0;0;0;0;0.0;0.0;0.0
15.38;0;0;0;0;0.0;0.0;0.0
15.39;0;0;0;0;0.0;0.0;0.0
15.4;0;0;0;0;0.0;0.0;0.0
15.41;0;0;0;0;0.0;0.0;0.0
15.42;0;0;0;0;0.0;0.0;0.0
15.43;0;0;0;0;0.0;0.0;0.0
15.44;0;0;0;0;0.0;0.0;0.0
15.45;0;0;0;0;0.0;0.0;0.0
15.46;0;0;0;0;0.0;0.0;0.0
15.47;0;0;0;0;0.0;0.0;0.0
15.48;0;0;0;0;0.0;0.0;0.0
15.49;0;0;0;0;0.0;0.0;0.0
15.5;0;0;0;0;0.0;0.0;0.0
15.51;0;0;0;0;0.0;0.0;0.0
15.52;0;0;0;0;0.0;0.0;0.0
15.53;0;0;0;0;0.0;0.0;0.0
15.54;0;0;0;0;0.0;0.0;0.0
15.55;0;0;0;0;0.0;0.0;0.0
15.56;0;0;0;0;0.0;0.0;0.0
15.57;0;0;0;0;0.0;0.0;0.0
15.58;0;0;0;0;0.0;0.0;0.0
15.59;0;0;0;0;0.0;0.0;0.0
15.6;0;0;0;0;0.0;0.0;0.0
15.61;0;0;0;0;0.0;0.0;0.0
15.62;0;0;0;0;0.0;0.0;0.0
15.63;0;0;0;0;0.0;0.0;0.0
15.64;0;0;0;0;0.0;0.0;0.0
15.65;0;0;0;0;0.0;0.0;0.0
15.66;0;0;0;0;0.0;0.0;0.0
15.67;0;0;0;0;0.0;0.0;0.0
15.68;0;0;0;0;0.0;0.0;0.0
15.69;0;0;0;0;0.0;0.0;0.0
15.7;0;0;0;0;0.0;0.0;0.0
15.71;0;0;0;0;0.0;0.0;0.0
15.72;0;0;0;0;0.0;0.0;0.0
15.73;0;0;0;0;0.0;0.0;0.0
15.74;0;0;0;0;0.0;0.0;0.0
15.75;0;0;0;0;0.0;0.0;0.0
15.76;0;0;0;0;0.0;0.0;0.0
15.77;0;0;0;0;0.0;0.0;0.0
15.78;0;0;0;0;0.0;0.0;0.0
15.79;0;0;0;0;0.0;0.0;0.0
15.8;0;0;0;0;0.0;0.0;0.0
15.81;0;0;0;0;0.0;0.0;0.0
15.82;0;0;0;0;0.0;0.0;0.0
15.83;0;0;0;0;0.0;0.0;0.0
15.84;0;0;0;0;0.0;0.0;0.0
15.85;0;0;0;0;0.0;0.0;0.0
15.86;0;0;0;0;0.0;0.0;0.0
15.87;0;0;0;0;0.0;0.0;0.0
15.88;0;0;0;0;0.0;0.0;0.0
15.89;0;0;0;0;0.0;0.0;0.0
15.9;0;0;0;0;0.0;0.0;0.0
15.91;0;0;0;0;0.0;0.0;0.0
15.92;0;0;0;0;0.0;0.0;0.0
15.93;0;0;0;0;0.0;0.0;0.0
15.94;0;0;0;0;0.0;0.0;0.0
15.95;0;0;0;0;0.0;0.0;0.0
15.96;0;0;0;0;0.0;0.0;0.0
15.97;0;0;0;0;0.0;0.0;0.0
15.98;0;0;0;0;0.0;0.0;0.0
15.99;0;0;0;0;0.0;0.0;0.0
16.0;0;0;0;0;0.0;0.0;0.0
16.01;0;0;0;0;0.0;0.0;0.0
16.02;0;0;0;0;0.0;0.0;0.0
16.03;0;0;0;0;0.0;0.0;0.0
16.04;0;0;0;0;0.0;0.0;0.0
16.05;0;0;0;0;0.0;0.0;0.0
16.06;0;0;0;0;0.0;0.0;0.0
16.07;0;0;0;0;0.0;0.0;0.0
16.08;0;0;0;0;0.0;0.0;0.0
16.09;0;0;0;0;0.0;0.0;0.0
16.1;0;0;0;0;0.0;0.0;0.0
16.11;0;0;0;0;0.0;0.0;0.0
16.12;0;0;0;0;0.0;0.0;0.0
16.13;0;0;0;0;0.0;0.0;0.0
16.14;0;0;0;0;0.0;0.0;0.0
16.15;0;0;0;0;0.0;0.0;0.0
16.16;0;0;0;0;0.0;0.0;0.0
16.17;0;0;0;0;0.0;0.0;0.0
16.18;0;0;0;0;0.0;0.0;0.0
16.19;0;0;0;0;0.0;0.0;0.0
16.2;0;0;0;0;0.0;0.0;0.0
16.21;0;0;0;0;0.0;0.0;0.0
16.22;0;0;0;0;0.0;0.0;0.0
16.23;0;0;0;0;0.0;0.0;0.0
16.24;0;0;0;0;0.0;0.0;0.0
16.25;0;0;0;0;0.0;0.0;0.0
