 Height:  Visitor ;  Weight:  Visitor ;  Age:  -1 ;  Gender:  Visitor; name: malak; color: pink; situation: one leg
0.01;0;0;0;0;0.0;0.0;0.0;27.82874617737003;17.79;9;0;1;4;4; 40.2187007691595; 9.416106927336656; 1.7099134462544103; 2.198939327675033
0.01;0;0;0;0;0.0;0.0;0.0;27.82874617737003;17.79;9;0;1;4;4; 40.2187007691595; 9.416106927336656; 1.7099134462544103; 2.198939327675033
0.02;0;0;0;0;0.0;0.0;0.0
0.03;0;0;0;0;0.0;0.0;0.0
0.04;0;0;0;0;0.0;0.0;0.0
0.05;0;0;0;0;0.0;0.0;0.0
0.06;0;0;0;0;0.0;0.0;0.0
0.07;0;0;0;0;0.0;0.0;0.0
0.08;0;0;0;0;0.0;0.0;0.0
0.09;0;0;0;0;0.0;0.0;0.0
0.1;0;0;0;0;0.0;0.0;0.0
0.11;0;0;0;0;0.0;0.0;0.0
0.12;0;0;0;0;0.0;0.0;0.0
0.13;0;0;0;0;0.0;0.0;0.0
0.14;0;0;0;0;0.0;0.0;0.0
0.15;0;0;0;0;0.0;0.0;0.0
0.16;0;0;0;0;0.0;0.0;0.0
0.17;0;0;0;0;0.0;0.0;0.0
0.18;0;0;0;0;0.0;0.0;0.0
0.19;0;0;0;0;0.0;0.0;0.0
0.2;0;0;0;0;0.0;0.0;0.0
0.21;0;0;0;0;0.0;0.0;0.0
0.22;0;0;0;0;0.0;0.0;0.0
0.23;0;0;0;0;0.0;0.0;0.0
0.24;0;0;0;0;0.0;0.0;0.0
0.25;0;0;0;0;0.0;0.0;0.0
0.26;0;0;0;0;0.0;0.0;0.0
0.27;0;0;0;0;0.0;0.0;0.0
0.28;0;0;0;0;0.0;0.0;0.0
0.29;0;0;0;0;0.0;0.0;0.0
0.3;0;0;0;0;0.0;0.0;0.0
0.31;0;0;0;0;0.0;0.0;0.0
0.32;0;0;0;0;0.0;0.0;0.0
0.33;0;0;0;0;0.0;0.0;0.0
0.34;0;0;0;0;0.0;0.0;0.0
0.35;0;0;0;0;0.0;0.0;0.0
0.36;0;0;0;0;0.0;0.0;0.0
0.37;0;0;0;0;0.0;0.0;0.0
0.38;0;0;0;0;0.0;0.0;0.0
0.39;0;0;0;0;0.0;0.0;0.0
0.4;0;0;0;0;0.0;0.0;0.0
0.41;0;0;0;0;0.0;0.0;0.0
0.42;0;0;0;0;0.0;0.0;0.0
0.43;0;0;0;0;0.0;0.0;0.0
0.44;0;0;0;0;0.0;0.0;0.0
0.45;0;0;0;0;0.0;0.0;0.0
0.46;0;0;0;0;0.0;0.0;0.0
0.47;0;0;0;0;0.0;0.0;0.0
0.48;0;0;0;0;0.0;0.0;0.0
0.49;0;0;0;0;0.0;0.0;0.0
0.5;0;0;0;0;0.0;0.0;0.0
0.51;0;0;0;0;0.0;0.0;0.0
0.52;0;0;0;0;0.0;0.0;0.0
0.53;0;0;0;0;0.0;0.0;0.0
0.54;0;0;0;0;0.0;0.0;0.0
0.55;0;0;0;0;0.0;0.0;0.0
0.56;0;0;0;0;0.0;0.0;0.0
0.57;0;0;0;0;0.0;0.0;0.0
0.58;0;0;0;0;0.0;0.0;0.0
0.59;0;0;0;0;0.0;0.0;0.0
0.6;0;0;0;0;0.0;0.0;0.0
0.61;0;0;0;0;0.0;0.0;0.0
0.62;0;0;0;0;0.0;0.0;0.0
0.63;0;0;0;0;0.0;0.0;0.0
0.64;0;0;0;0;0.0;0.0;0.0
0.65;0;0;0;0;0.0;0.0;0.0
0.66;0;0;0;0;0.0;0.0;0.0
0.67;0;0;0;0;0.0;0.0;0.0
0.68;0;0;0;0;0.0;0.0;0.0
0.69;0;0;0;0;0.0;0.0;0.0
0.7;0;0;0;0;0.0;0.0;0.0
0.71;0;0;0;0;0.0;0.0;0.0
0.72;0;0;0;0;0.0;0.0;0.0
0.73;0;0;0;0;0.0;0.0;0.0
0.74;0;0;0;0;0.0;0.0;0.0
0.75;0;0;0;0;0.0;0.0;0.0
0.76;0;0;0;0;0.0;0.0;0.0
0.77;0;0;0;0;0.0;0.0;0.0
0.78;0;0;0;0;0.0;0.0;0.0
0.79;0;0;0;0;0.0;0.0;0.0
0.8;0;0;0;0;0.0;0.0;0.0
0.81;0;0;0;0;0.0;0.0;0.0
0.82;0;0;0;0;0.0;0.0;0.0
0.83;0;0;0;0;0.0;0.0;0.0
0.84;0;0;0;0;0.0;0.0;0.0
0.85;0;0;0;0;0.0;0.0;0.0
0.86;0;0;0;0;0.0;0.0;0.0
0.87;0;0;0;0;0.0;0.0;0.0
0.88;0;0;0;0;0.0;0.0;0.0
0.89;0;0;0;0;0.0;0.0;0.0
0.9;0;0;0;0;0.0;0.0;0.0
0.91;0;0;0;0;0.0;0.0;0.0
0.92;0;0;0;0;0.0;0.0;0.0
0.93;0;0;0;0;0.0;0.0;0.0
0.94;0;0;0;0;0.0;0.0;0.0
0.95;0;0;0;0;0.0;0.0;0.0
0.96;0;0;0;0;0.0;0.0;0.0
0.97;0;0;0;0;0.0;0.0;0.0
0.98;0;0;0;0;0.0;0.0;0.0
0.99;0;0;0;0;0.0;0.0;0.0
1.0;0;0;0;0;0.0;0.0;0.0
1.01;0;0;0;0;0.0;0.0;0.0
1.02;0;0;0;0;0.0;0.0;0.0
1.03;0;0;0;0;0.0;0.0;0.0
1.04;0;0;0;0;0.0;0.0;0.0
1.05;0;0;0;0;0.0;0.0;0.0
1.06;0;0;0;0;0.0;0.0;0.0
1.07;0;0;0;0;0.0;0.0;0.0
1.08;0;0;0;0;0.0;0.0;0.0
1.09;0;0;0;0;0.0;0.0;0.0
1.1;0;0;0;0;0.0;0.0;0.0
1.11;0;0;0;0;0.0;0.0;0.0
1.12;0;0;0;0;0.0;0.0;0.0
1.13;0;0;0;0;0.0;0.0;0.0
1.14;0;0;0;0;0.0;0.0;0.0
1.15;0;0;0;0;0.0;0.0;0.0
1.16;0;0;0;0;0.0;0.0;0.0
1.17;0;0;0;0;0.0;0.0;0.0
1.18;0;0;0;0;0.0;0.0;0.0
1.19;0;0;0;0;0.0;0.0;0.0
1.2;0;0;0;0;0.0;0.0;0.0
1.21;0;0;0;0;0.0;0.0;0.0
1.22;0;0;0;0;0.0;0.0;0.0
1.23;0;0;0;0;0.0;0.0;0.0
1.24;0;0;0;0;0.0;0.0;0.0
1.25;0;0;0;0;0.0;0.0;0.0
1.26;0;0;0;0;0.0;0.0;0.0
1.27;0;0;0;0;0.0;0.0;0.0
1.28;0;0;0;0;0.0;0.0;0.0
1.29;0;0;0;0;0.0;0.0;0.0
1.3;0;0;0;0;0.0;0.0;0.0
1.31;0;0;0;0;0.0;0.0;0.0
1.32;0;0;0;0;0.0;0.0;0.0
1.33;0;0;0;0;0.0;0.0;0.0
1.34;0;0;0;0;0.0;0.0;0.0
1.35;0;0;0;0;0.0;0.0;0.0
1.36;0;0;0;0;0.0;0.0;0.0
1.37;0;0;0;0;0.0;0.0;0.0
1.38;0;0;0;0;0.0;0.0;0.0
1.39;0;0;0;0;0.0;0.0;0.0
1.4;0;0;0;0;0.0;0.0;0.0
1.41;0;0;0;0;0.0;0.0;0.0
1.42;0;0;0;0;0.0;0.0;0.0
1.43;0;0;0;0;0.0;0.0;0.0
1.44;0;0;0;0;0.0;0.0;0.0
1.45;0;0;0;0;0.0;0.0;0.0
1.46;0;0;0;0;0.0;0.0;0.0
1.47;0;0;0;0;0.0;0.0;0.0
1.48;0;0;0;0;0.0;0.0;0.0
1.49;0;0;0;0;0.0;0.0;0.0
1.5;0;0;0;0;0.0;0.0;0.0
1.51;0;0;0;0;0.0;0.0;0.0
1.52;0;0;0;0;0.0;0.0;0.0
1.53;0;0;0;0;0.0;0.0;0.0
1.54;0;0;0;0;0.0;0.0;0.0
1.55;0;0;0;0;0.0;0.0;0.0
1.56;0;0;0;0;0.0;0.0;0.0
1.57;0;0;0;0;0.0;0.0;0.0
1.58;0;0;0;0;0.0;0.0;0.0
1.59;0;0;0;0;0.0;0.0;0.0
1.6;0;0;0;0;0.0;0.0;0.0
1.61;0;0;0;0;0.0;0.0;0.0
1.62;0;0;0;0;0.0;0.0;0.0
1.63;0;0;0;0;0.0;0.0;0.0
1.64;0;0;0;0;0.0;0.0;0.0
1.65;0;0;0;0;0.0;0.0;0.0
1.66;0;0;0;0;0.0;0.0;0.0
1.67;0;0;0;0;0.0;0.0;0.0
1.68;0;0;0;0;0.0;0.0;0.0
1.69;0;0;0;0;0.0;0.0;0.0
1.7;0;0;0;0;0.0;0.0;0.0
1.71;0;0;0;0;0.0;0.0;0.0
1.72;0;0;0;0;0.0;0.0;0.0
1.73;0;0;0;0;0.0;0.0;0.0
1.74;0;0;0;0;0.0;0.0;0.0
1.75;0;0;0;0;0.0;0.0;0.0
1.76;0;0;0;0;0.0;0.0;0.0
1.77;0;0;0;0;0.0;0.0;0.0
1.78;0;0;0;0;0.0;0.0;0.0
1.79;0;0;0;0;0.0;0.0;0.0
1.8;0;0;0;0;0.0;0.0;0.0
1.81;0;0;0;0;0.0;0.0;0.0
1.82;0;0;0;0;0.0;0.0;0.0
1.83;0;0;0;0;0.0;0.0;0.0
1.84;0;0;0;0;0.0;0.0;0.0
1.85;0;0;0;0;0.0;0.0;0.0
1.86;0;0;0;0;0.0;0.0;0.0
1.87;0;0;0;0;0.0;0.0;0.0
1.88;0;0;0;0;0.0;0.0;0.0
1.89;0;0;0;0;0.0;0.0;0.0
1.9;0;0;0;0;0.0;0.0;0.0
1.91;0;0;0;0;0.0;0.0;0.0
1.92;0;0;0;0;0.0;0.0;0.0
1.93;0;0;0;0;0.0;0.0;0.0
1.94;0;0;0;0;0.0;0.0;0.0
1.95;0;0;0;0;0.0;0.0;0.0
1.96;0;0;0;0;0.0;0.0;0.0
1.97;0;0;0;0;0.0;0.0;0.0
1.98;0;0;0;0;0.0;0.0;0.0
1.99;0;0;0;0;0.0;0.0;0.0
2.0;0;0;0;0;0.0;0.0;0.0
2.01;0;0;0;0;0.0;0.0;0.0
2.02;0;0;0;0;0.0;0.0;0.0
2.03;0;0;0;0;0.0;0.0;0.0
2.04;0;0;0;0;0.0;0.0;0.0
2.05;0;0;0;0;0.0;0.0;0.0
2.06;0;0;0;0;0.0;0.0;0.0
2.07;0;0;0;0;0.0;0.0;0.0
2.08;0;0;0;0;0.0;0.0;0.0
2.09;0;0;0;0;0.0;0.0;0.0
2.1;0;0;0;0;0.0;0.0;0.0
2.11;0;0;0;0;0.0;0.0;0.0
2.12;0;0;0;0;0.0;0.0;0.0
2.13;0;0;0;0;0.0;0.0;0.0
2.14;0;0;0;0;0.0;0.0;0.0
2.15;0;0;0;0;0.0;0.0;0.0
2.16;0;0;0;0;0.0;0.0;0.0
2.17;0;0;0;0;0.0;0.0;0.0
2.18;0;0;0;0;0.0;0.0;0.0
2.19;0;0;0;0;0.0;0.0;0.0
2.2;0;0;0;0;0.0;0.0;0.0
2.21;0;0;0;0;0.0;0.0;0.0
2.22;0;0;0;0;0.0;0.0;0.0
2.23;0;0;0;0;0.0;0.0;0.0
2.24;0;0;0;0;0.0;0.0;0.0
2.25;0;0;0;0;0.0;0.0;0.0
2.26;0;0;0;0;0.0;0.0;0.0
2.27;0;0;0;0;0.0;0.0;0.0
2.28;0;0;0;0;0.0;0.0;0.0
2.29;0;0;0;0;0.0;0.0;0.0
2.3;0;0;0;0;0.0;0.0;0.0
2.31;0;0;0;0;0.0;0.0;0.0
2.32;0;0;0;0;0.0;0.0;0.0
2.33;0;0;0;0;0.0;0.0;0.0
2.34;0;0;0;0;0.0;0.0;0.0
2.35;0;0;0;0;0.0;0.0;0.0
2.36;0;0;0;0;0.0;0.0;0.0
2.37;0;0;0;0;0.0;0.0;0.0
2.38;0;0;0;0;0.0;0.0;0.0
2.39;0;0;0;0;0.0;0.0;0.0
2.4;0;0;0;0;0.0;0.0;0.0
2.41;0;0;0;0;0.0;0.0;0.0
2.42;0;0;0;0;0.0;0.0;0.0
2.43;0;0;0;0;0.0;0.0;0.0
2.44;0;0;0;0;0.0;0.0;0.0
2.45;0;0;0;0;0.0;0.0;0.0
2.46;0;0;0;0;0.0;0.0;0.0
2.47;0;0;0;0;0.0;0.0;0.0
2.48;0;0;0;0;0.0;0.0;0.0
2.49;0;0;0;0;0.0;0.0;0.0
2.5;0;0;0;0;0.0;0.0;0.0
2.51;0;0;0;0;0.0;0.0;0.0
2.52;0;0;0;0;0.0;0.0;0.0
2.53;0;0;0;0;0.0;0.0;0.0
2.54;0;0;0;0;0.0;0.0;0.0
2.55;0;0;0;0;0.0;0.0;0.0
2.56;0;0;0;0;0.0;0.0;0.0
2.57;0;0;0;0;0.0;0.0;0.0
2.58;0;0;0;0;0.0;0.0;0.0
2.59;0;0;0;0;0.0;0.0;0.0
2.6;0;0;0;0;0.0;0.0;0.0
2.61;0;0;0;0;0.0;0.0;0.0
2.62;0;0;0;0;0.0;0.0;0.0
2.63;0;0;0;0;0.0;0.0;0.0
2.64;0;0;0;0;0.0;0.0;0.0
2.65;0;0;0;0;0.0;0.0;0.0
2.66;0;0;0;0;0.0;0.0;0.0
2.67;0;0;0;0;0.0;0.0;0.0
2.68;0;0;0;0;0.0;0.0;0.0
2.69;0;0;0;0;0.0;0.0;0.0
2.7;0;0;0;0;0.0;0.0;0.0
2.71;0;0;0;0;0.0;0.0;0.0
2.72;0;0;0;0;0.0;0.0;0.0
2.73;0;0;0;0;0.0;0.0;0.0
2.74;0;0;0;0;0.0;0.0;0.0
2.75;0;0;0;0;0.0;0.0;0.0
2.76;0;0;0;0;0.0;0.0;0.0
2.77;0;0;0;0;0.0;0.0;0.0
2.78;0;0;0;0;0.0;0.0;0.0
2.79;0;0;0;0;0.0;0.0;0.0
2.8;0;0;0;0;0.0;0.0;0.0
2.81;0;0;0;0;0.0;0.0;0.0
2.82;0;0;0;0;0.0;0.0;0.0
2.83;0;0;0;0;0.0;0.0;0.0
2.84;0;0;0;0;0.0;0.0;0.0
2.85;0;0;0;0;0.0;0.0;0.0
2.86;0;0;0;0;0.0;0.0;0.0
2.87;0;0;0;0;0.0;0.0;0.0
2.88;0;0;0;0;0.0;0.0;0.0
2.89;0;0;0;0;0.0;0.0;0.0
2.9;0;0;0;0;0.0;0.0;0.0
2.91;0;0;0;0;0.0;0.0;0.0
2.92;0;0;0;0;0.0;0.0;0.0
2.93;0;0;0;0;0.0;0.0;0.0
2.94;0;0;0;0;0.0;0.0;0.0
2.95;0;0;0;0;0.0;0.0;0.0
2.96;0;0;0;0;0.0;0.0;0.0
2.97;0;0;0;0;0.0;0.0;0.0
2.98;0;0;0;0;0.0;0.0;0.0
2.99;0;0;0;0;0.0;0.0;0.0
3.0;0;0;0;0;0.0;0.0;0.0
3.01;0;0;0;0;0.0;0.0;0.0
3.02;0;0;0;0;0.0;0.0;0.0
3.03;0;0;0;0;0.0;0.0;0.0
3.04;0;0;0;0;0.0;0.0;0.0
3.05;0;0;0;0;0.0;0.0;0.0
3.06;0;0;0;0;0.0;0.0;0.0
3.07;0;0;0;0;0.0;0.0;0.0
3.08;0;0;0;0;0.0;0.0;0.0
3.09;0;0;0;0;0.0;0.0;0.0
3.1;0;0;0;0;0.0;0.0;0.0
3.11;0;0;0;0;0.0;0.0;0.0
3.12;0;0;0;0;0.0;0.0;0.0
3.13;0;0;0;0;0.0;0.0;0.0
3.14;0;0;0;0;0.0;0.0;0.0
3.15;0;0;0;0;0.0;0.0;0.0
3.16;0;0;0;0;0.0;0.0;0.0
3.17;0;0;0;0;0.0;0.0;0.0
3.18;0;0;0;0;0.0;0.0;0.0
3.19;0;0;0;0;0.0;0.0;0.0
3.2;0;0;0;0;0.0;0.0;0.0
3.21;0;0;0;0;0.0;0.0;0.0
3.22;0;0;0;0;0.0;0.0;0.0
3.23;0;0;0;0;0.0;0.0;0.0
3.24;0;0;0;0;0.0;0.0;0.0
3.25;0;0;0;0;0.0;0.0;0.0
3.26;0;0;0;0;0.0;0.0;0.0
3.27;0;0;0;0;0.0;0.0;0.0
3.28;0;0;0;0;0.0;0.0;0.0
3.29;0;0;0;0;0.0;0.0;0.0
3.3;0;0;0;0;0.0;0.0;0.0
3.31;0;0;0;0;0.0;0.0;0.0
3.32;0;0;0;0;0.0;0.0;0.0
3.33;0;0;0;0;0.0;0.0;0.0
3.34;0;0;0;0;0.0;0.0;0.0
3.35;0;0;0;0;0.0;0.0;0.0
3.36;0;0;0;0;0.0;0.0;0.0
3.37;0;0;0;0;0.0;0.0;0.0
3.38;0;0;0;0;0.0;0.0;0.0
3.39;0;0;0;0;0.0;0.0;0.0
3.4;0;0;0;0;0.0;0.0;0.0
3.41;0;0;0;0;0.0;0.0;0.0
3.42;0;0;0;0;0.0;0.0;0.0
3.43;0;0;0;0;0.0;0.0;0.0
3.44;0;0;0;0;0.0;0.0;0.0
3.45;0;0;0;0;0.0;0.0;0.0
3.46;0;0;0;0;0.0;0.0;0.0
3.47;0;0;0;0;0.0;0.0;0.0
3.48;0;0;0;0;0.0;0.0;0.0
3.49;0;0;0;0;0.0;0.0;0.0
3.5;0;0;0;0;0.0;0.0;0.0
3.51;0;0;0;0;0.0;0.0;0.0
3.52;0;0;0;0;0.0;0.0;0.0
3.53;0;0;0;0;0.0;0.0;0.0
3.54;0;0;0;0;0.0;0.0;0.0
3.55;0;0;0;0;0.0;0.0;0.0
3.56;0;0;0;0;0.0;0.0;0.0
3.57;0;0;0;0;0.0;0.0;0.0
3.58;0;0;0;0;0.0;0.0;0.0
3.59;0;0;0;0;0.0;0.0;0.0
3.6;0;0;0;0;0.0;0.0;0.0
3.61;0;0;0;0;0.0;0.0;0.0
3.62;0;0;0;0;0.0;0.0;0.0
3.63;0;0;0;0;0.0;0.0;0.0
3.64;0;0;0;0;0.0;0.0;0.0
3.65;0;0;0;0;0.0;0.0;0.0
3.66;0;0;0;0;0.0;0.0;0.0
3.67;0;0;0;0;0.0;0.0;0.0
3.68;0;0;0;0;0.0;0.0;0.0
3.69;0;0;0;0;0.0;0.0;0.0
3.7;0;0;0;0;0.0;0.0;0.0
3.71;0;0;0;0;0.0;0.0;0.0
3.72;0;0;0;0;0.0;0.0;0.0
3.73;0;0;0;0;0.0;0.0;0.0
3.74;0;0;0;0;0.0;0.0;0.0
3.75;0;0;0;0;0.0;0.0;0.0
3.76;0;0;0;0;0.0;0.0;0.0
3.77;0;0;0;0;0.0;0.0;0.0
3.78;0;0;0;0;0.0;0.0;0.0
3.79;0;0;0;0;0.0;0.0;0.0
3.8;0;0;0;0;0.0;0.0;0.0
3.81;0;0;0;0;0.0;0.0;0.0
3.82;0;0;0;0;0.0;0.0;0.0
3.83;0;0;0;0;0.0;0.0;0.0
3.84;0;0;0;0;0.0;0.0;0.0
3.85;0;0;0;0;0.0;0.0;0.0
3.86;0;0;0;0;0.0;0.0;0.0
3.87;0;0;0;0;0.0;0.0;0.0
3.88;0;0;0;0;0.0;0.0;0.0
3.89;0;0;0;0;0.0;0.0;0.0
3.9;0;0;0;0;0.0;0.0;0.0
3.91;0;0;0;0;0.0;0.0;0.0
3.92;0;0;0;0;0.0;0.0;0.0
3.93;0;0;0;0;0.0;0.0;0.0
3.94;0;0;0;0;0.0;0.0;0.0
3.95;0;0;0;0;0.0;0.0;0.0
3.96;0;0;0;0;0.0;0.0;0.0
3.97;0;0;0;0;0.0;0.0;0.0
3.98;0;0;0;0;0.0;0.0;0.0
3.99;0;0;0;0;0.0;0.0;0.0
4.0;0;0;0;0;0.0;0.0;0.0
4.01;0;0;0;0;0.0;0.0;0.0
4.02;0;0;0;0;0.0;0.0;0.0
4.03;0;0;0;0;0.0;0.0;0.0
4.04;0;0;0;0;0.0;0.0;0.0
4.05;0;0;0;0;0.0;0.0;0.0
4.06;0;0;0;0;0.0;0.0;0.0
4.07;0;0;0;0;0.0;0.0;0.0
4.08;0;0;0;0;0.0;0.0;0.0
4.09;0;0;0;0;0.0;0.0;0.0
4.1;0;0;0;0;0.0;0.0;0.0
4.11;0;0;0;0;0.0;0.0;0.0
4.12;0;0;0;0;0.0;0.0;0.0
4.13;0;0;0;0;0.0;0.0;0.0
4.14;0;0;0;0;0.0;0.0;0.0
4.15;0;0;0;0;0.0;0.0;0.0
4.16;0;0;0;0;0.0;0.0;0.0
4.17;0;0;0;0;0.0;0.0;0.0
4.18;0;0;0;0;0.0;0.0;0.0
4.19;0;0;0;0;0.0;0.0;0.0
4.2;0;0;0;0;0.0;0.0;0.0
4.21;0;0;0;0;0.0;0.0;0.0
4.22;0;0;0;0;0.0;0.0;0.0
4.23;0;0;0;0;0.0;0.0;0.0
4.24;0;0;0;0;0.0;0.0;0.0
4.25;0;0;0;0;0.0;0.0;0.0
4.26;0;0;0;0;0.0;0.0;0.0
4.27;0;0;0;0;0.0;0.0;0.0
4.28;0;0;0;0;0.0;0.0;0.0
4.29;0;0;0;0;0.0;0.0;0.0
4.3;0;0;0;0;0.0;0.0;0.0
4.31;0;0;0;0;0.0;0.0;0.0
4.32;0;0;0;0;0.0;0.0;0.0
4.33;0;0;0;0;0.0;0.0;0.0
4.34;0;0;0;0;0.0;0.0;0.0
4.35;0;0;0;0;0.0;0.0;0.0
4.36;0;0;0;0;0.0;0.0;0.0
4.37;0;0;0;0;0.0;0.0;0.0
4.38;0;0;0;0;0.0;0.0;0.0
4.39;0;0;0;0;0.0;0.0;0.0
4.4;0;0;0;0;0.0;0.0;0.0
4.41;0;0;0;0;0.0;0.0;0.0
4.42;0;0;0;0;0.0;0.0;0.0
4.43;0;0;0;0;0.0;0.0;0.0
4.44;0;0;0;0;0.0;0.0;0.0
4.45;0;0;0;0;0.0;0.0;0.0
4.46;0;0;0;0;0.0;0.0;0.0
4.47;0;0;0;0;0.0;0.0;0.0
4.48;0;0;0;0;0.0;0.0;0.0
4.49;0;0;0;0;0.0;0.0;0.0
4.5;0;0;0;0;0.0;0.0;0.0
4.51;0;0;0;0;0.0;0.0;0.0
4.52;0;0;0;0;0.0;0.0;0.0
4.53;0;0;0;0;0.0;0.0;0.0
4.54;0;0;0;0;0.0;0.0;0.0
4.55;0;0;0;0;0.0;0.0;0.0
4.56;0;0;0;0;0.0;0.0;0.0
4.57;0;0;0;0;0.0;0.0;0.0
4.58;0;0;0;0;0.0;0.0;0.0
4.59;0;0;0;0;0.0;0.0;0.0
4.6;0;0;0;0;0.0;0.0;0.0
4.61;0;0;0;0;0.0;0.0;0.0
4.62;0;0;0;0;0.0;0.0;0.0
4.63;0;0;0;0;0.0;0.0;0.0
4.64;0;0;0;0;0.0;0.0;0.0
4.65;0;0;0;0;0.0;0.0;0.0
4.66;0;0;0;0;0.0;0.0;0.0
4.67;0;0;0;0;0.0;0.0;0.0
4.68;0;0;0;0;0.0;0.0;0.0
4.69;0;0;0;0;0.0;0.0;0.0
4.7;0;0;0;0;0.0;0.0;0.0
4.71;0;0;0;0;0.0;0.0;0.0
4.72;0;0;0;0;0.0;0.0;0.0
4.73;0;0;0;0;0.0;0.0;0.0
4.74;0;0;0;0;0.0;0.0;0.0
4.75;0;0;0;0;0.0;0.0;0.0
4.76;0;0;0;0;0.0;0.0;0.0
4.77;0;0;0;0;0.0;0.0;0.0
4.78;0;0;0;0;0.0;0.0;0.0
4.79;0;0;0;0;0.0;0.0;0.0
4.8;0;0;0;0;0.0;0.0;0.0
4.81;0;0;0;0;0.0;0.0;0.0
4.82;0;0;0;0;0.0;0.0;0.0
4.83;0;0;0;0;0.0;0.0;0.0
4.84;0;0;0;0;0.0;0.0;0.0
4.85;0;0;0;0;0.0;0.0;0.0
4.86;0;0;0;0;0.0;0.0;0.0
4.87;0;0;0;0;0.0;0.0;0.0
4.88;0;0;0;0;0.0;0.0;0.0
4.89;0;0;0;0;0.0;0.0;0.0
4.9;0;0;0;0;0.0;0.0;0.0
4.91;0;0;0;0;0.0;0.0;0.0
4.92;0;0;0;0;0.0;0.0;0.0
4.93;0;0;0;0;0.0;0.0;0.0
4.94;0;0;0;0;0.0;0.0;0.0
4.95;0;0;0;0;0.0;0.0;0.0
4.96;0;0;0;0;0.0;0.0;0.0
4.97;0;0;0;0;0.0;0.0;0.0
4.98;0;0;0;0;0.0;0.0;0.0
4.99;0;0;0;0;0.0;0.0;0.0
5.0;0;0;0;0;0.0;0.0;0.0
5.01;0;0;0;0;0.0;0.0;0.0
5.02;0;0;0;0;0.0;0.0;0.0
5.03;0;0;0;0;0.0;0.0;0.0
5.04;0;0;0;0;0.0;0.0;0.0
5.05;0;0;0;0;0.0;0.0;0.0
5.06;0;0;0;0;0.0;0.0;0.0
5.07;0;0;0;0;0.0;0.0;0.0
5.08;0;0;0;0;0.0;0.0;0.0
5.09;0;0;0;0;0.0;0.0;0.0
5.1;0;0;0;0;0.0;0.0;0.0
5.11;0;0;0;0;0.0;0.0;0.0
5.12;0;0;0;0;0.0;0.0;0.0
5.13;0;0;0;0;0.0;0.0;0.0
5.14;0;0;0;0;0.0;0.0;0.0
5.15;0;0;0;0;0.0;0.0;0.0
5.16;0;0;0;0;0.0;0.0;0.0
5.17;0;0;0;0;0.0;0.0;0.0
5.18;0;0;0;0;0.0;0.0;0.0
5.19;0;0;0;0;0.0;0.0;0.0
5.2;0;0;0;0;0.0;0.0;0.0
5.21;0;0;0;0;0.0;0.0;0.0
5.22;0;0;0;0;0.0;0.0;0.0
5.23;0;0;0;0;0.0;0.0;0.0
5.24;0;0;0;0;0.0;0.0;0.0
5.25;0;0;0;0;0.0;0.0;0.0
5.26;0;0;0;0;0.0;0.0;0.0
5.27;0;0;0;0;0.0;0.0;0.0
5.28;0;0;0;0;0.0;0.0;0.0
5.29;0;0;0;0;0.0;0.0;0.0
5.3;0;0;0;0;0.0;0.0;0.0
5.31;0;0;0;0;0.0;0.0;0.0
5.32;0;0;0;0;0.0;0.0;0.0
5.33;0;0;0;0;0.0;0.0;0.0
5.34;0;0;0;0;0.0;0.0;0.0
5.35;0;0;0;0;0.0;0.0;0.0
5.36;0;0;0;0;0.0;0.0;0.0
5.37;0;0;0;0;0.0;0.0;0.0
5.38;0;0;0;0;0.0;0.0;0.0
5.39;0;0;0;0;0.0;0.0;0.0
5.4;0;0;0;0;0.0;0.0;0.0
5.41;0;0;0;0;0.0;0.0;0.0
5.42;0;0;0;0;0.0;0.0;0.0
5.43;0;0;0;0;0.0;0.0;0.0
5.44;0;0;0;0;0.0;0.0;0.0
5.45;0;0;0;0;0.0;0.0;0.0
5.46;0;0;0;0;0.0;0.0;0.0
5.47;0;0;0;0;0.0;0.0;0.0
5.48;0;0;0;0;0.0;0.0;0.0
5.49;0;0;0;0;0.0;0.0;0.0
5.5;0;0;0;0;0.0;0.0;0.0
5.51;0;0;0;0;0.0;0.0;0.0
5.52;0;0;0;0;0.0;0.0;0.0
5.53;0;0;0;0;0.0;0.0;0.0
5.54;0;0;0;0;0.0;0.0;0.0
5.55;0;0;0;0;0.0;0.0;0.0
5.56;0;0;0;0;0.0;0.0;0.0
5.57;0;0;0;0;0.0;0.0;0.0
5.58;0;1;0;0;0.1019367991845056;13.5;13.5
5.59;0;4;0;0;0.4077471967380224;13.5;13.5
5.6;0;3;0;0;0.3058103975535168;13.5;13.5
5.61;0;4;0;0;0.4077471967380224;13.5;13.5
5.62;0;5;0;1;0.6116207951070336;9.0;9.0
5.63;0;5;0;1;0.6116207951070336;9.0;9.0
5.64;0;5;0;1;0.6116207951070336;9.0;9.0
5.65;0;6;0;1;0.7135575942915392;9.642858;9.642858
5.66;0;6;0;2;0.8154943934760448;6.75;6.75
5.67;0;6;0;4;1.019367991845056;2.7;2.7
5.68;0;7;0;6;1.325178389398573;1.0384616;1.0384616
5.69;0;7;0;8;1.529051987767584;-0.9;-0.9
5.7;0;8;0;10;1.8348623853211008;-1.5;-1.5
5.71;0;10;0;12;2.2426095820591234;-1.2272727;-1.2272727
5.72;0;11;0;14;2.54841997961264;-1.62;-1.62
5.73;0;13;0;16;2.9561671763506623;-1.3965517;-1.3965517
5.74;0;14;0;17;3.1600407747196737;-1.3064516;-1.3064516
5.75;0;16;0;18;3.4658511722731906;-0.7941176;-0.7941176
5.76;0;18;0;18;3.6697247706422016;0.0;0.0
5.77;0;20;0;19;3.9755351681957185;0.34615386;0.34615386
5.78;0;22;0;19;4.1794087665647295;0.9878049;0.9878049
5.79;0;24;0;20;4.485219164118247;1.2272727;1.2272727
5.8;0;27;0;21;4.892966360856269;1.6875;1.6875
5.81;0;30;0;23;5.402650356778797;1.7830188;1.7830188
5.82;0;34;0;25;6.01427115188583;2.059322;2.059322
5.83;0;38;0;28;6.727828746177369;2.0454545;2.0454545
5.84;0;42;0;30;7.339449541284403;2.25;2.25
5.85;0;45;0;33;7.951070336391437;2.0769231;2.0769231
5.86;0;49;0;36;8.664627930682975;2.0647058;2.0647058
5.87;0;52;0;39;9.27624872579001;1.9285715;1.9285715
5.88;0;56;0;42;9.989806320081549;1.9285715;1.9285715
5.89;0;60;0;45;10.703363914373089;1.9285715;1.9285715
5.9;0;64;0;47;11.314984709480122;2.0675676;2.0675676
5.91;0;69;0;49;12.02854230377166;2.2881355;2.2881355
5.92;0;74;0;51;12.7420998980632;2.484;2.484
5.93;0;79;0;54;13.557594291539244;2.537594;2.537594
5.94;0;85;0;57;14.475025484199795;2.6619718;2.6619718
5.95;0;90;0;61;15.392456676860347;2.5927153;2.5927153
5.96;0;95;0;64;16.207951070336392;2.6320755;2.6320755
5.97;0;99;0;68;17.023445463812436;2.5059881;2.5059881
5.98;0;103;0;71;17.737003058103976;2.4827585;2.4827585
5.99;0;106;0;74;18.34862385321101;2.4;2.4
6.0;0;109;0;76;18.858307849133535;2.408108;2.408108
6.01;0;112;0;79;19.46992864424057;2.3324606;2.3324606
6.02;0;115;0;81;19.979612640163097;2.3418367;2.3418367
6.03;0;117;0;83;20.38735983690112;2.295;2.295
6.04;0;118;0;85;20.693170234454637;2.1945813;2.1945813
6.05;0;120;0;86;20.998980632008156;2.2281554;2.2281554
6.06;0;121;0;88;21.30479102956167;2.131579;2.131579
6.07;0;123;0;88;21.50866462793068;2.2393365;2.2393365
6.08;0;124;0;89;21.712538226299692;2.2183099;2.2183099
6.09;0;125;0;89;21.8144750254842;2.271028;2.271028
6.1;0;127;0;89;22.01834862385321;2.375;2.375
6.11;0;130;0;89;22.324159021406725;2.5273972;2.5273972
6.12;0;131;0;89;22.426095820591232;2.5772727;2.5772727
6.13;0;133;0;90;22.73190621814475;2.603139;2.603139
6.14;0;134;0;92;23.037716615698265;2.5088496;2.5088496
6.15;0;136;0;93;23.343527013251784;2.5349345;2.5349345
6.16;0;137;0;94;23.547400611620795;2.512987;2.512987
6.17;0;138;0;95;23.751274209989806;2.4914162;2.4914162
6.18;0;140;0;95;23.955147808358817;2.5851064;2.5851064
6.19;0;142;0;94;24.05708460754332;2.7457628;2.7457628
6.2;0;144;0;94;24.260958205912335;2.8361344;2.8361344
6.21;0;146;0;92;24.260958205912335;3.0630252;3.0630252
6.22;0;149;0;91;24.464831804281346;3.2625;3.2625
6.23;0;152;0;89;24.56676860346585;3.5290456;3.5290456
6.24;0;155;0;87;24.668705402650357;3.7933884;3.7933884
6.25;0;158;0;85;24.77064220183486;4.0555553;4.0555553
6.26;0;161;0;83;24.872579001019368;4.3155737;4.3155737
6.27;0;164;0;81;24.97451580020387;4.573469;4.573469
6.28;0;166;0;80;25.07645259938838;4.719512;4.719512
6.29;0;168;0;78;25.07645259938838;4.9390244;4.9390244
6.3;0;170;0;77;25.178389398572882;5.082996;5.082996
6.31;0;171;0;76;25.178389398572882;5.1923075;5.1923075
6.32;0;172;0;74;25.07645259938838;5.378049;5.378049
6.33;0;174;0;73;25.178389398572882;5.5202427;5.5202427
6.34;0;176;0;71;25.178389398572882;5.7388663;5.7388663
6.35;0;179;0;70;25.382262996941893;5.9096384;5.9096384
6.36;0;181;0;68;25.382262996941893;6.126506;6.126506
6.37;0;183;0;67;25.4841997961264;6.264;6.264
6.38;0;185;0;67;25.68807339449541;6.321429;6.321429
6.39;0;187;0;66;25.79001019367992;6.4565215;6.4565215
6.4;0;188;0;66;25.891946992864423;6.484252;6.484252
6.41;0;189;0;66;25.99388379204893;6.5117645;6.5117645
6.42;0;188;0;67;25.99388379204893;6.4058824;6.4058824
6.43;0;187;0;68;25.99388379204893;6.3;6.3
6.44;0;185;0;68;25.79001019367992;6.243083;6.243083
6.45;0;182;0;69;25.586136595310904;6.077689;6.077689
6.46;0;179;0;70;25.382262996941893;5.9096384;5.9096384
6.47;0;179;0;74;25.79001019367992;5.602767;5.602767
6.48;0;179;0;78;26.19775739041794;5.3054476;5.3054476
6.49;0;180;0;82;26.707441386340466;5.0496182;5.0496182
6.5;0;181;0;85;27.11518858307849;4.8721805;4.8721805
6.51;0;183;0;88;27.624872579001018;4.7324724;4.7324724
6.52;0;185;0;90;28.03261977573904;4.663636;4.663636
6.53;0;185;0;91;28.134556574923547;4.597826;4.597826
6.54;0;186;0;91;28.23649337410805;4.629964;4.629964
6.55;0;186;0;90;28.134556574923547;4.695652;4.695652
6.56;0;186;0;90;28.134556574923547;4.695652;4.695652
6.57;0;186;0;89;28.03261977573904;4.7618184;4.7618184
6.58;0;187;0;88;28.03261977573904;4.86;4.86
6.59;0;186;0;86;27.726809378185525;4.9632354;4.9632354
6.6;0;185;0;85;27.522935779816514;5.0;5.0
6.61;0;184;0;84;27.3190621814475;5.0373135;5.0373135
6.62;0;183;0;83;27.11518858307849;5.075188;5.075188
6.63;0;181;0;82;26.809378185524974;5.081749;5.081749
6.64;0;180;0;81;26.605504587155963;5.12069;5.12069
6.65;0;179;0;81;26.503567787971456;5.0884614;5.0884614
6.66;0;177;0;80;26.19775739041794;5.0953307;5.0953307
6.67;0;176;0;80;26.095820591233434;5.0625;5.0625
6.68;0;175;0;81;26.095820591233434;4.9570312;4.9570312
6.69;0;175;0;81;26.095820591233434;4.9570312;4.9570312
6.7;0;175;0;82;26.19775739041794;4.885214;4.885214
6.71;0;175;0;83;26.299694189602445;4.8139534;4.8139534
6.72;0;175;0;83;26.299694189602445;4.8139534;4.8139534
6.73;0;174;0;84;26.299694189602445;4.7093024;4.7093024
6.74;0;173;0;85;26.299694189602445;4.604651;4.604651
6.75;0;171;0;86;26.19775739041794;4.4649806;4.4649806
6.76;0;169;0;86;25.99388379204893;4.394118;4.394118
6.77;0;166;0;88;25.891946992864423;4.1456695;4.1456695
6.78;0;164;0;89;25.79001019367992;4.0019765;4.0019765
6.79;0;163;0;91;25.891946992864423;3.8267717;3.8267717
6.8;0;163;0;93;26.095820591233434;3.6914062;3.6914062
6.81;0;164;0;94;26.299694189602445;3.6627908;3.6627908
6.82;0;165;0;95;26.503567787971456;3.6346154;3.6346154
6.83;0;167;0;96;26.809378185524974;3.6444867;3.6444867
6.84;0;168;0;96;26.911314984709477;3.6818182;3.6818182
6.85;0;168;0;97;27.013251783893985;3.616981;3.616981
6.86;0;168;0;97;27.013251783893985;3.616981;3.616981
6.87;0;168;0;97;27.013251783893985;3.616981;3.616981
6.88;0;168;0;98;27.11518858307849;3.5526316;3.5526316
6.89;0;167;0;98;27.013251783893985;3.5150943;3.5150943
6.9;0;166;0;97;26.809378185524974;3.541825;3.541825
6.91;0;165;0;97;26.707441386340466;3.5038168;3.5038168
6.92;0;164;0;97;26.605504587155963;3.4655173;3.4655173
6.93;0;163;0;97;26.503567787971456;3.426923;3.426923
6.94;0;162;0;97;26.401630988786952;3.388031;3.388031
6.95;0;161;0;97;26.299694189602445;3.3488371;3.3488371
6.96;0;161;0;97;26.299694189602445;3.3488371;3.3488371
6.97;0;160;0;97;26.19775739041794;3.3093386;3.3093386
6.98;0;159;0;97;26.095820591233434;3.2695312;3.2695312
6.99;0;159;0;97;26.095820591233434;3.2695312;3.2695312
7.0;0;158;0;97;25.99388379204893;3.2294118;3.2294118
7.01;0;157;0;97;25.891946992864423;3.1889763;3.1889763
7.02;0;156;0;97;25.79001019367992;3.1482213;3.1482213
7.03;0;155;0;96;25.586136595310904;3.1733067;3.1733067
7.04;0;154;0;96;25.4841997961264;3.132;3.132
7.05;0;153;0;96;25.382262996941893;3.0903614;3.0903614
7.06;0;153;0;95;25.28032619775739;3.157258;3.157258
7.07;0;153;0;95;25.28032619775739;3.157258;3.157258
7.08;0;153;0;95;25.28032619775739;3.157258;3.157258
7.09;0;152;0;95;25.178389398572882;3.1153846;3.1153846
7.1;0;152;0;95;25.178389398572882;3.1153846;3.1153846
7.11;0;152;0;96;25.28032619775739;3.048387;3.048387
7.12;0;152;0;96;25.28032619775739;3.048387;3.048387
7.13;0;152;0;96;25.28032619775739;3.048387;3.048387
7.14;0;152;0;96;25.28032619775739;3.048387;3.048387
7.15;0;152;0;96;25.28032619775739;3.048387;3.048387
7.16;0;153;0;96;25.382262996941893;3.0903614;3.0903614
7.17;0;153;0;95;25.28032619775739;3.157258;3.157258
7.18;0;154;0;94;25.28032619775739;3.266129;3.266129
7.19;0;155;0;94;25.382262996941893;3.3072288;3.3072288
7.2;0;156;0;93;25.382262996941893;3.4156628;3.4156628
7.21;0;156;0;93;25.382262996941893;3.4156628;3.4156628
7.22;0;157;0;92;25.382262996941893;3.5240965;3.5240965
7.23;0;157;0;92;25.382262996941893;3.5240965;3.5240965
7.24;0;157;0;91;25.28032619775739;3.592742;3.592742
7.25;0;158;0;91;25.382262996941893;3.6325302;3.6325302
7.26;0;158;0;90;25.28032619775739;3.701613;3.701613
7.27;0;158;0;90;25.28032619775739;3.701613;3.701613
7.28;0;159;0;90;25.382262996941893;3.740964;3.740964
7.29;0;159;0;90;25.382262996941893;3.740964;3.740964
7.3;0;159;0;90;25.382262996941893;3.740964;3.740964
7.31;0;159;0;90;25.382262996941893;3.740964;3.740964
7.32;0;159;0;90;25.382262996941893;3.740964;3.740964
7.33;0;159;0;91;25.4841997961264;3.672;3.672
7.34;0;159;0;91;25.4841997961264;3.672;3.672
7.35;0;160;0;91;25.586136595310904;3.7111554;3.7111554
7.36;0;160;0;91;25.586136595310904;3.7111554;3.7111554
7.37;0;161;0;91;25.68807339449541;3.75;3.75
7.38;0;161;0;91;25.68807339449541;3.75;3.75
7.39;0;162;0;91;25.79001019367992;3.7885375;3.7885375
7.4;0;163;0;91;25.891946992864423;3.8267717;3.8267717
7.41;0;163;0;91;25.891946992864423;3.8267717;3.8267717
7.42;0;165;0;91;26.095820591233434;3.9023438;3.9023438
7.43;0;166;0;91;26.19775739041794;3.9396887;3.9396887
7.44;0;166;0;91;26.19775739041794;3.9396887;3.9396887
7.45;0;166;0;91;26.19775739041794;3.9396887;3.9396887
7.46;0;166;0;91;26.19775739041794;3.9396887;3.9396887
7.47;0;165;0;91;26.095820591233434;3.9023438;3.9023438
7.48;0;165;0;92;26.19775739041794;3.8346303;3.8346303
7.49;0;165;0;92;26.19775739041794;3.8346303;3.8346303
7.5;0;164;0;92;26.095820591233434;3.796875;3.796875
7.51;0;164;0;93;26.19775739041794;3.729572;3.729572
7.52;0;164;0;93;26.19775739041794;3.729572;3.729572
7.53;0;164;0;93;26.19775739041794;3.729572;3.729572
7.54;0;164;0;93;26.19775739041794;3.729572;3.729572
7.55;0;164;0;93;26.19775739041794;3.729572;3.729572
7.56;0;164;0;93;26.19775739041794;3.729572;3.729572
7.57;0;164;0;94;26.299694189602445;3.6627908;3.6627908
7.58;0;164;0;94;26.299694189602445;3.6627908;3.6627908
7.59;0;163;0;95;26.299694189602445;3.5581396;3.5581396
7.6;0;163;0;95;26.299694189602445;3.5581396;3.5581396
7.61;0;162;0;96;26.299694189602445;3.4534883;3.4534883
7.62;0;162;0;96;26.299694189602445;3.4534883;3.4534883
7.63;0;162;0;96;26.299694189602445;3.4534883;3.4534883
7.64;0;162;0;96;26.299694189602445;3.4534883;3.4534883
7.65;0;162;0;96;26.299694189602445;3.4534883;3.4534883
7.66;0;162;0;96;26.299694189602445;3.4534883;3.4534883
7.67;0;162;0;96;26.299694189602445;3.4534883;3.4534883
7.68;0;162;0;96;26.299694189602445;3.4534883;3.4534883
7.69;0;162;0;96;26.299694189602445;3.4534883;3.4534883
7.7;0;162;0;96;26.299694189602445;3.4534883;3.4534883
7.71;0;162;0;96;26.299694189602445;3.4534883;3.4534883
7.72;0;162;0;96;26.299694189602445;3.4534883;3.4534883
7.73;0;162;0;96;26.299694189602445;3.4534883;3.4534883
7.74;0;162;0;96;26.299694189602445;3.4534883;3.4534883
7.75;0;162;0;96;26.299694189602445;3.4534883;3.4534883
7.76;0;162;0;96;26.299694189602445;3.4534883;3.4534883
7.77;0;162;0;96;26.299694189602445;3.4534883;3.4534883
7.78;0;162;0;96;26.299694189602445;3.4534883;3.4534883
7.79;0;162;0;96;26.299694189602445;3.4534883;3.4534883
7.8;0;162;0;96;26.299694189602445;3.4534883;3.4534883
7.81;0;162;0;96;26.299694189602445;3.4534883;3.4534883
7.82;0;162;0;96;26.299694189602445;3.4534883;3.4534883
7.83;0;162;0;96;26.299694189602445;3.4534883;3.4534883
7.84;0;162;0;95;26.19775739041794;3.5194552;3.5194552
7.85;0;162;0;95;26.19775739041794;3.5194552;3.5194552
7.86;0;162;0;95;26.19775739041794;3.5194552;3.5194552
7.87;0;162;0;95;26.19775739041794;3.5194552;3.5194552
7.88;0;162;0;94;26.095820591233434;3.5859375;3.5859375
7.89;0;162;0;94;26.095820591233434;3.5859375;3.5859375
7.9;0;162;0;94;26.095820591233434;3.5859375;3.5859375
7.91;0;162;0;94;26.095820591233434;3.5859375;3.5859375
7.92;0;162;0;94;26.095820591233434;3.5859375;3.5859375
7.93;0;162;0;94;26.095820591233434;3.5859375;3.5859375
7.94;0;162;0;94;26.095820591233434;3.5859375;3.5859375
7.95;0;162;0;95;26.19775739041794;3.5194552;3.5194552
7.96;0;162;0;95;26.19775739041794;3.5194552;3.5194552
7.97;0;163;0;95;26.299694189602445;3.5581396;3.5581396
7.98;0;163;0;95;26.299694189602445;3.5581396;3.5581396
7.99;0;163;0;95;26.299694189602445;3.5581396;3.5581396
8.0;0;163;0;95;26.299694189602445;3.5581396;3.5581396
8.01;0;163;0;95;26.299694189602445;3.5581396;3.5581396
8.02;0;164;0;95;26.401630988786952;3.5965252;3.5965252
8.03;0;164;0;95;26.401630988786952;3.5965252;3.5965252
8.04;0;164;0;95;26.401630988786952;3.5965252;3.5965252
8.05;0;164;0;95;26.401630988786952;3.5965252;3.5965252
8.06;0;164;0;95;26.401630988786952;3.5965252;3.5965252
8.07;0;164;0;95;26.401630988786952;3.5965252;3.5965252
8.08;0;164;0;95;26.401630988786952;3.5965252;3.5965252
8.09;0;164;0;95;26.401630988786952;3.5965252;3.5965252
8.1;0;164;0;94;26.299694189602445;3.6627908;3.6627908
8.11;0;164;0;94;26.299694189602445;3.6627908;3.6627908
8.12;0;164;0;94;26.299694189602445;3.6627908;3.6627908
8.13;0;164;0;94;26.299694189602445;3.6627908;3.6627908
8.14;0;164;0;94;26.299694189602445;3.6627908;3.6627908
8.15;0;164;0;94;26.299694189602445;3.6627908;3.6627908
8.16;0;164;0;95;26.401630988786952;3.5965252;3.5965252
8.17;0;164;0;95;26.401630988786952;3.5965252;3.5965252
8.18;0;164;0;95;26.401630988786952;3.5965252;3.5965252
8.19;0;164;0;95;26.401630988786952;3.5965252;3.5965252
8.2;0;164;0;96;26.503567787971456;3.5307693;3.5307693
8.21;0;164;0;96;26.503567787971456;3.5307693;3.5307693
8.22;0;163;0;96;26.401630988786952;3.492278;3.492278
8.23;0;163;0;97;26.503567787971456;3.426923;3.426923
8.24;0;162;0;97;26.401630988786952;3.388031;3.388031
8.25;0;162;0;98;26.503567787971456;3.323077;3.323077
8.26;0;161;0;98;26.401630988786952;3.2837837;3.2837837
8.27;0;161;0;98;26.401630988786952;3.2837837;3.2837837
8.28;0;160;0;99;26.401630988786952;3.1795366;3.1795366
8.29;0;159;0;99;26.299694189602445;3.139535;3.139535
8.3;0;159;0;100;26.401630988786952;3.0752895;3.0752895
8.31;0;159;0;100;26.401630988786952;3.0752895;3.0752895
8.32;0;160;0;100;26.503567787971456;3.1153846;3.1153846
8.33;0;160;0;100;26.503567787971456;3.1153846;3.1153846
8.34;0;160;0;101;26.605504587155963;3.0517242;3.0517242
8.35;0;160;0;101;26.605504587155963;3.0517242;3.0517242
8.36;0;159;0;101;26.503567787971456;3.0115385;3.0115385
8.37;0;159;0;101;26.503567787971456;3.0115385;3.0115385
8.38;0;159;0;101;26.503567787971456;3.0115385;3.0115385
8.39;0;158;0;101;26.401630988786952;2.9710424;2.9710424
8.4;0;158;0;101;26.401630988786952;2.9710424;2.9710424
8.41;0;157;0;101;26.299694189602445;2.9302325;2.9302325
8.42;0;157;0;101;26.299694189602445;2.9302325;2.9302325
8.43;0;156;0;101;26.19775739041794;2.889105;2.889105
8.44;0;155;0;101;26.095820591233434;2.8476562;2.8476562
8.45;0;155;0;101;26.095820591233434;2.8476562;2.8476562
8.46;0;155;0;101;26.095820591233434;2.8476562;2.8476562
8.47;0;154;0;101;25.99388379204893;2.8058825;2.8058825
8.48;0;154;0;101;25.99388379204893;2.8058825;2.8058825
8.49;0;154;0;101;25.99388379204893;2.8058825;2.8058825
8.5;0;154;0;101;25.99388379204893;2.8058825;2.8058825
8.51;0;154;0;101;25.99388379204893;2.8058825;2.8058825
8.52;0;154;0;101;25.99388379204893;2.8058825;2.8058825
8.53;0;154;0;101;25.99388379204893;2.8058825;2.8058825
8.54;0;154;0;101;25.99388379204893;2.8058825;2.8058825
8.55;0;153;0;101;25.891946992864423;2.7637796;2.7637796
8.56;0;153;0;101;25.891946992864423;2.7637796;2.7637796
8.57;0;153;0;101;25.891946992864423;2.7637796;2.7637796
8.58;0;153;0;101;25.891946992864423;2.7637796;2.7637796
8.59;0;153;0;101;25.891946992864423;2.7637796;2.7637796
8.6;0;153;0;101;25.891946992864423;2.7637796;2.7637796
8.61;0;153;0;101;25.891946992864423;2.7637796;2.7637796
8.62;0;152;0;102;25.891946992864423;2.6574802;2.6574802
8.63;0;152;0;102;25.891946992864423;2.6574802;2.6574802
8.64;0;152;0;102;25.891946992864423;2.6574802;2.6574802
8.65;0;152;0;102;25.891946992864423;2.6574802;2.6574802
8.66;0;152;0;102;25.891946992864423;2.6574802;2.6574802
8.67;0;152;0;102;25.891946992864423;2.6574802;2.6574802
8.68;0;152;0;102;25.891946992864423;2.6574802;2.6574802
8.69;0;152;0;102;25.891946992864423;2.6574802;2.6574802
8.7;0;152;0;102;25.891946992864423;2.6574802;2.6574802
8.71;0;152;0;102;25.891946992864423;2.6574802;2.6574802
8.72;0;152;0;102;25.891946992864423;2.6574802;2.6574802
8.73;0;152;0;102;25.891946992864423;2.6574802;2.6574802
8.74;0;152;0;102;25.891946992864423;2.6574802;2.6574802
8.75;0;152;0;102;25.891946992864423;2.6574802;2.6574802
8.76;0;152;0;102;25.891946992864423;2.6574802;2.6574802
8.77;0;152;0;102;25.891946992864423;2.6574802;2.6574802
8.78;0;152;0;102;25.891946992864423;2.6574802;2.6574802
8.79;0;151;0;102;25.79001019367992;2.6146245;2.6146245
8.8;0;152;0;102;25.891946992864423;2.6574802;2.6574802
8.81;0;152;0;102;25.891946992864423;2.6574802;2.6574802
8.82;0;152;0;103;25.99388379204893;2.5941176;2.5941176
8.83;0;152;0;103;25.99388379204893;2.5941176;2.5941176
8.84;0;152;0;103;25.99388379204893;2.5941176;2.5941176
8.85;0;152;0;103;25.99388379204893;2.5941176;2.5941176
8.86;0;152;0;103;25.99388379204893;2.5941176;2.5941176
8.87;0;152;0;103;25.99388379204893;2.5941176;2.5941176
8.88;0;152;0;103;25.99388379204893;2.5941176;2.5941176
8.89;0;152;0;103;25.99388379204893;2.5941176;2.5941176
8.9;0;152;0;103;25.99388379204893;2.5941176;2.5941176
8.91;0;152;0;103;25.99388379204893;2.5941176;2.5941176
8.92;0;151;0;103;25.891946992864423;2.551181;2.551181
8.93;0;151;0;103;25.891946992864423;2.551181;2.551181
8.94;0;151;0;103;25.891946992864423;2.551181;2.551181
8.95;0;151;0;103;25.891946992864423;2.551181;2.551181
8.96;0;151;0;103;25.891946992864423;2.551181;2.551181
8.97;0;151;0;103;25.891946992864423;2.551181;2.551181
8.98;0;151;0;103;25.891946992864423;2.551181;2.551181
8.99;0;152;0;104;26.095820591233434;2.53125;2.53125
9.0;0;152;0;104;26.095820591233434;2.53125;2.53125
9.01;0;151;0;104;25.99388379204893;2.4882352;2.4882352
9.02;0;151;0;104;25.99388379204893;2.4882352;2.4882352
9.03;0;151;0;105;26.095820591233434;2.4257812;2.4257812
9.04;0;151;0;105;26.095820591233434;2.4257812;2.4257812
9.05;0;151;0;105;26.095820591233434;2.4257812;2.4257812
9.06;0;150;0;105;25.99388379204893;2.3823528;2.3823528
9.07;0;150;0;105;25.99388379204893;2.3823528;2.3823528
9.08;0;150;0;105;25.99388379204893;2.3823528;2.3823528
9.09;0;149;0;106;25.99388379204893;2.2764707;2.2764707
9.1;0;149;0;106;25.99388379204893;2.2764707;2.2764707
9.11;0;149;0;106;25.99388379204893;2.2764707;2.2764707
9.12;0;149;0;106;25.99388379204893;2.2764707;2.2764707
9.13;0;149;0;106;25.99388379204893;2.2764707;2.2764707
9.14;0;149;0;106;25.99388379204893;2.2764707;2.2764707
9.15;0;149;0;106;25.99388379204893;2.2764707;2.2764707
9.16;0;149;0;106;25.99388379204893;2.2764707;2.2764707
9.17;0;149;0;106;25.99388379204893;2.2764707;2.2764707
9.18;0;149;0;107;26.095820591233434;2.2148438;2.2148438
9.19;0;148;0;107;25.99388379204893;2.1705883;2.1705883
9.2;0;148;0;107;25.99388379204893;2.1705883;2.1705883
9.21;0;148;0;107;25.99388379204893;2.1705883;2.1705883
9.22;0;148;0;106;25.891946992864423;2.2322834;2.2322834
9.23;0;148;0;106;25.891946992864423;2.2322834;2.2322834
9.24;0;148;0;106;25.891946992864423;2.2322834;2.2322834
9.25;0;148;0;106;25.891946992864423;2.2322834;2.2322834
9.26;0;148;0;106;25.891946992864423;2.2322834;2.2322834
9.27;0;149;0;105;25.891946992864423;2.3385828;2.3385828
9.28;0;149;0;105;25.891946992864423;2.3385828;2.3385828
9.29;0;149;0;105;25.891946992864423;2.3385828;2.3385828
9.3;0;149;0;105;25.891946992864423;2.3385828;2.3385828
9.31;0;149;0;105;25.891946992864423;2.3385828;2.3385828
9.32;0;150;0;105;25.99388379204893;2.3823528;2.3823528
9.33;0;150;0;106;26.095820591233434;2.3203125;2.3203125
9.34;0;150;0;106;26.095820591233434;2.3203125;2.3203125
9.35;0;151;0;106;26.19775739041794;2.3638132;2.3638132
9.36;0;151;0;105;26.095820591233434;2.4257812;2.4257812
9.37;0;151;0;105;26.095820591233434;2.4257812;2.4257812
9.38;0;151;0;105;26.095820591233434;2.4257812;2.4257812
9.39;0;151;0;105;26.095820591233434;2.4257812;2.4257812
9.4;0;151;0;105;26.095820591233434;2.4257812;2.4257812
9.41;0;152;0;105;26.19775739041794;2.4688716;2.4688716
9.42;0;152;0;105;26.19775739041794;2.4688716;2.4688716
9.43;0;152;0;104;26.095820591233434;2.53125;2.53125
9.44;0;152;0;104;26.095820591233434;2.53125;2.53125
9.45;0;152;0;104;26.095820591233434;2.53125;2.53125
9.46;0;153;0;104;26.19775739041794;2.57393;2.57393
9.47;0;153;0;104;26.19775739041794;2.57393;2.57393
9.48;0;153;0;104;26.19775739041794;2.57393;2.57393
9.49;0;153;0;104;26.19775739041794;2.57393;2.57393
9.5;0;154;0;104;26.299694189602445;2.6162791;2.6162791
9.51;0;154;0;103;26.19775739041794;2.6789882;2.6789882
9.52;0;154;0;103;26.19775739041794;2.6789882;2.6789882
9.53;0;155;0;103;26.299694189602445;2.7209303;2.7209303
9.54;0;155;0;103;26.299694189602445;2.7209303;2.7209303
9.55;0;156;0;103;26.401630988786952;2.7625482;2.7625482
9.56;0;156;0;103;26.401630988786952;2.7625482;2.7625482
9.57;0;156;0;103;26.401630988786952;2.7625482;2.7625482
9.58;0;157;0;103;26.503567787971456;2.8038461;2.8038461
9.59;0;157;0;102;26.401630988786952;2.8667953;2.8667953
9.6;0;157;0;102;26.401630988786952;2.8667953;2.8667953
9.61;0;158;0;102;26.503567787971456;2.9076922;2.9076922
9.62;0;158;0;102;26.503567787971456;2.9076922;2.9076922
9.63;0;159;0;102;26.605504587155963;2.9482758;2.9482758
9.64;0;159;0;102;26.605504587155963;2.9482758;2.9482758
9.65;0;159;0;102;26.605504587155963;2.9482758;2.9482758
9.66;0;160;0;102;26.707441386340466;2.9885497;2.9885497
9.67;0;160;0;101;26.605504587155963;3.0517242;3.0517242
9.68;0;160;0;101;26.605504587155963;3.0517242;3.0517242
9.69;0;160;0;101;26.605504587155963;3.0517242;3.0517242
9.7;0;160;0;101;26.605504587155963;3.0517242;3.0517242
9.71;0;161;0;101;26.707441386340466;3.091603;3.091603
9.72;0;161;0;101;26.707441386340466;3.091603;3.091603
9.73;0;162;0;101;26.809378185524974;3.1311786;3.1311786
9.74;0;162;0;101;26.809378185524974;3.1311786;3.1311786
9.75;0;162;0;101;26.809378185524974;3.1311786;3.1311786
9.76;0;163;0;101;26.911314984709477;3.1704545;3.1704545
9.77;0;163;0;101;26.911314984709477;3.1704545;3.1704545
9.78;0;163;0;101;26.911314984709477;3.1704545;3.1704545
9.79;0;163;0;101;26.911314984709477;3.1704545;3.1704545
9.8;0;163;0;101;26.911314984709477;3.1704545;3.1704545
9.81;0;163;0;100;26.809378185524974;3.2338402;3.2338402
9.82;0;163;0;100;26.809378185524974;3.2338402;3.2338402
9.83;0;163;0;100;26.809378185524974;3.2338402;3.2338402
9.84;0;163;0;99;26.707441386340466;3.29771;3.29771
9.85;0;163;0;99;26.707441386340466;3.29771;3.29771
9.86;0;163;0;99;26.707441386340466;3.29771;3.29771
9.87;0;163;0;99;26.707441386340466;3.29771;3.29771
9.88;0;163;0;99;26.707441386340466;3.29771;3.29771
9.89;0;164;0;99;26.809378185524974;3.3365018;3.3365018
9.9;0;164;0;99;26.809378185524974;3.3365018;3.3365018
9.91;0;164;0;98;26.707441386340466;3.4007633;3.4007633
9.92;0;164;0;98;26.707441386340466;3.4007633;3.4007633
9.93;0;164;0;98;26.707441386340466;3.4007633;3.4007633
9.94;0;164;0;97;26.605504587155963;3.4655173;3.4655173
9.95;0;164;0;97;26.605504587155963;3.4655173;3.4655173
9.96;0;164;0;97;26.605504587155963;3.4655173;3.4655173
9.97;0;164;0;97;26.605504587155963;3.4655173;3.4655173
9.98;0;164;0;96;26.503567787971456;3.5307693;3.5307693
9.99;0;165;0;96;26.605504587155963;3.5689654;3.5689654
10.0;0;165;0;96;26.605504587155963;3.5689654;3.5689654
10.01;0;166;0;96;26.707441386340466;3.6068702;3.6068702
10.02;0;166;0;96;26.707441386340466;3.6068702;3.6068702
10.03;0;167;0;96;26.809378185524974;3.6444867;3.6444867
10.04;0;167;0;96;26.809378185524974;3.6444867;3.6444867
10.05;0;167;0;96;26.809378185524974;3.6444867;3.6444867
10.06;0;167;0;96;26.809378185524974;3.6444867;3.6444867
10.07;0;167;0;96;26.809378185524974;3.6444867;3.6444867
10.08;0;167;0;95;26.707441386340466;3.7099237;3.7099237
10.09;0;167;0;95;26.707441386340466;3.7099237;3.7099237
10.1;0;167;0;95;26.707441386340466;3.7099237;3.7099237
10.11;0;167;0;95;26.707441386340466;3.7099237;3.7099237
10.12;0;168;0;94;26.707441386340466;3.812977;3.812977
10.13;0;168;0;94;26.707441386340466;3.812977;3.812977
10.14;0;168;0;94;26.707441386340466;3.812977;3.812977
10.15;0;168;0;94;26.707441386340466;3.812977;3.812977
10.16;0;169;0;94;26.809378185524974;3.84981;3.84981
10.17;0;169;0;94;26.809378185524974;3.84981;3.84981
10.18;0;170;0;94;26.911314984709477;3.8863637;3.8863637
10.19;0;170;0;94;26.911314984709477;3.8863637;3.8863637
10.2;0;170;0;94;26.911314984709477;3.8863637;3.8863637
10.21;0;171;0;94;27.013251783893985;3.9226415;3.9226415
10.22;0;171;0;94;27.013251783893985;3.9226415;3.9226415
10.23;0;172;0;94;27.11518858307849;3.9586465;3.9586465
10.24;0;172;0;93;27.013251783893985;4.0245285;4.0245285
10.25;0;173;0;93;27.11518858307849;4.06015;4.06015
10.26;0;173;0;93;27.11518858307849;4.06015;4.06015
10.27;0;174;0;92;27.11518858307849;4.161654;4.161654
10.28;0;174;0;92;27.11518858307849;4.161654;4.161654
10.29;0;174;0;92;27.11518858307849;4.161654;4.161654
10.3;0;175;0;91;27.11518858307849;4.263158;4.263158
10.31;0;175;0;91;27.11518858307849;4.263158;4.263158
10.32;0;176;0;90;27.11518858307849;4.3646617;4.3646617
10.33;0;176;0;90;27.11518858307849;4.3646617;4.3646617
10.34;0;177;0;90;27.217125382262996;4.398876;4.398876
10.35;0;177;0;89;27.11518858307849;4.4661655;4.4661655
10.36;0;178;0;89;27.217125382262996;4.5;4.5
10.37;0;178;0;89;27.217125382262996;4.5;4.5
10.38;0;179;0;89;27.3190621814475;4.533582;4.533582
10.39;0;179;0;89;27.3190621814475;4.533582;4.533582
10.4;0;179;0;89;27.3190621814475;4.533582;4.533582
10.41;0;179;0;88;27.217125382262996;4.601124;4.601124
10.42;0;179;0;88;27.217125382262996;4.601124;4.601124
10.43;0;179;0;88;27.217125382262996;4.601124;4.601124
10.44;0;180;0;88;27.3190621814475;4.6343284;4.6343284
10.45;0;180;0;87;27.217125382262996;4.702247;4.702247
10.46;0;180;0;87;27.217125382262996;4.702247;4.702247
10.47;0;181;0;87;27.3190621814475;4.7350745;4.7350745
10.48;0;181;0;87;27.3190621814475;4.7350745;4.7350745
10.49;0;181;0;87;27.3190621814475;4.7350745;4.7350745
10.5;0;181;0;87;27.3190621814475;4.7350745;4.7350745
10.51;0;181;0;87;27.3190621814475;4.7350745;4.7350745
10.52;0;182;0;87;27.420998980632007;4.7676578;4.7676578
10.53;0;182;0;87;27.420998980632007;4.7676578;4.7676578
10.54;0;182;0;87;27.420998980632007;4.7676578;4.7676578
10.55;0;182;0;87;27.420998980632007;4.7676578;4.7676578
10.56;0;182;0;87;27.420998980632007;4.7676578;4.7676578
10.57;0;183;0;87;27.522935779816514;4.8;4.8
10.58;0;183;0;87;27.522935779816514;4.8;4.8
10.59;0;183;0;87;27.522935779816514;4.8;4.8
10.6;0;184;0;86;27.522935779816514;4.9;4.9
10.61;0;184;0;86;27.522935779816514;4.9;4.9
10.62;0;184;0;86;27.522935779816514;4.9;4.9
10.63;0;184;0;86;27.522935779816514;4.9;4.9
10.64;0;184;0;86;27.522935779816514;4.9;4.9
10.65;0;184;0;86;27.522935779816514;4.9;4.9
10.66;0;184;0;86;27.522935779816514;4.9;4.9
10.67;0;184;0;86;27.522935779816514;4.9;4.9
10.68;0;184;0;86;27.522935779816514;4.9;4.9
10.69;0;184;0;86;27.522935779816514;4.9;4.9
10.7;0;184;0;86;27.522935779816514;4.9;4.9
10.71;0;184;0;86;27.522935779816514;4.9;4.9
10.72;0;185;0;86;27.624872579001018;4.931734;4.931734
10.73;0;185;0;86;27.624872579001018;4.931734;4.931734
10.74;0;185;0;86;27.624872579001018;4.931734;4.931734
10.75;0;186;0;85;27.624872579001018;5.0313654;5.0313654
10.76;0;186;0;85;27.624872579001018;5.0313654;5.0313654
10.77;0;186;0;85;27.624872579001018;5.0313654;5.0313654
10.78;0;187;0;85;27.726809378185525;5.0625;5.0625
10.79;0;187;0;85;27.726809378185525;5.0625;5.0625
10.8;0;187;0;84;27.624872579001018;5.130996;5.130996
10.81;0;187;0;84;27.624872579001018;5.130996;5.130996
10.82;0;187;0;84;27.624872579001018;5.130996;5.130996
10.83;0;187;0;84;27.624872579001018;5.130996;5.130996
10.84;0;186;0;84;27.522935779816514;5.1;5.1
10.85;0;186;0;83;27.420998980632007;5.169145;5.169145
10.86;0;186;0;83;27.420998980632007;5.169145;5.169145
10.87;0;186;0;83;27.420998980632007;5.169145;5.169145
10.88;0;186;0;83;27.420998980632007;5.169145;5.169145
10.89;0;186;0;83;27.420998980632007;5.169145;5.169145
10.9;0;186;0;83;27.420998980632007;5.169145;5.169145
10.91;0;186;0;83;27.420998980632007;5.169145;5.169145
10.92;0;186;0;83;27.420998980632007;5.169145;5.169145
10.93;0;187;0;83;27.522935779816514;5.2;5.2
10.94;0;187;0;83;27.522935779816514;5.2;5.2
10.95;0;187;0;83;27.522935779816514;5.2;5.2
10.96;0;187;0;83;27.522935779816514;5.2;5.2
10.97;0;187;0;83;27.522935779816514;5.2;5.2
10.98;0;187;0;83;27.522935779816514;5.2;5.2
10.99;0;187;0;84;27.624872579001018;5.130996;5.130996
11.0;0;187;0;84;27.624872579001018;5.130996;5.130996
11.01;0;187;0;84;27.624872579001018;5.130996;5.130996
11.02;0;186;0;84;27.522935779816514;5.1;5.1
11.03;0;186;0;85;27.624872579001018;5.0313654;5.0313654
11.04;0;186;0;85;27.624872579001018;5.0313654;5.0313654
11.05;0;186;0;85;27.624872579001018;5.0313654;5.0313654
11.06;0;186;0;85;27.624872579001018;5.0313654;5.0313654
11.07;0;186;0;86;27.726809378185525;4.9632354;4.9632354
11.08;0;185;0;86;27.624872579001018;4.931734;4.931734
11.09;0;185;0;86;27.624872579001018;4.931734;4.931734
11.1;0;185;0;86;27.624872579001018;4.931734;4.931734
11.11;0;186;0;86;27.726809378185525;4.9632354;4.9632354
11.12;0;186;0;86;27.726809378185525;4.9632354;4.9632354
11.13;0;186;0;86;27.726809378185525;4.9632354;4.9632354
11.14;0;186;0;86;27.726809378185525;4.9632354;4.9632354
11.15;0;186;0;86;27.726809378185525;4.9632354;4.9632354
11.16;0;186;0;86;27.726809378185525;4.9632354;4.9632354
11.17;0;186;0;86;27.726809378185525;4.9632354;4.9632354
11.18;0;186;0;86;27.726809378185525;4.9632354;4.9632354
11.19;0;186;0;86;27.726809378185525;4.9632354;4.9632354
11.2;0;186;0;85;27.624872579001018;5.0313654;5.0313654
11.21;0;186;0;85;27.624872579001018;5.0313654;5.0313654
11.22;0;186;0;85;27.624872579001018;5.0313654;5.0313654
11.23;0;186;0;85;27.624872579001018;5.0313654;5.0313654
11.24;0;186;0;85;27.624872579001018;5.0313654;5.0313654
11.25;0;185;0;86;27.624872579001018;4.931734;4.931734
11.26;0;185;0;86;27.624872579001018;4.931734;4.931734
11.27;0;185;0;86;27.624872579001018;4.931734;4.931734
11.28;0;185;0;86;27.624872579001018;4.931734;4.931734
11.29;0;185;0;86;27.624872579001018;4.931734;4.931734
11.3;0;184;0;86;27.522935779816514;4.9;4.9
11.31;0;184;0;86;27.522935779816514;4.9;4.9
11.32;0;184;0;86;27.522935779816514;4.9;4.9
11.33;0;184;0;86;27.522935779816514;4.9;4.9
11.34;0;184;0;86;27.522935779816514;4.9;4.9
11.35;0;184;0;86;27.522935779816514;4.9;4.9
11.36;0;184;0;86;27.522935779816514;4.9;4.9
11.37;0;183;0;86;27.420998980632007;4.8680296;4.8680296
11.38;0;183;0;86;27.420998980632007;4.8680296;4.8680296
11.39;0;183;0;86;27.420998980632007;4.8680296;4.8680296
11.4;0;183;0;86;27.420998980632007;4.8680296;4.8680296
11.41;0;183;0;87;27.522935779816514;4.8;4.8
11.42;0;183;0;87;27.522935779816514;4.8;4.8
11.43;0;183;0;87;27.522935779816514;4.8;4.8
11.44;0;182;0;87;27.420998980632007;4.7676578;4.7676578
11.45;0;182;0;87;27.420998980632007;4.7676578;4.7676578
11.46;0;182;0;87;27.420998980632007;4.7676578;4.7676578
11.47;0;182;0;87;27.420998980632007;4.7676578;4.7676578
11.48;0;182;0;87;27.420998980632007;4.7676578;4.7676578
11.49;0;182;0;87;27.420998980632007;4.7676578;4.7676578
11.5;0;182;0;87;27.420998980632007;4.7676578;4.7676578
11.51;0;182;0;88;27.522935779816514;4.7;4.7
11.52;0;182;0;88;27.522935779816514;4.7;4.7
11.53;0;181;0;88;27.420998980632007;4.6672864;4.6672864
11.54;0;181;0;88;27.420998980632007;4.6672864;4.6672864
11.55;0;181;0;88;27.420998980632007;4.6672864;4.6672864
11.56;0;181;0;88;27.420998980632007;4.6672864;4.6672864
11.57;0;181;0;88;27.420998980632007;4.6672864;4.6672864
11.58;0;180;0;87;27.217125382262996;4.702247;4.702247
11.59;0;180;0;87;27.217125382262996;4.702247;4.702247
11.6;0;180;0;87;27.217125382262996;4.702247;4.702247
11.61;0;180;0;87;27.217125382262996;4.702247;4.702247
11.62;0;180;0;87;27.217125382262996;4.702247;4.702247
11.63;0;180;0;87;27.217125382262996;4.702247;4.702247
11.64;0;180;0;87;27.217125382262996;4.702247;4.702247
11.65;0;180;0;88;27.3190621814475;4.6343284;4.6343284
11.66;0;180;0;88;27.3190621814475;4.6343284;4.6343284
11.67;0;180;0;88;27.3190621814475;4.6343284;4.6343284
11.68;0;180;0;88;27.3190621814475;4.6343284;4.6343284
11.69;0;179;0;88;27.217125382262996;4.601124;4.601124
11.7;0;179;0;88;27.217125382262996;4.601124;4.601124
11.71;0;179;0;88;27.217125382262996;4.601124;4.601124
11.72;0;179;0;88;27.217125382262996;4.601124;4.601124
11.73;0;179;0;89;27.3190621814475;4.533582;4.533582
11.74;0;178;0;89;27.217125382262996;4.5;4.5
11.75;0;178;0;89;27.217125382262996;4.5;4.5
11.76;0;178;0;89;27.217125382262996;4.5;4.5
11.77;0;178;0;89;27.217125382262996;4.5;4.5
11.78;0;178;0;89;27.217125382262996;4.5;4.5
11.79;0;177;0;89;27.11518858307849;4.4661655;4.4661655
11.8;0;177;0;89;27.11518858307849;4.4661655;4.4661655
11.81;0;177;0;89;27.11518858307849;4.4661655;4.4661655
11.82;0;177;0;89;27.11518858307849;4.4661655;4.4661655
11.83;0;176;0;89;27.013251783893985;4.4320755;4.4320755
11.84;0;176;0;89;27.013251783893985;4.4320755;4.4320755
11.85;0;176;0;89;27.013251783893985;4.4320755;4.4320755
11.86;0;175;0;90;27.013251783893985;4.3301888;4.3301888
11.87;0;175;0;90;27.013251783893985;4.3301888;4.3301888
11.88;0;175;0;90;27.013251783893985;4.3301888;4.3301888
11.89;0;175;0;90;27.013251783893985;4.3301888;4.3301888
11.9;0;175;0;90;27.013251783893985;4.3301888;4.3301888
11.91;0;175;0;90;27.013251783893985;4.3301888;4.3301888
11.92;0;174;0;90;26.911314984709477;4.2954545;4.2954545
11.93;0;174;0;90;26.911314984709477;4.2954545;4.2954545
11.94;0;174;0;90;26.911314984709477;4.2954545;4.2954545
11.95;0;174;0;90;26.911314984709477;4.2954545;4.2954545
11.96;0;174;0;90;26.911314984709477;4.2954545;4.2954545
11.97;0;174;0;90;26.911314984709477;4.2954545;4.2954545
11.98;0;174;0;90;26.911314984709477;4.2954545;4.2954545
11.99;0;174;0;90;26.911314984709477;4.2954545;4.2954545
12.0;0;174;0;90;26.911314984709477;4.2954545;4.2954545
12.01;0;174;0;90;26.911314984709477;4.2954545;4.2954545
12.02;0;174;0;90;26.911314984709477;4.2954545;4.2954545
12.03;0;173;0;90;26.809378185524974;4.260456;4.260456
12.04;0;173;0;90;26.809378185524974;4.260456;4.260456
12.05;0;173;0;90;26.809378185524974;4.260456;4.260456
12.06;0;173;0;89;26.707441386340466;4.328244;4.328244
12.07;0;173;0;89;26.707441386340466;4.328244;4.328244
12.08;0;172;0;89;26.605504587155963;4.293103;4.293103
12.09;0;172;0;89;26.605504587155963;4.293103;4.293103
12.1;0;172;0;89;26.605504587155963;4.293103;4.293103
12.11;0;172;0;89;26.605504587155963;4.293103;4.293103
12.12;0;172;0;89;26.605504587155963;4.293103;4.293103
12.13;0;172;0;89;26.605504587155963;4.293103;4.293103
12.14;0;172;0;90;26.707441386340466;4.2251906;4.2251906
12.15;0;172;0;90;26.707441386340466;4.2251906;4.2251906
12.16;0;172;0;90;26.707441386340466;4.2251906;4.2251906
12.17;0;171;0;90;26.605504587155963;4.1896553;4.1896553
12.18;0;171;0;91;26.707441386340466;4.1221375;4.1221375
12.19;0;171;0;91;26.707441386340466;4.1221375;4.1221375
12.2;0;171;0;91;26.707441386340466;4.1221375;4.1221375
12.21;0;171;0;91;26.707441386340466;4.1221375;4.1221375
12.22;0;171;0;91;26.707441386340466;4.1221375;4.1221375
12.23;0;171;0;92;26.809378185524974;4.055133;4.055133
12.24;0;171;0;92;26.809378185524974;4.055133;4.055133
12.25;0;171;0;93;26.911314984709477;3.9886363;3.9886363
12.26;0;171;0;93;26.911314984709477;3.9886363;3.9886363
12.27;0;171;0;93;26.911314984709477;3.9886363;3.9886363
12.28;0;171;0;93;26.911314984709477;3.9886363;3.9886363
12.29;0;171;0;93;26.911314984709477;3.9886363;3.9886363
12.3;0;171;0;93;26.911314984709477;3.9886363;3.9886363
12.31;0;171;0;93;26.911314984709477;3.9886363;3.9886363
12.32;0;171;0;93;26.911314984709477;3.9886363;3.9886363
12.33;0;171;0;93;26.911314984709477;3.9886363;3.9886363
12.34;0;171;0;93;26.911314984709477;3.9886363;3.9886363
12.35;0;171;0;93;26.911314984709477;3.9886363;3.9886363
12.36;0;171;0;93;26.911314984709477;3.9886363;3.9886363
12.37;0;171;0;93;26.911314984709477;3.9886363;3.9886363
12.38;0;171;0;93;26.911314984709477;3.9886363;3.9886363
12.39;0;171;0;93;26.911314984709477;3.9886363;3.9886363
12.4;0;171;0;92;26.809378185524974;4.055133;4.055133
12.41;0;171;0;92;26.809378185524974;4.055133;4.055133
12.42;0;172;0;92;26.911314984709477;4.090909;4.090909
12.43;0;172;0;92;26.911314984709477;4.090909;4.090909
12.44;0;171;0;92;26.809378185524974;4.055133;4.055133
12.45;0;171;0;92;26.809378185524974;4.055133;4.055133
12.46;0;171;0;92;26.809378185524974;4.055133;4.055133
12.47;0;171;0;92;26.809378185524974;4.055133;4.055133
12.48;0;171;0;92;26.809378185524974;4.055133;4.055133
12.49;0;171;0;92;26.809378185524974;4.055133;4.055133
12.5;0;171;0;92;26.809378185524974;4.055133;4.055133
12.51;0;171;0;92;26.809378185524974;4.055133;4.055133
12.52;0;172;0;92;26.911314984709477;4.090909;4.090909
12.53;0;172;0;93;27.013251783893985;4.0245285;4.0245285
12.54;0;172;0;93;27.013251783893985;4.0245285;4.0245285
12.55;0;172;0;93;27.013251783893985;4.0245285;4.0245285
12.56;0;172;0;93;27.013251783893985;4.0245285;4.0245285
12.57;0;172;0;93;27.013251783893985;4.0245285;4.0245285
12.58;0;172;0;93;27.013251783893985;4.0245285;4.0245285
12.59;0;172;0;93;27.013251783893985;4.0245285;4.0245285
12.6;0;172;0;93;27.013251783893985;4.0245285;4.0245285
12.61;0;172;0;93;27.013251783893985;4.0245285;4.0245285
12.62;0;172;0;93;27.013251783893985;4.0245285;4.0245285
12.63;0;172;0;93;27.013251783893985;4.0245285;4.0245285
12.64;0;173;0;93;27.11518858307849;4.06015;4.06015
12.65;0;173;0;93;27.11518858307849;4.06015;4.06015
12.66;0;173;0;93;27.11518858307849;4.06015;4.06015
12.67;0;173;0;93;27.11518858307849;4.06015;4.06015
12.68;0;173;0;93;27.11518858307849;4.06015;4.06015
12.69;0;173;0;93;27.11518858307849;4.06015;4.06015
12.7;0;173;0;93;27.11518858307849;4.06015;4.06015
12.71;0;173;0;93;27.11518858307849;4.06015;4.06015
12.72;0;173;0;93;27.11518858307849;4.06015;4.06015
12.73;0;173;0;93;27.11518858307849;4.06015;4.06015
12.74;0;173;0;93;27.11518858307849;4.06015;4.06015
12.75;0;173;0;93;27.11518858307849;4.06015;4.06015
12.76;0;173;0;93;27.11518858307849;4.06015;4.06015
12.77;0;173;0;93;27.11518858307849;4.06015;4.06015
12.78;0;173;0;93;27.11518858307849;4.06015;4.06015
12.79;0;173;0;93;27.11518858307849;4.06015;4.06015
12.8;0;173;0;93;27.11518858307849;4.06015;4.06015
12.81;0;173;0;93;27.11518858307849;4.06015;4.06015
12.82;0;172;0;93;27.013251783893985;4.0245285;4.0245285
12.83;0;172;0;93;27.013251783893985;4.0245285;4.0245285
12.84;0;172;0;93;27.013251783893985;4.0245285;4.0245285
12.85;0;172;0;93;27.013251783893985;4.0245285;4.0245285
12.86;0;172;0;93;27.013251783893985;4.0245285;4.0245285
12.87;0;172;0;93;27.013251783893985;4.0245285;4.0245285
12.88;0;172;0;93;27.013251783893985;4.0245285;4.0245285
12.89;0;172;0;92;26.911314984709477;4.090909;4.090909
12.9;0;172;0;92;26.911314984709477;4.090909;4.090909
12.91;0;172;0;92;26.911314984709477;4.090909;4.090909
12.92;0;172;0;91;26.809378185524974;4.1577945;4.1577945
12.93;0;172;0;91;26.809378185524974;4.1577945;4.1577945
12.94;0;173;0;91;26.911314984709477;4.193182;4.193182
12.95;0;173;0;91;26.911314984709477;4.193182;4.193182
12.96;0;174;0;91;27.013251783893985;4.228302;4.228302
12.97;0;174;0;92;27.11518858307849;4.161654;4.161654
12.98;0;174;0;92;27.11518858307849;4.161654;4.161654
12.99;0;174;0;92;27.11518858307849;4.161654;4.161654
13.0;0;174;0;92;27.11518858307849;4.161654;4.161654
13.01;0;174;0;92;27.11518858307849;4.161654;4.161654
13.02;0;174;0;92;27.11518858307849;4.161654;4.161654
13.03;0;174;0;92;27.11518858307849;4.161654;4.161654
13.04;0;174;0;92;27.11518858307849;4.161654;4.161654
13.05;0;175;0;92;27.217125382262996;4.196629;4.196629
13.06;0;175;0;92;27.217125382262996;4.196629;4.196629
13.07;0;175;0;92;27.217125382262996;4.196629;4.196629
13.08;0;175;0;92;27.217125382262996;4.196629;4.196629
13.09;0;175;0;92;27.217125382262996;4.196629;4.196629
13.1;0;175;0;92;27.217125382262996;4.196629;4.196629
13.11;0;175;0;92;27.217125382262996;4.196629;4.196629
13.12;0;175;0;92;27.217125382262996;4.196629;4.196629
13.13;0;175;0;92;27.217125382262996;4.196629;4.196629
13.14;0;175;0;92;27.217125382262996;4.196629;4.196629
13.15;0;175;0;92;27.217125382262996;4.196629;4.196629
13.16;0;175;0;92;27.217125382262996;4.196629;4.196629
13.17;0;175;0;92;27.217125382262996;4.196629;4.196629
13.18;0;176;0;92;27.3190621814475;4.2313433;4.2313433
13.19;0;176;0;92;27.3190621814475;4.2313433;4.2313433
13.2;0;176;0;92;27.3190621814475;4.2313433;4.2313433
13.21;0;176;0;92;27.3190621814475;4.2313433;4.2313433
13.22;0;176;0;92;27.3190621814475;4.2313433;4.2313433
13.23;0;176;0;92;27.3190621814475;4.2313433;4.2313433
13.24;0;176;0;92;27.3190621814475;4.2313433;4.2313433
13.25;0;176;0;93;27.420998980632007;4.1654277;4.1654277
13.26;0;176;0;93;27.420998980632007;4.1654277;4.1654277
13.27;0;175;0;93;27.3190621814475;4.130597;4.130597
13.28;0;175;0;93;27.3190621814475;4.130597;4.130597
13.29;0;175;0;93;27.3190621814475;4.130597;4.130597
13.3;0;175;0;93;27.3190621814475;4.130597;4.130597
13.31;0;175;0;93;27.3190621814475;4.130597;4.130597
13.32;0;175;0;93;27.3190621814475;4.130597;4.130597
13.33;0;175;0;93;27.3190621814475;4.130597;4.130597
13.34;0;175;0;93;27.3190621814475;4.130597;4.130597
13.35;0;174;0;93;27.217125382262996;4.0955057;4.0955057
13.36;0;174;0;93;27.217125382262996;4.0955057;4.0955057
13.37;0;174;0;93;27.217125382262996;4.0955057;4.0955057
13.38;0;174;0;93;27.217125382262996;4.0955057;4.0955057
13.39;0;174;0;92;27.11518858307849;4.161654;4.161654
13.4;0;174;0;92;27.11518858307849;4.161654;4.161654
13.41;0;174;0;93;27.217125382262996;4.0955057;4.0955057
13.42;0;174;0;93;27.217125382262996;4.0955057;4.0955057
13.43;0;174;0;93;27.217125382262996;4.0955057;4.0955057
13.44;0;174;0;93;27.217125382262996;4.0955057;4.0955057
13.45;0;174;0;93;27.217125382262996;4.0955057;4.0955057
13.46;0;174;0;93;27.217125382262996;4.0955057;4.0955057
13.47;0;174;0;93;27.217125382262996;4.0955057;4.0955057
13.48;0;174;0;93;27.217125382262996;4.0955057;4.0955057
13.49;0;174;0;93;27.217125382262996;4.0955057;4.0955057
13.5;0;174;0;93;27.217125382262996;4.0955057;4.0955057
13.51;0;174;0;93;27.217125382262996;4.0955057;4.0955057
13.52;0;174;0;93;27.217125382262996;4.0955057;4.0955057
13.53;0;174;0;93;27.217125382262996;4.0955057;4.0955057
13.54;0;173;0;93;27.11518858307849;4.06015;4.06015
13.55;0;173;0;93;27.11518858307849;4.06015;4.06015
13.56;0;173;0;93;27.11518858307849;4.06015;4.06015
13.57;0;173;0;93;27.11518858307849;4.06015;4.06015
13.58;0;173;0;93;27.11518858307849;4.06015;4.06015
13.59;0;173;0;93;27.11518858307849;4.06015;4.06015
13.6;0;173;0;93;27.11518858307849;4.06015;4.06015
13.61;0;173;0;93;27.11518858307849;4.06015;4.06015
13.62;0;173;0;93;27.11518858307849;4.06015;4.06015
13.63;0;173;0;93;27.11518858307849;4.06015;4.06015
13.64;0;174;0;93;27.217125382262996;4.0955057;4.0955057
13.65;0;174;0;93;27.217125382262996;4.0955057;4.0955057
13.66;0;174;0;93;27.217125382262996;4.0955057;4.0955057
13.67;0;174;0;93;27.217125382262996;4.0955057;4.0955057
13.68;0;174;0;93;27.217125382262996;4.0955057;4.0955057
13.69;0;174;0;93;27.217125382262996;4.0955057;4.0955057
13.7;0;175;0;93;27.3190621814475;4.130597;4.130597
13.71;0;175;0;92;27.217125382262996;4.196629;4.196629
13.72;0;175;0;92;27.217125382262996;4.196629;4.196629
13.73;0;175;0;92;27.217125382262996;4.196629;4.196629
13.74;0;175;0;92;27.217125382262996;4.196629;4.196629
13.75;0;175;0;92;27.217125382262996;4.196629;4.196629
13.76;0;175;0;92;27.217125382262996;4.196629;4.196629
13.77;0;174;0;92;27.11518858307849;4.161654;4.161654
13.78;0;174;0;92;27.11518858307849;4.161654;4.161654
13.79;0;174;0;92;27.11518858307849;4.161654;4.161654
13.8;0;174;0;92;27.11518858307849;4.161654;4.161654
13.81;0;174;0;92;27.11518858307849;4.161654;4.161654
13.82;0;174;0;92;27.11518858307849;4.161654;4.161654
13.83;0;174;0;92;27.11518858307849;4.161654;4.161654
13.84;0;174;0;92;27.11518858307849;4.161654;4.161654
13.85;0;174;0;92;27.11518858307849;4.161654;4.161654
13.86;0;174;0;92;27.11518858307849;4.161654;4.161654
13.87;0;174;0;92;27.11518858307849;4.161654;4.161654
13.88;0;173;0;92;27.013251783893985;4.1264153;4.1264153
13.89;0;173;0;92;27.013251783893985;4.1264153;4.1264153
13.9;0;173;0;92;27.013251783893985;4.1264153;4.1264153
13.91;0;173;0;92;27.013251783893985;4.1264153;4.1264153
13.92;0;173;0;92;27.013251783893985;4.1264153;4.1264153
13.93;0;173;0;92;27.013251783893985;4.1264153;4.1264153
13.94;0;173;0;92;27.013251783893985;4.1264153;4.1264153
13.95;0;173;0;92;27.013251783893985;4.1264153;4.1264153
13.96;0;173;0;92;27.013251783893985;4.1264153;4.1264153
13.97;0;173;0;92;27.013251783893985;4.1264153;4.1264153
13.98;0;173;0;92;27.013251783893985;4.1264153;4.1264153
13.99;0;174;0;92;27.11518858307849;4.161654;4.161654
14.0;0;174;0;92;27.11518858307849;4.161654;4.161654
14.01;0;174;0;92;27.11518858307849;4.161654;4.161654
14.02;0;173;0;91;26.911314984709477;4.193182;4.193182
14.03;0;173;0;91;26.911314984709477;4.193182;4.193182
14.04;0;173;0;91;26.911314984709477;4.193182;4.193182
14.05;0;173;0;91;26.911314984709477;4.193182;4.193182
14.06;0;174;0;91;27.013251783893985;4.228302;4.228302
14.07;0;174;0;90;26.911314984709477;4.2954545;4.2954545
14.08;0;174;0;90;26.911314984709477;4.2954545;4.2954545
14.09;0;173;0;90;26.809378185524974;4.260456;4.260456
14.1;0;173;0;90;26.809378185524974;4.260456;4.260456
14.11;0;173;0;91;26.911314984709477;4.193182;4.193182
14.12;0;173;0;91;26.911314984709477;4.193182;4.193182
14.13;0;173;0;90;26.809378185524974;4.260456;4.260456
14.14;0;173;0;90;26.809378185524974;4.260456;4.260456
14.15;0;174;0;90;26.911314984709477;4.2954545;4.2954545
14.16;0;174;0;90;26.911314984709477;4.2954545;4.2954545
14.17;0;174;0;90;26.911314984709477;4.2954545;4.2954545
14.18;0;174;0;90;26.911314984709477;4.2954545;4.2954545
14.19;0;174;0;90;26.911314984709477;4.2954545;4.2954545
14.2;0;174;0;90;26.911314984709477;4.2954545;4.2954545
14.21;0;173;0;90;26.809378185524974;4.260456;4.260456
14.22;0;173;0;90;26.809378185524974;4.260456;4.260456
14.23;0;173;0;91;26.911314984709477;4.193182;4.193182
14.24;0;173;0;91;26.911314984709477;4.193182;4.193182
14.25;0;173;0;91;26.911314984709477;4.193182;4.193182
14.26;0;173;0;91;26.911314984709477;4.193182;4.193182
14.27;0;173;0;91;26.911314984709477;4.193182;4.193182
14.28;0;173;0;91;26.911314984709477;4.193182;4.193182
14.29;0;173;0;91;26.911314984709477;4.193182;4.193182
14.3;0;173;0;91;26.911314984709477;4.193182;4.193182
14.31;0;172;0;91;26.809378185524974;4.1577945;4.1577945
14.32;0;172;0;91;26.809378185524974;4.1577945;4.1577945
14.33;0;172;0;91;26.809378185524974;4.1577945;4.1577945
14.34;0;172;0;91;26.809378185524974;4.1577945;4.1577945
14.35;0;172;0;91;26.809378185524974;4.1577945;4.1577945
14.36;0;172;0;91;26.809378185524974;4.1577945;4.1577945
14.37;0;172;0;91;26.809378185524974;4.1577945;4.1577945
14.38;0;172;0;91;26.809378185524974;4.1577945;4.1577945
14.39;0;172;0;91;26.809378185524974;4.1577945;4.1577945
14.4;0;172;0;91;26.809378185524974;4.1577945;4.1577945
14.41;0;172;0;91;26.809378185524974;4.1577945;4.1577945
14.42;0;172;0;91;26.809378185524974;4.1577945;4.1577945
14.43;0;172;0;91;26.809378185524974;4.1577945;4.1577945
14.44;0;172;0;91;26.809378185524974;4.1577945;4.1577945
14.45;0;172;0;91;26.809378185524974;4.1577945;4.1577945
14.46;0;172;0;91;26.809378185524974;4.1577945;4.1577945
14.47;0;172;0;91;26.809378185524974;4.1577945;4.1577945
14.48;0;172;0;91;26.809378185524974;4.1577945;4.1577945
14.49;0;172;0;90;26.707441386340466;4.2251906;4.2251906
14.5;0;172;0;90;26.707441386340466;4.2251906;4.2251906
14.51;0;171;0;90;26.605504587155963;4.1896553;4.1896553
14.52;0;171;0;90;26.605504587155963;4.1896553;4.1896553
14.53;0;171;0;90;26.605504587155963;4.1896553;4.1896553
14.54;0;171;0;90;26.605504587155963;4.1896553;4.1896553
14.55;0;170;0;90;26.503567787971456;4.1538463;4.1538463
14.56;0;170;0;90;26.503567787971456;4.1538463;4.1538463
14.57;0;170;0;90;26.503567787971456;4.1538463;4.1538463
14.58;0;170;0;90;26.503567787971456;4.1538463;4.1538463
14.59;0;170;0;90;26.503567787971456;4.1538463;4.1538463
14.6;0;169;0;90;26.401630988786952;4.1177607;4.1177607
14.61;0;169;0;90;26.401630988786952;4.1177607;4.1177607
14.62;0;169;0;90;26.401630988786952;4.1177607;4.1177607
14.63;0;169;0;90;26.401630988786952;4.1177607;4.1177607
14.64;0;169;0;90;26.401630988786952;4.1177607;4.1177607
14.65;0;169;0;90;26.401630988786952;4.1177607;4.1177607
14.66;0;170;0;90;26.503567787971456;4.1538463;4.1538463
14.67;0;170;0;91;26.605504587155963;4.086207;4.086207
14.68;0;170;0;91;26.605504587155963;4.086207;4.086207
14.69;0;171;0;91;26.707441386340466;4.1221375;4.1221375
14.7;0;171;0;91;26.707441386340466;4.1221375;4.1221375
14.71;0;171;0;92;26.809378185524974;4.055133;4.055133
14.72;0;171;0;92;26.809378185524974;4.055133;4.055133
14.73;0;172;0;92;26.911314984709477;4.090909;4.090909
14.74;0;172;0;92;26.911314984709477;4.090909;4.090909
14.75;0;172;0;92;26.911314984709477;4.090909;4.090909
14.76;0;172;0;92;26.911314984709477;4.090909;4.090909
14.77;0;172;0;92;26.911314984709477;4.090909;4.090909
14.78;0;172;0;92;26.911314984709477;4.090909;4.090909
14.79;0;172;0;92;26.911314984709477;4.090909;4.090909
14.8;0;172;0;92;26.911314984709477;4.090909;4.090909
14.81;0;171;0;92;26.809378185524974;4.055133;4.055133
14.82;0;171;0;92;26.809378185524974;4.055133;4.055133
14.83;0;171;0;92;26.809378185524974;4.055133;4.055133
14.84;0;171;0;92;26.809378185524974;4.055133;4.055133
14.85;0;171;0;92;26.809378185524974;4.055133;4.055133
14.86;0;171;0;92;26.809378185524974;4.055133;4.055133
14.87;0;171;0;92;26.809378185524974;4.055133;4.055133
14.88;0;171;0;92;26.809378185524974;4.055133;4.055133
14.89;0;170;0;92;26.707441386340466;4.019084;4.019084
14.9;0;170;0;92;26.707441386340466;4.019084;4.019084
14.91;0;170;0;92;26.707441386340466;4.019084;4.019084
14.92;0;170;0;92;26.707441386340466;4.019084;4.019084
14.93;0;170;0;92;26.707441386340466;4.019084;4.019084
14.94;0;170;0;92;26.707441386340466;4.019084;4.019084
14.95;0;170;0;92;26.707441386340466;4.019084;4.019084
14.96;0;170;0;92;26.707441386340466;4.019084;4.019084
14.97;0;170;0;92;26.707441386340466;4.019084;4.019084
14.98;0;170;0;92;26.707441386340466;4.019084;4.019084
14.99;0;170;0;92;26.707441386340466;4.019084;4.019084
15.0;0;170;0;91;26.605504587155963;4.086207;4.086207
15.01;0;170;0;91;26.605504587155963;4.086207;4.086207
15.02;0;171;0;91;26.707441386340466;4.1221375;4.1221375
15.03;0;171;0;91;26.707441386340466;4.1221375;4.1221375
15.04;0;171;0;91;26.707441386340466;4.1221375;4.1221375
15.05;0;171;0;91;26.707441386340466;4.1221375;4.1221375
15.06;0;171;0;91;26.707441386340466;4.1221375;4.1221375
15.07;0;171;0;91;26.707441386340466;4.1221375;4.1221375
15.08;0;171;0;91;26.707441386340466;4.1221375;4.1221375
15.09;0;171;0;91;26.707441386340466;4.1221375;4.1221375
15.1;0;171;0;91;26.707441386340466;4.1221375;4.1221375
15.11;0;171;0;91;26.707441386340466;4.1221375;4.1221375
15.12;0;171;0;91;26.707441386340466;4.1221375;4.1221375
15.13;0;172;0;91;26.809378185524974;4.1577945;4.1577945
15.14;0;172;0;91;26.809378185524974;4.1577945;4.1577945
15.15;0;172;0;91;26.809378185524974;4.1577945;4.1577945
15.16;0;172;0;90;26.707441386340466;4.2251906;4.2251906
15.17;0;172;0;90;26.707441386340466;4.2251906;4.2251906
15.18;0;172;0;90;26.707441386340466;4.2251906;4.2251906
15.19;0;172;0;90;26.707441386340466;4.2251906;4.2251906
15.2;0;172;0;90;26.707441386340466;4.2251906;4.2251906
15.21;0;172;0;90;26.707441386340466;4.2251906;4.2251906
15.22;0;172;0;90;26.707441386340466;4.2251906;4.2251906
15.23;0;172;0;90;26.707441386340466;4.2251906;4.2251906
15.24;0;173;0;90;26.809378185524974;4.260456;4.260456
15.25;0;173;0;90;26.809378185524974;4.260456;4.260456
15.26;0;173;0;90;26.809378185524974;4.260456;4.260456
15.27;0;173;0;90;26.809378185524974;4.260456;4.260456
15.28;0;174;0;90;26.911314984709477;4.2954545;4.2954545
15.29;0;174;0;89;26.809378185524974;4.3631177;4.3631177
15.3;0;174;0;89;26.809378185524974;4.3631177;4.3631177
15.31;0;174;0;89;26.809378185524974;4.3631177;4.3631177
15.32;0;175;0;89;26.911314984709477;4.3977275;4.3977275
15.33;0;175;0;89;26.911314984709477;4.3977275;4.3977275
15.34;0;175;0;89;26.911314984709477;4.3977275;4.3977275
15.35;0;175;0;89;26.911314984709477;4.3977275;4.3977275
15.36;0;175;0;89;26.911314984709477;4.3977275;4.3977275
15.37;0;175;0;89;26.911314984709477;4.3977275;4.3977275
15.38;0;175;0;89;26.911314984709477;4.3977275;4.3977275
15.39;0;176;0;89;27.013251783893985;4.4320755;4.4320755
15.4;0;176;0;89;27.013251783893985;4.4320755;4.4320755
15.41;0;176;0;89;27.013251783893985;4.4320755;4.4320755
15.42;0;177;0;89;27.11518858307849;4.4661655;4.4661655
15.43;0;177;0;89;27.11518858307849;4.4661655;4.4661655
15.44;0;177;0;89;27.11518858307849;4.4661655;4.4661655
15.45;0;178;0;89;27.217125382262996;4.5;4.5
15.46;0;178;0;89;27.217125382262996;4.5;4.5
15.47;0;178;0;89;27.217125382262996;4.5;4.5
15.48;0;178;0;89;27.217125382262996;4.5;4.5
15.49;0;178;0;89;27.217125382262996;4.5;4.5
15.5;0;178;0;90;27.3190621814475;4.432836;4.432836
15.51;0;178;0;90;27.3190621814475;4.432836;4.432836
15.52;0;178;0;90;27.3190621814475;4.432836;4.432836
15.53;0;178;0;90;27.3190621814475;4.432836;4.432836
15.54;0;178;0;90;27.3190621814475;4.432836;4.432836
15.55;0;178;0;90;27.3190621814475;4.432836;4.432836
15.56;0;177;0;90;27.217125382262996;4.398876;4.398876
15.57;0;177;0;90;27.217125382262996;4.398876;4.398876
15.58;0;177;0;91;27.3190621814475;4.3320894;4.3320894
15.59;0;177;0;91;27.3190621814475;4.3320894;4.3320894
15.6;0;177;0;91;27.3190621814475;4.3320894;4.3320894
15.61;0;177;0;91;27.3190621814475;4.3320894;4.3320894
15.62;0;177;0;91;27.3190621814475;4.3320894;4.3320894
15.63;0;177;0;91;27.3190621814475;4.3320894;4.3320894
15.64;0;177;0;91;27.3190621814475;4.3320894;4.3320894
15.65;0;178;0;91;27.420998980632007;4.366171;4.366171
15.66;0;178;0;91;27.420998980632007;4.366171;4.366171
15.67;0;178;0;91;27.420998980632007;4.366171;4.366171
15.68;0;178;0;91;27.420998980632007;4.366171;4.366171
15.69;0;178;0;91;27.420998980632007;4.366171;4.366171
15.7;0;178;0;91;27.420998980632007;4.366171;4.366171
15.71;0;178;0;91;27.420998980632007;4.366171;4.366171
15.72;0;177;0;90;27.217125382262996;4.398876;4.398876
15.73;0;177;0;90;27.217125382262996;4.398876;4.398876
15.74;0;177;0;90;27.217125382262996;4.398876;4.398876
15.75;0;177;0;90;27.217125382262996;4.398876;4.398876
15.76;0;177;0;90;27.217125382262996;4.398876;4.398876
15.77;0;177;0;90;27.217125382262996;4.398876;4.398876
15.78;0;177;0;90;27.217125382262996;4.398876;4.398876
15.79;0;178;0;90;27.3190621814475;4.432836;4.432836
15.8;0;178;0;90;27.3190621814475;4.432836;4.432836
15.81;0;178;0;90;27.3190621814475;4.432836;4.432836
15.82;0;178;0;90;27.3190621814475;4.432836;4.432836
15.83;0;178;0;90;27.3190621814475;4.432836;4.432836
15.84;0;178;0;90;27.3190621814475;4.432836;4.432836
15.85;0;178;0;90;27.3190621814475;4.432836;4.432836
15.86;0;178;0;90;27.3190621814475;4.432836;4.432836
15.87;0;179;0;90;27.420998980632007;4.4665427;4.4665427
15.88;0;179;0;90;27.420998980632007;4.4665427;4.4665427
15.89;0;179;0;89;27.3190621814475;4.533582;4.533582
15.9;0;179;0;89;27.3190621814475;4.533582;4.533582
15.91;0;179;0;89;27.3190621814475;4.533582;4.533582
15.92;0;180;0;89;27.420998980632007;4.5669146;4.5669146
15.93;0;180;0;89;27.420998980632007;4.5669146;4.5669146
15.94;0;180;0;89;27.420998980632007;4.5669146;4.5669146
15.95;0;180;0;89;27.420998980632007;4.5669146;4.5669146
15.96;0;181;0;89;27.522935779816514;4.6;4.6
15.97;0;181;0;89;27.522935779816514;4.6;4.6
15.98;0;181;0;89;27.522935779816514;4.6;4.6
15.99;0;181;0;89;27.522935779816514;4.6;4.6
16.0;0;182;0;89;27.624872579001018;4.632841;4.632841
16.01;0;182;0;89;27.624872579001018;4.632841;4.632841
16.02;0;182;0;89;27.624872579001018;4.632841;4.632841
16.03;0;182;0;89;27.624872579001018;4.632841;4.632841
16.04;0;182;0;88;27.522935779816514;4.7;4.7
16.05;0;182;0;88;27.522935779816514;4.7;4.7
16.06;0;182;0;88;27.522935779816514;4.7;4.7
16.07;0;182;0;88;27.522935779816514;4.7;4.7
16.08;0;183;0;88;27.624872579001018;4.7324724;4.7324724
16.09;0;183;0;88;27.624872579001018;4.7324724;4.7324724
16.1;0;183;0;88;27.624872579001018;4.7324724;4.7324724
16.11;0;183;0;88;27.624872579001018;4.7324724;4.7324724
16.12;0;183;0;88;27.624872579001018;4.7324724;4.7324724
16.13;0;183;0;87;27.522935779816514;4.8;4.8
16.14;0;183;0;87;27.522935779816514;4.8;4.8
16.15;0;183;0;87;27.522935779816514;4.8;4.8
16.16;0;183;0;87;27.522935779816514;4.8;4.8
16.17;0;183;0;87;27.522935779816514;4.8;4.8
16.18;0;183;0;87;27.522935779816514;4.8;4.8
16.19;0;183;0;87;27.522935779816514;4.8;4.8
16.2;0;183;0;87;27.522935779816514;4.8;4.8
16.21;0;183;0;87;27.522935779816514;4.8;4.8
16.22;0;183;0;86;27.420998980632007;4.8680296;4.8680296
16.23;0;183;0;86;27.420998980632007;4.8680296;4.8680296
16.24;0;183;0;86;27.420998980632007;4.8680296;4.8680296
16.25;0;183;0;86;27.420998980632007;4.8680296;4.8680296
16.26;0;184;0;86;27.522935779816514;4.9;4.9
16.27;0;184;0;86;27.522935779816514;4.9;4.9
16.28;0;184;0;86;27.522935779816514;4.9;4.9
16.29;0;185;0;86;27.624872579001018;4.931734;4.931734
16.3;0;185;0;86;27.624872579001018;4.931734;4.931734
16.31;0;185;0;86;27.624872579001018;4.931734;4.931734
16.32;0;185;0;86;27.624872579001018;4.931734;4.931734
16.33;0;185;0;86;27.624872579001018;4.931734;4.931734
16.34;0;186;0;86;27.726809378185525;4.9632354;4.9632354
16.35;0;186;0;86;27.726809378185525;4.9632354;4.9632354
16.36;0;186;0;85;27.624872579001018;5.0313654;5.0313654
16.37;0;186;0;85;27.624872579001018;5.0313654;5.0313654
16.38;0;187;0;85;27.726809378185525;5.0625;5.0625
16.39;0;187;0;85;27.726809378185525;5.0625;5.0625
16.4;0;187;0;85;27.726809378185525;5.0625;5.0625
16.41;0;187;0;85;27.726809378185525;5.0625;5.0625
16.42;0;187;0;85;27.726809378185525;5.0625;5.0625
16.43;0;187;0;85;27.726809378185525;5.0625;5.0625
16.44;0;187;0;85;27.726809378185525;5.0625;5.0625
16.45;0;187;0;84;27.624872579001018;5.130996;5.130996
16.46;0;188;0;84;27.726809378185525;5.1617646;5.1617646
16.47;0;188;0;84;27.726809378185525;5.1617646;5.1617646
16.48;0;188;0;84;27.726809378185525;5.1617646;5.1617646
16.49;0;188;0;85;27.82874617737003;5.0934067;5.0934067
16.5;0;188;0;85;27.82874617737003;5.0934067;5.0934067
16.51;0;188;0;85;27.82874617737003;5.0934067;5.0934067
16.52;0;189;0;85;27.930682976554536;5.124088;5.124088
16.53;0;189;0;85;27.930682976554536;5.124088;5.124088
16.54;0;189;0;85;27.930682976554536;5.124088;5.124088
16.55;0;189;0;85;27.930682976554536;5.124088;5.124088
16.56;0;189;0;85;27.930682976554536;5.124088;5.124088
16.57;0;189;0;85;27.930682976554536;5.124088;5.124088
16.58;0;189;0;85;27.930682976554536;5.124088;5.124088
16.59;0;189;0;85;27.930682976554536;5.124088;5.124088
16.6;0;189;0;84;27.82874617737003;5.1923075;5.1923075
16.61;0;189;0;84;27.82874617737003;5.1923075;5.1923075
16.62;0;189;0;84;27.82874617737003;5.1923075;5.1923075
16.63;0;189;0;84;27.82874617737003;5.1923075;5.1923075
16.64;0;189;0;84;27.82874617737003;5.1923075;5.1923075
16.65;0;190;0;84;27.930682976554536;5.2226276;5.2226276
16.66;0;190;0;84;27.930682976554536;5.2226276;5.2226276
16.67;0;190;0;84;27.930682976554536;5.2226276;5.2226276
16.68;0;190;0;83;27.82874617737003;5.2912087;5.2912087
16.69;0;191;0;83;27.930682976554536;5.321168;5.321168
16.7;0;191;0;83;27.930682976554536;5.321168;5.321168
16.71;0;191;0;82;27.82874617737003;5.39011;5.39011
16.72;0;191;0;82;27.82874617737003;5.39011;5.39011
16.73;0;191;0;82;27.82874617737003;5.39011;5.39011
16.74;0;191;0;82;27.82874617737003;5.39011;5.39011
16.75;0;191;0;81;27.726809378185525;5.459559;5.459559
16.76;0;191;0;81;27.726809378185525;5.459559;5.459559
16.77;0;192;0;81;27.82874617737003;5.489011;5.489011
16.78;0;192;0;80;27.726809378185525;5.5588236;5.5588236
16.79;0;192;0;80;27.726809378185525;5.5588236;5.5588236
16.8;0;192;0;80;27.726809378185525;5.5588236;5.5588236
16.81;0;192;0;80;27.726809378185525;5.5588236;5.5588236
16.82;0;192;0;80;27.726809378185525;5.5588236;5.5588236
16.83;0;192;0;80;27.726809378185525;5.5588236;5.5588236
16.84;0;192;0;79;27.624872579001018;5.6291513;5.6291513
16.85;0;192;0;79;27.624872579001018;5.6291513;5.6291513
16.86;0;193;0;79;27.726809378185525;5.658088;5.658088
16.87;0;193;0;79;27.726809378185525;5.658088;5.658088
16.88;0;193;0;79;27.726809378185525;5.658088;5.658088
16.89;0;193;0;80;27.82874617737003;5.587912;5.587912
16.9;0;193;0;80;27.82874617737003;5.587912;5.587912
16.91;0;194;0;80;27.930682976554536;5.6167884;5.6167884
16.92;0;194;0;80;27.930682976554536;5.6167884;5.6167884
16.93;0;194;0;81;28.03261977573904;5.5472727;5.5472727
16.94;0;194;0;81;28.03261977573904;5.5472727;5.5472727
16.95;0;194;0;81;28.03261977573904;5.5472727;5.5472727
16.96;0;194;0;81;28.03261977573904;5.5472727;5.5472727
16.97;0;194;0;81;28.03261977573904;5.5472727;5.5472727
16.98;0;194;0;81;28.03261977573904;5.5472727;5.5472727
16.99;0;194;0;81;28.03261977573904;5.5472727;5.5472727
17.0;0;194;0;81;28.03261977573904;5.5472727;5.5472727
17.01;0;194;0;80;27.930682976554536;5.6167884;5.6167884
17.02;0;194;0;80;27.930682976554536;5.6167884;5.6167884
17.03;0;193;0;80;27.82874617737003;5.587912;5.587912
17.04;0;193;0;80;27.82874617737003;5.587912;5.587912
17.05;0;193;0;80;27.82874617737003;5.587912;5.587912
17.06;0;193;0;80;27.82874617737003;5.587912;5.587912
17.07;0;192;0;80;27.726809378185525;5.5588236;5.5588236
17.08;0;192;0;79;27.624872579001018;5.6291513;5.6291513
17.09;0;192;0;79;27.624872579001018;5.6291513;5.6291513
17.1;0;192;0;79;27.624872579001018;5.6291513;5.6291513
17.11;0;192;0;79;27.624872579001018;5.6291513;5.6291513
17.12;0;191;0;79;27.522935779816514;5.6;5.6
17.13;0;191;0;79;27.522935779816514;5.6;5.6
17.14;0;191;0;79;27.522935779816514;5.6;5.6
17.15;0;192;0;80;27.726809378185525;5.5588236;5.5588236
17.16;0;192;0;80;27.726809378185525;5.5588236;5.5588236
17.17;0;191;0;80;27.624872579001018;5.5295205;5.5295205
17.18;0;191;0;80;27.624872579001018;5.5295205;5.5295205
17.19;0;191;0;80;27.624872579001018;5.5295205;5.5295205
17.2;0;191;0;80;27.624872579001018;5.5295205;5.5295205
17.21;0;191;0;80;27.624872579001018;5.5295205;5.5295205
17.22;0;191;0;80;27.624872579001018;5.5295205;5.5295205
17.23;0;191;0;80;27.624872579001018;5.5295205;5.5295205
17.24;0;191;0;80;27.624872579001018;5.5295205;5.5295205
17.25;0;192;0;80;27.726809378185525;5.5588236;5.5588236
17.26;0;192;0;80;27.726809378185525;5.5588236;5.5588236
17.27;0;192;0;80;27.726809378185525;5.5588236;5.5588236
17.28;0;192;0;80;27.726809378185525;5.5588236;5.5588236
17.29;0;192;0;80;27.726809378185525;5.5588236;5.5588236
17.3;0;192;0;80;27.726809378185525;5.5588236;5.5588236
17.31;0;193;0;80;27.82874617737003;5.587912;5.587912
17.32;0;193;0;80;27.82874617737003;5.587912;5.587912
17.33;0;193;0;79;27.726809378185525;5.658088;5.658088
17.34;0;193;0;79;27.726809378185525;5.658088;5.658088
17.35;0;193;0;79;27.726809378185525;5.658088;5.658088
17.36;0;193;0;79;27.726809378185525;5.658088;5.658088
17.37;0;193;0;79;27.726809378185525;5.658088;5.658088
17.38;0;193;0;79;27.726809378185525;5.658088;5.658088
17.39;0;193;0;79;27.726809378185525;5.658088;5.658088
17.4;0;193;0;79;27.726809378185525;5.658088;5.658088
17.41;0;193;0;79;27.726809378185525;5.658088;5.658088
17.42;0;193;0;79;27.726809378185525;5.658088;5.658088
17.43;0;193;0;80;27.82874617737003;5.587912;5.587912
17.44;0;193;0;80;27.82874617737003;5.587912;5.587912
17.45;0;193;0;80;27.82874617737003;5.587912;5.587912
17.46;0;194;0;80;27.930682976554536;5.6167884;5.6167884
17.47;0;194;0;80;27.930682976554536;5.6167884;5.6167884
17.48;0;195;0;80;28.03261977573904;5.6454544;5.6454544
17.49;0;195;0;80;28.03261977573904;5.6454544;5.6454544
17.5;0;195;0;80;28.03261977573904;5.6454544;5.6454544
17.51;0;196;0;80;28.134556574923547;5.673913;5.673913
17.52;0;196;0;80;28.134556574923547;5.673913;5.673913
17.53;0;196;0;80;28.134556574923547;5.673913;5.673913
17.54;0;196;0;80;28.134556574923547;5.673913;5.673913
17.55;0;196;0;79;28.03261977573904;5.743636;5.743636
17.56;0;196;0;79;28.03261977573904;5.743636;5.743636
17.57;0;195;0;78;27.82874617737003;5.785714;5.785714
17.58;0;195;0;78;27.82874617737003;5.785714;5.785714
17.59;0;196;0;77;27.82874617737003;5.8846154;5.8846154
17.6;0;196;0;77;27.82874617737003;5.8846154;5.8846154
17.61;0;196;0;77;27.82874617737003;5.8846154;5.8846154
17.62;0;197;0;76;27.82874617737003;5.9835167;5.9835167
17.63;0;197;0;76;27.82874617737003;5.9835167;5.9835167
17.64;0;197;0;76;27.82874617737003;5.9835167;5.9835167
17.65;0;197;0;76;27.82874617737003;5.9835167;5.9835167
17.66;0;197;0;77;27.930682976554536;5.912409;5.912409
17.67;0;197;0;77;27.930682976554536;5.912409;5.912409
17.68;0;197;0;77;27.930682976554536;5.912409;5.912409
17.69;0;197;0;77;27.930682976554536;5.912409;5.912409
17.7;0;197;0;77;27.930682976554536;5.912409;5.912409
17.71;0;197;0;77;27.930682976554536;5.912409;5.912409
17.72;0;197;0;78;28.03261977573904;5.8418183;5.8418183
17.73;0;197;0;78;28.03261977573904;5.8418183;5.8418183
17.74;0;196;0;78;27.930682976554536;5.8138685;5.8138685
17.75;0;196;0;79;28.03261977573904;5.743636;5.743636
17.76;0;196;0;79;28.03261977573904;5.743636;5.743636
17.77;0;196;0;79;28.03261977573904;5.743636;5.743636
17.78;0;196;0;80;28.134556574923547;5.673913;5.673913
17.79;0;196;0;80;28.134556574923547;5.673913;5.673913
17.8;0;194;0;81;28.03261977573904;5.5472727;5.5472727
17.81;0;194;0;81;28.03261977573904;5.5472727;5.5472727
17.82;0;194;0;80;27.930682976554536;5.6167884;5.6167884
17.83;0;194;0;80;27.930682976554536;5.6167884;5.6167884
17.84;0;194;0;80;27.930682976554536;5.6167884;5.6167884
17.85;0;194;0;80;27.930682976554536;5.6167884;5.6167884
17.86;0;194;0;80;27.930682976554536;5.6167884;5.6167884
17.87;0;194;0;80;27.930682976554536;5.6167884;5.6167884
17.88;0;194;0;80;27.930682976554536;5.6167884;5.6167884
17.89;0;194;0;80;27.930682976554536;5.6167884;5.6167884
17.9;0;194;0;81;28.03261977573904;5.5472727;5.5472727
17.91;0;194;0;81;28.03261977573904;5.5472727;5.5472727
17.92;0;194;0;81;28.03261977573904;5.5472727;5.5472727
17.93;0;194;0;81;28.03261977573904;5.5472727;5.5472727
17.94;0;194;0;81;28.03261977573904;5.5472727;5.5472727
17.95;0;194;0;81;28.03261977573904;5.5472727;5.5472727
17.96;0;194;0;81;28.03261977573904;5.5472727;5.5472727
17.97;0;194;0;81;28.03261977573904;5.5472727;5.5472727
17.98;0;194;0;81;28.03261977573904;5.5472727;5.5472727
17.99;0;194;0;81;28.03261977573904;5.5472727;5.5472727
18.0;0;194;0;81;28.03261977573904;5.5472727;5.5472727
18.01;0;194;0;81;28.03261977573904;5.5472727;5.5472727
18.02;0;193;0;81;27.930682976554536;5.518248;5.518248
18.03;0;193;0;81;27.930682976554536;5.518248;5.518248
18.04;0;193;0;81;27.930682976554536;5.518248;5.518248
18.05;0;193;0;81;27.930682976554536;5.518248;5.518248
18.06;0;193;0;81;27.930682976554536;5.518248;5.518248
18.07;0;193;0;81;27.930682976554536;5.518248;5.518248
18.08;0;193;0;81;27.930682976554536;5.518248;5.518248
18.09;0;193;0;82;28.03261977573904;5.449091;5.449091
18.1;0;193;0;82;28.03261977573904;5.449091;5.449091
18.11;0;193;0;82;28.03261977573904;5.449091;5.449091
18.12;0;193;0;82;28.03261977573904;5.449091;5.449091
18.13;0;193;0;82;28.03261977573904;5.449091;5.449091
18.14;0;193;0;82;28.03261977573904;5.449091;5.449091
18.15;0;193;0;82;28.03261977573904;5.449091;5.449091
18.16;0;193;0;82;28.03261977573904;5.449091;5.449091
18.17;0;193;0;82;28.03261977573904;5.449091;5.449091
18.18;0;193;0;82;28.03261977573904;5.449091;5.449091
18.19;0;193;0;82;28.03261977573904;5.449091;5.449091
18.2;0;193;0;82;28.03261977573904;5.449091;5.449091
18.21;0;193;0;82;28.03261977573904;5.449091;5.449091
18.22;0;193;0;82;28.03261977573904;5.449091;5.449091
18.23;0;193;0;83;28.134556574923547;5.380435;5.380435
18.24;0;193;0;83;28.134556574923547;5.380435;5.380435
18.25;0;193;0;83;28.134556574923547;5.380435;5.380435
18.26;0;193;0;83;28.134556574923547;5.380435;5.380435
18.27;0;193;0;83;28.134556574923547;5.380435;5.380435
18.28;0;193;0;83;28.134556574923547;5.380435;5.380435
18.29;0;193;0;83;28.134556574923547;5.380435;5.380435
18.3;0;193;0;83;28.134556574923547;5.380435;5.380435
18.31;0;192;0;83;28.03261977573904;5.350909;5.350909
18.32;0;192;0;83;28.03261977573904;5.350909;5.350909
18.33;0;192;0;83;28.03261977573904;5.350909;5.350909
18.34;0;192;0;83;28.03261977573904;5.350909;5.350909
18.35;0;192;0;83;28.03261977573904;5.350909;5.350909
18.36;0;192;0;83;28.03261977573904;5.350909;5.350909
18.37;0;192;0;83;28.03261977573904;5.350909;5.350909
18.38;0;192;0;83;28.03261977573904;5.350909;5.350909
18.39;0;192;0;83;28.03261977573904;5.350909;5.350909
18.4;0;192;0;83;28.03261977573904;5.350909;5.350909
18.41;0;192;0;83;28.03261977573904;5.350909;5.350909
18.42;0;192;0;83;28.03261977573904;5.350909;5.350909
18.43;0;192;0;83;28.03261977573904;5.350909;5.350909
18.44;0;192;0;83;28.03261977573904;5.350909;5.350909
18.45;0;192;0;83;28.03261977573904;5.350909;5.350909
18.46;0;191;0;83;27.930682976554536;5.321168;5.321168
18.47;0;191;0;83;27.930682976554536;5.321168;5.321168
18.48;0;192;0;83;28.03261977573904;5.350909;5.350909
18.49;0;192;0;83;28.03261977573904;5.350909;5.350909
18.5;0;192;0;83;28.03261977573904;5.350909;5.350909
18.51;0;192;0;83;28.03261977573904;5.350909;5.350909
18.52;0;192;0;83;28.03261977573904;5.350909;5.350909
18.53;0;192;0;83;28.03261977573904;5.350909;5.350909
18.54;0;192;0;83;28.03261977573904;5.350909;5.350909
18.55;0;192;0;83;28.03261977573904;5.350909;5.350909
18.56;0;192;0;83;28.03261977573904;5.350909;5.350909
18.57;0;192;0;82;27.930682976554536;5.4197083;5.4197083
18.58;0;191;0;82;27.82874617737003;5.39011;5.39011
18.59;0;191;0;82;27.82874617737003;5.39011;5.39011
18.6;0;191;0;82;27.82874617737003;5.39011;5.39011
18.61;0;191;0;82;27.82874617737003;5.39011;5.39011
18.62;0;190;0;82;27.726809378185525;5.3602943;5.3602943
18.63;0;190;0;82;27.726809378185525;5.3602943;5.3602943
18.64;0;190;0;82;27.726809378185525;5.3602943;5.3602943
18.65;0;190;0;82;27.726809378185525;5.3602943;5.3602943
18.66;0;189;0;82;27.624872579001018;5.3302584;5.3302584
18.67;0;189;0;82;27.624872579001018;5.3302584;5.3302584
18.68;0;189;0;82;27.624872579001018;5.3302584;5.3302584
18.69;0;189;0;82;27.624872579001018;5.3302584;5.3302584
18.7;0;189;0;82;27.624872579001018;5.3302584;5.3302584
18.71;0;189;0;82;27.624872579001018;5.3302584;5.3302584
18.72;0;189;0;82;27.624872579001018;5.3302584;5.3302584
18.73;0;189;0;82;27.624872579001018;5.3302584;5.3302584
18.74;0;189;0;82;27.624872579001018;5.3302584;5.3302584
18.75;0;189;0;82;27.624872579001018;5.3302584;5.3302584
18.76;0;188;0;82;27.522935779816514;5.3;5.3
18.77;0;188;0;82;27.522935779816514;5.3;5.3
18.78;0;188;0;82;27.522935779816514;5.3;5.3
18.79;0;188;0;82;27.522935779816514;5.3;5.3
18.8;0;188;0;82;27.522935779816514;5.3;5.3
18.81;0;187;0;83;27.522935779816514;5.2;5.2
18.82;0;187;0;83;27.522935779816514;5.2;5.2
18.83;0;186;0;83;27.420998980632007;5.169145;5.169145
18.84;0;185;0;83;27.3190621814475;5.1380596;5.1380596
18.85;0;184;0;84;27.3190621814475;5.0373135;5.0373135
18.86;0;184;0;84;27.3190621814475;5.0373135;5.0373135
18.87;0;184;0;83;27.217125382262996;5.1067414;5.1067414
18.88;0;184;0;83;27.217125382262996;5.1067414;5.1067414
18.89;0;184;0;83;27.217125382262996;5.1067414;5.1067414
18.9;0;184;0;83;27.217125382262996;5.1067414;5.1067414
18.91;0;184;0;83;27.217125382262996;5.1067414;5.1067414
18.92;0;184;0;83;27.217125382262996;5.1067414;5.1067414
18.93;0;183;0;83;27.11518858307849;5.075188;5.075188
18.94;0;183;0;83;27.11518858307849;5.075188;5.075188
18.95;0;183;0;83;27.11518858307849;5.075188;5.075188
18.96;0;183;0;83;27.11518858307849;5.075188;5.075188
18.97;0;183;0;83;27.11518858307849;5.075188;5.075188
18.98;0;183;0;83;27.11518858307849;5.075188;5.075188
18.99;0;183;0;83;27.11518858307849;5.075188;5.075188
19.0;0;183;0;84;27.217125382262996;5.005618;5.005618
19.01;0;183;0;84;27.217125382262996;5.005618;5.005618
19.02;0;183;0;84;27.217125382262996;5.005618;5.005618
19.03;0;183;0;84;27.217125382262996;5.005618;5.005618
19.04;0;183;0;84;27.217125382262996;5.005618;5.005618
19.05;0;182;0;84;27.11518858307849;4.9736843;4.9736843
19.06;0;182;0;84;27.11518858307849;4.9736843;4.9736843
19.07;0;182;0;84;27.11518858307849;4.9736843;4.9736843
19.08;0;182;0;84;27.11518858307849;4.9736843;4.9736843
19.09;0;182;0;84;27.11518858307849;4.9736843;4.9736843
19.1;0;182;0;84;27.11518858307849;4.9736843;4.9736843
19.11;0;182;0;85;27.217125382262996;4.9044943;4.9044943
19.12;0;182;0;85;27.217125382262996;4.9044943;4.9044943
19.13;0;181;0;85;27.11518858307849;4.8721805;4.8721805
19.14;0;181;0;85;27.11518858307849;4.8721805;4.8721805
19.15;0;180;0;86;27.11518858307849;4.7706766;4.7706766
19.16;0;180;0;86;27.11518858307849;4.7706766;4.7706766
19.17;0;180;0;86;27.11518858307849;4.7706766;4.7706766
19.18;0;179;0;86;27.013251783893985;4.7377357;4.7377357
19.19;0;179;0;86;27.013251783893985;4.7377357;4.7377357
19.2;0;178;0;86;26.911314984709477;4.7045455;4.7045455
19.21;0;177;0;85;26.707441386340466;4.740458;4.740458
19.22;0;177;0;85;26.707441386340466;4.740458;4.740458
19.23;0;176;0;85;26.605504587155963;4.706897;4.706897
19.24;0;176;0;84;26.503567787971456;4.776923;4.776923
19.25;0;175;0;84;26.401630988786952;4.743243;4.743243
19.26;0;175;0;84;26.401630988786952;4.743243;4.743243
19.27;0;175;0;83;26.299694189602445;4.8139534;4.8139534
19.28;0;176;0;83;26.401630988786952;4.8474903;4.8474903
19.29;0;176;0;83;26.401630988786952;4.8474903;4.8474903
19.3;0;176;0;83;26.401630988786952;4.8474903;4.8474903
19.31;0;177;0;83;26.503567787971456;4.8807693;4.8807693
19.32;0;177;0;83;26.503567787971456;4.8807693;4.8807693
19.33;0;178;0;83;26.605504587155963;4.913793;4.913793
19.34;0;178;0;84;26.707441386340466;4.8435116;4.8435116
19.35;0;179;0;84;26.809378185524974;4.8764257;4.8764257
19.36;0;179;0;84;26.809378185524974;4.8764257;4.8764257
19.37;0;180;0;83;26.809378185524974;4.9790874;4.9790874
19.38;0;181;0;83;26.911314984709477;5.0113635;5.0113635
19.39;0;181;0;82;26.809378185524974;5.081749;5.081749
19.4;0;182;0;82;26.911314984709477;5.1136365;5.1136365
19.41;0;183;0;81;26.911314984709477;5.215909;5.215909
19.42;0;183;0;81;26.911314984709477;5.215909;5.215909
19.43;0;184;0;80;26.911314984709477;5.318182;5.318182
19.44;0;184;0;80;26.911314984709477;5.318182;5.318182
19.45;0;185;0;79;26.911314984709477;5.4204545;5.4204545
19.46;0;185;0;79;26.911314984709477;5.4204545;5.4204545
19.47;0;186;0;79;27.013251783893985;5.4509435;5.4509435
19.48;0;187;0;78;27.013251783893985;5.55283;5.55283
19.49;0;189;0;78;27.217125382262996;5.6123595;5.6123595
19.5;0;191;0;77;27.3190621814475;5.7425375;5.7425375
19.51;0;193;0;76;27.420998980632007;5.871747;5.871747
19.52;0;195;0;76;27.624872579001018;5.9280443;5.9280443
19.53;0;197;0;75;27.726809378185525;6.055147;6.055147
19.54;0;200;0;75;28.03261977573904;6.1363635;6.1363635
19.55;0;202;0;74;28.134556574923547;6.2608695;6.2608695
19.56;0;205;0;74;28.44036697247706;6.33871;6.33871
19.57;0;207;0;73;28.54230377166157;6.4607143;6.4607143
19.58;0;209;0;73;28.74617737003058;6.510638;6.510638
19.59;0;211;0;72;28.848114169215084;6.630742;6.630742
19.6;0;212;0;72;28.95005096839959;6.6549296;6.6549296
19.61;0;214;0;71;29.051987767584098;6.773684;6.773684
19.62;0;216;0;71;29.25586136595311;6.8205576;6.8205576
19.63;0;217;0;70;29.25586136595311;6.914634;6.914634
19.64;0;219;0;70;29.45973496432212;6.9602075;6.9602075
19.65;0;221;0;69;29.561671763506624;7.075862;7.075862
19.66;0;223;0;69;29.765545361875635;7.119863;7.119863
19.67;0;225;0;68;29.867482161060142;7.2337885;7.2337885
19.68;0;227;0;67;29.969418960244646;7.3469386;7.3469386
19.69;0;228;0;66;29.969418960244646;7.4387755;7.4387755
19.7;0;230;0;65;30.071355759429153;7.5508475;7.5508475
19.71;0;231;0;64;30.071355759429153;7.642373;7.642373
19.72;0;232;0;63;30.071355759429153;7.733898;7.733898
19.73;0;234;0;62;30.173292558613657;7.8445945;7.8445945
19.74;0;235;0;60;30.071355759429153;8.008474;8.008474
19.75;0;237;0;59;30.173292558613657;8.118243;8.118243
19.76;0;239;0;58;30.275229357798164;8.227273;8.227273
19.77;0;240;0;57;30.275229357798164;8.318182;8.318182
19.78;0;242;0;56;30.377166156982668;8.426174;8.426174
19.79;0;244;0;55;30.479102956167175;8.533444;8.533444
19.8;0;245;0;53;30.377166156982668;8.697987;8.697987
19.81;0;247;0;52;30.479102956167175;8.804348;8.804348
19.82;0;248;0;51;30.479102956167175;8.894649;8.894649
19.83;0;250;0;50;30.581039755351682;9.0;9.0
19.84;0;251;0;49;30.581039755351682;9.09;9.09
19.85;0;253;0;48;30.682976554536186;9.194352;9.194352
19.86;0;254;0;47;30.682976554536186;9.284053;9.284053
19.87;0;255;0;46;30.682976554536186;9.3737545;9.3737545
19.88;0;255;0;45;30.581039755351682;9.45;9.45
19.89;0;256;0;44;30.581039755351682;9.54;9.54
19.9;0;256;0;43;30.479102956167175;9.617057;9.617057
19.91;0;255;0;42;30.275229357798164;9.681818;9.681818
19.92;0;252;0;41;29.867482161060142;9.721843;9.721843
19.93;0;249;0;40;29.45973496432212;9.762976;9.762976
19.94;0;244;0;39;28.848114169215084;9.779152;9.779152
19.95;0;239;0;37;28.134556574923547;9.880435;9.880435
19.96;0;233;0;36;27.420998980632007;9.886617;9.886617
19.97;0;225;0;34;26.401630988786952;9.955599;9.955599
19.98;0;217;0;32;25.382262996941893;10.030121;10.030121
19.99;0;208;0;30;24.260958205912335;10.096639;10.096639
20.0;0;199;0;29;23.241590214067276;10.065789;10.065789
20.01;0;190;0;27;22.120285423037714;10.1405525;10.1405525
20.02;0;181;0;25;20.998980632008156;10.223301;10.223301
20.03;0;172;0;23;19.877675840978593;10.315385;10.315385
20.04;0;163;0;21;18.75637104994903;10.418478;10.418478
20.05;0;153;0;20;17.63506625891947;10.3786125;10.3786125
20.06;0;144;0;18;16.513761467889907;10.5;10.5
20.07;0;135;0;16;15.392456676860347;10.639072;10.639072
20.08;0;125;0;14;14.169215086646279;10.780576;10.780576
20.09;0;116;0;13;13.149847094801222;10.77907;10.77907
20.1;0;107;0;11;12.02854230377166;10.983051;10.983051
20.11;0;98;0;10;11.009174311926605;11.0;11.0
20.12;0;89;0;9;9.989806320081549;11.020409;11.020409
20.13;0;81;0;8;9.072375127421;11.073033;11.073033
20.14;0;73;0;7;8.154943934760448;11.1375;11.1375
20.15;0;65;0;6;7.237512742099898;11.218309;11.218309
20.16;0;57;0;5;6.320081549439347;11.32258;11.32258
20.17;0;49;0;4;5.402650356778797;11.462264;11.462264
20.18;0;40;0;3;4.3832823649337405;11.616279;11.616279
20.19;0;32;0;2;3.4658511722731906;11.911765;11.911765
20.2;0;24;0;2;2.650356778797146;11.423077;11.423077
20.21;0;17;0;1;1.8348623853211008;12.0;12.0
20.22;0;11;0;1;1.2232415902140672;11.25;11.25
20.23;0;5;0;1;0.6116207951070336;9.0;9.0
20.24;0;1;0;1;0.2038735983690112;0.0;0.0
20.25;0;1;0;1;0.2038735983690112;0.0;0.0
20.26;0;1;0;1;0.2038735983690112;0.0;0.0
20.27;0;1;0;1;0.2038735983690112;0.0;0.0
20.28;0;1;0;1;0.2038735983690112;0.0;0.0
20.29;0;1;0;1;0.2038735983690112;0.0;0.0
20.3;0;1;0;1;0.2038735983690112;0.0;0.0
20.31;0;1;0;1;0.2038735983690112;0.0;0.0
20.32;0;1;0;1;0.2038735983690112;0.0;0.0
20.33;0;1;0;1;0.2038735983690112;0.0;0.0
20.34;0;1;0;1;0.2038735983690112;0.0;0.0
20.35;0;1;0;1;0.2038735983690112;0.0;0.0
20.36;0;1;0;1;0.2038735983690112;0.0;0.0
20.37;0;1;0;1;0.2038735983690112;0.0;0.0
20.38;0;1;0;1;0.2038735983690112;0.0;0.0
20.39;0;1;0;1;0.2038735983690112;0.0;0.0
20.4;0;1;0;1;0.2038735983690112;0.0;0.0
20.41;0;1;0;1;0.2038735983690112;0.0;0.0
20.42;0;1;0;1;0.2038735983690112;0.0;0.0
20.43;0;1;0;1;0.2038735983690112;0.0;0.0
20.44;0;1;0;1;0.2038735983690112;0.0;0.0
20.45;0;1;0;1;0.2038735983690112;0.0;0.0
20.46;0;1;0;1;0.2038735983690112;0.0;0.0
20.47;0;1;0;1;0.2038735983690112;0.0;0.0
20.48;0;1;0;1;0.2038735983690112;0.0;0.0
20.49;0;1;0;1;0.2038735983690112;0.0;0.0
20.5;0;1;0;1;0.2038735983690112;0.0;0.0
20.51;0;1;0;1;0.2038735983690112;0.0;0.0
20.52;0;1;0;1;0.2038735983690112;0.0;0.0
20.53;0;1;0;1;0.2038735983690112;0.0;0.0
20.54;0;1;0;1;0.2038735983690112;0.0;0.0
20.55;0;1;0;1;0.2038735983690112;0.0;0.0
20.56;0;1;0;1;0.2038735983690112;0.0;0.0
20.57;0;1;0;1;0.2038735983690112;0.0;0.0
20.58;0;1;0;1;0.2038735983690112;0.0;0.0
20.59;0;1;0;1;0.2038735983690112;0.0;0.0
20.6;0;1;0;1;0.2038735983690112;0.0;0.0
20.61;0;1;0;1;0.2038735983690112;0.0;0.0
20.62;0;0;0;1;0.1019367991845056;-13.5;-13.5
20.63;0;0;0;1;0.1019367991845056;-13.5;-13.5
20.64;0;0;0;1;0.1019367991845056;-13.5;-13.5
20.65;0;0;0;1;0.1019367991845056;-13.5;-13.5
20.66;0;0;0;1;0.1019367991845056;-13.5;-13.5
20.67;0;0;0;1;0.1019367991845056;-13.5;-13.5
20.68;0;0;0;1;0.1019367991845056;-13.5;-13.5
20.69;0;0;0;1;0.1019367991845056;-13.5;-13.5
20.7;0;0;0;1;0.1019367991845056;-13.5;-13.5
20.71;0;0;0;1;0.1019367991845056;-13.5;-13.5
20.72;0;0;0;1;0.1019367991845056;-13.5;-13.5
20.73;0;0;0;1;0.1019367991845056;-13.5;-13.5
20.74;0;0;0;1;0.1019367991845056;-13.5;-13.5
20.75;0;0;0;1;0.1019367991845056;-13.5;-13.5
20.76;0;0;0;1;0.1019367991845056;-13.5;-13.5
20.77;0;0;0;1;0.1019367991845056;-13.5;-13.5
20.78;0;0;0;1;0.1019367991845056;-13.5;-13.5
20.79;0;0;0;1;0.1019367991845056;-13.5;-13.5
20.8;0;0;0;1;0.1019367991845056;-13.5;-13.5
20.81;0;0;0;1;0.1019367991845056;-13.5;-13.5
20.82;0;0;0;1;0.1019367991845056;-13.5;-13.5
20.83;0;0;0;1;0.1019367991845056;-13.5;-13.5
20.84;0;0;0;1;0.1019367991845056;-13.5;-13.5
20.85;0;0;0;1;0.1019367991845056;-13.5;-13.5
20.86;0;0;0;1;0.1019367991845056;-13.5;-13.5
20.87;0;0;0;1;0.1019367991845056;-13.5;-13.5
20.88;0;0;0;1;0.1019367991845056;-13.5;-13.5
20.89;0;0;0;1;0.1019367991845056;-13.5;-13.5
20.9;0;0;0;1;0.1019367991845056;-13.5;-13.5
20.91;0;0;0;1;0.1019367991845056;-13.5;-13.5
20.92;0;0;0;1;0.1019367991845056;-13.5;-13.5
20.93;0;0;0;1;0.1019367991845056;-13.5;-13.5
20.94;0;0;0;1;0.1019367991845056;-13.5;-13.5
20.95;0;0;0;1;0.1019367991845056;-13.5;-13.5
20.96;0;0;0;1;0.1019367991845056;-13.5;-13.5
20.97;0;0;0;0;0.0;0.0;0.0
20.98;0;0;0;0;0.0;0.0;0.0
20.99;0;0;0;0;0.0;0.0;0.0
21.0;0;0;0;0;0.0;0.0;0.0
21.01;0;0;0;0;0.0;0.0;0.0
21.02;0;0;0;0;0.0;0.0;0.0
21.03;0;0;0;0;0.0;0.0;0.0
21.04;0;0;0;0;0.0;0.0;0.0
21.05;0;0;0;0;0.0;0.0;0.0
21.06;0;0;0;0;0.0;0.0;0.0
21.07;0;0;0;0;0.0;0.0;0.0
21.08;0;0;0;0;0.0;0.0;0.0
21.09;0;0;0;0;0.0;0.0;0.0
21.1;0;0;0;0;0.0;0.0;0.0
21.11;0;0;0;0;0.0;0.0;0.0
21.12;0;0;0;0;0.0;0.0;0.0
21.13;0;0;0;0;0.0;0.0;0.0
21.14;0;0;0;0;0.0;0.0;0.0
21.15;0;0;0;0;0.0;0.0;0.0
21.16;0;0;0;0;0.0;0.0;0.0
21.17;0;0;0;0;0.0;0.0;0.0
21.18;0;0;0;0;0.0;0.0;0.0
21.19;0;0;0;0;0.0;0.0;0.0
21.2;0;0;0;0;0.0;0.0;0.0
21.21;0;0;0;0;0.0;0.0;0.0
21.22;0;0;0;0;0.0;0.0;0.0
21.23;0;0;0;0;0.0;0.0;0.0
21.24;0;0;0;0;0.0;0.0;0.0
21.25;0;0;0;0;0.0;0.0;0.0
21.26;0;0;0;0;0.0;0.0;0.0
21.27;0;0;0;0;0.0;0.0;0.0
21.28;0;0;0;0;0.0;0.0;0.0
21.29;0;0;0;0;0.0;0.0;0.0
21.3;0;0;0;0;0.0;0.0;0.0
21.31;0;0;0;0;0.0;0.0;0.0
21.32;0;0;0;0;0.0;0.0;0.0
21.33;0;0;0;0;0.0;0.0;0.0
21.34;0;0;0;0;0.0;0.0;0.0
21.35;0;0;0;0;0.0;0.0;0.0
21.36;0;0;0;0;0.0;0.0;0.0
21.37;0;0;0;0;0.0;0.0;0.0
21.38;0;0;0;0;0.0;0.0;0.0
21.39;0;0;0;0;0.0;0.0;0.0
21.4;0;0;0;0;0.0;0.0;0.0
21.41;0;0;0;0;0.0;0.0;0.0
21.42;0;0;0;0;0.0;0.0;0.0
21.43;0;0;0;0;0.0;0.0;0.0
21.44;0;0;0;0;0.0;0.0;0.0
21.45;0;0;0;0;0.0;0.0;0.0
21.46;0;0;0;0;0.0;0.0;0.0
21.47;0;0;0;0;0.0;0.0;0.0
21.48;0;0;0;0;0.0;0.0;0.0
21.49;0;0;0;0;0.0;0.0;0.0
21.5;0;0;0;0;0.0;0.0;0.0
21.51;0;0;0;0;0.0;0.0;0.0
21.52;0;0;0;0;0.0;0.0;0.0
21.53;0;0;0;0;0.0;0.0;0.0
21.54;0;0;0;0;0.0;0.0;0.0
21.55;0;0;0;0;0.0;0.0;0.0
21.56;0;0;0;0;0.0;0.0;0.0
21.57;0;0;0;0;0.0;0.0;0.0
21.58;0;0;0;0;0.0;0.0;0.0
21.59;0;0;0;0;0.0;0.0;0.0
21.6;0;0;0;0;0.0;0.0;0.0
21.61;0;0;0;0;0.0;0.0;0.0
21.62;0;0;0;0;0.0;0.0;0.0
21.63;0;0;0;0;0.0;0.0;0.0
21.64;0;0;0;0;0.0;0.0;0.0
21.65;0;0;0;0;0.0;0.0;0.0
21.66;0;0;0;0;0.0;0.0;0.0
21.67;0;0;0;0;0.0;0.0;0.0
21.68;0;0;0;0;0.0;0.0;0.0
21.69;0;0;0;0;0.0;0.0;0.0
21.7;0;0;0;0;0.0;0.0;0.0
21.71;0;0;0;0;0.0;0.0;0.0
21.72;0;0;0;0;0.0;0.0;0.0
21.73;0;0;0;0;0.0;0.0;0.0
21.74;0;0;0;0;0.0;0.0;0.0
21.75;0;0;0;0;0.0;0.0;0.0
21.76;0;0;0;0;0.0;0.0;0.0
21.77;0;0;0;0;0.0;0.0;0.0
21.78;0;0;0;0;0.0;0.0;0.0
21.79;0;0;0;0;0.0;0.0;0.0
21.8;0;0;0;0;0.0;0.0;0.0
21.81;0;0;0;0;0.0;0.0;0.0
21.82;0;0;0;0;0.0;0.0;0.0
21.83;0;0;0;0;0.0;0.0;0.0
21.84;0;0;0;0;0.0;0.0;0.0
21.85;0;0;0;0;0.0;0.0;0.0
21.86;0;0;0;0;0.0;0.0;0.0
21.87;0;0;0;0;0.0;0.0;0.0
21.88;0;0;0;0;0.0;0.0;0.0
21.89;0;0;0;0;0.0;0.0;0.0
21.9;0;0;0;0;0.0;0.0;0.0
21.91;0;0;0;0;0.0;0.0;0.0
21.92;0;0;0;0;0.0;0.0;0.0
21.93;0;0;0;0;0.0;0.0;0.0
21.94;0;0;0;0;0.0;0.0;0.0
21.95;0;0;0;0;0.0;0.0;0.0
21.96;0;0;0;0;0.0;0.0;0.0
21.97;0;0;0;0;0.0;0.0;0.0
21.98;0;0;0;0;0.0;0.0;0.0
21.99;0;0;0;0;0.0;0.0;0.0
22.0;0;0;0;0;0.0;0.0;0.0
22.01;0;0;0;0;0.0;0.0;0.0
22.02;0;0;0;0;0.0;0.0;0.0
22.03;0;0;0;0;0.0;0.0;0.0
22.04;0;0;0;0;0.0;0.0;0.0
22.05;0;0;0;0;0.0;0.0;0.0
22.06;0;0;0;0;0.0;0.0;0.0
22.07;0;0;0;0;0.0;0.0;0.0
22.08;0;0;0;0;0.0;0.0;0.0
22.09;0;0;0;0;0.0;0.0;0.0
22.1;0;0;0;0;0.0;0.0;0.0
22.11;0;0;0;0;0.0;0.0;0.0
22.12;0;0;0;0;0.0;0.0;0.0
22.13;0;0;0;0;0.0;0.0;0.0
22.14;0;0;0;0;0.0;0.0;0.0
22.15;0;0;0;0;0.0;0.0;0.0
22.16;0;0;0;0;0.0;0.0;0.0
22.17;0;0;0;0;0.0;0.0;0.0
22.18;0;0;0;0;0.0;0.0;0.0
22.19;0;0;0;0;0.0;0.0;0.0
22.2;0;0;0;0;0.0;0.0;0.0
22.21;0;0;0;0;0.0;0.0;0.0
22.22;0;0;0;0;0.0;0.0;0.0
22.23;0;0;0;0;0.0;0.0;0.0
