 Height:  Visitor ;  Weight:  Visitor ;  Age:  -1 ;  Gender:  Visitor; name: malak; color: pink; situation: closed eyes
0.01;0;0;0;0;0.0;0.0;0.0;26.605504587155963;15.43;8;0;0;4;4; 49.026746274452705; 46.08524488017846; 1.920460069383257; 1.3420448962330174
0.01;0;0;0;0;0.0;0.0;0.0;26.605504587155963;15.43;8;0;0;4;4; 49.026746274452705; 46.08524488017846; 1.920460069383257; 1.3420448962330174
0.02;0;0;0;0;0.0;0.0;0.0
0.03;0;0;0;0;0.0;0.0;0.0
0.04;0;0;0;0;0.0;0.0;0.0
0.05;0;0;0;0;0.0;0.0;0.0
0.06;0;0;0;0;0.0;0.0;0.0
0.07;0;0;0;0;0.0;0.0;0.0
0.08;0;0;0;0;0.0;0.0;0.0
0.09;0;0;0;0;0.0;0.0;0.0
0.1;0;0;0;0;0.0;0.0;0.0
0.11;0;0;0;0;0.0;0.0;0.0
0.12;0;0;0;0;0.0;0.0;0.0
0.13;0;0;0;0;0.0;0.0;0.0
0.14;0;0;0;0;0.0;0.0;0.0
0.15;0;0;0;0;0.0;0.0;0.0
0.16;0;0;0;0;0.0;0.0;0.0
0.17;0;0;0;0;0.0;0.0;0.0
0.18;0;0;0;0;0.0;0.0;0.0
0.19;0;0;0;0;0.0;0.0;0.0
0.2;0;0;0;0;0.0;0.0;0.0
0.21;0;0;0;0;0.0;0.0;0.0
0.22;0;0;0;0;0.0;0.0;0.0
0.23;0;0;0;0;0.0;0.0;0.0
0.24;0;0;0;0;0.0;0.0;0.0
0.25;0;0;0;0;0.0;0.0;0.0
0.26;0;0;0;0;0.0;0.0;0.0
0.27;0;0;0;0;0.0;0.0;0.0
0.28;0;0;0;0;0.0;0.0;0.0
0.29;0;0;0;0;0.0;0.0;0.0
0.3;0;0;0;0;0.0;0.0;0.0
0.31;0;0;0;0;0.0;0.0;0.0
0.32;0;0;0;0;0.0;0.0;0.0
0.33;0;0;0;0;0.0;0.0;0.0
0.34;0;0;0;0;0.0;0.0;0.0
0.35;0;0;0;0;0.0;0.0;0.0
0.36;0;0;0;0;0.0;0.0;0.0
0.37;0;0;0;0;0.0;0.0;0.0
0.38;0;0;0;0;0.0;0.0;0.0
0.39;0;0;0;0;0.0;0.0;0.0
0.4;0;0;0;0;0.0;0.0;0.0
0.41;0;0;0;0;0.0;0.0;0.0
0.42;0;0;0;0;0.0;0.0;0.0
0.43;0;0;0;0;0.0;0.0;0.0
0.44;0;0;0;0;0.0;0.0;0.0
0.45;0;0;0;0;0.0;0.0;0.0
0.46;0;0;0;0;0.0;0.0;0.0
0.47;0;0;0;0;0.0;0.0;0.0
0.48;0;0;0;0;0.0;0.0;0.0
0.49;0;0;0;0;0.0;0.0;0.0
0.5;0;0;0;0;0.0;0.0;0.0
0.51;0;0;0;0;0.0;0.0;0.0
0.52;0;0;0;0;0.0;0.0;0.0
0.53;0;0;0;0;0.0;0.0;0.0
0.54;0;0;0;0;0.0;0.0;0.0
0.55;0;0;0;0;0.0;0.0;0.0
0.56;0;0;0;0;0.0;0.0;0.0
0.57;0;0;0;0;0.0;0.0;0.0
0.58;0;0;0;0;0.0;0.0;0.0
0.59;0;0;0;0;0.0;0.0;0.0
0.6;0;0;0;0;0.0;0.0;0.0
0.61;0;0;0;0;0.0;0.0;0.0
0.62;0;0;0;0;0.0;0.0;0.0
0.63;0;0;0;0;0.0;0.0;0.0
0.64;0;0;0;0;0.0;0.0;0.0
0.65;0;0;0;0;0.0;0.0;0.0
0.66;0;0;0;0;0.0;0.0;0.0
0.67;0;0;0;0;0.0;0.0;0.0
0.68;0;0;0;0;0.0;0.0;0.0
0.69;0;0;0;0;0.0;0.0;0.0
0.7;0;0;0;0;0.0;0.0;0.0
0.71;0;0;0;0;0.0;0.0;0.0
0.72;0;0;0;0;0.0;0.0;0.0
0.73;0;0;0;0;0.0;0.0;0.0
0.74;0;0;0;0;0.0;0.0;0.0
0.75;0;0;0;0;0.0;0.0;0.0
0.76;0;0;0;0;0.0;0.0;0.0
0.77;0;0;0;0;0.0;0.0;0.0
0.78;0;0;0;0;0.0;0.0;0.0
0.79;0;0;0;0;0.0;0.0;0.0
0.8;0;0;0;0;0.0;0.0;0.0
0.81;0;0;0;0;0.0;0.0;0.0
0.82;0;0;0;0;0.0;0.0;0.0
0.83;0;0;0;0;0.0;0.0;0.0
0.84;0;0;0;0;0.0;0.0;0.0
0.85;0;0;0;0;0.0;0.0;0.0
0.86;0;0;0;0;0.0;0.0;0.0
0.87;0;0;0;0;0.0;0.0;0.0
0.88;0;0;0;0;0.0;0.0;0.0
0.89;0;0;0;0;0.0;0.0;0.0
0.9;0;0;0;0;0.0;0.0;0.0
0.91;0;0;0;0;0.0;0.0;0.0
0.92;0;0;0;0;0.0;0.0;0.0
0.93;0;0;0;0;0.0;0.0;0.0
0.94;0;0;0;0;0.0;0.0;0.0
0.95;0;0;0;0;0.0;0.0;0.0
0.96;0;0;0;0;0.0;0.0;0.0
0.97;0;0;0;0;0.0;0.0;0.0
0.98;0;0;0;0;0.0;0.0;0.0
0.99;0;0;0;0;0.0;0.0;0.0
1.0;0;0;0;0;0.0;0.0;0.0
1.01;0;0;0;0;0.0;0.0;0.0
1.02;0;0;0;0;0.0;0.0;0.0
1.03;0;0;0;0;0.0;0.0;0.0
1.04;0;0;0;0;0.0;0.0;0.0
1.05;0;0;0;0;0.0;0.0;0.0
1.06;0;0;0;0;0.0;0.0;0.0
1.07;0;0;0;0;0.0;0.0;0.0
1.08;0;0;0;0;0.0;0.0;0.0
1.09;0;0;0;0;0.0;0.0;0.0
1.1;0;0;0;0;0.0;0.0;0.0
1.11;0;0;0;0;0.0;0.0;0.0
1.12;0;0;0;0;0.0;0.0;0.0
1.13;0;0;0;0;0.0;0.0;0.0
1.14;0;0;0;0;0.0;0.0;0.0
1.15;0;0;0;0;0.0;0.0;0.0
1.16;0;0;0;0;0.0;0.0;0.0
1.17;0;0;0;0;0.0;0.0;0.0
1.18;0;0;0;0;0.0;0.0;0.0
1.19;0;0;0;0;0.0;0.0;0.0
1.2;0;0;0;0;0.0;0.0;0.0
1.21;0;0;0;0;0.0;0.0;0.0
1.22;0;0;0;0;0.0;0.0;0.0
1.23;0;0;0;0;0.0;0.0;0.0
1.24;0;0;0;0;0.0;0.0;0.0
1.25;0;0;0;0;0.0;0.0;0.0
1.26;0;0;0;0;0.0;0.0;0.0
1.27;0;0;0;0;0.0;0.0;0.0
1.28;0;0;0;0;0.0;0.0;0.0
1.29;0;0;0;0;0.0;0.0;0.0
1.3;0;0;0;0;0.0;0.0;0.0
1.31;0;0;0;0;0.0;0.0;0.0
1.32;0;0;0;0;0.0;0.0;0.0
1.33;0;0;0;0;0.0;0.0;0.0
1.34;0;0;0;0;0.0;0.0;0.0
1.35;0;0;0;0;0.0;0.0;0.0
1.36;0;0;0;0;0.0;0.0;0.0
1.37;0;0;0;0;0.0;0.0;0.0
1.38;0;0;0;0;0.0;0.0;0.0
1.39;0;0;0;0;0.0;0.0;0.0
1.4;0;0;0;0;0.0;0.0;0.0
1.41;0;0;0;0;0.0;0.0;0.0
1.42;0;0;0;0;0.0;0.0;0.0
1.43;0;0;0;0;0.0;0.0;0.0
1.44;0;0;0;0;0.0;0.0;0.0
1.45;0;0;0;0;0.0;0.0;0.0
1.46;0;0;0;0;0.0;0.0;0.0
1.47;0;0;0;0;0.0;0.0;0.0
1.48;0;0;0;0;0.0;0.0;0.0
1.49;0;0;0;0;0.0;0.0;0.0
1.5;0;0;0;0;0.0;0.0;0.0
1.51;0;0;0;0;0.0;0.0;0.0
1.52;0;0;0;0;0.0;0.0;0.0
1.53;0;0;0;0;0.0;0.0;0.0
1.54;0;0;0;0;0.0;0.0;0.0
1.55;0;0;0;0;0.0;0.0;0.0
1.56;0;0;0;0;0.0;0.0;0.0
1.57;0;0;0;0;0.0;0.0;0.0
1.58;0;0;0;0;0.0;0.0;0.0
1.59;0;0;0;0;0.0;0.0;0.0
1.6;0;0;0;0;0.0;0.0;0.0
1.61;0;0;0;0;0.0;0.0;0.0
1.62;0;0;0;0;0.0;0.0;0.0
1.63;0;0;0;0;0.0;0.0;0.0
1.64;0;0;0;0;0.0;0.0;0.0
1.65;0;0;0;0;0.0;0.0;0.0
1.66;0;0;0;0;0.0;0.0;0.0
1.67;0;0;0;0;0.0;0.0;0.0
1.68;0;0;0;0;0.0;0.0;0.0
1.69;0;0;0;0;0.0;0.0;0.0
1.7;0;0;0;0;0.0;0.0;0.0
1.71;0;0;0;0;0.0;0.0;0.0
1.72;0;0;0;0;0.0;0.0;0.0
1.73;0;0;0;0;0.0;0.0;0.0
1.74;0;0;0;0;0.0;0.0;0.0
1.75;0;0;0;0;0.0;0.0;0.0
1.76;0;0;0;0;0.0;0.0;0.0
1.77;0;0;0;0;0.0;0.0;0.0
1.78;0;0;0;0;0.0;0.0;0.0
1.79;0;0;0;0;0.0;0.0;0.0
1.8;0;0;0;0;0.0;0.0;0.0
1.81;0;0;0;0;0.0;0.0;0.0
1.82;0;0;0;0;0.0;0.0;0.0
1.83;0;0;0;0;0.0;0.0;0.0
1.84;0;0;0;0;0.0;0.0;0.0
1.85;0;0;0;0;0.0;0.0;0.0
1.86;0;0;0;0;0.0;0.0;0.0
1.87;0;0;0;0;0.0;0.0;0.0
1.88;0;0;0;0;0.0;0.0;0.0
1.89;0;0;0;0;0.0;0.0;0.0
1.9;0;0;0;0;0.0;0.0;0.0
1.91;0;0;0;0;0.0;0.0;0.0
1.92;0;0;0;0;0.0;0.0;0.0
1.93;0;0;0;0;0.0;0.0;0.0
1.94;0;0;0;0;0.0;0.0;0.0
1.95;0;0;0;0;0.0;0.0;0.0
1.96;0;0;0;0;0.0;0.0;0.0
1.97;0;0;0;0;0.0;0.0;0.0
1.98;0;0;0;0;0.0;0.0;0.0
1.99;0;0;0;0;0.0;0.0;0.0
2.0;0;0;0;0;0.0;0.0;0.0
2.01;0;0;0;0;0.0;0.0;0.0
2.02;0;0;0;0;0.0;0.0;0.0
2.03;0;0;0;0;0.0;0.0;0.0
2.04;0;0;0;0;0.0;0.0;0.0
2.05;0;0;0;0;0.0;0.0;0.0
2.06;0;0;0;0;0.0;0.0;0.0
2.07;0;0;0;0;0.0;0.0;0.0
2.08;0;0;0;0;0.0;0.0;0.0
2.09;0;0;0;0;0.0;0.0;0.0
2.1;0;0;0;0;0.0;0.0;0.0
2.11;0;0;0;0;0.0;0.0;0.0
2.12;0;0;0;0;0.0;0.0;0.0
2.13;0;0;0;0;0.0;0.0;0.0
2.14;0;0;0;0;0.0;0.0;0.0
2.15;0;0;0;0;0.0;0.0;0.0
2.16;0;0;0;0;0.0;0.0;0.0
2.17;0;0;0;0;0.0;0.0;0.0
2.18;0;0;0;0;0.0;0.0;0.0
2.19;0;0;0;0;0.0;0.0;0.0
2.2;0;0;0;0;0.0;0.0;0.0
2.21;0;0;0;0;0.0;0.0;0.0
2.22;0;0;0;0;0.0;0.0;0.0
2.23;0;0;0;0;0.0;0.0;0.0
2.24;0;0;0;0;0.0;0.0;0.0
2.25;0;0;0;0;0.0;0.0;0.0
2.26;0;0;0;0;0.0;0.0;0.0
2.27;0;0;0;0;0.0;0.0;0.0
2.28;0;0;0;0;0.0;0.0;0.0
2.29;0;0;0;0;0.0;0.0;0.0
2.3;0;0;0;0;0.0;0.0;0.0
2.31;0;0;0;0;0.0;0.0;0.0
2.32;0;0;0;0;0.0;0.0;0.0
2.33;0;0;0;0;0.0;0.0;0.0
2.34;0;0;0;0;0.0;0.0;0.0
2.35;0;0;0;0;0.0;0.0;0.0
2.36;0;0;0;0;0.0;0.0;0.0
2.37;0;0;0;0;0.0;0.0;0.0
2.38;0;0;0;0;0.0;0.0;0.0
2.39;0;0;0;0;0.0;0.0;0.0
2.4;0;0;0;0;0.0;0.0;0.0
2.41;0;0;0;0;0.0;0.0;0.0
2.42;0;0;0;0;0.0;0.0;0.0
2.43;0;0;0;0;0.0;0.0;0.0
2.44;0;0;0;0;0.0;0.0;0.0
2.45;0;0;0;0;0.0;0.0;0.0
2.46;0;0;0;0;0.0;0.0;0.0
2.47;0;0;0;0;0.0;0.0;0.0
2.48;0;0;0;0;0.0;0.0;0.0
2.49;0;0;0;0;0.0;0.0;0.0
2.5;0;0;0;0;0.0;0.0;0.0
2.51;0;0;0;0;0.0;0.0;0.0
2.52;0;0;0;0;0.0;0.0;0.0
2.53;0;0;0;0;0.0;0.0;0.0
2.54;0;0;0;0;0.0;0.0;0.0
2.55;0;0;0;0;0.0;0.0;0.0
2.56;0;0;0;0;0.0;0.0;0.0
2.57;0;0;0;0;0.0;0.0;0.0
2.58;0;0;0;0;0.0;0.0;0.0
2.59;0;0;0;0;0.0;0.0;0.0
2.6;0;0;0;0;0.0;0.0;0.0
2.61;0;0;0;0;0.0;0.0;0.0
2.62;0;0;0;0;0.0;0.0;0.0
2.63;0;0;0;0;0.0;0.0;0.0
2.64;0;0;0;0;0.0;0.0;0.0
2.65;0;0;0;0;0.0;0.0;0.0
2.66;0;0;0;0;0.0;0.0;0.0
2.67;0;0;0;0;0.0;0.0;0.0
2.68;0;0;0;0;0.0;0.0;0.0
2.69;0;0;0;0;0.0;0.0;0.0
2.7;0;0;0;0;0.0;0.0;0.0
2.71;0;0;0;0;0.0;0.0;0.0
2.72;0;0;0;0;0.0;0.0;0.0
2.73;0;0;0;0;0.0;0.0;0.0
2.74;0;0;0;0;0.0;0.0;0.0
2.75;0;0;0;0;0.0;0.0;0.0
2.76;0;0;0;0;0.0;0.0;0.0
2.77;0;0;0;0;0.0;0.0;0.0
2.78;0;0;0;0;0.0;0.0;0.0
2.79;0;0;0;0;0.0;0.0;0.0
2.8;0;0;0;0;0.0;0.0;0.0
2.81;0;0;0;0;0.0;0.0;0.0
2.82;0;0;0;0;0.0;0.0;0.0
2.83;0;0;0;0;0.0;0.0;0.0
2.84;0;0;0;0;0.0;0.0;0.0
2.85;0;0;0;0;0.0;0.0;0.0
2.86;0;0;0;0;0.0;0.0;0.0
2.87;0;0;0;0;0.0;0.0;0.0
2.88;0;0;0;0;0.0;0.0;0.0
2.89;0;0;0;0;0.0;0.0;0.0
2.9;0;0;0;0;0.0;0.0;0.0
2.91;0;0;0;0;0.0;0.0;0.0
2.92;0;0;0;0;0.0;0.0;0.0
2.93;0;0;0;0;0.0;0.0;0.0
2.94;0;0;0;0;0.0;0.0;0.0
2.95;0;0;0;0;0.0;0.0;0.0
2.96;0;0;0;0;0.0;0.0;0.0
2.97;0;0;0;0;0.0;0.0;0.0
2.98;0;0;0;0;0.0;0.0;0.0
2.99;0;0;0;0;0.0;0.0;0.0
3.0;0;0;0;0;0.0;0.0;0.0
3.01;0;0;0;0;0.0;0.0;0.0
3.02;0;0;0;0;0.0;0.0;0.0
3.03;0;0;0;0;0.0;0.0;0.0
3.04;0;0;0;0;0.0;0.0;0.0
3.05;0;0;0;0;0.0;0.0;0.0
3.06;0;0;0;0;0.0;0.0;0.0
3.07;0;0;0;0;0.0;0.0;0.0
3.08;0;0;0;0;0.0;0.0;0.0
3.09;0;0;0;0;0.0;0.0;0.0
3.1;0;0;0;0;0.0;0.0;0.0
3.11;0;0;0;0;0.0;0.0;0.0
3.12;0;0;0;0;0.0;0.0;0.0
3.13;0;0;0;0;0.0;0.0;0.0
3.14;0;0;0;0;0.0;0.0;0.0
3.15;0;0;0;0;0.0;0.0;0.0
3.16;0;0;0;0;0.0;0.0;0.0
3.17;0;0;0;0;0.0;0.0;0.0
3.18;0;0;0;0;0.0;0.0;0.0
3.19;0;0;0;0;0.0;0.0;0.0
3.2;0;0;0;0;0.0;0.0;0.0
3.21;0;0;0;0;0.0;0.0;0.0
3.22;0;0;0;0;0.0;0.0;0.0
3.23;0;0;0;0;0.0;0.0;0.0
3.24;0;0;0;0;0.0;0.0;0.0
3.25;0;0;0;0;0.0;0.0;0.0
3.26;0;0;0;0;0.0;0.0;0.0
3.27;0;0;0;0;0.0;0.0;0.0
3.28;0;0;0;0;0.0;0.0;0.0
3.29;0;0;0;0;0.0;0.0;0.0
3.3;0;0;0;0;0.0;0.0;0.0
3.31;0;2;0;0;0.2038735983690112;13.5;13.5
3.32;0;1;0;0;0.1019367991845056;13.5;13.5
3.33;0;0;0;0;0.0;0.0;0.0
3.34;0;0;0;1;0.1019367991845056;-13.5;-13.5
3.35;0;1;0;0;0.1019367991845056;13.5;13.5
3.36;0;4;0;0;0.4077471967380224;13.5;13.5
3.37;0;7;0;0;0.7135575942915392;13.5;13.5
3.38;0;12;0;0;1.2232415902140672;13.5;13.5
3.39;0;16;0;1;1.7329255861365953;11.911765;11.911765
3.4;0;20;0;1;2.1406727828746175;12.214286;12.214286
3.41;0;24;0;2;2.650356778797146;11.423077;11.423077
3.42;0;30;0;3;3.3639143730886847;11.045455;11.045455
3.43;0;36;0;4;4.077471967380224;10.8;10.8
3.44;0;43;0;5;4.892966360856269;10.6875;10.6875
3.45;0;52;0;6;5.912334352701325;10.706897;10.706897
3.46;0;61;0;9;7.135575942915392;10.028571;10.028571
3.47;0;73;0;11;8.56269113149847;9.964286;9.964286
3.48;0;85;0;14;10.091743119266054;9.681818;9.681818
3.49;0;99;0;17;11.82466870540265;9.543103;9.543103
3.5;0;113;0;21;13.65953109072375;9.268657;9.268657
3.51;0;126;0;24;15.290519877675841;9.18;9.18
3.52;0;138;0;27;16.819571865443425;9.081819;9.081819
3.53;0;149;0;29;18.144750254842;9.101124;9.101124
3.54;0;159;0;31;19.367991845056064;9.094737;9.094737
3.55;0;167;0;32;20.285423037716615;9.158292;9.158292
3.56;0;175;0;32;21.10091743119266;9.326087;9.326087
3.57;0;181;0;33;21.8144750254842;9.336449;9.336449
3.58;0;186;0;32;22.22222222222222;9.536697;9.536697
3.59;0;190;0;32;22.629969418960243;9.6081085;9.6081085
3.6;0;192;0;31;22.73190621814475;9.746636;9.746636
3.61;0;193;0;30;22.73190621814475;9.867713;9.867713
3.62;0;193;0;29;22.629969418960243;9.972973;9.972973
3.63;0;193;0;28;22.52803261977574;10.0791855;10.0791855
3.64;0;192;0;28;22.426095820591232;10.063637;10.063637
3.65;0;191;0;27;22.22222222222222;10.155963;10.155963
3.66;0;190;0;27;22.120285423037714;10.1405525;10.1405525
3.67;0;190;0;27;22.120285423037714;10.1405525;10.1405525
3.68;0;189;0;27;22.01834862385321;10.125;10.125
3.69;0;189;0;28;22.120285423037714;10.0161295;10.0161295
3.7;0;189;0;28;22.120285423037714;10.0161295;10.0161295
3.71;0;189;0;28;22.120285423037714;10.0161295;10.0161295
3.72;0;189;0;28;22.120285423037714;10.0161295;10.0161295
3.73;0;190;0;28;22.22222222222222;10.03211;10.03211
3.74;0;191;0;29;22.426095820591232;9.940909;9.940909
3.75;0;192;0;29;22.52803261977574;9.957013;9.957013
3.76;0;193;0;30;22.73190621814475;9.867713;9.867713
3.77;0;194;0;30;22.833843017329254;9.883928;9.883928
3.78;0;196;0;30;23.037716615698265;9.915929;9.915929
3.79;0;196;0;30;23.037716615698265;9.915929;9.915929
3.8;0;196;0;30;23.037716615698265;9.915929;9.915929
3.81;0;197;0;31;23.241590214067276;9.828947;9.828947
3.82;0;199;0;31;23.445463812436287;9.860869;9.860869
3.83;0;201;0;31;23.6493374108053;9.8922415;9.8922415
3.84;0;204;0;31;23.955147808358817;9.938298;9.938298
3.85;0;207;0;31;24.260958205912335;9.983193;9.983193
3.86;0;209;0;31;24.464831804281346;10.0125;10.0125
3.87;0;212;0;31;24.77064220183486;10.055555;10.055555
3.88;0;214;0;32;25.07645259938838;9.987804;9.987804
3.89;0;216;0;32;25.28032619775739;10.0161295;10.0161295
3.9;0;217;0;32;25.382262996941893;10.030121;10.030121
3.91;0;218;0;33;25.586136595310904;9.950199;9.950199
3.92;0;218;0;34;25.68807339449541;9.857142;9.857142
3.93;0;218;0;34;25.68807339449541;9.857142;9.857142
3.94;0;217;0;34;25.586136595310904;9.842629;9.842629
3.95;0;215;0;35;25.4841997961264;9.72;9.72
3.96;0;213;0;35;25.28032619775739;9.689516;9.689516
3.97;0;210;0;35;24.97451580020387;9.642858;9.642858
3.98;0;207;0;35;24.668705402650357;9.595041;9.595041
3.99;0;206;0;35;24.56676860346585;9.578838;9.578838
4.0;0;205;0;35;24.464831804281346;9.5625;9.5625
4.01;0;205;0;34;24.36289500509684;9.658996;9.658996
4.02;0;204;0;34;24.260958205912335;9.642858;9.642858
4.03;0;204;0;34;24.260958205912335;9.642858;9.642858
4.04;0;203;0;34;24.159021406727827;9.626582;9.626582
4.05;0;203;0;33;24.05708460754332;9.724576;9.724576
4.06;0;204;0;34;24.260958205912335;9.642858;9.642858
4.07;0;205;0;34;24.36289500509684;9.658996;9.658996
4.08;0;206;0;35;24.56676860346585;9.578838;9.578838
4.09;0;206;0;37;24.77064220183486;9.388889;9.388889
4.1;0;207;0;37;24.872579001019368;9.405738;9.405738
4.11;0;207;0;38;24.97451580020387;9.312245;9.312245
4.12;0;206;0;40;25.07645259938838;9.109756;9.109756
4.13;0;205;0;41;25.07645259938838;9.0;9.0
4.14;0;204;0;43;25.178389398572882;8.799595;8.799595
4.15;0;203;0;45;25.28032619775739;8.600806;8.600806
4.16;0;202;0;47;25.382262996941893;8.403614;8.403614
4.17;0;200;0;50;25.4841997961264;8.1;8.1
4.18;0;197;0;53;25.4841997961264;7.776;7.776
4.19;0;195;0;57;25.68807339449541;7.392857;7.392857
4.2;0;192;0;60;25.68807339449541;7.071429;7.071429
4.21;0;190;0;64;25.891946992864423;6.6968503;6.6968503
4.22;0;189;0;67;26.095820591233434;6.4335938;6.4335938
4.23;0;188;0;70;26.299694189602445;6.1744184;6.1744184
4.24;0;187;0;72;26.401630988786952;5.9942083;5.9942083
4.25;0;186;0;74;26.503567787971456;5.8153844;5.8153844
4.26;0;186;0;75;26.605504587155963;5.7413793;5.7413793
4.27;0;185;0;77;26.707441386340466;5.5648856;5.5648856
4.28;0;184;0;77;26.605504587155963;5.534483;5.534483
4.29;0;184;0;78;26.707441386340466;5.461832;5.461832
4.3;0;183;0;79;26.707441386340466;5.3587785;5.3587785
4.31;0;182;0;79;26.605504587155963;5.327586;5.327586
4.32;0;181;0;79;26.503567787971456;5.296154;5.296154
4.33;0;180;0;80;26.503567787971456;5.1923075;5.1923075
4.34;0;178;0;80;26.299694189602445;5.127907;5.127907
4.35;0;177;0;80;26.19775739041794;5.0953307;5.0953307
4.36;0;176;0;80;26.095820591233434;5.0625;5.0625
4.37;0;175;0;80;25.99388379204893;5.029412;5.029412
4.38;0;175;0;80;25.99388379204893;5.029412;5.029412
4.39;0;174;0;81;25.99388379204893;4.9235296;4.9235296
4.4;0;173;0;81;25.891946992864423;4.889764;4.889764
4.41;0;173;0;82;25.99388379204893;4.817647;4.817647
4.42;0;173;0;83;26.095820591233434;4.7460938;4.7460938
4.43;0;172;0;83;25.99388379204893;4.711765;4.711765
4.44;0;171;0;84;25.99388379204893;4.605882;4.605882
4.45;0;170;0;85;25.99388379204893;4.5;4.5
4.46;0;169;0;86;25.99388379204893;4.394118;4.394118
4.47;0;168;0;86;25.891946992864423;4.358268;4.358268
4.48;0;167;0;87;25.891946992864423;4.2519684;4.2519684
4.49;0;166;0;88;25.891946992864423;4.1456695;4.1456695
4.5;0;165;0;89;25.891946992864423;4.03937;4.03937
4.51;0;165;0;89;25.891946992864423;4.03937;4.03937
4.52;0;164;0;89;25.79001019367992;4.0019765;4.0019765
4.53;0;164;0;90;25.891946992864423;3.933071;3.933071
4.54;0;163;0;90;25.79001019367992;3.895257;3.895257
4.55;0;163;0;90;25.79001019367992;3.895257;3.895257
4.56;0;162;0;91;25.79001019367992;3.7885375;3.7885375
4.57;0;161;0;91;25.68807339449541;3.75;3.75
4.58;0;160;0;92;25.68807339449541;3.642857;3.642857
4.59;0;160;0;92;25.68807339449541;3.642857;3.642857
4.6;0;159;0;92;25.586136595310904;3.6035857;3.6035857
4.61;0;158;0;93;25.586136595310904;3.496016;3.496016
4.62;0;157;0;93;25.4841997961264;3.456;3.456
4.63;0;156;0;93;25.382262996941893;3.4156628;3.4156628
4.64;0;155;0;93;25.28032619775739;3.375;3.375
4.65;0;154;0;94;25.28032619775739;3.266129;3.266129
4.66;0;153;0;94;25.178389398572882;3.2246964;3.2246964
4.67;0;152;0;95;25.178389398572882;3.1153846;3.1153846
4.68;0;151;0;96;25.178389398572882;3.0060728;3.0060728
4.69;0;151;0;96;25.178389398572882;3.0060728;3.0060728
4.7;0;152;0;97;25.382262996941893;2.9819276;2.9819276
4.71;0;152;0;98;25.4841997961264;2.916;2.916
4.72;0;153;0;98;25.586136595310904;2.9581673;2.9581673
4.73;0;152;0;99;25.586136595310904;2.8505976;2.8505976
4.74;0;152;0;99;25.586136595310904;2.8505976;2.8505976
4.75;0;152;0;99;25.586136595310904;2.8505976;2.8505976
4.76;0;151;0;99;25.4841997961264;2.808;2.808
4.77;0;151;0;99;25.4841997961264;2.808;2.808
4.78;0;151;0;99;25.4841997961264;2.808;2.808
4.79;0;150;0;99;25.382262996941893;2.7650602;2.7650602
4.8;0;150;0;99;25.382262996941893;2.7650602;2.7650602
4.81;0;150;0;98;25.28032619775739;2.830645;2.830645
4.82;0;150;0;98;25.28032619775739;2.830645;2.830645
4.83;0;150;0;98;25.28032619775739;2.830645;2.830645
4.84;0;150;0;98;25.28032619775739;2.830645;2.830645
4.85;0;151;0;98;25.382262996941893;2.873494;2.873494
4.86;0;151;0;98;25.382262996941893;2.873494;2.873494
4.87;0;151;0;99;25.4841997961264;2.808;2.808
4.88;0;151;0;99;25.4841997961264;2.808;2.808
4.89;0;151;0;99;25.4841997961264;2.808;2.808
4.9;0;151;0;99;25.4841997961264;2.808;2.808
4.91;0;150;0;100;25.4841997961264;2.7;2.7
4.92;0;150;0;100;25.4841997961264;2.7;2.7
4.93;0;149;0;101;25.4841997961264;2.592;2.592
4.94;0;149;0;101;25.4841997961264;2.592;2.592
4.95;0;148;0;101;25.382262996941893;2.5481927;2.5481927
4.96;0;148;0;102;25.4841997961264;2.484;2.484
4.97;0;147;0;102;25.382262996941893;2.439759;2.439759
4.98;0;146;0;102;25.28032619775739;2.3951614;2.3951614
4.99;0;146;0;102;25.28032619775739;2.3951614;2.3951614
5.0;0;146;0;102;25.28032619775739;2.3951614;2.3951614
5.01;0;145;0;103;25.28032619775739;2.2862904;2.2862904
5.02;0;145;0;103;25.28032619775739;2.2862904;2.2862904
5.03;0;145;0;103;25.28032619775739;2.2862904;2.2862904
5.04;0;145;0;103;25.28032619775739;2.2862904;2.2862904
5.05;0;145;0;103;25.28032619775739;2.2862904;2.2862904
5.06;0;145;0;103;25.28032619775739;2.2862904;2.2862904
5.07;0;146;0;103;25.382262996941893;2.3313253;2.3313253
5.08;0;146;0;102;25.28032619775739;2.3951614;2.3951614
5.09;0;146;0;102;25.28032619775739;2.3951614;2.3951614
5.1;0;146;0;102;25.28032619775739;2.3951614;2.3951614
5.11;0;146;0;102;25.28032619775739;2.3951614;2.3951614
5.12;0;147;0;102;25.382262996941893;2.439759;2.439759
5.13;0;147;0;102;25.382262996941893;2.439759;2.439759
5.14;0;147;0;102;25.382262996941893;2.439759;2.439759
5.15;0;147;0;102;25.382262996941893;2.439759;2.439759
5.16;0;147;0;102;25.382262996941893;2.439759;2.439759
5.17;0;147;0;102;25.382262996941893;2.439759;2.439759
5.18;0;147;0;102;25.382262996941893;2.439759;2.439759
5.19;0;147;0;102;25.382262996941893;2.439759;2.439759
5.2;0;147;0;102;25.382262996941893;2.439759;2.439759
5.21;0;146;0;102;25.28032619775739;2.3951614;2.3951614
5.22;0;146;0;102;25.28032619775739;2.3951614;2.3951614
5.23;0;146;0;102;25.28032619775739;2.3951614;2.3951614
5.24;0;146;0;102;25.28032619775739;2.3951614;2.3951614
5.25;0;146;0;102;25.28032619775739;2.3951614;2.3951614
5.26;0;146;0;102;25.28032619775739;2.3951614;2.3951614
5.27;0;146;0;102;25.28032619775739;2.3951614;2.3951614
5.28;0;146;0;103;25.382262996941893;2.3313253;2.3313253
5.29;0;146;0;103;25.382262996941893;2.3313253;2.3313253
5.3;0;146;0;103;25.382262996941893;2.3313253;2.3313253
5.31;0;146;0;103;25.382262996941893;2.3313253;2.3313253
5.32;0;146;0;103;25.382262996941893;2.3313253;2.3313253
5.33;0;146;0;102;25.28032619775739;2.3951614;2.3951614
5.34;0;146;0;102;25.28032619775739;2.3951614;2.3951614
5.35;0;146;0;102;25.28032619775739;2.3951614;2.3951614
5.36;0;146;0;102;25.28032619775739;2.3951614;2.3951614
5.37;0;146;0;102;25.28032619775739;2.3951614;2.3951614
5.38;0;146;0;102;25.28032619775739;2.3951614;2.3951614
5.39;0;146;0;102;25.28032619775739;2.3951614;2.3951614
5.4;0;146;0;102;25.28032619775739;2.3951614;2.3951614
5.41;0;146;0;102;25.28032619775739;2.3951614;2.3951614
5.42;0;146;0;102;25.28032619775739;2.3951614;2.3951614
5.43;0;146;0;102;25.28032619775739;2.3951614;2.3951614
5.44;0;146;0;103;25.382262996941893;2.3313253;2.3313253
5.45;0;146;0;102;25.28032619775739;2.3951614;2.3951614
5.46;0;146;0;102;25.28032619775739;2.3951614;2.3951614
5.47;0;146;0;102;25.28032619775739;2.3951614;2.3951614
5.48;0;146;0;102;25.28032619775739;2.3951614;2.3951614
5.49;0;146;0;102;25.28032619775739;2.3951614;2.3951614
5.5;0;146;0;102;25.28032619775739;2.3951614;2.3951614
5.51;0;146;0;102;25.28032619775739;2.3951614;2.3951614
5.52;0;146;0;102;25.28032619775739;2.3951614;2.3951614
5.53;0;146;0;102;25.28032619775739;2.3951614;2.3951614
5.54;0;146;0;102;25.28032619775739;2.3951614;2.3951614
5.55;0;146;0;102;25.28032619775739;2.3951614;2.3951614
5.56;0;146;0;102;25.28032619775739;2.3951614;2.3951614
5.57;0;146;0;102;25.28032619775739;2.3951614;2.3951614
5.58;0;146;0;102;25.28032619775739;2.3951614;2.3951614
5.59;0;146;0;102;25.28032619775739;2.3951614;2.3951614
5.6;0;146;0;102;25.28032619775739;2.3951614;2.3951614
5.61;0;146;0;102;25.28032619775739;2.3951614;2.3951614
5.62;0;146;0;102;25.28032619775739;2.3951614;2.3951614
5.63;0;146;0;102;25.28032619775739;2.3951614;2.3951614
5.64;0;146;0;102;25.28032619775739;2.3951614;2.3951614
5.65;0;146;0;102;25.28032619775739;2.3951614;2.3951614
5.66;0;146;0;102;25.28032619775739;2.3951614;2.3951614
5.67;0;146;0;102;25.28032619775739;2.3951614;2.3951614
5.68;0;146;0;102;25.28032619775739;2.3951614;2.3951614
5.69;0;146;0;102;25.28032619775739;2.3951614;2.3951614
5.7;0;146;0;102;25.28032619775739;2.3951614;2.3951614
5.71;0;146;0;102;25.28032619775739;2.3951614;2.3951614
5.72;0;146;0;102;25.28032619775739;2.3951614;2.3951614
5.73;0;146;0;102;25.28032619775739;2.3951614;2.3951614
5.74;0;146;0;102;25.28032619775739;2.3951614;2.3951614
5.75;0;146;0;102;25.28032619775739;2.3951614;2.3951614
5.76;0;146;0;102;25.28032619775739;2.3951614;2.3951614
5.77;0;146;0;102;25.28032619775739;2.3951614;2.3951614
5.78;0;146;0;102;25.28032619775739;2.3951614;2.3951614
5.79;0;146;0;102;25.28032619775739;2.3951614;2.3951614
5.8;0;146;0;102;25.28032619775739;2.3951614;2.3951614
5.81;0;146;0;102;25.28032619775739;2.3951614;2.3951614
5.82;0;146;0;102;25.28032619775739;2.3951614;2.3951614
5.83;0;146;0;102;25.28032619775739;2.3951614;2.3951614
5.84;0;146;0;102;25.28032619775739;2.3951614;2.3951614
5.85;0;146;0;102;25.28032619775739;2.3951614;2.3951614
5.86;0;146;0;101;25.178389398572882;2.4595141;2.4595141
5.87;0;146;0;101;25.178389398572882;2.4595141;2.4595141
5.88;0;146;0;101;25.178389398572882;2.4595141;2.4595141
5.89;0;146;0;101;25.178389398572882;2.4595141;2.4595141
5.9;0;146;0;101;25.178389398572882;2.4595141;2.4595141
5.91;0;146;0;101;25.178389398572882;2.4595141;2.4595141
5.92;0;146;0;101;25.178389398572882;2.4595141;2.4595141
5.93;0;146;0;101;25.178389398572882;2.4595141;2.4595141
5.94;0;146;0;101;25.178389398572882;2.4595141;2.4595141
5.95;0;146;0;101;25.178389398572882;2.4595141;2.4595141
5.96;0;146;0;101;25.178389398572882;2.4595141;2.4595141
5.97;0;146;0;101;25.178389398572882;2.4595141;2.4595141
5.98;0;146;0;101;25.178389398572882;2.4595141;2.4595141
5.99;0;147;0;101;25.28032619775739;2.5040324;2.5040324
6.0;0;147;0;100;25.178389398572882;2.568826;2.568826
6.01;0;147;0;100;25.178389398572882;2.568826;2.568826
6.02;0;147;0;100;25.178389398572882;2.568826;2.568826
6.03;0;147;0;100;25.178389398572882;2.568826;2.568826
6.04;0;147;0;100;25.178389398572882;2.568826;2.568826
6.05;0;147;0;99;25.07645259938838;2.6341465;2.6341465
6.06;0;147;0;99;25.07645259938838;2.6341465;2.6341465
6.07;0;147;0;99;25.07645259938838;2.6341465;2.6341465
6.08;0;148;0;99;25.178389398572882;2.6781375;2.6781375
6.09;0;148;0;99;25.178389398572882;2.6781375;2.6781375
6.1;0;148;0;99;25.178389398572882;2.6781375;2.6781375
6.11;0;148;0;98;25.07645259938838;2.7439024;2.7439024
6.12;0;149;0;98;25.178389398572882;2.7874494;2.7874494
6.13;0;149;0;98;25.178389398572882;2.7874494;2.7874494
6.14;0;149;0;98;25.178389398572882;2.7874494;2.7874494
6.15;0;149;0;97;25.07645259938838;2.8536584;2.8536584
6.16;0;150;0;97;25.178389398572882;2.8967612;2.8967612
6.17;0;150;0;97;25.178389398572882;2.8967612;2.8967612
6.18;0;150;0;97;25.178389398572882;2.8967612;2.8967612
6.19;0;151;0;97;25.28032619775739;2.939516;2.939516
6.2;0;151;0;96;25.178389398572882;3.0060728;3.0060728
6.21;0;151;0;96;25.178389398572882;3.0060728;3.0060728
6.22;0;152;0;96;25.28032619775739;3.048387;3.048387
6.23;0;152;0;95;25.178389398572882;3.1153846;3.1153846
6.24;0;152;0;95;25.178389398572882;3.1153846;3.1153846
6.25;0;152;0;95;25.178389398572882;3.1153846;3.1153846
6.26;0;153;0;95;25.28032619775739;3.157258;3.157258
6.27;0;153;0;94;25.178389398572882;3.2246964;3.2246964
6.28;0;153;0;94;25.178389398572882;3.2246964;3.2246964
6.29;0;153;0;94;25.178389398572882;3.2246964;3.2246964
6.3;0;153;0;93;25.07645259938838;3.292683;3.292683
6.31;0;154;0;93;25.178389398572882;3.334008;3.334008
6.32;0;154;0;93;25.178389398572882;3.334008;3.334008
6.33;0;154;0;93;25.178389398572882;3.334008;3.334008
6.34;0;154;0;92;25.07645259938838;3.402439;3.402439
6.35;0;155;0;92;25.178389398572882;3.4433198;3.4433198
6.36;0;155;0;92;25.178389398572882;3.4433198;3.4433198
6.37;0;155;0;92;25.178389398572882;3.4433198;3.4433198
6.38;0;155;0;92;25.178389398572882;3.4433198;3.4433198
6.39;0;155;0;92;25.178389398572882;3.4433198;3.4433198
6.4;0;156;0;92;25.28032619775739;3.483871;3.483871
6.41;0;156;0;91;25.178389398572882;3.5526316;3.5526316
6.42;0;156;0;91;25.178389398572882;3.5526316;3.5526316
6.43;0;156;0;91;25.178389398572882;3.5526316;3.5526316
6.44;0;157;0;91;25.28032619775739;3.592742;3.592742
6.45;0;157;0;90;25.178389398572882;3.6619434;3.6619434
6.46;0;157;0;90;25.178389398572882;3.6619434;3.6619434
6.47;0;157;0;90;25.178389398572882;3.6619434;3.6619434
6.48;0;157;0;89;25.07645259938838;3.7317073;3.7317073
6.49;0;157;0;89;25.07645259938838;3.7317073;3.7317073
6.5;0;157;0;89;25.07645259938838;3.7317073;3.7317073
6.51;0;157;0;89;25.07645259938838;3.7317073;3.7317073
6.52;0;158;0;89;25.178389398572882;3.771255;3.771255
6.53;0;158;0;89;25.178389398572882;3.771255;3.771255
6.54;0;158;0;89;25.178389398572882;3.771255;3.771255
6.55;0;159;0;88;25.178389398572882;3.8805668;3.8805668
6.56;0;159;0;88;25.178389398572882;3.8805668;3.8805668
6.57;0;159;0;88;25.178389398572882;3.8805668;3.8805668
6.58;0;159;0;88;25.178389398572882;3.8805668;3.8805668
6.59;0;160;0;88;25.28032619775739;3.919355;3.919355
6.6;0;160;0;88;25.28032619775739;3.919355;3.919355
6.61;0;160;0;88;25.28032619775739;3.919355;3.919355
6.62;0;160;0;87;25.178389398572882;3.9898787;3.9898787
6.63;0;160;0;87;25.178389398572882;3.9898787;3.9898787
6.64;0;161;0;87;25.28032619775739;4.028226;4.028226
6.65;0;161;0;87;25.28032619775739;4.028226;4.028226
6.66;0;161;0;87;25.28032619775739;4.028226;4.028226
6.67;0;161;0;87;25.28032619775739;4.028226;4.028226
6.68;0;161;0;86;25.178389398572882;4.09919;4.09919
6.69;0;161;0;86;25.178389398572882;4.09919;4.09919
6.7;0;161;0;86;25.178389398572882;4.09919;4.09919
6.71;0;161;0;86;25.178389398572882;4.09919;4.09919
6.72;0;161;0;86;25.178389398572882;4.09919;4.09919
6.73;0;161;0;86;25.178389398572882;4.09919;4.09919
6.74;0;161;0;86;25.178389398572882;4.09919;4.09919
6.75;0;162;0;86;25.28032619775739;4.137097;4.137097
6.76;0;162;0;86;25.28032619775739;4.137097;4.137097
6.77;0;162;0;86;25.28032619775739;4.137097;4.137097
6.78;0;162;0;86;25.28032619775739;4.137097;4.137097
6.79;0;162;0;86;25.28032619775739;4.137097;4.137097
6.8;0;163;0;86;25.382262996941893;4.174699;4.174699
6.81;0;163;0;86;25.382262996941893;4.174699;4.174699
6.82;0;163;0;86;25.382262996941893;4.174699;4.174699
6.83;0;163;0;85;25.28032619775739;4.245968;4.245968
6.84;0;163;0;85;25.28032619775739;4.245968;4.245968
6.85;0;163;0;85;25.28032619775739;4.245968;4.245968
6.86;0;163;0;85;25.28032619775739;4.245968;4.245968
6.87;0;163;0;85;25.28032619775739;4.245968;4.245968
6.88;0;163;0;85;25.28032619775739;4.245968;4.245968
6.89;0;164;0;85;25.382262996941893;4.2831326;4.2831326
6.9;0;164;0;85;25.382262996941893;4.2831326;4.2831326
6.91;0;164;0;85;25.382262996941893;4.2831326;4.2831326
6.92;0;164;0;85;25.382262996941893;4.2831326;4.2831326
6.93;0;164;0;85;25.382262996941893;4.2831326;4.2831326
6.94;0;164;0;84;25.28032619775739;4.354839;4.354839
6.95;0;164;0;84;25.28032619775739;4.354839;4.354839
6.96;0;164;0;84;25.28032619775739;4.354839;4.354839
6.97;0;165;0;84;25.382262996941893;4.3915663;4.3915663
6.98;0;165;0;84;25.382262996941893;4.3915663;4.3915663
6.99;0;165;0;84;25.382262996941893;4.3915663;4.3915663
7.0;0;165;0;84;25.382262996941893;4.3915663;4.3915663
7.01;0;166;0;84;25.4841997961264;4.428;4.428
7.02;0;166;0;84;25.4841997961264;4.428;4.428
7.03;0;166;0;84;25.4841997961264;4.428;4.428
7.04;0;166;0;84;25.4841997961264;4.428;4.428
7.05;0;166;0;84;25.4841997961264;4.428;4.428
7.06;0;167;0;84;25.586136595310904;4.4641433;4.4641433
7.07;0;167;0;83;25.4841997961264;4.536;4.536
7.08;0;167;0;83;25.4841997961264;4.536;4.536
7.09;0;167;0;83;25.4841997961264;4.536;4.536
7.1;0;167;0;83;25.4841997961264;4.536;4.536
7.11;0;167;0;83;25.4841997961264;4.536;4.536
7.12;0;166;0;83;25.382262996941893;4.5;4.5
7.13;0;166;0;83;25.382262996941893;4.5;4.5
7.14;0;166;0;83;25.382262996941893;4.5;4.5
7.15;0;166;0;83;25.382262996941893;4.5;4.5
7.16;0;167;0;83;25.4841997961264;4.536;4.536
7.17;0;167;0;83;25.4841997961264;4.536;4.536
7.18;0;167;0;83;25.4841997961264;4.536;4.536
7.19;0;167;0;83;25.4841997961264;4.536;4.536
7.2;0;168;0;83;25.586136595310904;4.571713;4.571713
7.21;0;168;0;83;25.586136595310904;4.571713;4.571713
7.22;0;168;0;83;25.586136595310904;4.571713;4.571713
7.23;0;168;0;83;25.586136595310904;4.571713;4.571713
7.24;0;168;0;83;25.586136595310904;4.571713;4.571713
7.25;0;168;0;83;25.586136595310904;4.571713;4.571713
7.26;0;168;0;83;25.586136595310904;4.571713;4.571713
7.27;0;168;0;82;25.4841997961264;4.644;4.644
7.28;0;168;0;82;25.4841997961264;4.644;4.644
7.29;0;168;0;82;25.4841997961264;4.644;4.644
7.3;0;168;0;82;25.4841997961264;4.644;4.644
7.31;0;168;0;82;25.4841997961264;4.644;4.644
7.32;0;168;0;82;25.4841997961264;4.644;4.644
7.33;0;168;0;82;25.4841997961264;4.644;4.644
7.34;0;167;0;82;25.382262996941893;4.6084337;4.6084337
7.35;0;167;0;83;25.4841997961264;4.536;4.536
7.36;0;167;0;83;25.4841997961264;4.536;4.536
7.37;0;167;0;83;25.4841997961264;4.536;4.536
7.38;0;166;0;83;25.382262996941893;4.5;4.5
7.39;0;166;0;83;25.382262996941893;4.5;4.5
7.4;0;166;0;83;25.382262996941893;4.5;4.5
7.41;0;166;0;84;25.4841997961264;4.428;4.428
7.42;0;166;0;84;25.4841997961264;4.428;4.428
7.43;0;166;0;84;25.4841997961264;4.428;4.428
7.44;0;166;0;84;25.4841997961264;4.428;4.428
7.45;0;166;0;84;25.4841997961264;4.428;4.428
7.46;0;166;0;84;25.4841997961264;4.428;4.428
7.47;0;166;0;84;25.4841997961264;4.428;4.428
7.48;0;166;0;84;25.4841997961264;4.428;4.428
7.49;0;166;0;84;25.4841997961264;4.428;4.428
7.5;0;165;0;84;25.382262996941893;4.3915663;4.3915663
7.51;0;165;0;84;25.382262996941893;4.3915663;4.3915663
7.52;0;165;0;84;25.382262996941893;4.3915663;4.3915663
7.53;0;165;0;84;25.382262996941893;4.3915663;4.3915663
7.54;0;164;0;85;25.382262996941893;4.2831326;4.2831326
7.55;0;164;0;85;25.382262996941893;4.2831326;4.2831326
7.56;0;164;0;85;25.382262996941893;4.2831326;4.2831326
7.57;0;164;0;85;25.382262996941893;4.2831326;4.2831326
7.58;0;164;0;85;25.382262996941893;4.2831326;4.2831326
7.59;0;164;0;85;25.382262996941893;4.2831326;4.2831326
7.6;0;163;0;86;25.382262996941893;4.174699;4.174699
7.61;0;163;0;86;25.382262996941893;4.174699;4.174699
7.62;0;163;0;86;25.382262996941893;4.174699;4.174699
7.63;0;163;0;86;25.382262996941893;4.174699;4.174699
7.64;0;163;0;86;25.382262996941893;4.174699;4.174699
7.65;0;163;0;86;25.382262996941893;4.174699;4.174699
7.66;0;163;0;86;25.382262996941893;4.174699;4.174699
7.67;0;163;0;86;25.382262996941893;4.174699;4.174699
7.68;0;163;0;86;25.382262996941893;4.174699;4.174699
7.69;0;162;0;86;25.28032619775739;4.137097;4.137097
7.7;0;162;0;86;25.28032619775739;4.137097;4.137097
7.71;0;162;0;86;25.28032619775739;4.137097;4.137097
7.72;0;162;0;87;25.382262996941893;4.066265;4.066265
7.73;0;162;0;87;25.382262996941893;4.066265;4.066265
7.74;0;162;0;87;25.382262996941893;4.066265;4.066265
7.75;0;162;0;87;25.382262996941893;4.066265;4.066265
7.76;0;162;0;87;25.382262996941893;4.066265;4.066265
7.77;0;161;0;87;25.28032619775739;4.028226;4.028226
7.78;0;161;0;87;25.28032619775739;4.028226;4.028226
7.79;0;161;0;87;25.28032619775739;4.028226;4.028226
7.8;0;161;0;87;25.28032619775739;4.028226;4.028226
7.81;0;161;0;87;25.28032619775739;4.028226;4.028226
7.82;0;161;0;88;25.382262996941893;3.9578314;3.9578314
7.83;0;161;0;88;25.382262996941893;3.9578314;3.9578314
7.84;0;161;0;88;25.382262996941893;3.9578314;3.9578314
7.85;0;161;0;88;25.382262996941893;3.9578314;3.9578314
7.86;0;160;0;88;25.28032619775739;3.919355;3.919355
7.87;0;160;0;88;25.28032619775739;3.919355;3.919355
7.88;0;160;0;88;25.28032619775739;3.919355;3.919355
7.89;0;160;0;88;25.28032619775739;3.919355;3.919355
7.9;0;160;0;88;25.28032619775739;3.919355;3.919355
7.91;0;159;0;89;25.28032619775739;3.810484;3.810484
7.92;0;159;0;89;25.28032619775739;3.810484;3.810484
7.93;0;159;0;89;25.28032619775739;3.810484;3.810484
7.94;0;159;0;89;25.28032619775739;3.810484;3.810484
7.95;0;159;0;89;25.28032619775739;3.810484;3.810484
7.96;0;158;0;89;25.178389398572882;3.771255;3.771255
7.97;0;158;0;89;25.178389398572882;3.771255;3.771255
7.98;0;158;0;89;25.178389398572882;3.771255;3.771255
7.99;0;158;0;89;25.178389398572882;3.771255;3.771255
8.0;0;157;0;90;25.178389398572882;3.6619434;3.6619434
8.01;0;157;0;90;25.178389398572882;3.6619434;3.6619434
8.02;0;157;0;90;25.178389398572882;3.6619434;3.6619434
8.03;0;157;0;90;25.178389398572882;3.6619434;3.6619434
8.04;0;157;0;90;25.178389398572882;3.6619434;3.6619434
8.05;0;156;0;91;25.178389398572882;3.5526316;3.5526316
8.06;0;156;0;91;25.178389398572882;3.5526316;3.5526316
8.07;0;156;0;91;25.178389398572882;3.5526316;3.5526316
8.08;0;156;0;91;25.178389398572882;3.5526316;3.5526316
8.09;0;155;0;91;25.07645259938838;3.512195;3.512195
8.1;0;155;0;91;25.07645259938838;3.512195;3.512195
8.11;0;155;0;91;25.07645259938838;3.512195;3.512195
8.12;0;155;0;92;25.178389398572882;3.4433198;3.4433198
8.13;0;155;0;92;25.178389398572882;3.4433198;3.4433198
8.14;0;154;0;92;25.07645259938838;3.402439;3.402439
8.15;0;154;0;92;25.07645259938838;3.402439;3.402439
8.16;0;154;0;92;25.07645259938838;3.402439;3.402439
8.17;0;154;0;92;25.07645259938838;3.402439;3.402439
8.18;0;154;0;92;25.07645259938838;3.402439;3.402439
8.19;0;154;0;93;25.178389398572882;3.334008;3.334008
8.2;0;153;0;93;25.07645259938838;3.292683;3.292683
8.21;0;153;0;93;25.07645259938838;3.292683;3.292683
8.22;0;153;0;93;25.07645259938838;3.292683;3.292683
8.23;0;153;0;93;25.07645259938838;3.292683;3.292683
8.24;0;153;0;93;25.07645259938838;3.292683;3.292683
8.25;0;153;0;93;25.07645259938838;3.292683;3.292683
8.26;0;153;0;93;25.07645259938838;3.292683;3.292683
8.27;0;153;0;93;25.07645259938838;3.292683;3.292683
8.28;0;153;0;93;25.07645259938838;3.292683;3.292683
8.29;0;153;0;93;25.07645259938838;3.292683;3.292683
8.3;0;153;0;93;25.07645259938838;3.292683;3.292683
8.31;0;153;0;93;25.07645259938838;3.292683;3.292683
8.32;0;153;0;93;25.07645259938838;3.292683;3.292683
8.33;0;152;0;93;24.97451580020387;3.2510204;3.2510204
8.34;0;152;0;93;24.97451580020387;3.2510204;3.2510204
8.35;0;152;0;93;24.97451580020387;3.2510204;3.2510204
8.36;0;152;0;93;24.97451580020387;3.2510204;3.2510204
8.37;0;152;0;94;25.07645259938838;3.182927;3.182927
8.38;0;152;0;94;25.07645259938838;3.182927;3.182927
8.39;0;152;0;94;25.07645259938838;3.182927;3.182927
8.4;0;152;0;94;25.07645259938838;3.182927;3.182927
8.41;0;152;0;94;25.07645259938838;3.182927;3.182927
8.42;0;152;0;94;25.07645259938838;3.182927;3.182927
8.43;0;152;0;94;25.07645259938838;3.182927;3.182927
8.44;0;152;0;94;25.07645259938838;3.182927;3.182927
8.45;0;151;0;94;24.97451580020387;3.1408162;3.1408162
8.46;0;151;0;94;24.97451580020387;3.1408162;3.1408162
8.47;0;151;0;94;24.97451580020387;3.1408162;3.1408162
8.48;0;151;0;95;25.07645259938838;3.0731707;3.0731707
8.49;0;151;0;95;25.07645259938838;3.0731707;3.0731707
8.5;0;151;0;95;25.07645259938838;3.0731707;3.0731707
8.51;0;151;0;95;25.07645259938838;3.0731707;3.0731707
8.52;0;151;0;95;25.07645259938838;3.0731707;3.0731707
8.53;0;151;0;95;25.07645259938838;3.0731707;3.0731707
8.54;0;150;0;95;24.97451580020387;3.0306122;3.0306122
8.55;0;150;0;95;24.97451580020387;3.0306122;3.0306122
8.56;0;150;0;95;24.97451580020387;3.0306122;3.0306122
8.57;0;150;0;95;24.97451580020387;3.0306122;3.0306122
8.58;0;150;0;95;24.97451580020387;3.0306122;3.0306122
8.59;0;150;0;95;24.97451580020387;3.0306122;3.0306122
8.6;0;149;0;95;24.872579001019368;2.987705;2.987705
8.61;0;149;0;95;24.872579001019368;2.987705;2.987705
8.62;0;149;0;95;24.872579001019368;2.987705;2.987705
8.63;0;149;0;96;24.97451580020387;2.9204082;2.9204082
8.64;0;149;0;96;24.97451580020387;2.9204082;2.9204082
8.65;0;148;0;96;24.872579001019368;2.8770492;2.8770492
8.66;0;148;0;96;24.872579001019368;2.8770492;2.8770492
8.67;0;148;0;96;24.872579001019368;2.8770492;2.8770492
8.68;0;148;0;96;24.872579001019368;2.8770492;2.8770492
8.69;0;148;0;96;24.872579001019368;2.8770492;2.8770492
8.7;0;148;0;96;24.872579001019368;2.8770492;2.8770492
8.71;0;148;0;97;24.97451580020387;2.810204;2.810204
8.72;0;148;0;97;24.97451580020387;2.810204;2.810204
8.73;0;148;0;97;24.97451580020387;2.810204;2.810204
8.74;0;148;0;97;24.97451580020387;2.810204;2.810204
8.75;0;147;0;97;24.872579001019368;2.7663934;2.7663934
8.76;0;147;0;97;24.872579001019368;2.7663934;2.7663934
8.77;0;147;0;97;24.872579001019368;2.7663934;2.7663934
8.78;0;147;0;97;24.872579001019368;2.7663934;2.7663934
8.79;0;147;0;97;24.872579001019368;2.7663934;2.7663934
8.8;0;147;0;97;24.872579001019368;2.7663934;2.7663934
8.81;0;147;0;97;24.872579001019368;2.7663934;2.7663934
8.82;0;147;0;97;24.872579001019368;2.7663934;2.7663934
8.83;0;147;0;97;24.872579001019368;2.7663934;2.7663934
8.84;0;147;0;97;24.872579001019368;2.7663934;2.7663934
8.85;0;147;0;97;24.872579001019368;2.7663934;2.7663934
8.86;0;147;0;97;24.872579001019368;2.7663934;2.7663934
8.87;0;147;0;97;24.872579001019368;2.7663934;2.7663934
8.88;0;147;0;97;24.872579001019368;2.7663934;2.7663934
8.89;0;147;0;97;24.872579001019368;2.7663934;2.7663934
8.9;0;147;0;97;24.872579001019368;2.7663934;2.7663934
8.91;0;147;0;97;24.872579001019368;2.7663934;2.7663934
8.92;0;147;0;97;24.872579001019368;2.7663934;2.7663934
8.93;0;147;0;97;24.872579001019368;2.7663934;2.7663934
8.94;0;147;0;97;24.872579001019368;2.7663934;2.7663934
8.95;0;147;0;97;24.872579001019368;2.7663934;2.7663934
8.96;0;147;0;97;24.872579001019368;2.7663934;2.7663934
8.97;0;147;0;97;24.872579001019368;2.7663934;2.7663934
8.98;0;147;0;97;24.872579001019368;2.7663934;2.7663934
8.99;0;147;0;97;24.872579001019368;2.7663934;2.7663934
9.0;0;147;0;97;24.872579001019368;2.7663934;2.7663934
9.01;0;147;0;97;24.872579001019368;2.7663934;2.7663934
9.02;0;147;0;97;24.872579001019368;2.7663934;2.7663934
9.03;0;147;0;97;24.872579001019368;2.7663934;2.7663934
9.04;0;147;0;97;24.872579001019368;2.7663934;2.7663934
9.05;0;147;0;97;24.872579001019368;2.7663934;2.7663934
9.06;0;147;0;97;24.872579001019368;2.7663934;2.7663934
9.07;0;147;0;97;24.872579001019368;2.7663934;2.7663934
9.08;0;147;0;97;24.872579001019368;2.7663934;2.7663934
9.09;0;147;0;97;24.872579001019368;2.7663934;2.7663934
9.1;0;147;0;97;24.872579001019368;2.7663934;2.7663934
9.11;0;147;0;97;24.872579001019368;2.7663934;2.7663934
9.12;0;147;0;97;24.872579001019368;2.7663934;2.7663934
9.13;0;148;0;97;24.97451580020387;2.810204;2.810204
9.14;0;148;0;97;24.97451580020387;2.810204;2.810204
9.15;0;148;0;97;24.97451580020387;2.810204;2.810204
9.16;0;148;0;97;24.97451580020387;2.810204;2.810204
9.17;0;148;0;97;24.97451580020387;2.810204;2.810204
9.18;0;148;0;96;24.872579001019368;2.8770492;2.8770492
9.19;0;148;0;96;24.872579001019368;2.8770492;2.8770492
9.2;0;148;0;96;24.872579001019368;2.8770492;2.8770492
9.21;0;148;0;96;24.872579001019368;2.8770492;2.8770492
9.22;0;148;0;96;24.872579001019368;2.8770492;2.8770492
9.23;0;148;0;96;24.872579001019368;2.8770492;2.8770492
9.24;0;148;0;96;24.872579001019368;2.8770492;2.8770492
9.25;0;149;0;96;24.97451580020387;2.9204082;2.9204082
9.26;0;149;0;96;24.97451580020387;2.9204082;2.9204082
9.27;0;149;0;96;24.97451580020387;2.9204082;2.9204082
9.28;0;149;0;96;24.97451580020387;2.9204082;2.9204082
9.29;0;149;0;96;24.97451580020387;2.9204082;2.9204082
9.3;0;149;0;96;24.97451580020387;2.9204082;2.9204082
9.31;0;149;0;95;24.872579001019368;2.987705;2.987705
9.32;0;149;0;96;24.97451580020387;2.9204082;2.9204082
9.33;0;149;0;96;24.97451580020387;2.9204082;2.9204082
9.34;0;149;0;96;24.97451580020387;2.9204082;2.9204082
9.35;0;149;0;96;24.97451580020387;2.9204082;2.9204082
9.36;0;149;0;96;24.97451580020387;2.9204082;2.9204082
9.37;0;149;0;96;24.97451580020387;2.9204082;2.9204082
9.38;0;149;0;96;24.97451580020387;2.9204082;2.9204082
9.39;0;149;0;96;24.97451580020387;2.9204082;2.9204082
9.4;0;149;0;96;24.97451580020387;2.9204082;2.9204082
9.41;0;149;0;95;24.872579001019368;2.987705;2.987705
9.42;0;149;0;95;24.872579001019368;2.987705;2.987705
9.43;0;149;0;95;24.872579001019368;2.987705;2.987705
9.44;0;149;0;95;24.872579001019368;2.987705;2.987705
9.45;0;149;0;95;24.872579001019368;2.987705;2.987705
9.46;0;150;0;95;24.97451580020387;3.0306122;3.0306122
9.47;0;150;0;95;24.97451580020387;3.0306122;3.0306122
9.48;0;150;0;95;24.97451580020387;3.0306122;3.0306122
9.49;0;150;0;95;24.97451580020387;3.0306122;3.0306122
9.5;0;150;0;95;24.97451580020387;3.0306122;3.0306122
9.51;0;150;0;95;24.97451580020387;3.0306122;3.0306122
9.52;0;150;0;95;24.97451580020387;3.0306122;3.0306122
9.53;0;150;0;95;24.97451580020387;3.0306122;3.0306122
9.54;0;150;0;95;24.97451580020387;3.0306122;3.0306122
9.55;0;150;0;95;24.97451580020387;3.0306122;3.0306122
9.56;0;150;0;95;24.97451580020387;3.0306122;3.0306122
9.57;0;150;0;95;24.97451580020387;3.0306122;3.0306122
9.58;0;150;0;95;24.97451580020387;3.0306122;3.0306122
9.59;0;150;0;95;24.97451580020387;3.0306122;3.0306122
9.6;0;150;0;95;24.97451580020387;3.0306122;3.0306122
9.61;0;150;0;95;24.97451580020387;3.0306122;3.0306122
9.62;0;150;0;95;24.97451580020387;3.0306122;3.0306122
9.63;0;150;0;95;24.97451580020387;3.0306122;3.0306122
9.64;0;150;0;95;24.97451580020387;3.0306122;3.0306122
9.65;0;150;0;95;24.97451580020387;3.0306122;3.0306122
9.66;0;151;0;95;25.07645259938838;3.0731707;3.0731707
9.67;0;151;0;95;25.07645259938838;3.0731707;3.0731707
9.68;0;151;0;95;25.07645259938838;3.0731707;3.0731707
9.69;0;151;0;94;24.97451580020387;3.1408162;3.1408162
9.7;0;151;0;94;24.97451580020387;3.1408162;3.1408162
9.71;0;151;0;94;24.97451580020387;3.1408162;3.1408162
9.72;0;151;0;94;24.97451580020387;3.1408162;3.1408162
9.73;0;151;0;94;24.97451580020387;3.1408162;3.1408162
9.74;0;151;0;94;24.97451580020387;3.1408162;3.1408162
9.75;0;151;0;94;24.97451580020387;3.1408162;3.1408162
9.76;0;152;0;94;25.07645259938838;3.182927;3.182927
9.77;0;152;0;94;25.07645259938838;3.182927;3.182927
9.78;0;152;0;94;25.07645259938838;3.182927;3.182927
9.79;0;152;0;94;25.07645259938838;3.182927;3.182927
9.8;0;152;0;94;25.07645259938838;3.182927;3.182927
9.81;0;152;0;94;25.07645259938838;3.182927;3.182927
9.82;0;152;0;94;25.07645259938838;3.182927;3.182927
9.83;0;152;0;93;24.97451580020387;3.2510204;3.2510204
9.84;0;153;0;93;25.07645259938838;3.292683;3.292683
9.85;0;153;0;93;25.07645259938838;3.292683;3.292683
9.86;0;153;0;93;25.07645259938838;3.292683;3.292683
9.87;0;153;0;93;25.07645259938838;3.292683;3.292683
9.88;0;153;0;93;25.07645259938838;3.292683;3.292683
9.89;0;153;0;93;25.07645259938838;3.292683;3.292683
9.9;0;153;0;93;25.07645259938838;3.292683;3.292683
9.91;0;154;0;93;25.178389398572882;3.334008;3.334008
9.92;0;154;0;93;25.178389398572882;3.334008;3.334008
9.93;0;154;0;93;25.178389398572882;3.334008;3.334008
9.94;0;154;0;93;25.178389398572882;3.334008;3.334008
9.95;0;154;0;93;25.178389398572882;3.334008;3.334008
9.96;0;154;0;93;25.178389398572882;3.334008;3.334008
9.97;0;154;0;93;25.178389398572882;3.334008;3.334008
9.98;0;154;0;92;25.07645259938838;3.402439;3.402439
9.99;0;154;0;92;25.07645259938838;3.402439;3.402439
10.0;0;154;0;92;25.07645259938838;3.402439;3.402439
10.01;0;154;0;92;25.07645259938838;3.402439;3.402439
10.02;0;154;0;92;25.07645259938838;3.402439;3.402439
10.03;0;154;0;92;25.07645259938838;3.402439;3.402439
10.04;0;154;0;92;25.07645259938838;3.402439;3.402439
10.05;0;154;0;92;25.07645259938838;3.402439;3.402439
10.06;0;155;0;92;25.178389398572882;3.4433198;3.4433198
10.07;0;155;0;92;25.178389398572882;3.4433198;3.4433198
10.08;0;155;0;92;25.178389398572882;3.4433198;3.4433198
10.09;0;155;0;92;25.178389398572882;3.4433198;3.4433198
10.1;0;155;0;92;25.178389398572882;3.4433198;3.4433198
10.11;0;155;0;92;25.178389398572882;3.4433198;3.4433198
10.12;0;155;0;91;25.07645259938838;3.512195;3.512195
10.13;0;155;0;91;25.07645259938838;3.512195;3.512195
10.14;0;155;0;91;25.07645259938838;3.512195;3.512195
10.15;0;156;0;91;25.178389398572882;3.5526316;3.5526316
10.16;0;156;0;91;25.178389398572882;3.5526316;3.5526316
10.17;0;156;0;91;25.178389398572882;3.5526316;3.5526316
10.18;0;156;0;91;25.178389398572882;3.5526316;3.5526316
10.19;0;156;0;91;25.178389398572882;3.5526316;3.5526316
10.2;0;157;0;91;25.28032619775739;3.592742;3.592742
10.21;0;157;0;91;25.28032619775739;3.592742;3.592742
10.22;0;157;0;91;25.28032619775739;3.592742;3.592742
10.23;0;157;0;90;25.178389398572882;3.6619434;3.6619434
10.24;0;157;0;90;25.178389398572882;3.6619434;3.6619434
10.25;0;157;0;90;25.178389398572882;3.6619434;3.6619434
10.26;0;157;0;90;25.178389398572882;3.6619434;3.6619434
10.27;0;157;0;90;25.178389398572882;3.6619434;3.6619434
10.28;0;157;0;90;25.178389398572882;3.6619434;3.6619434
10.29;0;157;0;90;25.178389398572882;3.6619434;3.6619434
10.3;0;158;0;90;25.28032619775739;3.701613;3.701613
10.31;0;158;0;90;25.28032619775739;3.701613;3.701613
10.32;0;158;0;90;25.28032619775739;3.701613;3.701613
10.33;0;158;0;90;25.28032619775739;3.701613;3.701613
10.34;0;158;0;90;25.28032619775739;3.701613;3.701613
10.35;0;158;0;90;25.28032619775739;3.701613;3.701613
10.36;0;158;0;90;25.28032619775739;3.701613;3.701613
10.37;0;159;0;89;25.28032619775739;3.810484;3.810484
10.38;0;159;0;89;25.28032619775739;3.810484;3.810484
10.39;0;159;0;89;25.28032619775739;3.810484;3.810484
10.4;0;159;0;89;25.28032619775739;3.810484;3.810484
10.41;0;159;0;89;25.28032619775739;3.810484;3.810484
10.42;0;159;0;89;25.28032619775739;3.810484;3.810484
10.43;0;160;0;89;25.382262996941893;3.8493977;3.8493977
10.44;0;160;0;89;25.382262996941893;3.8493977;3.8493977
10.45;0;160;0;89;25.382262996941893;3.8493977;3.8493977
10.46;0;160;0;89;25.382262996941893;3.8493977;3.8493977
10.47;0;161;0;89;25.4841997961264;3.888;3.888
10.48;0;161;0;89;25.4841997961264;3.888;3.888
10.49;0;161;0;88;25.382262996941893;3.9578314;3.9578314
10.5;0;162;0;88;25.4841997961264;3.996;3.996
10.51;0;162;0;88;25.4841997961264;3.996;3.996
10.52;0;162;0;87;25.382262996941893;4.066265;4.066265
10.53;0;163;0;87;25.4841997961264;4.104;4.104
10.54;0;163;0;87;25.4841997961264;4.104;4.104
10.55;0;163;0;87;25.4841997961264;4.104;4.104
10.56;0;163;0;87;25.4841997961264;4.104;4.104
10.57;0;164;0;87;25.586136595310904;4.141434;4.141434
10.58;0;164;0;87;25.586136595310904;4.141434;4.141434
10.59;0;164;0;87;25.586136595310904;4.141434;4.141434
10.6;0;164;0;87;25.586136595310904;4.141434;4.141434
10.61;0;165;0;86;25.586136595310904;4.249004;4.249004
10.62;0;165;0;86;25.586136595310904;4.249004;4.249004
10.63;0;166;0;86;25.68807339449541;4.285714;4.285714
10.64;0;166;0;86;25.68807339449541;4.285714;4.285714
10.65;0;166;0;86;25.68807339449541;4.285714;4.285714
10.66;0;167;0;85;25.68807339449541;4.392857;4.392857
10.67;0;167;0;85;25.68807339449541;4.392857;4.392857
10.68;0;167;0;85;25.68807339449541;4.392857;4.392857
10.69;0;168;0;85;25.79001019367992;4.428854;4.428854
10.7;0;168;0;85;25.79001019367992;4.428854;4.428854
10.71;0;168;0;84;25.68807339449541;4.5;4.5
10.72;0;169;0;84;25.79001019367992;4.535573;4.535573
10.73;0;169;0;84;25.79001019367992;4.535573;4.535573
10.74;0;169;0;84;25.79001019367992;4.535573;4.535573
10.75;0;170;0;84;25.891946992864423;4.570866;4.570866
10.76;0;170;0;83;25.79001019367992;4.6422925;4.6422925
10.77;0;170;0;83;25.79001019367992;4.6422925;4.6422925
10.78;0;170;0;83;25.79001019367992;4.6422925;4.6422925
10.79;0;170;0;83;25.79001019367992;4.6422925;4.6422925
10.8;0;170;0;83;25.79001019367992;4.6422925;4.6422925
10.81;0;170;0;83;25.79001019367992;4.6422925;4.6422925
10.82;0;170;0;83;25.79001019367992;4.6422925;4.6422925
10.83;0;170;0;83;25.79001019367992;4.6422925;4.6422925
10.84;0;170;0;83;25.79001019367992;4.6422925;4.6422925
10.85;0;170;0;83;25.79001019367992;4.6422925;4.6422925
10.86;0;170;0;83;25.79001019367992;4.6422925;4.6422925
10.87;0;170;0;83;25.79001019367992;4.6422925;4.6422925
10.88;0;170;0;83;25.79001019367992;4.6422925;4.6422925
10.89;0;170;0;83;25.79001019367992;4.6422925;4.6422925
10.9;0;170;0;83;25.79001019367992;4.6422925;4.6422925
10.91;0;170;0;83;25.79001019367992;4.6422925;4.6422925
10.92;0;171;0;83;25.891946992864423;4.6771655;4.6771655
10.93;0;170;0;83;25.79001019367992;4.6422925;4.6422925
10.94;0;170;0;83;25.79001019367992;4.6422925;4.6422925
10.95;0;170;0;82;25.68807339449541;4.714286;4.714286
10.96;0;170;0;82;25.68807339449541;4.714286;4.714286
10.97;0;170;0;82;25.68807339449541;4.714286;4.714286
10.98;0;170;0;82;25.68807339449541;4.714286;4.714286
10.99;0;170;0;82;25.68807339449541;4.714286;4.714286
11.0;0;170;0;82;25.68807339449541;4.714286;4.714286
11.01;0;170;0;82;25.68807339449541;4.714286;4.714286
11.02;0;170;0;82;25.68807339449541;4.714286;4.714286
11.03;0;170;0;82;25.68807339449541;4.714286;4.714286
11.04;0;170;0;82;25.68807339449541;4.714286;4.714286
11.05;0;171;0;82;25.79001019367992;4.749012;4.749012
11.06;0;171;0;82;25.79001019367992;4.749012;4.749012
11.07;0;171;0;82;25.79001019367992;4.749012;4.749012
11.08;0;171;0;81;25.68807339449541;4.821429;4.821429
11.09;0;172;0;81;25.79001019367992;4.855731;4.855731
11.1;0;172;0;81;25.79001019367992;4.855731;4.855731
11.11;0;172;0;81;25.79001019367992;4.855731;4.855731
11.12;0;172;0;80;25.68807339449541;4.928571;4.928571
11.13;0;173;0;80;25.79001019367992;4.9624505;4.9624505
11.14;0;173;0;80;25.79001019367992;4.9624505;4.9624505
11.15;0;174;0;80;25.891946992864423;4.9960628;4.9960628
11.16;0;174;0;79;25.79001019367992;5.06917;5.06917
11.17;0;175;0;79;25.891946992864423;5.102362;5.102362
11.18;0;175;0;79;25.891946992864423;5.102362;5.102362
11.19;0;176;0;78;25.891946992864423;5.2086616;5.2086616
11.2;0;176;0;78;25.891946992864423;5.2086616;5.2086616
11.21;0;176;0;77;25.79001019367992;5.2826085;5.2826085
11.22;0;176;0;77;25.79001019367992;5.2826085;5.2826085
11.23;0;176;0;77;25.79001019367992;5.2826085;5.2826085
11.24;0;177;0;77;25.891946992864423;5.3149605;5.3149605
11.25;0;177;0;76;25.79001019367992;5.389328;5.389328
11.26;0;177;0;76;25.79001019367992;5.389328;5.389328
11.27;0;176;0;76;25.68807339449541;5.357143;5.357143
11.28;0;176;0;76;25.68807339449541;5.357143;5.357143
11.29;0;176;0;76;25.68807339449541;5.357143;5.357143
11.3;0;176;0;76;25.68807339449541;5.357143;5.357143
11.31;0;176;0;76;25.68807339449541;5.357143;5.357143
11.32;0;176;0;76;25.68807339449541;5.357143;5.357143
11.33;0;177;0;76;25.79001019367992;5.389328;5.389328
11.34;0;177;0;76;25.79001019367992;5.389328;5.389328
11.35;0;177;0;76;25.79001019367992;5.389328;5.389328
11.36;0;177;0;76;25.79001019367992;5.389328;5.389328
11.37;0;177;0;76;25.79001019367992;5.389328;5.389328
11.38;0;177;0;76;25.79001019367992;5.389328;5.389328
11.39;0;178;0;76;25.891946992864423;5.42126;5.42126
11.4;0;178;0;76;25.891946992864423;5.42126;5.42126
11.41;0;178;0;75;25.79001019367992;5.4960475;5.4960475
11.42;0;178;0;75;25.79001019367992;5.4960475;5.4960475
11.43;0;179;0;75;25.891946992864423;5.5275593;5.5275593
11.44;0;179;0;75;25.891946992864423;5.5275593;5.5275593
11.45;0;179;0;75;25.891946992864423;5.5275593;5.5275593
11.46;0;179;0;74;25.79001019367992;5.602767;5.602767
11.47;0;179;0;74;25.79001019367992;5.602767;5.602767
11.48;0;179;0;74;25.79001019367992;5.602767;5.602767
11.49;0;179;0;74;25.79001019367992;5.602767;5.602767
11.5;0;179;0;74;25.79001019367992;5.602767;5.602767
11.51;0;180;0;74;25.891946992864423;5.633858;5.633858
11.52;0;180;0;74;25.891946992864423;5.633858;5.633858
11.53;0;180;0;74;25.891946992864423;5.633858;5.633858
11.54;0;180;0;74;25.891946992864423;5.633858;5.633858
11.55;0;180;0;74;25.891946992864423;5.633858;5.633858
11.56;0;181;0;74;25.99388379204893;5.6647058;5.6647058
11.57;0;181;0;73;25.891946992864423;5.7401576;5.7401576
11.58;0;182;0;73;25.99388379204893;5.7705884;5.7705884
11.59;0;182;0;73;25.99388379204893;5.7705884;5.7705884
11.6;0;182;0;73;25.99388379204893;5.7705884;5.7705884
11.61;0;182;0;73;25.99388379204893;5.7705884;5.7705884
11.62;0;183;0;72;25.99388379204893;5.8764706;5.8764706
11.63;0;183;0;72;25.99388379204893;5.8764706;5.8764706
11.64;0;183;0;72;25.99388379204893;5.8764706;5.8764706
11.65;0;183;0;72;25.99388379204893;5.8764706;5.8764706
11.66;0;183;0;71;25.891946992864423;5.952756;5.952756
11.67;0;183;0;71;25.891946992864423;5.952756;5.952756
11.68;0;183;0;71;25.891946992864423;5.952756;5.952756
11.69;0;183;0;71;25.891946992864423;5.952756;5.952756
11.7;0;183;0;71;25.891946992864423;5.952756;5.952756
11.71;0;183;0;70;25.79001019367992;6.0296445;6.0296445
11.72;0;183;0;70;25.79001019367992;6.0296445;6.0296445
11.73;0;183;0;70;25.79001019367992;6.0296445;6.0296445
11.74;0;184;0;70;25.891946992864423;6.0590553;6.0590553
11.75;0;184;0;71;25.99388379204893;5.9823527;5.9823527
11.76;0;184;0;71;25.99388379204893;5.9823527;5.9823527
11.77;0;184;0;71;25.99388379204893;5.9823527;5.9823527
11.78;0;184;0;71;25.99388379204893;5.9823527;5.9823527
11.79;0;184;0;71;25.99388379204893;5.9823527;5.9823527
11.8;0;184;0;71;25.99388379204893;5.9823527;5.9823527
11.81;0;184;0;71;25.99388379204893;5.9823527;5.9823527
11.82;0;184;0;71;25.99388379204893;5.9823527;5.9823527
11.83;0;184;0;71;25.99388379204893;5.9823527;5.9823527
11.84;0;185;0;71;26.095820591233434;6.0117188;6.0117188
11.85;0;185;0;70;25.99388379204893;6.0882354;6.0882354
11.86;0;185;0;70;25.99388379204893;6.0882354;6.0882354
11.87;0;185;0;70;25.99388379204893;6.0882354;6.0882354
11.88;0;186;0;70;26.095820591233434;6.1171875;6.1171875
11.89;0;186;0;70;26.095820591233434;6.1171875;6.1171875
11.9;0;186;0;69;25.99388379204893;6.1941175;6.1941175
11.91;0;186;0;69;25.99388379204893;6.1941175;6.1941175
11.92;0;186;0;69;25.99388379204893;6.1941175;6.1941175
11.93;0;186;0;69;25.99388379204893;6.1941175;6.1941175
11.94;0;186;0;69;25.99388379204893;6.1941175;6.1941175
11.95;0;186;0;69;25.99388379204893;6.1941175;6.1941175
11.96;0;186;0;69;25.99388379204893;6.1941175;6.1941175
11.97;0;186;0;69;25.99388379204893;6.1941175;6.1941175
11.98;0;186;0;69;25.99388379204893;6.1941175;6.1941175
11.99;0;186;0;69;25.99388379204893;6.1941175;6.1941175
12.0;0;186;0;69;25.99388379204893;6.1941175;6.1941175
12.01;0;186;0;69;25.99388379204893;6.1941175;6.1941175
12.02;0;186;0;69;25.99388379204893;6.1941175;6.1941175
12.03;0;186;0;69;25.99388379204893;6.1941175;6.1941175
12.04;0;187;0;68;25.99388379204893;6.3;6.3
12.05;0;187;0;68;25.99388379204893;6.3;6.3
12.06;0;187;0;68;25.99388379204893;6.3;6.3
12.07;0;187;0;68;25.99388379204893;6.3;6.3
12.08;0;188;0;68;26.095820591233434;6.328125;6.328125
12.09;0;188;0;68;26.095820591233434;6.328125;6.328125
12.1;0;187;0;68;25.99388379204893;6.3;6.3
12.11;0;187;0;68;25.99388379204893;6.3;6.3
12.12;0;187;0;67;25.891946992864423;6.3779526;6.3779526
12.13;0;187;0;67;25.891946992864423;6.3779526;6.3779526
12.14;0;187;0;67;25.891946992864423;6.3779526;6.3779526
12.15;0;187;0;67;25.891946992864423;6.3779526;6.3779526
12.16;0;187;0;67;25.891946992864423;6.3779526;6.3779526
12.17;0;188;0;67;25.99388379204893;6.4058824;6.4058824
12.18;0;188;0;67;25.99388379204893;6.4058824;6.4058824
12.19;0;188;0;67;25.99388379204893;6.4058824;6.4058824
12.2;0;188;0;67;25.99388379204893;6.4058824;6.4058824
12.21;0;188;0;66;25.891946992864423;6.484252;6.484252
12.22;0;188;0;66;25.891946992864423;6.484252;6.484252
12.23;0;189;0;66;25.99388379204893;6.5117645;6.5117645
12.24;0;189;0;66;25.99388379204893;6.5117645;6.5117645
12.25;0;190;0;66;26.095820591233434;6.5390625;6.5390625
12.26;0;190;0;66;26.095820591233434;6.5390625;6.5390625
12.27;0;190;0;66;26.095820591233434;6.5390625;6.5390625
12.28;0;191;0;65;26.095820591233434;6.6445312;6.6445312
12.29;0;191;0;65;26.095820591233434;6.6445312;6.6445312
12.3;0;191;0;65;26.095820591233434;6.6445312;6.6445312
12.31;0;191;0;64;25.99388379204893;6.7235293;6.7235293
12.32;0;191;0;64;25.99388379204893;6.7235293;6.7235293
12.33;0;192;0;64;26.095820591233434;6.75;6.75
12.34;0;192;0;64;26.095820591233434;6.75;6.75
12.35;0;193;0;63;26.095820591233434;6.8554688;6.8554688
12.36;0;193;0;63;26.095820591233434;6.8554688;6.8554688
12.37;0;193;0;63;26.095820591233434;6.8554688;6.8554688
12.38;0;193;0;63;26.095820591233434;6.8554688;6.8554688
12.39;0;193;0;62;25.99388379204893;6.935294;6.935294
12.4;0;194;0;62;26.095820591233434;6.9609375;6.9609375
12.41;0;194;0;62;26.095820591233434;6.9609375;6.9609375
12.42;0;194;0;62;26.095820591233434;6.9609375;6.9609375
12.43;0;195;0;61;26.095820591233434;7.0664062;7.0664062
12.44;0;195;0;61;26.095820591233434;7.0664062;7.0664062
12.45;0;195;0;61;26.095820591233434;7.0664062;7.0664062
12.46;0;195;0;61;26.095820591233434;7.0664062;7.0664062
12.47;0;196;0;61;26.19775739041794;7.0914397;7.0914397
12.48;0;196;0;60;26.095820591233434;7.171875;7.171875
12.49;0;196;0;60;26.095820591233434;7.171875;7.171875
12.5;0;196;0;60;26.095820591233434;7.171875;7.171875
12.51;0;196;0;60;26.095820591233434;7.171875;7.171875
12.52;0;196;0;59;25.99388379204893;7.252941;7.252941
12.53;0;197;0;59;26.095820591233434;7.2773438;7.2773438
12.54;0;197;0;59;26.095820591233434;7.2773438;7.2773438
12.55;0;198;0;58;26.095820591233434;7.3828125;7.3828125
12.56;0;198;0;58;26.095820591233434;7.3828125;7.3828125
12.57;0;199;0;58;26.19775739041794;7.406615;7.406615
12.58;0;200;0;57;26.19775739041794;7.511673;7.511673
12.59;0;200;0;57;26.19775739041794;7.511673;7.511673
12.6;0;200;0;57;26.19775739041794;7.511673;7.511673
12.61;0;201;0;56;26.19775739041794;7.6167316;7.6167316
12.62;0;201;0;56;26.19775739041794;7.6167316;7.6167316
12.63;0;201;0;56;26.19775739041794;7.6167316;7.6167316
12.64;0;201;0;55;26.095820591233434;7.6992188;7.6992188
12.65;0;202;0;55;26.19775739041794;7.72179;7.72179
12.66;0;202;0;55;26.19775739041794;7.72179;7.72179
12.67;0;202;0;55;26.19775739041794;7.72179;7.72179
12.68;0;203;0;55;26.299694189602445;7.744186;7.744186
12.69;0;203;0;55;26.299694189602445;7.744186;7.744186
12.7;0;203;0;54;26.19775739041794;7.826848;7.826848
12.71;0;203;0;54;26.19775739041794;7.826848;7.826848
12.72;0;203;0;54;26.19775739041794;7.826848;7.826848
12.73;0;204;0;55;26.401630988786952;7.7664094;7.7664094
12.74;0;204;0;54;26.299694189602445;7.8488374;7.8488374
12.75;0;204;0;54;26.299694189602445;7.8488374;7.8488374
12.76;0;204;0;54;26.299694189602445;7.8488374;7.8488374
12.77;0;204;0;54;26.299694189602445;7.8488374;7.8488374
12.78;0;204;0;54;26.299694189602445;7.8488374;7.8488374
12.79;0;205;0;54;26.401630988786952;7.8706565;7.8706565
12.8;0;205;0;54;26.401630988786952;7.8706565;7.8706565
12.81;0;205;0;54;26.401630988786952;7.8706565;7.8706565
12.82;0;205;0;54;26.401630988786952;7.8706565;7.8706565
12.83;0;205;0;54;26.401630988786952;7.8706565;7.8706565
12.84;0;206;0;54;26.503567787971456;7.8923078;7.8923078
12.85;0;206;0;54;26.503567787971456;7.8923078;7.8923078
12.86;0;206;0;54;26.503567787971456;7.8923078;7.8923078
12.87;0;206;0;54;26.503567787971456;7.8923078;7.8923078
12.88;0;206;0;53;26.401630988786952;7.9749036;7.9749036
12.89;0;207;0;53;26.503567787971456;7.996154;7.996154
12.9;0;207;0;53;26.503567787971456;7.996154;7.996154
12.91;0;207;0;53;26.503567787971456;7.996154;7.996154
12.92;0;207;0;53;26.503567787971456;7.996154;7.996154
12.93;0;207;0;53;26.503567787971456;7.996154;7.996154
12.94;0;207;0;53;26.503567787971456;7.996154;7.996154
12.95;0;208;0;53;26.605504587155963;8.0172415;8.0172415
12.96;0;208;0;53;26.605504587155963;8.0172415;8.0172415
12.97;0;208;0;53;26.605504587155963;8.0172415;8.0172415
12.98;0;208;0;53;26.605504587155963;8.0172415;8.0172415
12.99;0;208;0;53;26.605504587155963;8.0172415;8.0172415
13.0;0;208;0;53;26.605504587155963;8.0172415;8.0172415
13.01;0;208;0;53;26.605504587155963;8.0172415;8.0172415
13.02;0;208;0;53;26.605504587155963;8.0172415;8.0172415
13.03;0;208;0;53;26.605504587155963;8.0172415;8.0172415
13.04;0;208;0;53;26.605504587155963;8.0172415;8.0172415
13.05;0;208;0;53;26.605504587155963;8.0172415;8.0172415
13.06;0;208;0;53;26.605504587155963;8.0172415;8.0172415
13.07;0;208;0;53;26.605504587155963;8.0172415;8.0172415
13.08;0;208;0;54;26.707441386340466;7.9351144;7.9351144
13.09;0;208;0;54;26.707441386340466;7.9351144;7.9351144
13.1;0;208;0;54;26.707441386340466;7.9351144;7.9351144
13.11;0;208;0;54;26.707441386340466;7.9351144;7.9351144
13.12;0;209;0;54;26.809378185524974;7.9562736;7.9562736
13.13;0;209;0;53;26.707441386340466;8.038168;8.038168
13.14;0;209;0;53;26.707441386340466;8.038168;8.038168
13.15;0;209;0;53;26.707441386340466;8.038168;8.038168
13.16;0;209;0;53;26.707441386340466;8.038168;8.038168
13.17;0;208;0;53;26.605504587155963;8.0172415;8.0172415
13.18;0;208;0;53;26.605504587155963;8.0172415;8.0172415
13.19;0;208;0;53;26.605504587155963;8.0172415;8.0172415
13.2;0;208;0;53;26.605504587155963;8.0172415;8.0172415
13.21;0;208;0;53;26.605504587155963;8.0172415;8.0172415
13.22;0;208;0;53;26.605504587155963;8.0172415;8.0172415
13.23;0;208;0;53;26.605504587155963;8.0172415;8.0172415
13.24;0;208;0;53;26.605504587155963;8.0172415;8.0172415
13.25;0;208;0;53;26.605504587155963;8.0172415;8.0172415
13.26;0;208;0;53;26.605504587155963;8.0172415;8.0172415
13.27;0;208;0;53;26.605504587155963;8.0172415;8.0172415
13.28;0;207;0;53;26.503567787971456;7.996154;7.996154
13.29;0;207;0;53;26.503567787971456;7.996154;7.996154
13.3;0;207;0;53;26.503567787971456;7.996154;7.996154
13.31;0;207;0;53;26.503567787971456;7.996154;7.996154
13.32;0;207;0;54;26.605504587155963;7.913793;7.913793
13.33;0;207;0;54;26.605504587155963;7.913793;7.913793
13.34;0;207;0;54;26.605504587155963;7.913793;7.913793
13.35;0;207;0;54;26.605504587155963;7.913793;7.913793
13.36;0;207;0;54;26.605504587155963;7.913793;7.913793
13.37;0;207;0;54;26.605504587155963;7.913793;7.913793
13.38;0;207;0;54;26.605504587155963;7.913793;7.913793
13.39;0;207;0;54;26.605504587155963;7.913793;7.913793
13.4;0;207;0;54;26.605504587155963;7.913793;7.913793
13.41;0;206;0;54;26.503567787971456;7.8923078;7.8923078
13.42;0;206;0;54;26.503567787971456;7.8923078;7.8923078
13.43;0;206;0;54;26.503567787971456;7.8923078;7.8923078
13.44;0;206;0;54;26.503567787971456;7.8923078;7.8923078
13.45;0;206;0;54;26.503567787971456;7.8923078;7.8923078
13.46;0;206;0;54;26.503567787971456;7.8923078;7.8923078
13.47;0;206;0;54;26.503567787971456;7.8923078;7.8923078
13.48;0;207;0;54;26.605504587155963;7.913793;7.913793
13.49;0;207;0;54;26.605504587155963;7.913793;7.913793
13.5;0;207;0;54;26.605504587155963;7.913793;7.913793
13.51;0;207;0;54;26.605504587155963;7.913793;7.913793
13.52;0;207;0;54;26.605504587155963;7.913793;7.913793
13.53;0;207;0;54;26.605504587155963;7.913793;7.913793
13.54;0;207;0;54;26.605504587155963;7.913793;7.913793
13.55;0;207;0;54;26.605504587155963;7.913793;7.913793
13.56;0;207;0;54;26.605504587155963;7.913793;7.913793
13.57;0;207;0;54;26.605504587155963;7.913793;7.913793
13.58;0;207;0;53;26.503567787971456;7.996154;7.996154
13.59;0;207;0;54;26.605504587155963;7.913793;7.913793
13.6;0;206;0;54;26.503567787971456;7.8923078;7.8923078
13.61;0;206;0;54;26.503567787971456;7.8923078;7.8923078
13.62;0;206;0;54;26.503567787971456;7.8923078;7.8923078
13.63;0;206;0;54;26.503567787971456;7.8923078;7.8923078
13.64;0;206;0;54;26.503567787971456;7.8923078;7.8923078
13.65;0;206;0;54;26.503567787971456;7.8923078;7.8923078
13.66;0;206;0;54;26.503567787971456;7.8923078;7.8923078
13.67;0;206;0;54;26.503567787971456;7.8923078;7.8923078
13.68;0;206;0;54;26.503567787971456;7.8923078;7.8923078
13.69;0;206;0;54;26.503567787971456;7.8923078;7.8923078
13.7;0;207;0;54;26.605504587155963;7.913793;7.913793
13.71;0;207;0;54;26.605504587155963;7.913793;7.913793
13.72;0;207;0;54;26.605504587155963;7.913793;7.913793
13.73;0;208;0;54;26.707441386340466;7.9351144;7.9351144
13.74;0;208;0;54;26.707441386340466;7.9351144;7.9351144
13.75;0;209;0;54;26.809378185524974;7.9562736;7.9562736
13.76;0;209;0;53;26.707441386340466;8.038168;8.038168
13.77;0;210;0;53;26.809378185524974;8.058935;8.058935
13.78;0;210;0;52;26.707441386340466;8.141221;8.141221
13.79;0;211;0;52;26.809378185524974;8.161597;8.161597
13.8;0;211;0;52;26.809378185524974;8.161597;8.161597
13.81;0;212;0;51;26.809378185524974;8.264258;8.264258
13.82;0;212;0;51;26.809378185524974;8.264258;8.264258
13.83;0;213;0;51;26.911314984709477;8.284091;8.284091
13.84;0;214;0;50;26.911314984709477;8.386364;8.386364
13.85;0;214;0;50;26.911314984709477;8.386364;8.386364
13.86;0;215;0;50;27.013251783893985;8.405661;8.405661
13.87;0;215;0;49;26.911314984709477;8.488636;8.488636
13.88;0;216;0;49;27.013251783893985;8.507547;8.507547
13.89;0;216;0;49;27.013251783893985;8.507547;8.507547
13.9;0;216;0;49;27.013251783893985;8.507547;8.507547
13.91;0;216;0;49;27.013251783893985;8.507547;8.507547
13.92;0;216;0;49;27.013251783893985;8.507547;8.507547
13.93;0;216;0;49;27.013251783893985;8.507547;8.507547
13.94;0;216;0;49;27.013251783893985;8.507547;8.507547
13.95;0;216;0;49;27.013251783893985;8.507547;8.507547
13.96;0;217;0;49;27.11518858307849;8.526316;8.526316
13.97;0;217;0;49;27.11518858307849;8.526316;8.526316
13.98;0;217;0;49;27.11518858307849;8.526316;8.526316
13.99;0;217;0;49;27.11518858307849;8.526316;8.526316
14.0;0;218;0;49;27.217125382262996;8.544944;8.544944
14.01;0;218;0;49;27.217125382262996;8.544944;8.544944
14.02;0;218;0;49;27.217125382262996;8.544944;8.544944
14.03;0;218;0;49;27.217125382262996;8.544944;8.544944
14.04;0;218;0;49;27.217125382262996;8.544944;8.544944
14.05;0;218;0;49;27.217125382262996;8.544944;8.544944
14.06;0;218;0;49;27.217125382262996;8.544944;8.544944
14.07;0;218;0;49;27.217125382262996;8.544944;8.544944
14.08;0;217;0;49;27.11518858307849;8.526316;8.526316
14.09;0;217;0;50;27.217125382262996;8.44382;8.44382
14.1;0;217;0;50;27.217125382262996;8.44382;8.44382
14.11;0;217;0;50;27.217125382262996;8.44382;8.44382
14.12;0;216;0;50;27.11518858307849;8.424812;8.424812
14.13;0;216;0;50;27.11518858307849;8.424812;8.424812
14.14;0;215;0;50;27.013251783893985;8.405661;8.405661
14.15;0;215;0;51;27.11518858307849;8.323308;8.323308
14.16;0;215;0;51;27.11518858307849;8.323308;8.323308
14.17;0;214;0;51;27.013251783893985;8.303774;8.303774
14.18;0;214;0;51;27.013251783893985;8.303774;8.303774
14.19;0;214;0;52;27.11518858307849;8.221805;8.221805
14.2;0;213;0;52;27.013251783893985;8.201887;8.201887
14.21;0;213;0;52;27.013251783893985;8.201887;8.201887
14.22;0;213;0;52;27.013251783893985;8.201887;8.201887
14.23;0;213;0;52;27.013251783893985;8.201887;8.201887
14.24;0;212;0;53;27.013251783893985;8.1;8.1
14.25;0;212;0;53;27.013251783893985;8.1;8.1
14.26;0;212;0;53;27.013251783893985;8.1;8.1
14.27;0;212;0;53;27.013251783893985;8.1;8.1
14.28;0;212;0;53;27.013251783893985;8.1;8.1
14.29;0;211;0;53;26.911314984709477;8.079545;8.079545
14.3;0;211;0;53;26.911314984709477;8.079545;8.079545
14.31;0;211;0;53;26.911314984709477;8.079545;8.079545
14.32;0;211;0;53;26.911314984709477;8.079545;8.079545
14.33;0;211;0;53;26.911314984709477;8.079545;8.079545
14.34;0;211;0;53;26.911314984709477;8.079545;8.079545
14.35;0;210;0;53;26.809378185524974;8.058935;8.058935
14.36;0;210;0;54;26.911314984709477;7.9772725;7.9772725
14.37;0;210;0;54;26.911314984709477;7.9772725;7.9772725
14.38;0;209;0;54;26.809378185524974;7.9562736;7.9562736
14.39;0;209;0;54;26.809378185524974;7.9562736;7.9562736
14.4;0;208;0;54;26.707441386340466;7.9351144;7.9351144
14.41;0;208;0;54;26.707441386340466;7.9351144;7.9351144
14.42;0;207;0;55;26.707441386340466;7.8320613;7.8320613
14.43;0;207;0;55;26.707441386340466;7.8320613;7.8320613
14.44;0;207;0;55;26.707441386340466;7.8320613;7.8320613
14.45;0;206;0;55;26.605504587155963;7.8103447;7.8103447
14.46;0;206;0;56;26.707441386340466;7.7290077;7.7290077
14.47;0;206;0;56;26.707441386340466;7.7290077;7.7290077
14.48;0;206;0;56;26.707441386340466;7.7290077;7.7290077
14.49;0;205;0;56;26.605504587155963;7.706897;7.706897
14.5;0;205;0;57;26.707441386340466;7.625954;7.625954
14.51;0;205;0;57;26.707441386340466;7.625954;7.625954
14.52;0;205;0;57;26.707441386340466;7.625954;7.625954
14.53;0;205;0;57;26.707441386340466;7.625954;7.625954
14.54;0;205;0;57;26.707441386340466;7.625954;7.625954
14.55;0;204;0;58;26.707441386340466;7.5229006;7.5229006
14.56;0;204;0;58;26.707441386340466;7.5229006;7.5229006
14.57;0;204;0;58;26.707441386340466;7.5229006;7.5229006
14.58;0;204;0;58;26.707441386340466;7.5229006;7.5229006
14.59;0;204;0;58;26.707441386340466;7.5229006;7.5229006
14.6;0;203;0;58;26.605504587155963;7.5;7.5
14.61;0;203;0;58;26.605504587155963;7.5;7.5
14.62;0;203;0;58;26.605504587155963;7.5;7.5
14.63;0;203;0;58;26.605504587155963;7.5;7.5
14.64;0;203;0;58;26.605504587155963;7.5;7.5
14.65;0;202;0;59;26.605504587155963;7.3965516;7.3965516
14.66;0;202;0;59;26.605504587155963;7.3965516;7.3965516
14.67;0;202;0;59;26.605504587155963;7.3965516;7.3965516
14.68;0;202;0;59;26.605504587155963;7.3965516;7.3965516
14.69;0;202;0;59;26.605504587155963;7.3965516;7.3965516
14.7;0;202;0;59;26.605504587155963;7.3965516;7.3965516
14.71;0;201;0;59;26.503567787971456;7.373077;7.373077
14.72;0;201;0;59;26.503567787971456;7.373077;7.373077
14.73;0;201;0;60;26.605504587155963;7.293103;7.293103
14.74;0;201;0;60;26.605504587155963;7.293103;7.293103
14.75;0;201;0;60;26.605504587155963;7.293103;7.293103
14.76;0;201;0;60;26.605504587155963;7.293103;7.293103
14.77;0;201;0;60;26.605504587155963;7.293103;7.293103
14.78;0;200;0;60;26.503567787971456;7.269231;7.269231
14.79;0;200;0;60;26.503567787971456;7.269231;7.269231
14.8;0;200;0;60;26.503567787971456;7.269231;7.269231
14.81;0;200;0;60;26.503567787971456;7.269231;7.269231
14.82;0;199;0;60;26.401630988786952;7.245174;7.245174
14.83;0;199;0;61;26.503567787971456;7.165385;7.165385
14.84;0;198;0;61;26.401630988786952;7.140927;7.140927
14.85;0;198;0;61;26.401630988786952;7.140927;7.140927
14.86;0;198;0;62;26.503567787971456;7.0615387;7.0615387
14.87;0;198;0;62;26.503567787971456;7.0615387;7.0615387
14.88;0;198;0;62;26.503567787971456;7.0615387;7.0615387
14.89;0;198;0;63;26.605504587155963;6.9827585;6.9827585
14.9;0;198;0;63;26.605504587155963;6.9827585;6.9827585
14.91;0;197;0;63;26.503567787971456;6.957692;6.957692
14.92;0;197;0;63;26.503567787971456;6.957692;6.957692
14.93;0;197;0;63;26.503567787971456;6.957692;6.957692
14.94;0;197;0;63;26.503567787971456;6.957692;6.957692
14.95;0;197;0;64;26.605504587155963;6.87931;6.87931
14.96;0;197;0;64;26.605504587155963;6.87931;6.87931
14.97;0;197;0;64;26.605504587155963;6.87931;6.87931
14.98;0;196;0;64;26.503567787971456;6.853846;6.853846
14.99;0;196;0;64;26.503567787971456;6.853846;6.853846
15.0;0;196;0;64;26.503567787971456;6.853846;6.853846
15.01;0;195;0;64;26.401630988786952;6.8281856;6.8281856
15.02;0;195;0;64;26.401630988786952;6.8281856;6.8281856
15.03;0;195;0;64;26.401630988786952;6.8281856;6.8281856
15.04;0;195;0;64;26.401630988786952;6.8281856;6.8281856
15.05;0;195;0;64;26.401630988786952;6.8281856;6.8281856
15.06;0;195;0;64;26.401630988786952;6.8281856;6.8281856
15.07;0;195;0;64;26.401630988786952;6.8281856;6.8281856
15.08;0;195;0;64;26.401630988786952;6.8281856;6.8281856
15.09;0;195;0;64;26.401630988786952;6.8281856;6.8281856
15.1;0;195;0;64;26.401630988786952;6.8281856;6.8281856
15.11;0;195;0;64;26.401630988786952;6.8281856;6.8281856
15.12;0;195;0;64;26.401630988786952;6.8281856;6.8281856
15.13;0;195;0;64;26.401630988786952;6.8281856;6.8281856
15.14;0;195;0;64;26.401630988786952;6.8281856;6.8281856
15.15;0;195;0;64;26.401630988786952;6.8281856;6.8281856
15.16;0;195;0;64;26.401630988786952;6.8281856;6.8281856
15.17;0;195;0;64;26.401630988786952;6.8281856;6.8281856
15.18;0;196;0;64;26.503567787971456;6.853846;6.853846
15.19;0;196;0;64;26.503567787971456;6.853846;6.853846
15.2;0;196;0;64;26.503567787971456;6.853846;6.853846
15.21;0;196;0;64;26.503567787971456;6.853846;6.853846
15.22;0;196;0;64;26.503567787971456;6.853846;6.853846
15.23;0;197;0;64;26.605504587155963;6.87931;6.87931
15.24;0;197;0;64;26.605504587155963;6.87931;6.87931
15.25;0;197;0;63;26.503567787971456;6.957692;6.957692
15.26;0;197;0;63;26.503567787971456;6.957692;6.957692
15.27;0;197;0;63;26.503567787971456;6.957692;6.957692
15.28;0;197;0;63;26.503567787971456;6.957692;6.957692
15.29;0;198;0;63;26.605504587155963;6.9827585;6.9827585
15.3;0;198;0;63;26.605504587155963;6.9827585;6.9827585
15.31;0;198;0;63;26.605504587155963;6.9827585;6.9827585
15.32;0;198;0;63;26.605504587155963;6.9827585;6.9827585
15.33;0;198;0;63;26.605504587155963;6.9827585;6.9827585
15.34;0;198;0;63;26.605504587155963;6.9827585;6.9827585
15.35;0;198;0;63;26.605504587155963;6.9827585;6.9827585
15.36;0;199;0;63;26.707441386340466;7.0076337;7.0076337
15.37;0;199;0;63;26.707441386340466;7.0076337;7.0076337
15.38;0;199;0;63;26.707441386340466;7.0076337;7.0076337
15.39;0;199;0;63;26.707441386340466;7.0076337;7.0076337
15.4;0;199;0;63;26.707441386340466;7.0076337;7.0076337
15.41;0;199;0;63;26.707441386340466;7.0076337;7.0076337
15.42;0;199;0;62;26.605504587155963;7.086207;7.086207
15.43;0;199;0;62;26.605504587155963;7.086207;7.086207
15.44;0;202;0;59;26.605504587155963;7.3965516;7.3965516
15.45;0;202;0;59;26.605504587155963;7.3965516;7.3965516
15.46;0;202;0;59;26.605504587155963;7.3965516;7.3965516
15.47;0;202;0;59;26.605504587155963;7.3965516;7.3965516
15.48;0;202;0;59;26.605504587155963;7.3965516;7.3965516
15.49;0;202;0;59;26.605504587155963;7.3965516;7.3965516
15.5;0;202;0;59;26.605504587155963;7.3965516;7.3965516
15.51;0;202;0;59;26.605504587155963;7.3965516;7.3965516
15.52;0;202;0;59;26.605504587155963;7.3965516;7.3965516
15.53;0;202;0;59;26.605504587155963;7.3965516;7.3965516
15.54;0;202;0;59;26.605504587155963;7.3965516;7.3965516
15.55;0;202;0;59;26.605504587155963;7.3965516;7.3965516
15.56;0;202;0;59;26.605504587155963;7.3965516;7.3965516
15.57;0;202;0;59;26.605504587155963;7.3965516;7.3965516
15.58;0;202;0;60;26.707441386340466;7.316794;7.316794
15.59;0;202;0;60;26.707441386340466;7.316794;7.316794
15.6;0;202;0;60;26.707441386340466;7.316794;7.316794
15.61;0;202;0;60;26.707441386340466;7.316794;7.316794
15.62;0;202;0;60;26.707441386340466;7.316794;7.316794
15.63;0;202;0;60;26.707441386340466;7.316794;7.316794
15.64;0;202;0;60;26.707441386340466;7.316794;7.316794
15.65;0;202;0;60;26.707441386340466;7.316794;7.316794
15.66;0;202;0;60;26.707441386340466;7.316794;7.316794
15.67;0;202;0;60;26.707441386340466;7.316794;7.316794
15.68;0;202;0;60;26.707441386340466;7.316794;7.316794
15.69;0;202;0;60;26.707441386340466;7.316794;7.316794
15.7;0;202;0;60;26.707441386340466;7.316794;7.316794
15.71;0;202;0;60;26.707441386340466;7.316794;7.316794
15.72;0;202;0;59;26.605504587155963;7.3965516;7.3965516
15.73;0;202;0;59;26.605504587155963;7.3965516;7.3965516
15.74;0;202;0;59;26.605504587155963;7.3965516;7.3965516
15.75;0;203;0;59;26.707441386340466;7.4198475;7.4198475
15.76;0;202;0;59;26.605504587155963;7.3965516;7.3965516
15.77;0;202;0;59;26.605504587155963;7.3965516;7.3965516
15.78;0;202;0;60;26.707441386340466;7.316794;7.316794
15.79;0;202;0;60;26.707441386340466;7.316794;7.316794
15.8;0;202;0;60;26.707441386340466;7.316794;7.316794
15.81;0;202;0;60;26.707441386340466;7.316794;7.316794
15.82;0;202;0;60;26.707441386340466;7.316794;7.316794
15.83;0;202;0;60;26.707441386340466;7.316794;7.316794
15.84;0;202;0;60;26.707441386340466;7.316794;7.316794
15.85;0;202;0;60;26.707441386340466;7.316794;7.316794
15.86;0;202;0;60;26.707441386340466;7.316794;7.316794
15.87;0;202;0;60;26.707441386340466;7.316794;7.316794
15.88;0;202;0;60;26.707441386340466;7.316794;7.316794
15.89;0;202;0;60;26.707441386340466;7.316794;7.316794
15.9;0;202;0;60;26.707441386340466;7.316794;7.316794
15.91;0;202;0;60;26.707441386340466;7.316794;7.316794
15.92;0;202;0;60;26.707441386340466;7.316794;7.316794
15.93;0;202;0;60;26.707441386340466;7.316794;7.316794
15.94;0;202;0;60;26.707441386340466;7.316794;7.316794
15.95;0;202;0;60;26.707441386340466;7.316794;7.316794
15.96;0;202;0;60;26.707441386340466;7.316794;7.316794
15.97;0;202;0;60;26.707441386340466;7.316794;7.316794
15.98;0;202;0;59;26.605504587155963;7.3965516;7.3965516
15.99;0;202;0;59;26.605504587155963;7.3965516;7.3965516
16.0;0;202;0;59;26.605504587155963;7.3965516;7.3965516
16.01;0;202;0;59;26.605504587155963;7.3965516;7.3965516
16.02;0;202;0;59;26.605504587155963;7.3965516;7.3965516
16.03;0;202;0;59;26.605504587155963;7.3965516;7.3965516
16.04;0;202;0;59;26.605504587155963;7.3965516;7.3965516
16.05;0;202;0;59;26.605504587155963;7.3965516;7.3965516
16.06;0;202;0;59;26.605504587155963;7.3965516;7.3965516
16.07;0;202;0;59;26.605504587155963;7.3965516;7.3965516
16.08;0;203;0;59;26.707441386340466;7.4198475;7.4198475
16.09;0;203;0;59;26.707441386340466;7.4198475;7.4198475
16.1;0;203;0;59;26.707441386340466;7.4198475;7.4198475
16.11;0;203;0;59;26.707441386340466;7.4198475;7.4198475
16.12;0;203;0;59;26.707441386340466;7.4198475;7.4198475
16.13;0;204;0;59;26.809378185524974;7.442966;7.442966
16.14;0;204;0;58;26.707441386340466;7.5229006;7.5229006
16.15;0;204;0;58;26.707441386340466;7.5229006;7.5229006
16.16;0;204;0;58;26.707441386340466;7.5229006;7.5229006
16.17;0;204;0;58;26.707441386340466;7.5229006;7.5229006
16.18;0;204;0;58;26.707441386340466;7.5229006;7.5229006
16.19;0;204;0;58;26.707441386340466;7.5229006;7.5229006
16.2;0;205;0;58;26.809378185524974;7.5456276;7.5456276
16.21;0;205;0;58;26.809378185524974;7.5456276;7.5456276
16.22;0;205;0;57;26.707441386340466;7.625954;7.625954
16.23;0;205;0;57;26.707441386340466;7.625954;7.625954
16.24;0;205;0;57;26.707441386340466;7.625954;7.625954
16.25;0;205;0;57;26.707441386340466;7.625954;7.625954
16.26;0;205;0;57;26.707441386340466;7.625954;7.625954
16.27;0;205;0;57;26.707441386340466;7.625954;7.625954
16.28;0;205;0;57;26.707441386340466;7.625954;7.625954
16.29;0;205;0;57;26.707441386340466;7.625954;7.625954
16.3;0;205;0;57;26.707441386340466;7.625954;7.625954
16.31;0;205;0;57;26.707441386340466;7.625954;7.625954
16.32;0;205;0;57;26.707441386340466;7.625954;7.625954
16.33;0;206;0;57;26.809378185524974;7.648289;7.648289
16.34;0;206;0;57;26.809378185524974;7.648289;7.648289
16.35;0;206;0;57;26.809378185524974;7.648289;7.648289
16.36;0;206;0;57;26.809378185524974;7.648289;7.648289
16.37;0;206;0;57;26.809378185524974;7.648289;7.648289
16.38;0;206;0;57;26.809378185524974;7.648289;7.648289
16.39;0;206;0;57;26.809378185524974;7.648289;7.648289
16.4;0;206;0;57;26.809378185524974;7.648289;7.648289
16.41;0;206;0;56;26.707441386340466;7.7290077;7.7290077
16.42;0;206;0;56;26.707441386340466;7.7290077;7.7290077
16.43;0;206;0;56;26.707441386340466;7.7290077;7.7290077
16.44;0;206;0;56;26.707441386340466;7.7290077;7.7290077
16.45;0;206;0;56;26.707441386340466;7.7290077;7.7290077
16.46;0;206;0;56;26.707441386340466;7.7290077;7.7290077
16.47;0;206;0;56;26.707441386340466;7.7290077;7.7290077
16.48;0;206;0;56;26.707441386340466;7.7290077;7.7290077
16.49;0;206;0;56;26.707441386340466;7.7290077;7.7290077
16.5;0;206;0;57;26.809378185524974;7.648289;7.648289
16.51;0;206;0;57;26.809378185524974;7.648289;7.648289
16.52;0;206;0;57;26.809378185524974;7.648289;7.648289
16.53;0;206;0;57;26.809378185524974;7.648289;7.648289
16.54;0;206;0;57;26.809378185524974;7.648289;7.648289
16.55;0;206;0;57;26.809378185524974;7.648289;7.648289
16.56;0;206;0;57;26.809378185524974;7.648289;7.648289
16.57;0;206;0;57;26.809378185524974;7.648289;7.648289
16.58;0;206;0;57;26.809378185524974;7.648289;7.648289
16.59;0;206;0;56;26.707441386340466;7.7290077;7.7290077
16.6;0;206;0;56;26.707441386340466;7.7290077;7.7290077
16.61;0;206;0;56;26.707441386340466;7.7290077;7.7290077
16.62;0;205;0;56;26.605504587155963;7.706897;7.706897
16.63;0;205;0;56;26.605504587155963;7.706897;7.706897
16.64;0;205;0;56;26.605504587155963;7.706897;7.706897
16.65;0;205;0;56;26.605504587155963;7.706897;7.706897
16.66;0;205;0;56;26.605504587155963;7.706897;7.706897
16.67;0;205;0;56;26.605504587155963;7.706897;7.706897
16.68;0;205;0;56;26.605504587155963;7.706897;7.706897
16.69;0;205;0;55;26.503567787971456;7.7884617;7.7884617
16.7;0;205;0;55;26.503567787971456;7.7884617;7.7884617
16.71;0;205;0;55;26.503567787971456;7.7884617;7.7884617
16.72;0;204;0;54;26.299694189602445;7.8488374;7.8488374
16.73;0;204;0;54;26.299694189602445;7.8488374;7.8488374
16.74;0;204;0;54;26.299694189602445;7.8488374;7.8488374
16.75;0;204;0;53;26.19775739041794;7.9319067;7.9319067
16.76;0;203;0;53;26.095820591233434;7.9101562;7.9101562
16.77;0;203;0;53;26.095820591233434;7.9101562;7.9101562
16.78;0;203;0;53;26.095820591233434;7.9101562;7.9101562
16.79;0;203;0;53;26.095820591233434;7.9101562;7.9101562
16.8;0;203;0;53;26.095820591233434;7.9101562;7.9101562
16.81;0;203;0;54;26.19775739041794;7.826848;7.826848
16.82;0;203;0;54;26.19775739041794;7.826848;7.826848
16.83;0;203;0;54;26.19775739041794;7.826848;7.826848
16.84;0;203;0;55;26.299694189602445;7.744186;7.744186
16.85;0;203;0;55;26.299694189602445;7.744186;7.744186
16.86;0;203;0;56;26.401630988786952;7.6621623;7.6621623
16.87;0;203;0;56;26.401630988786952;7.6621623;7.6621623
16.88;0;203;0;56;26.401630988786952;7.6621623;7.6621623
16.89;0;203;0;56;26.401630988786952;7.6621623;7.6621623
16.9;0;203;0;56;26.401630988786952;7.6621623;7.6621623
16.91;0;203;0;56;26.401630988786952;7.6621623;7.6621623
16.92;0;203;0;55;26.299694189602445;7.744186;7.744186
16.93;0;203;0;55;26.299694189602445;7.744186;7.744186
16.94;0;202;0;54;26.095820591233434;7.8046875;7.8046875
16.95;0;202;0;54;26.095820591233434;7.8046875;7.8046875
16.96;0;201;0;53;25.891946992864423;7.866142;7.866142
16.97;0;201;0;53;25.891946992864423;7.866142;7.866142
16.98;0;201;0;52;25.79001019367992;7.950593;7.950593
16.99;0;201;0;51;25.68807339449541;8.035714;8.035714
17.0;0;200;0;51;25.586136595310904;8.013945;8.013945
17.01;0;200;0;50;25.4841997961264;8.1;8.1
17.02;0;201;0;50;25.586136595310904;8.121514;8.121514
17.03;0;201;0;49;25.4841997961264;8.208;8.208
17.04;0;201;0;49;25.4841997961264;8.208;8.208
17.05;0;201;0;48;25.382262996941893;8.29518;8.29518
17.06;0;201;0;48;25.382262996941893;8.29518;8.29518
17.07;0;201;0;47;25.28032619775739;8.383064;8.383064
17.08;0;201;0;47;25.28032619775739;8.383064;8.383064
17.09;0;201;0;47;25.28032619775739;8.383064;8.383064
17.1;0;201;0;46;25.178389398572882;8.47166;8.47166
17.11;0;201;0;46;25.178389398572882;8.47166;8.47166
17.12;0;201;0;46;25.178389398572882;8.47166;8.47166
17.13;0;201;0;45;25.07645259938838;8.560976;8.560976
17.14;0;201;0;45;25.07645259938838;8.560976;8.560976
17.15;0;201;0;45;25.07645259938838;8.560976;8.560976
17.16;0;201;0;44;24.97451580020387;8.65102;8.65102
17.17;0;201;0;44;24.97451580020387;8.65102;8.65102
17.18;0;201;0;43;24.872579001019368;8.741803;8.741803
17.19;0;201;0;43;24.872579001019368;8.741803;8.741803
17.2;0;201;0;43;24.872579001019368;8.741803;8.741803
17.21;0;202;0;42;24.872579001019368;8.852459;8.852459
17.22;0;202;0;42;24.872579001019368;8.852459;8.852459
17.23;0;202;0;41;24.77064220183486;8.944445;8.944445
17.24;0;202;0;41;24.77064220183486;8.944445;8.944445
17.25;0;202;0;41;24.77064220183486;8.944445;8.944445
17.26;0;203;0;40;24.77064220183486;9.055555;9.055555
17.27;0;203;0;40;24.77064220183486;9.055555;9.055555
17.28;0;204;0;40;24.872579001019368;9.0737705;9.0737705
17.29;0;204;0;40;24.872579001019368;9.0737705;9.0737705
17.3;0;205;0;40;24.97451580020387;9.091837;9.091837
17.31;0;206;0;40;25.07645259938838;9.109756;9.109756
17.32;0;206;0;40;25.07645259938838;9.109756;9.109756
17.33;0;206;0;40;25.07645259938838;9.109756;9.109756
17.34;0;206;0;40;25.07645259938838;9.109756;9.109756
17.35;0;205;0;40;24.97451580020387;9.091837;9.091837
17.36;0;205;0;40;24.97451580020387;9.091837;9.091837
17.37;0;204;0;40;24.872579001019368;9.0737705;9.0737705
17.38;0;204;0;39;24.77064220183486;9.166667;9.166667
17.39;0;204;0;39;24.77064220183486;9.166667;9.166667
17.4;0;204;0;39;24.77064220183486;9.166667;9.166667
17.41;0;204;0;39;24.77064220183486;9.166667;9.166667
17.42;0;204;0;39;24.77064220183486;9.166667;9.166667
17.43;0;205;0;38;24.77064220183486;9.277778;9.277778
17.44;0;205;0;38;24.77064220183486;9.277778;9.277778
17.45;0;206;0;38;24.872579001019368;9.295082;9.295082
17.46;0;208;0;38;25.07645259938838;9.329268;9.329268
17.47;0;209;0;38;25.178389398572882;9.346154;9.346154
17.48;0;211;0;39;25.4841997961264;9.288;9.288
17.49;0;213;0;39;25.68807339449541;9.321428;9.321428
17.5;0;214;0;39;25.79001019367992;9.337945;9.337945
17.51;0;215;0;39;25.891946992864423;9.354331;9.354331
17.52;0;214;0;39;25.79001019367992;9.337945;9.337945
17.53;0;212;0;39;25.586136595310904;9.304781;9.304781
17.54;0;210;0;38;25.28032619775739;9.362904;9.362904
17.55;0;207;0;37;24.872579001019368;9.405738;9.405738
17.56;0;204;0;36;24.464831804281346;9.45;9.45
17.57;0;201;0;35;24.05708460754332;9.495763;9.495763
17.58;0;199;0;34;23.751274209989806;9.560086;9.560086
17.59;0;198;0;34;23.6493374108053;9.543103;9.543103
17.6;0;198;0;36;23.85321100917431;9.346154;9.346154
17.61;0;197;0;37;23.85321100917431;9.230769;9.230769
17.62;0;196;0;38;23.85321100917431;9.115385;9.115385
17.63;0;194;0;38;23.6493374108053;9.077586;9.077586
17.64;0;192;0;39;23.547400611620795;8.941559;8.941559
17.65;0;190;0;39;23.343527013251784;8.901747;8.901747
17.66;0;189;0;39;23.241590214067276;8.881579;8.881579
17.67;0;187;0;39;23.037716615698265;8.840708;8.840708
17.68;0;186;0;39;22.93577981651376;8.82;8.82
17.69;0;184;0;39;22.73190621814475;8.778027;8.778027
17.7;0;182;0;39;22.52803261977574;8.735294;8.735294
17.71;0;181;0;39;22.426095820591232;8.713636;8.713636
17.72;0;179;0;40;22.324159021406725;8.568493;8.568493
17.73;0;177;0;40;22.120285423037714;8.523042;8.523042
17.74;0;175;0;40;21.916411824668703;8.476745;8.476745
17.75;0;174;0;40;21.8144750254842;8.453271;8.453271
17.76;0;173;0;41;21.8144750254842;8.327103;8.327103
17.77;0;172;0;41;21.712538226299692;8.302817;8.302817
17.78;0;171;0;41;21.61060142711519;8.278302;8.278302
17.79;0;170;0;41;21.50866462793068;8.253554;8.253554
17.8;0;170;0;41;21.50866462793068;8.253554;8.253554
17.81;0;169;0;40;21.30479102956167;8.332536;8.332536
17.82;0;169;0;40;21.30479102956167;8.332536;8.332536
17.83;0;168;0;40;21.202854230377167;8.307693;8.307693
17.84;0;167;0;40;21.10091743119266;8.282609;8.282609
17.85;0;167;0;40;21.10091743119266;8.282609;8.282609
17.86;0;166;0;40;20.998980632008156;8.257281;8.257281
17.87;0;165;0;40;20.89704383282365;8.231708;8.231708
17.88;0;164;0;40;20.79510703363914;8.205882;8.205882
17.89;0;163;0;40;20.693170234454637;8.179803;8.179803
17.9;0;161;0;40;20.489296636085626;8.126865;8.126865
17.91;0;160;0;39;20.285423037716615;8.208543;8.208543
17.92;0;159;0;39;20.183486238532108;8.181818;8.181818
17.93;0;157;0;39;19.979612640163097;8.127551;8.127551
17.94;0;156;0;39;19.877675840978593;8.1;8.1
17.95;0;155;0;39;19.775739041794086;8.072165;8.072165
17.96;0;155;0;39;19.775739041794086;8.072165;8.072165
17.97;0;154;0;38;19.571865443425075;8.15625;8.15625
17.98;0;152;0;38;19.367991845056064;8.1;8.1
17.99;0;150;0;37;19.062181447502546;8.157754;8.157754
18.0;0;147;0;36;18.654434250764524;8.188524;8.188524
18.01;0;143;0;35;18.144750254842;8.191011;8.191011
18.02;0;138;0;34;17.533129459734962;8.16279;8.16279
18.03;0;132;0;32;16.717635066258918;8.231708;8.231708
18.04;0;124;0;30;15.698267074413863;8.24026;8.24026
18.05;0;115;0;27;14.475025484199795;8.366198;8.366198
18.06;0;105;0;25;13.251783893985728;8.307693;8.307693
18.07;0;94;0;22;11.82466870540265;8.379311;8.379311
18.08;0;84;0;19;10.499490316004078;8.519418;8.519418
18.09;0;74;0;17;9.27624872579001;8.456044;8.456044
18.1;0;65;0;15;8.154943934760448;8.4375;8.4375
18.11;0;56;0;14;7.135575942915392;8.1;8.1
18.12;0;48;0;13;6.218144750254842;7.7459016;7.7459016
18.13;0;40;0;12;5.300713557594292;7.269231;7.269231
18.14;0;33;0;11;4.485219164118247;6.75;6.75
18.15;0;27;0;10;3.771661569826707;6.2027025;6.2027025
18.16;0;22;0;9;3.1600407747196737;5.66129;5.66129
18.17;0;17;0;9;2.650356778797146;4.1538463;4.1538463
18.18;0;15;0;9;2.4464831804281344;3.375;3.375
18.19;0;13;0;8;2.1406727828746175;3.2142856;3.2142856
18.2;0;11;0;8;1.9367991845056065;2.131579;2.131579
18.21;0;8;0;7;1.529051987767584;0.9;0.9
18.22;0;6;0;6;1.2232415902140672;0.0;0.0
18.23;0;5;0;5;1.019367991845056;0.0;0.0
18.24;0;3;0;4;0.7135575942915392;-1.9285715;-1.9285715
18.25;0;2;0;2;0.4077471967380224;0.0;0.0
18.26;0;0;0;1;0.1019367991845056;-13.5;-13.5
18.27;0;0;0;1;0.1019367991845056;-13.5;-13.5
18.28;0;0;0;1;0.1019367991845056;-13.5;-13.5
18.29;0;0;0;1;0.1019367991845056;-13.5;-13.5
18.3;0;0;0;0;0.0;0.0;0.0
18.31;0;0;0;0;0.0;0.0;0.0
18.32;0;0;0;0;0.0;0.0;0.0
18.33;0;0;0;0;0.0;0.0;0.0
18.34;0;0;0;0;0.0;0.0;0.0
18.35;0;0;0;0;0.0;0.0;0.0
18.36;0;0;0;0;0.0;0.0;0.0
18.37;0;0;0;0;0.0;0.0;0.0
18.38;0;0;0;0;0.0;0.0;0.0
18.39;0;0;0;0;0.0;0.0;0.0
18.4;0;0;0;0;0.0;0.0;0.0
18.41;0;0;0;0;0.0;0.0;0.0
18.42;0;0;0;0;0.0;0.0;0.0
18.43;0;0;0;0;0.0;0.0;0.0
18.44;0;0;0;0;0.0;0.0;0.0
18.45;0;0;0;0;0.0;0.0;0.0
18.46;0;0;0;0;0.0;0.0;0.0
18.47;0;0;0;0;0.0;0.0;0.0
18.48;0;0;0;0;0.0;0.0;0.0
18.49;0;0;0;0;0.0;0.0;0.0
18.5;0;0;0;0;0.0;0.0;0.0
18.51;0;0;0;0;0.0;0.0;0.0
18.52;0;0;0;0;0.0;0.0;0.0
18.53;0;0;0;0;0.0;0.0;0.0
18.54;0;0;0;0;0.0;0.0;0.0
18.55;0;0;0;0;0.0;0.0;0.0
18.56;0;0;0;0;0.0;0.0;0.0
18.57;0;0;0;0;0.0;0.0;0.0
18.58;0;0;0;0;0.0;0.0;0.0
18.59;0;0;0;0;0.0;0.0;0.0
18.6;0;0;0;0;0.0;0.0;0.0
18.61;0;0;0;0;0.0;0.0;0.0
18.62;0;0;0;0;0.0;0.0;0.0
18.63;0;0;0;0;0.0;0.0;0.0
18.64;0;0;0;0;0.0;0.0;0.0
18.65;0;0;0;0;0.0;0.0;0.0
18.66;0;0;0;0;0.0;0.0;0.0
18.67;0;0;0;0;0.0;0.0;0.0
18.68;0;0;0;0;0.0;0.0;0.0
18.69;0;0;0;0;0.0;0.0;0.0
18.7;0;0;0;0;0.0;0.0;0.0
18.71;0;0;0;0;0.0;0.0;0.0
18.72;0;0;0;0;0.0;0.0;0.0
18.73;0;0;0;0;0.0;0.0;0.0
18.74;0;0;0;0;0.0;0.0;0.0
18.75;0;0;0;0;0.0;0.0;0.0
18.76;0;0;0;0;0.0;0.0;0.0
18.77;0;0;0;0;0.0;0.0;0.0
18.78;0;0;0;0;0.0;0.0;0.0
18.79;0;0;0;0;0.0;0.0;0.0
18.8;0;0;0;0;0.0;0.0;0.0
18.81;0;0;0;0;0.0;0.0;0.0
18.82;0;0;0;0;0.0;0.0;0.0
18.83;0;0;0;0;0.0;0.0;0.0
18.84;0;0;0;0;0.0;0.0;0.0
18.85;0;0;0;0;0.0;0.0;0.0
18.86;0;0;0;0;0.0;0.0;0.0
18.87;0;0;0;0;0.0;0.0;0.0
18.88;0;0;0;0;0.0;0.0;0.0
18.89;0;0;0;0;0.0;0.0;0.0
18.9;0;0;0;0;0.0;0.0;0.0
18.91;0;0;0;0;0.0;0.0;0.0
18.92;0;0;0;0;0.0;0.0;0.0
18.93;0;0;0;0;0.0;0.0;0.0
18.94;0;0;0;0;0.0;0.0;0.0
18.95;0;0;0;0;0.0;0.0;0.0
18.96;0;0;0;0;0.0;0.0;0.0
18.97;0;0;0;0;0.0;0.0;0.0
18.98;0;0;0;0;0.0;0.0;0.0
18.99;0;0;0;0;0.0;0.0;0.0
19.0;0;0;0;0;0.0;0.0;0.0
19.01;0;0;0;0;0.0;0.0;0.0
19.02;0;0;0;0;0.0;0.0;0.0
19.03;0;0;0;0;0.0;0.0;0.0
19.04;0;0;0;0;0.0;0.0;0.0
19.05;0;0;0;0;0.0;0.0;0.0
19.06;0;0;0;0;0.0;0.0;0.0
19.07;0;0;0;0;0.0;0.0;0.0
19.08;0;0;0;0;0.0;0.0;0.0
19.09;0;0;0;0;0.0;0.0;0.0
19.1;0;0;0;0;0.0;0.0;0.0
19.11;0;0;0;0;0.0;0.0;0.0
19.12;0;0;0;0;0.0;0.0;0.0
19.13;0;0;0;0;0.0;0.0;0.0
19.14;0;0;0;0;0.0;0.0;0.0
19.15;0;0;0;0;0.0;0.0;0.0
19.16;0;0;0;0;0.0;0.0;0.0
19.17;0;0;0;0;0.0;0.0;0.0
19.18;0;0;0;0;0.0;0.0;0.0
19.19;0;0;0;0;0.0;0.0;0.0
19.2;0;0;0;0;0.0;0.0;0.0
19.21;0;0;0;0;0.0;0.0;0.0
19.22;0;0;0;0;0.0;0.0;0.0
19.23;0;0;0;0;0.0;0.0;0.0
19.24;0;0;0;0;0.0;0.0;0.0
19.25;0;0;0;0;0.0;0.0;0.0
19.26;0;0;0;0;0.0;0.0;0.0
19.27;0;0;0;0;0.0;0.0;0.0
19.28;0;0;0;0;0.0;0.0;0.0
19.29;0;0;0;0;0.0;0.0;0.0
19.3;0;0;0;0;0.0;0.0;0.0
19.31;0;0;0;0;0.0;0.0;0.0
19.32;0;0;0;0;0.0;0.0;0.0
19.33;0;0;0;0;0.0;0.0;0.0
19.34;0;0;0;0;0.0;0.0;0.0
19.35;0;0;0;0;0.0;0.0;0.0
19.36;0;0;0;0;0.0;0.0;0.0
19.37;0;0;0;0;0.0;0.0;0.0
19.38;0;0;0;0;0.0;0.0;0.0
19.39;0;0;0;0;0.0;0.0;0.0
19.4;0;0;0;0;0.0;0.0;0.0
19.41;0;0;0;0;0.0;0.0;0.0
19.42;0;0;0;0;0.0;0.0;0.0
19.43;0;0;0;0;0.0;0.0;0.0
19.44;0;0;0;0;0.0;0.0;0.0
19.45;0;0;0;0;0.0;0.0;0.0
19.46;0;0;0;0;0.0;0.0;0.0
19.47;0;0;0;0;0.0;0.0;0.0
19.48;0;0;0;0;0.0;0.0;0.0
19.49;0;0;0;0;0.0;0.0;0.0
19.5;0;0;0;0;0.0;0.0;0.0
19.51;0;0;0;0;0.0;0.0;0.0
19.52;0;0;0;0;0.0;0.0;0.0
19.53;0;0;0;0;0.0;0.0;0.0
19.54;0;0;0;0;0.0;0.0;0.0
19.55;0;0;0;0;0.0;0.0;0.0
19.56;0;0;0;0;0.0;0.0;0.0
19.57;0;0;0;0;0.0;0.0;0.0
19.58;0;0;0;0;0.0;0.0;0.0
19.59;0;0;0;0;0.0;0.0;0.0
19.6;0;0;0;0;0.0;0.0;0.0
19.61;0;0;0;0;0.0;0.0;0.0
19.62;0;0;0;0;0.0;0.0;0.0
19.63;0;0;0;0;0.0;0.0;0.0
19.64;0;0;0;0;0.0;0.0;0.0
19.65;0;0;0;0;0.0;0.0;0.0
19.66;0;0;0;0;0.0;0.0;0.0
19.67;0;0;0;0;0.0;0.0;0.0
19.68;0;0;0;0;0.0;0.0;0.0
19.69;0;0;0;0;0.0;0.0;0.0
19.7;0;0;0;0;0.0;0.0;0.0
19.71;0;0;0;0;0.0;0.0;0.0
19.72;0;0;0;0;0.0;0.0;0.0
19.73;0;0;0;0;0.0;0.0;0.0
19.74;0;0;0;0;0.0;0.0;0.0
19.75;0;0;0;0;0.0;0.0;0.0
19.76;0;0;0;0;0.0;0.0;0.0
19.77;0;0;0;0;0.0;0.0;0.0
19.78;0;0;0;0;0.0;0.0;0.0
19.79;0;0;0;0;0.0;0.0;0.0
19.8;0;0;0;0;0.0;0.0;0.0
19.81;0;0;0;0;0.0;0.0;0.0
19.82;0;0;0;0;0.0;0.0;0.0
19.83;0;0;0;0;0.0;0.0;0.0
19.84;0;0;0;0;0.0;0.0;0.0
19.85;0;0;0;0;0.0;0.0;0.0
19.86;0;0;0;0;0.0;0.0;0.0
19.87;0;0;0;0;0.0;0.0;0.0
19.88;0;0;0;0;0.0;0.0;0.0
19.89;0;0;0;0;0.0;0.0;0.0
19.9;0;0;0;0;0.0;0.0;0.0
19.91;0;0;0;0;0.0;0.0;0.0
19.92;0;0;0;0;0.0;0.0;0.0
19.93;0;0;0;0;0.0;0.0;0.0
19.94;0;0;0;0;0.0;0.0;0.0
19.95;0;0;0;0;0.0;0.0;0.0
19.96;0;0;0;0;0.0;0.0;0.0
19.97;0;0;0;0;0.0;0.0;0.0
19.98;0;0;0;0;0.0;0.0;0.0
19.99;0;0;0;0;0.0;0.0;0.0
20.0;0;0;0;0;0.0;0.0;0.0
20.01;0;0;0;0;0.0;0.0;0.0
20.02;0;0;0;0;0.0;0.0;0.0
20.03;0;0;0;0;0.0;0.0;0.0
20.04;0;0;0;0;0.0;0.0;0.0
20.05;0;0;0;0;0.0;0.0;0.0
20.06;0;0;0;0;0.0;0.0;0.0
20.07;0;0;0;0;0.0;0.0;0.0
20.08;0;0;0;0;0.0;0.0;0.0
20.09;0;0;0;0;0.0;0.0;0.0
20.1;0;0;0;0;0.0;0.0;0.0
20.11;0;0;0;0;0.0;0.0;0.0
20.12;0;0;0;0;0.0;0.0;0.0
20.13;0;0;0;0;0.0;0.0;0.0
20.14;0;0;0;0;0.0;0.0;0.0
20.15;0;0;0;0;0.0;0.0;0.0
20.16;0;0;0;0;0.0;0.0;0.0
20.17;0;0;0;0;0.0;0.0;0.0
20.18;0;0;0;0;0.0;0.0;0.0
20.19;0;0;0;0;0.0;0.0;0.0
20.2;0;0;0;0;0.0;0.0;0.0
20.21;0;0;0;0;0.0;0.0;0.0
20.22;0;0;0;0;0.0;0.0;0.0
20.23;0;0;0;0;0.0;0.0;0.0
20.24;0;0;0;0;0.0;0.0;0.0
