 Height:  Visitor ;  Weight:  Visitor ;  Age:  -1 ;  Gender:  Visitor; name: milana; color: green; situation: closed eyes
0.01;0;0;0;0;0.0;0.0;0.0;76.4525993883792;13.040000000000001;16;4;4;4;4; 196.22833843017338; 0.8452182795733105; 1.233030869276032; 2.249623435914182
0.01;0;0;0;0;0.0;0.0;0.0;76.4525993883792;13.040000000000001;16;4;4;4;4; 196.22833843017338; 0.8452182795733105; 1.233030869276032; 2.249623435914182
0.02;0;0;0;0;0.0;0.0;0.0
0.03;0;0;0;0;0.0;0.0;0.0
0.04;0;0;0;0;0.0;0.0;0.0
0.05;0;0;0;0;0.0;0.0;0.0
0.06;0;0;0;0;0.0;0.0;0.0
0.07;0;0;0;0;0.0;0.0;0.0
0.08;0;0;0;0;0.0;0.0;0.0
0.09;0;0;0;0;0.0;0.0;0.0
0.1;0;0;0;0;0.0;0.0;0.0
0.11;0;0;0;0;0.0;0.0;0.0
0.12;0;0;0;0;0.0;0.0;0.0
0.13;0;0;0;0;0.0;0.0;0.0
0.14;0;0;0;0;0.0;0.0;0.0
0.15;0;0;0;0;0.0;0.0;0.0
0.16;0;0;0;0;0.0;0.0;0.0
0.17;0;0;0;0;0.0;0.0;0.0
0.18;0;0;0;0;0.0;0.0;0.0
0.19;0;0;0;0;0.0;0.0;0.0
0.2;0;0;0;0;0.0;0.0;0.0
0.21;0;0;0;0;0.0;0.0;0.0
0.22;0;0;0;0;0.0;0.0;0.0
0.23;0;0;0;0;0.0;0.0;0.0
0.24;0;0;0;0;0.0;0.0;0.0
0.25;0;0;0;0;0.0;0.0;0.0
0.26;0;0;0;0;0.0;0.0;0.0
0.27;0;0;0;0;0.0;0.0;0.0
0.28;0;0;0;0;0.0;0.0;0.0
0.29;0;0;0;0;0.0;0.0;0.0
0.3;0;0;0;0;0.0;0.0;0.0
0.31;0;0;0;0;0.0;0.0;0.0
0.32;0;0;0;0;0.0;0.0;0.0
0.33;0;0;0;0;0.0;0.0;0.0
0.34;0;0;0;0;0.0;0.0;0.0
0.35;0;0;0;0;0.0;0.0;0.0
0.36;0;0;0;0;0.0;0.0;0.0
0.37;0;0;0;0;0.0;0.0;0.0
0.38;0;0;0;0;0.0;0.0;0.0
0.39;0;0;0;0;0.0;0.0;0.0
0.4;0;0;0;0;0.0;0.0;0.0
0.41;0;0;0;0;0.0;0.0;0.0
0.42;0;0;0;0;0.0;0.0;0.0
0.43;0;0;0;0;0.0;0.0;0.0
0.44;0;0;0;0;0.0;0.0;0.0
0.45;0;0;0;0;0.0;0.0;0.0
0.46;0;0;0;0;0.0;0.0;0.0
0.47;0;0;0;0;0.0;0.0;0.0
0.48;0;0;0;0;0.0;0.0;0.0
0.49;0;0;0;0;0.0;0.0;0.0
0.5;0;0;0;0;0.0;0.0;0.0
0.51;0;0;0;0;0.0;0.0;0.0
0.52;0;0;0;0;0.0;0.0;0.0
0.53;0;0;0;0;0.0;0.0;0.0
0.54;0;0;0;0;0.0;0.0;0.0
0.55;0;0;0;0;0.0;0.0;0.0
0.56;0;0;0;0;0.0;0.0;0.0
0.57;0;0;0;0;0.0;0.0;0.0
0.58;0;0;0;0;0.0;0.0;0.0
0.59;0;0;0;0;0.0;0.0;0.0
0.6;0;0;0;0;0.0;0.0;0.0
0.61;0;0;0;0;0.0;0.0;0.0
0.62;0;0;0;0;0.0;0.0;0.0
0.63;0;0;0;0;0.0;0.0;0.0
0.64;0;0;0;0;0.0;0.0;0.0
0.65;0;0;0;0;0.0;0.0;0.0
0.66;0;0;0;0;0.0;0.0;0.0
0.67;0;0;0;0;0.0;0.0;0.0
0.68;0;0;0;0;0.0;0.0;0.0
0.69;0;0;0;0;0.0;0.0;0.0
0.7;0;0;0;0;0.0;0.0;0.0
0.71;0;0;0;0;0.0;0.0;0.0
0.72;0;0;0;0;0.0;0.0;0.0
0.73;0;0;0;0;0.0;0.0;0.0
0.74;0;0;0;0;0.0;0.0;0.0
0.75;0;0;0;0;0.0;0.0;0.0
0.76;0;0;0;0;0.0;0.0;0.0
0.77;0;0;0;0;0.0;0.0;0.0
0.78;0;0;0;0;0.0;0.0;0.0
0.79;0;0;0;0;0.0;0.0;0.0
0.8;0;0;0;0;0.0;0.0;0.0
0.81;0;0;0;0;0.0;0.0;0.0
0.82;0;0;0;0;0.0;0.0;0.0
0.83;0;0;0;0;0.0;0.0;0.0
0.84;0;0;0;0;0.0;0.0;0.0
0.85;0;0;0;0;0.0;0.0;0.0
0.86;0;0;0;0;0.0;0.0;0.0
0.87;0;0;0;0;0.0;0.0;0.0
0.88;0;0;0;0;0.0;0.0;0.0
0.89;0;0;0;0;0.0;0.0;0.0
0.9;0;0;0;0;0.0;0.0;0.0
0.91;0;0;0;0;0.0;0.0;0.0
0.92;0;0;0;0;0.0;0.0;0.0
0.93;0;0;0;0;0.0;0.0;0.0
0.94;0;0;0;0;0.0;0.0;0.0
0.95;0;0;0;0;0.0;0.0;0.0
0.96;0;0;0;0;0.0;0.0;0.0
0.97;0;0;0;0;0.0;0.0;0.0
0.98;0;0;0;0;0.0;0.0;0.0
0.99;0;0;0;0;0.0;0.0;0.0
1.0;0;0;0;0;0.0;0.0;0.0
1.01;0;0;0;1;0.1019367991845056;-13.5;-13.5
1.02;1;0;1;5;0.7135575942915392;-9.642858;-9.642858
1.03;1;0;3;11;1.529051987767584;-8.1;-11.7
1.04;3;0;6;18;2.7522935779816513;-7.5;-10.5
1.05;5;0;9;25;3.9755351681957185;-7.269231;-10.038462
1.06;7;0;13;31;5.198776758409785;-6.617647;-9.794118
1.07;8;0;15;36;6.01427115188583;-6.6355934;-9.838983
1.08;10;0;17;38;6.625891946992864;-6.4384613;-9.346154
1.09;10;0;18;40;6.931702344546381;-6.352941;-9.529411
1.1;11;0;18;42;7.237512742099898;-6.6549296;-9.316901
1.11;12;0;19;43;7.543323139653414;-6.5675673;-9.121622
1.12;12;0;19;45;7.747196738022426;-6.75;-9.236842
1.13;13;0;21;47;8.256880733944953;-6.5;-9.166667
1.14;15;0;22;51;8.970438328236494;-6.75;-8.897727
1.15;16;0;24;56;9.785932721712538;-6.75;-9.0
1.16;18;0;26;63;10.9072375127421;-6.9392524;-8.957944
1.17;21;0;29;70;12.232415902140673;-6.975;-8.775
1.18;23;0;33;79;13.761467889908257;-6.9;-8.9
1.19;26;0;37;89;15.494393476044852;-6.9276314;-8.881579
1.2;30;0;41;99;17.32925586136595;-6.9882355;-8.735294
1.21;34;0;46;111;19.46992864424057;-6.997382;-8.693717
1.22;39;0;51;124;21.8144750254842;-7.0654206;-8.579439
1.23;43;0;56;138;24.159021406727827;-7.120253;-8.601266
1.24;49;0;62;151;26.707441386340466;-7.1106873;-8.450381
1.25;53;0;67;164;28.95005096839959;-7.130282;-8.461267
1.26;57;0;72;175;30.988786952089704;-7.105263;-8.4375
1.27;62;0;76;186;33.027522935779814;-7.1666665;-8.333333
1.28;67;0;81;196;35.066258919469924;-7.1424417;-8.241279
1.29;72;0;85;205;36.901121304791026;-7.160221;-8.129834
1.3;78;0;90;214;38.93985728848114;-7.1387434;-7.986911
1.31;84;0;94;223;40.876656472986745;-7.170823;-7.8441396
1.32;89;0;99;232;42.813455657492355;-7.135714;-7.7785716
1.33;94;0;103;242;44.75025484199796;-7.1651483;-7.718679
1.34;100;0;107;251;46.68705402650357;-7.1921396;-7.6048036
1.35;106;0;112;261;48.827726809378184;-7.1868477;-7.525052
1.36;113;0;117;272;51.17227319062181;-7.2071714;-7.422311
1.37;120;0;122;283;53.51681957186544;-7.225714;-7.3285713
1.38;128;0;128;294;56.06523955147808;-7.2163634;-7.2163634
1.39;136;0;133;305;58.51172273190622;-7.243902;-7.1027875
1.4;143;0;138;317;60.95820591233435;-7.269231;-7.0434785
1.41;148;1;142;330;63.30275229357798;-7.2826085;-7.021739
1.42;153;3;147;344;65.95310907237513;-7.24034;-6.9899535
1.43;157;4;151;357;68.19571865443424;-7.244395;-7.002242
1.44;162;5;155;370;70.54026503567788;-7.2572255;-6.984104
1.45;166;7;159;382;72.782874617737;-7.222689;-6.957983
1.46;170;8;162;393;74.71967380224261;-7.238063;-6.943383
1.47;174;9;165;403;76.55453618756371;-7.244341;-6.920772
1.48;177;10;168;411;78.08358817533129;-7.2258487;-6.908616
1.49;180;11;170;417;79.30682976554536;-7.218509;-6.871465
1.5;182;12;171;421;80.1223241590214;-7.2137403;-6.835878
1.51;183;12;172;424;80.63200815494393;-7.2193427;-6.8438687
1.52;183;13;172;425;80.83588175331295;-7.201135;-6.8266077
1.53;183;13;172;424;80.73394495412843;-7.193182;-6.818182
1.54;182;13;171;422;80.32619775739042;-7.1954317;-6.8185277
1.55;181;13;169;419;79.71457696228337;-7.2161126;-6.80179
1.56;180;12;167;414;78.79714576962283;-7.247736;-6.793661
1.57;179;12;165;408;77.87971457696229;-7.2447643;-6.75
1.58;178;11;161;401;76.55453618756371;-7.316245;-6.70506
1.59;176;11;159;393;75.33129459734964;-7.2889037;-6.667794
1.6;175;10;156;387;74.20998980632008;-7.3434067;-6.6387362
1.61;173;10;154;381;73.19062181447502;-7.332869;-6.6183844
1.62;172;10;152;376;72.37512742099898;-7.3394365;-6.578873
1.63;170;9;151;372;71.55963302752293;-7.3461537;-6.6153846
1.64;169;9;150;369;71.0499490316004;-7.340746;-6.6047344
1.65;169;9;150;368;70.9480122324159;-7.331897;-6.5948277
1.66;168;9;150;368;70.84607543323139;-7.3230214;-6.623741
1.67;168;9;151;369;71.0499490316004;-7.3020086;-6.643472
1.68;168;9;152;371;71.35575942915392;-7.29;-6.6728573
1.69;168;10;154;374;71.96738022426095;-7.2280455;-6.6926346
1.7;168;10;155;378;72.47706422018348;-7.234177;-6.740506
1.71;169;10;157;382;73.19062181447502;-7.2200556;-6.768802
1.72;170;10;159;387;74.00611620795107;-7.214876;-6.805785
1.73;171;11;161;391;74.82161060142711;-7.1730247;-6.805177
1.74;172;11;162;395;75.43323139653414;-7.1878376;-6.822973
1.75;173;11;163;399;76.04485219164118;-7.202413;-6.8404827
1.76;174;12;165;402;76.75840978593271;-7.1533866;-6.8306775
1.77;175;12;166;406;77.37003058103976;-7.167984;-6.847826
1.78;176;12;167;409;77.87971457696229;-7.1740837;-6.856021
1.79;176;12;168;412;78.2874617737003;-7.171875;-6.890625
1.8;177;12;169;415;78.79714576962283;-7.1778784;-6.8984475
1.81;176;12;169;416;78.79714576962283;-7.1778784;-6.9333763
1.82;176;12;169;416;78.79714576962283;-7.1778784;-6.9333763
1.83;175;11;169;415;78.49133537206932;-7.1883116;-6.977922
1.84;174;11;168;413;78.08358817533129;-7.1906004;-6.979112
1.85;172;10;167;410;77.37003058103976;-7.2035575;-7.0256915
1.86;171;10;165;407;76.75840978593271;-7.2250996;-7.00996
1.87;169;9;164;404;76.04485219164118;-7.238606;-7.0576406
1.88;168;9;164;401;75.63710499490315;-7.2048516;-7.059299
1.89;166;11;166;398;75.53516819571865;-7.050607;-7.050607
1.9;166;13;168;396;75.73904179408767;-6.922611;-6.9952893
1.91;165;16;172;393;76.04485219164118;-6.6957107;-6.949062
1.92;165;21;179;391;77.06422018348623;-6.357143;-6.857143
1.93;164;26;187;389;78.08358817533129;-5.992167;-6.802872
1.94;163;31;196;386;79.10295616717634;-5.6018043;-6.75
1.95;162;36;204;382;79.91845056065239;-5.234694;-6.6811223
1.96;160;40;212;377;80.42813455657492;-4.8764257;-6.6558933
1.97;158;44;219;370;80.63200815494393;-4.522756;-6.6049304
1.98;155;48;225;362;80.53007135575943;-4.16962;-6.5620255
1.99;152;52;229;353;80.1223241590214;-3.8473282;-6.4923663
2.0;149;55;233;343;79.51070336391437;-3.5307693;-6.4384613
2.01;146;58;236;333;78.79714576962283;-3.2309184;-6.374515
2.02;143;60;238;323;77.87971457696229;-2.9685864;-6.3259163
2.03;140;62;240;314;77.06422018348623;-2.7142856;-6.285714
2.04;137;63;242;304;76.04485219164118;-2.461126;-6.261394
2.05;134;65;244;296;75.33129459734964;-2.2104194;-6.229364
2.06;132;66;246;288;74.6177370030581;-1.9918033;-6.196721
2.07;130;67;248;281;74.00611620795107;-1.785124;-6.173554
2.08;129;69;250;275;73.70030581039755;-1.587137;-6.105809
2.09;127;70;252;270;73.29255861365952;-1.4082059;-6.1022253
2.1;127;72;255;266;73.39449541284404;-1.2375;-6.0375
2.11;126;74;259;263;73.59836901121304;-1.0470914;-6.020776
2.12;126;76;262;260;73.80224260958205;-0.89502764;-5.9668508
2.13;126;78;265;259;74.20998980632008;-0.77884614;-5.934066
2.14;127;80;268;258;74.71967380224261;-0.68144614;-5.8751707
2.15;127;81;271;257;75.02548419979613;-0.5869565;-5.869565
2.16;127;83;274;256;75.43323139653414;-0.47432432;-5.8378377
2.17;127;84;277;255;75.73904179408767;-0.38156125;-5.832436
2.18;127;86;280;254;76.14678899082568;-0.27108434;-5.8012047
2.19;128;87;282;253;76.4525993883792;-0.216;-5.76
2.2;128;89;283;251;76.55453618756371;-0.12583223;-5.698402
2.21;128;90;284;250;76.65647298674821;-0.07180851;-5.6728725
2.22;128;90;285;248;76.55453618756371;-0.017976033;-5.66245
2.23;128;91;285;246;76.4525993883792;0.036;-5.616
2.24;127;91;285;244;76.14678899082568;0.090361446;-5.620482
2.25;127;91;285;242;75.94291539245667;0.12684564;-5.599329
2.26;127;90;285;240;75.63710499490315;0.14555256;-5.6037736
2.27;126;90;284;239;75.33129459734964;0.16441137;-5.6082544
2.28;126;90;284;238;75.22935779816514;0.18292683;-5.597561
2.29;127;90;285;238;75.43323139653414;0.18243243;-5.5824323
2.3;127;90;285;237;75.33129459734964;0.20094723;-5.5717187
2.31;128;91;286;238;75.73904179408767;0.19986542;-5.541723
2.32;128;91;288;238;75.94291539245667;0.23557048;-5.5630875
2.33;129;92;289;239;76.3506625891947;0.23431242;-5.5333776
2.34;130;94;290;240;76.86034658511723;0.25066313;-5.47878
2.35;131;95;291;240;77.16615698267074;0.2675033;-5.439234
2.36;132;96;291;240;77.37003058103976;0.2667984;-5.389328
2.37;133;98;291;240;77.67584097859327;0.28346458;-5.3149605
2.38;134;99;289;239;77.57390417940876;0.26609725;-5.233246
2.39;135;100;288;238;77.57390417940876;0.26609725;-5.1622863
2.4;136;101;286;237;77.47196738022426;0.24868421;-5.080263
2.41;136;101;284;235;77.06422018348623;0.25;-5.035714
2.42;137;102;281;234;76.86034658511723;0.2148541;-4.9416447
2.43;137;102;279;233;76.55453618756371;0.19773635;-4.907457
2.44;138;102;276;232;76.24872579001018;0.14438502;-4.8368983
2.45;139;102;274;231;76.04485219164118;0.10857909;-4.77748
2.46;140;102;273;231;76.04485219164118;0.072386056;-4.7412868
2.47;140;102;271;230;75.73904179408767;0.05450875;-4.705922
2.48;141;102;270;230;75.73904179408767;0.018169582;-4.669583
2.49;142;103;270;230;75.94291539245667;0.018120805;-4.6208053
2.5;142;103;270;230;75.94291539245667;0.018120805;-4.6208053
2.51;143;103;269;230;75.94291539245667;-0.018120805;-4.5845637
2.52;143;103;270;231;76.14678899082568;-0.018072288;-4.6084337
2.53;144;103;270;231;76.24872579001018;-0.036096256;-4.5842247
2.54;144;103;270;232;76.3506625891947;-0.054072097;-4.596128
2.55;144;103;271;233;76.55453618756371;-0.053928096;-4.61984
2.56;145;104;271;233;76.75840978593271;-0.053784862;-4.571713
2.57;145;104;271;234;76.86034658511723;-0.071618035;-4.5835543
2.58;145;104;271;234;76.86034658511723;-0.071618035;-4.5835543
2.59;145;104;271;234;76.86034658511723;-0.071618035;-4.5835543
2.6;145;104;271;234;76.86034658511723;-0.071618035;-4.5835543
2.61;145;105;270;234;76.86034658511723;-0.071618035;-4.547745
2.62;146;105;270;233;76.86034658511723;-0.071618035;-4.511936
2.63;146;105;269;233;76.75840978593271;-0.08964144;-4.5
2.64;147;106;268;232;76.75840978593271;-0.08964144;-4.428287
2.65;147;106;267;231;76.55453618756371;-0.08988016;-4.4041276
2.66;148;107;267;231;76.75840978593271;-0.08964144;-4.3565736
2.67;148;107;266;230;76.55453618756371;-0.08988016;-4.332224
2.68;149;107;265;230;76.55453618756371;-0.12583223;-4.296272
2.69;149;108;264;229;76.4525993883792;-0.108;-4.248
2.7;150;108;263;229;76.4525993883792;-0.144;-4.212
2.71;151;108;262;229;76.4525993883792;-0.18;-4.176
2.72;151;108;261;228;76.24872579001018;-0.18048128;-4.1510696
2.73;152;108;261;228;76.3506625891947;-0.19826435;-4.1275034
2.74;153;108;260;228;76.3506625891947;-0.23431242;-4.0914555
2.75;154;109;259;228;76.4525993883792;-0.252;-4.032
2.76;154;109;259;228;76.4525993883792;-0.252;-4.032
2.77;155;109;259;228;76.55453618756371;-0.26964048;-4.008655
2.78;156;109;258;228;76.55453618756371;-0.30559254;-3.972703
2.79;156;110;258;228;76.65647298674821;-0.28723404;-3.9494681
2.8;157;110;258;228;76.75840978593271;-0.30478087;-3.9262948
2.81;157;110;257;228;76.65647298674821;-0.3231383;-3.9135637
2.82;158;111;257;227;76.75840978593271;-0.30478087;-3.8545816
2.83;158;110;256;227;76.55453618756371;-0.3415446;-3.864847
2.84;159;110;255;227;76.55453618756371;-0.37749666;-3.8288949
2.85;159;110;255;227;76.55453618756371;-0.37749666;-3.8288949
2.86;160;110;254;226;76.4525993883792;-0.396;-3.78
2.87;160;110;254;226;76.4525993883792;-0.396;-3.78
2.88;160;110;253;226;76.3506625891947;-0.41455275;-3.7670226
2.89;161;110;253;226;76.4525993883792;-0.432;-3.744
2.9;161;110;253;226;76.4525993883792;-0.432;-3.744
2.91;162;110;253;226;76.55453618756371;-0.4494008;-3.7210386
2.92;162;110;252;226;76.4525993883792;-0.468;-3.708
2.93;162;110;252;226;76.4525993883792;-0.468;-3.708
2.94;162;110;252;226;76.4525993883792;-0.468;-3.708
2.95;162;110;253;226;76.55453618756371;-0.4494008;-3.7210386
2.96;162;109;253;226;76.4525993883792;-0.468;-3.744
2.97;161;109;253;226;76.3506625891947;-0.4506008;-3.7670226
2.98;161;109;254;226;76.4525993883792;-0.432;-3.78
2.99;161;109;254;226;76.4525993883792;-0.432;-3.78
3.0;160;109;254;226;76.3506625891947;-0.41455275;-3.8030708
3.01;160;108;255;226;76.3506625891947;-0.41455275;-3.8391187
3.02;160;108;255;227;76.4525993883792;-0.432;-3.852
3.03;159;108;256;227;76.4525993883792;-0.396;-3.888
3.04;159;108;256;227;76.4525993883792;-0.396;-3.888
3.05;158;107;257;227;76.3506625891947;-0.37850466;-3.947263
3.06;158;107;257;228;76.4525993883792;-0.396;-3.96
3.07;157;107;258;228;76.4525993883792;-0.36;-3.996
3.08;157;107;259;228;76.55453618756371;-0.3415446;-4.008655
3.09;156;106;260;229;76.55453618756371;-0.3415446;-4.0805593
3.1;155;106;260;229;76.4525993883792;-0.324;-4.104
3.11;155;105;261;229;76.4525993883792;-0.324;-4.14
3.12;154;105;262;230;76.55453618756371;-0.30559254;-4.1884155
3.13;153;104;262;231;76.4525993883792;-0.324;-4.248
3.14;152;103;263;231;76.3506625891947;-0.30640855;-4.3077435
3.15;151;102;264;232;76.3506625891947;-0.30640855;-4.37984
3.16;150;102;265;233;76.4525993883792;-0.288;-4.428
3.17;148;100;266;234;76.24872579001018;-0.28877005;-4.548128
3.18;147;99;267;235;76.24872579001018;-0.28877005;-4.620321
3.19;146;98;268;237;76.3506625891947;-0.30640855;-4.7042723
3.2;145;97;269;239;76.4525993883792;-0.324;-4.788
3.21;145;95;270;240;76.4525993883792;-0.36;-4.86
3.22;144;94;271;242;76.55453618756371;-0.37749666;-4.943409
3.23;144;93;272;243;76.65647298674821;-0.3949468;-4.9906917
3.24;143;92;272;244;76.55453618756371;-0.41344872;-5.051265
3.25;143;91;273;245;76.65647298674821;-0.43085107;-5.0984044
3.26;142;90;274;245;76.55453618756371;-0.41344872;-5.159121
3.27;142;90;274;246;76.65647298674821;-0.43085107;-5.1702127
3.28;141;89;275;246;76.55453618756371;-0.41344872;-5.231025
3.29;141;89;275;247;76.65647298674821;-0.43085107;-5.242021
3.3;140;89;276;246;76.55453618756371;-0.37749666;-5.2669773
3.31;140;89;276;246;76.55453618756371;-0.37749666;-5.2669773
3.32;139;88;277;246;76.4525993883792;-0.36;-5.328
3.33;139;88;277;246;76.4525993883792;-0.36;-5.328
3.34;138;88;278;246;76.4525993883792;-0.324;-5.364
3.35;138;88;278;246;76.4525993883792;-0.324;-5.364
3.36;138;88;279;246;76.55453618756371;-0.30559254;-5.3748336
3.37;137;88;279;246;76.4525993883792;-0.288;-5.4
3.38;137;88;279;245;76.3506625891947;-0.27036047;-5.3891854
3.39;137;88;280;245;76.4525993883792;-0.252;-5.4
3.4;136;88;280;245;76.3506625891947;-0.23431242;-5.425234
3.41;136;88;281;245;76.4525993883792;-0.216;-5.436
3.42;136;88;281;245;76.4525993883792;-0.216;-5.436
3.43;135;88;282;244;76.3506625891947;-0.16221629;-5.461282
3.44;135;88;282;244;76.3506625891947;-0.16221629;-5.461282
3.45;135;88;283;244;76.4525993883792;-0.144;-5.472
3.46;135;88;283;244;76.4525993883792;-0.144;-5.472
3.47;134;88;283;244;76.3506625891947;-0.12616822;-5.4973297
3.48;134;88;284;244;76.4525993883792;-0.108;-5.508
3.49;134;88;284;244;76.4525993883792;-0.108;-5.508
3.5;134;88;284;244;76.4525993883792;-0.108;-5.508
3.51;134;88;284;244;76.4525993883792;-0.108;-5.508
3.52;133;87;285;244;76.3506625891947;-0.09012016;-5.569426
3.53;133;87;286;244;76.4525993883792;-0.072;-5.58
3.54;133;87;286;244;76.4525993883792;-0.072;-5.58
3.55;132;87;287;244;76.4525993883792;-0.036;-5.616
3.56;132;87;288;244;76.55453618756371;-0.017976033;-5.626498
3.57;132;87;288;244;76.55453618756371;-0.017976033;-5.626498
3.58;132;87;288;243;76.4525993883792;0.0;-5.616
3.59;131;87;289;243;76.4525993883792;0.036;-5.652
3.6;131;87;289;242;76.3506625891947;0.054072097;-5.641522
3.61;131;88;290;242;76.55453618756371;0.08988016;-5.626498
3.62;131;88;290;241;76.4525993883792;0.108;-5.616
3.63;131;88;290;241;76.4525993883792;0.108;-5.616
3.64;131;89;291;240;76.55453618756371;0.16178429;-5.590546
3.65;130;89;292;240;76.55453618756371;0.19773635;-5.626498
3.66;130;89;294;239;76.65647298674821;0.25132978;-5.636968
3.67;130;89;295;238;76.65647298674821;0.28723404;-5.636968
3.68;129;89;295;237;76.4525993883792;0.324;-5.652
3.69;129;89;296;236;76.4525993883792;0.36;-5.652
3.7;128;90;297;236;76.55453618756371;0.41344872;-5.66245
3.71;128;90;297;235;76.4525993883792;0.432;-5.652
3.72;128;90;297;234;76.3506625891947;0.4506008;-5.641522
3.73;127;91;298;233;76.3506625891947;0.5226969;-5.641522
3.74;127;91;298;233;76.3506625891947;0.5226969;-5.641522
3.75;127;91;298;232;76.24872579001018;0.5414438;-5.6310163
3.76;127;91;298;232;76.24872579001018;0.5414438;-5.6310163
3.77;127;92;298;232;76.3506625891947;0.55874497;-5.605474
3.78;127;92;298;231;76.24872579001018;0.5775401;-5.5949197
3.79;127;93;299;231;76.4525993883792;0.612;-5.58
3.8;127;93;299;231;76.4525993883792;0.612;-5.58
3.81;127;93;299;230;76.3506625891947;0.63084114;-5.569426
3.82;127;94;299;230;76.4525993883792;0.648;-5.544
3.83;127;94;299;230;76.4525993883792;0.648;-5.544
3.84;127;95;299;230;76.55453618756371;0.6651132;-5.518642
3.85;127;95;299;230;76.55453618756371;0.6651132;-5.518642
3.86;127;95;299;230;76.55453618756371;0.6651132;-5.518642
3.87;128;96;298;230;76.65647298674821;0.6462766;-5.4574466
3.88;128;96;298;229;76.55453618756371;0.6651132;-5.446738
3.89;129;96;297;229;76.55453618756371;0.6291611;-5.4107857
3.9;129;96;297;229;76.55453618756371;0.6291611;-5.4107857
3.91;129;97;296;229;76.55453618756371;0.6291611;-5.3748336
3.92;129;97;296;228;76.4525993883792;0.648;-5.364
3.93;129;97;295;228;76.3506625891947;0.63084114;-5.3531375
3.94;130;97;295;228;76.4525993883792;0.612;-5.328
3.95;130;97;295;228;76.4525993883792;0.612;-5.328
3.96;130;97;295;228;76.4525993883792;0.612;-5.328
3.97;130;97;294;228;76.3506625891947;0.5947931;-5.3170896
3.98;130;97;294;228;76.3506625891947;0.5947931;-5.3170896
3.99;130;97;294;228;76.3506625891947;0.5947931;-5.3170896
4.0;130;97;295;229;76.55453618756371;0.593209;-5.3388815
4.01;130;97;295;229;76.55453618756371;0.593209;-5.3388815
4.02;130;97;294;229;76.4525993883792;0.576;-5.328
4.03;131;97;294;229;76.55453618756371;0.557257;-5.3029294
4.04;131;96;294;229;76.4525993883792;0.54;-5.328
4.05;131;96;294;229;76.4525993883792;0.54;-5.328
4.06;131;97;294;229;76.55453618756371;0.557257;-5.3029294
4.07;131;97;294;229;76.55453618756371;0.557257;-5.3029294
4.08;131;97;293;229;76.4525993883792;0.54;-5.292
4.09;131;97;293;229;76.4525993883792;0.54;-5.292
4.1;131;97;293;229;76.4525993883792;0.54;-5.292
4.11;132;97;293;229;76.55453618756371;0.5213049;-5.2669773
4.12;132;97;292;228;76.3506625891947;0.5226969;-5.244993
4.13;132;98;292;228;76.4525993883792;0.54;-5.22
4.14;132;98;291;228;76.3506625891947;0.5226969;-5.2089453
4.15;132;98;291;228;76.3506625891947;0.5226969;-5.2089453
4.16;133;98;291;229;76.55453618756371;0.48535287;-5.195073
4.17;133;98;290;228;76.3506625891947;0.48664886;-5.1728973
4.18;133;98;290;228;76.3506625891947;0.48664886;-5.1728973
4.19;133;99;290;228;76.4525993883792;0.504;-5.148
4.2;133;99;290;228;76.4525993883792;0.504;-5.148
4.21;133;99;290;228;76.4525993883792;0.504;-5.148
4.22;133;99;290;227;76.3506625891947;0.5226969;-5.136849
4.23;133;100;291;227;76.55453618756371;0.557257;-5.123169
4.24;133;100;291;227;76.55453618756371;0.557257;-5.123169
4.25;133;100;291;227;76.55453618756371;0.557257;-5.123169
4.26;133;100;291;227;76.55453618756371;0.557257;-5.123169
4.27;133;100;291;227;76.55453618756371;0.557257;-5.123169
4.28;133;100;291;227;76.55453618756371;0.557257;-5.123169
4.29;133;100;291;226;76.4525993883792;0.576;-5.112
4.3;133;100;290;226;76.3506625891947;0.55874497;-5.100801
4.31;133;100;290;226;76.3506625891947;0.55874497;-5.100801
4.32;133;100;290;226;76.3506625891947;0.55874497;-5.100801
4.33;133;100;290;226;76.3506625891947;0.55874497;-5.100801
4.34;133;100;290;226;76.3506625891947;0.55874497;-5.100801
4.35;133;100;290;226;76.3506625891947;0.55874497;-5.100801
4.36;133;100;290;227;76.4525993883792;0.54;-5.112
4.37;134;100;290;227;76.55453618756371;0.5213049;-5.087217
4.38;134;100;290;227;76.55453618756371;0.5213049;-5.087217
4.39;134;100;289;227;76.4525993883792;0.504;-5.076
4.4;134;100;289;227;76.4525993883792;0.504;-5.076
4.41;134;100;289;228;76.55453618756371;0.48535287;-5.087217
4.42;134;100;289;228;76.55453618756371;0.48535287;-5.087217
4.43;134;99;288;229;76.4525993883792;0.432;-5.112
4.44;135;99;288;229;76.55453618756371;0.41344872;-5.087217
4.45;135;99;287;229;76.4525993883792;0.396;-5.076
4.46;135;99;286;230;76.4525993883792;0.36;-5.076
4.47;135;98;286;230;76.3506625891947;0.3424566;-5.100801
4.48;136;98;285;231;76.4525993883792;0.288;-5.076
4.49;136;98;285;231;76.4525993883792;0.288;-5.076
4.5;136;98;284;231;76.3506625891947;0.27036047;-5.064753
4.51;136;98;284;232;76.4525993883792;0.252;-5.076
4.52;136;97;284;232;76.3506625891947;0.23431242;-5.100801
4.53;137;97;283;232;76.3506625891947;0.19826435;-5.064753
4.54;137;97;283;233;76.4525993883792;0.18;-5.076
4.55;137;97;283;233;76.4525993883792;0.18;-5.076
4.56;137;97;283;233;76.4525993883792;0.18;-5.076
4.57;137;97;283;234;76.55453618756371;0.16178429;-5.087217
4.58;137;96;283;234;76.4525993883792;0.144;-5.112
4.59;137;96;283;234;76.4525993883792;0.144;-5.112
4.6;137;96;282;234;76.3506625891947;0.12616822;-5.100801
4.61;137;96;282;234;76.3506625891947;0.12616822;-5.100801
4.62;137;96;282;235;76.4525993883792;0.108;-5.112
4.63;137;96;282;235;76.4525993883792;0.108;-5.112
4.64;137;96;283;235;76.55453618756371;0.12583223;-5.123169
4.65;137;96;283;235;76.55453618756371;0.12583223;-5.123169
4.66;137;96;283;235;76.55453618756371;0.12583223;-5.123169
4.67;137;95;283;235;76.4525993883792;0.108;-5.148
4.68;137;95;283;235;76.4525993883792;0.108;-5.148
4.69;137;95;283;235;76.4525993883792;0.108;-5.148
4.7;137;95;283;235;76.4525993883792;0.108;-5.148
4.71;137;95;284;235;76.55453618756371;0.12583223;-5.159121
4.72;137;95;284;235;76.55453618756371;0.12583223;-5.159121
4.73;137;95;284;235;76.55453618756371;0.12583223;-5.159121
4.74;137;94;284;235;76.4525993883792;0.108;-5.184
4.75;136;94;284;235;76.3506625891947;0.12616822;-5.2089453
4.76;136;94;285;235;76.4525993883792;0.144;-5.22
4.77;136;94;285;235;76.4525993883792;0.144;-5.22
4.78;136;93;286;235;76.4525993883792;0.144;-5.256
4.79;136;93;286;235;76.4525993883792;0.144;-5.256
4.8;135;93;287;235;76.4525993883792;0.18;-5.292
4.81;135;93;287;235;76.4525993883792;0.18;-5.292
4.82;135;92;288;235;76.4525993883792;0.18;-5.328
4.83;135;92;288;235;76.4525993883792;0.18;-5.328
4.84;135;92;289;235;76.55453618756371;0.19773635;-5.3388815
4.85;134;92;289;235;76.4525993883792;0.216;-5.364
4.86;134;91;289;235;76.3506625891947;0.19826435;-5.3891854
4.87;134;91;290;235;76.4525993883792;0.216;-5.4
4.88;134;91;290;235;76.4525993883792;0.216;-5.4
4.89;134;91;290;236;76.55453618756371;0.19773635;-5.4107857
4.9;134;90;290;236;76.4525993883792;0.18;-5.436
4.91;134;90;290;236;76.4525993883792;0.18;-5.436
4.92;134;90;290;236;76.4525993883792;0.18;-5.436
4.93;134;90;291;236;76.55453618756371;0.19773635;-5.446738
4.94;134;89;291;236;76.4525993883792;0.18;-5.472
4.95;133;89;291;237;76.4525993883792;0.18;-5.508
4.96;133;89;291;237;76.4525993883792;0.18;-5.508
4.97;133;89;291;237;76.4525993883792;0.18;-5.508
4.98;133;89;291;237;76.4525993883792;0.18;-5.508
4.99;133;89;292;237;76.55453618756371;0.19773635;-5.518642
5.0;133;89;292;237;76.55453618756371;0.19773635;-5.518642
5.01;133;89;292;237;76.55453618756371;0.19773635;-5.518642
5.02;133;89;291;237;76.4525993883792;0.18;-5.508
5.03;133;89;291;236;76.3506625891947;0.19826435;-5.4973297
5.04;133;89;291;236;76.3506625891947;0.19826435;-5.4973297
5.05;133;89;291;236;76.3506625891947;0.19826435;-5.4973297
5.06;133;89;292;236;76.4525993883792;0.216;-5.508
5.07;133;89;292;236;76.4525993883792;0.216;-5.508
5.08;133;90;292;236;76.55453618756371;0.23368841;-5.48269
5.09;133;90;292;236;76.55453618756371;0.23368841;-5.48269
5.1;133;90;292;236;76.55453618756371;0.23368841;-5.48269
5.11;133;90;292;236;76.55453618756371;0.23368841;-5.48269
5.12;133;90;292;235;76.4525993883792;0.252;-5.472
5.13;133;90;292;235;76.4525993883792;0.252;-5.472
5.14;133;91;292;235;76.55453618756371;0.26964048;-5.446738
5.15;133;91;292;235;76.55453618756371;0.26964048;-5.446738
5.16;133;91;292;234;76.4525993883792;0.288;-5.436
5.17;133;91;292;234;76.4525993883792;0.288;-5.436
5.18;133;91;292;234;76.4525993883792;0.288;-5.436
5.19;133;91;292;234;76.4525993883792;0.288;-5.436
5.2;133;91;292;233;76.3506625891947;0.30640855;-5.425234
5.21;133;91;292;233;76.3506625891947;0.30640855;-5.425234
5.22;133;91;292;233;76.3506625891947;0.30640855;-5.425234
5.23;133;92;292;233;76.4525993883792;0.324;-5.4
5.24;133;92;292;233;76.4525993883792;0.324;-5.4
5.25;133;92;292;233;76.4525993883792;0.324;-5.4
5.26;133;92;292;233;76.4525993883792;0.324;-5.4
5.27;133;93;292;233;76.55453618756371;0.3415446;-5.3748336
5.28;133;93;292;233;76.55453618756371;0.3415446;-5.3748336
5.29;133;93;291;233;76.4525993883792;0.324;-5.364
5.3;134;93;291;232;76.4525993883792;0.324;-5.328
5.31;134;93;291;232;76.4525993883792;0.324;-5.328
5.32;134;94;290;232;76.4525993883792;0.324;-5.292
5.33;134;94;290;232;76.4525993883792;0.324;-5.292
5.34;134;94;289;232;76.3506625891947;0.30640855;-5.2810416
5.35;135;94;289;232;76.4525993883792;0.288;-5.256
5.36;135;95;288;232;76.4525993883792;0.288;-5.22
5.37;135;95;288;232;76.4525993883792;0.288;-5.22
5.38;136;95;287;232;76.4525993883792;0.252;-5.184
5.39;136;95;287;232;76.4525993883792;0.252;-5.184
5.4;136;95;286;232;76.3506625891947;0.23431242;-5.1728973
5.41;136;95;286;233;76.4525993883792;0.216;-5.184
5.42;137;95;285;233;76.4525993883792;0.18;-5.148
5.43;137;95;285;233;76.4525993883792;0.18;-5.148
5.44;138;95;284;233;76.4525993883792;0.144;-5.112
5.45;138;95;284;234;76.55453618756371;0.12583223;-5.123169
5.46;138;95;283;234;76.4525993883792;0.108;-5.112
5.47;139;95;283;234;76.55453618756371;0.08988016;-5.087217
5.48;139;95;282;234;76.4525993883792;0.072;-5.076
5.49;139;96;282;234;76.55453618756371;0.08988016;-5.051265
5.5;139;96;281;234;76.4525993883792;0.072;-5.04
5.51;140;96;281;234;76.55453618756371;0.053928096;-5.015313
5.52;140;96;280;234;76.4525993883792;0.036;-5.004
5.53;140;96;280;234;76.4525993883792;0.036;-5.004
5.54;141;96;280;234;76.55453618756371;0.017976033;-4.979361
5.55;141;96;279;234;76.4525993883792;0.0;-4.968
5.56;142;97;279;234;76.65647298674821;0.0;-4.918883
5.57;142;97;278;234;76.55453618756371;-0.017976033;-4.907457
5.58;142;97;278;233;76.4525993883792;0.0;-4.896
5.59;143;97;277;233;76.4525993883792;-0.036;-4.86
5.6;143;97;277;233;76.4525993883792;-0.036;-4.86
5.61;143;98;277;233;76.55453618756371;-0.017976033;-4.8355527
5.62;144;98;276;233;76.55453618756371;-0.053928096;-4.7996006
5.63;144;98;276;233;76.55453618756371;-0.053928096;-4.7996006
5.64;144;98;275;233;76.4525993883792;-0.072;-4.788
5.65;145;98;275;232;76.4525993883792;-0.072;-4.752
5.66;145;98;274;232;76.3506625891947;-0.09012016;-4.74032
5.67;145;99;274;232;76.4525993883792;-0.072;-4.716
5.68;146;99;274;232;76.55453618756371;-0.08988016;-4.6917443
5.69;146;99;273;232;76.4525993883792;-0.108;-4.68
5.7;146;99;273;232;76.4525993883792;-0.108;-4.68
5.71;146;99;273;232;76.4525993883792;-0.108;-4.68
5.72;146;99;272;232;76.3506625891947;-0.12616822;-4.6682243
5.73;147;99;272;232;76.4525993883792;-0.144;-4.644
5.74;147;99;272;232;76.4525993883792;-0.144;-4.644
5.75;147;99;271;232;76.3506625891947;-0.16221629;-4.6321764
5.76;148;99;271;232;76.4525993883792;-0.18;-4.608
5.77;148;99;270;233;76.4525993883792;-0.216;-4.608
5.78;148;99;270;233;76.4525993883792;-0.216;-4.608
5.79;149;99;269;233;76.4525993883792;-0.252;-4.572
5.8;149;99;269;233;76.4525993883792;-0.252;-4.572
5.81;149;99;269;234;76.55453618756371;-0.26964048;-4.583888
5.82;149;99;268;234;76.4525993883792;-0.288;-4.572
5.83;150;98;268;234;76.4525993883792;-0.324;-4.572
5.84;150;98;268;234;76.4525993883792;-0.324;-4.572
5.85;150;98;268;235;76.55453618756371;-0.3415446;-4.583888
5.86;150;98;267;235;76.4525993883792;-0.36;-4.572
5.87;150;98;267;236;76.55453618756371;-0.37749666;-4.583888
5.88;150;97;267;236;76.4525993883792;-0.396;-4.608
5.89;150;97;267;237;76.55453618756371;-0.41344872;-4.61984
5.9;151;97;266;237;76.55453618756371;-0.4494008;-4.583888
5.91;151;97;266;238;76.65647298674821;-0.46675533;-4.5957446
5.92;151;96;266;238;76.55453618756371;-0.48535287;-4.61984
5.93;151;96;266;238;76.55453618756371;-0.48535287;-4.61984
5.94;151;96;266;238;76.55453618756371;-0.48535287;-4.61984
5.95;151;96;266;238;76.55453618756371;-0.48535287;-4.61984
5.96;151;95;266;239;76.55453618756371;-0.5213049;-4.655792
5.97;151;95;266;239;76.55453618756371;-0.5213049;-4.655792
5.98;150;95;265;239;76.3506625891947;-0.5226969;-4.6682243
5.99;150;95;265;239;76.3506625891947;-0.5226969;-4.6682243
6.0;150;95;265;239;76.3506625891947;-0.5226969;-4.6682243
6.01;150;95;265;239;76.3506625891947;-0.5226969;-4.6682243
6.02;150;95;265;239;76.3506625891947;-0.5226969;-4.6682243
6.03;150;94;265;239;76.24872579001018;-0.5414438;-4.6925135
6.04;150;94;265;239;76.24872579001018;-0.5414438;-4.6925135
6.05;150;94;265;240;76.3506625891947;-0.55874497;-4.7042723
6.06;150;94;265;240;76.3506625891947;-0.55874497;-4.7042723
6.07;151;94;265;240;76.4525993883792;-0.576;-4.68
6.08;151;95;266;240;76.65647298674821;-0.53856385;-4.6675534
6.09;151;95;266;240;76.65647298674821;-0.53856385;-4.6675534
6.1;151;95;266;239;76.55453618756371;-0.5213049;-4.655792
6.11;151;95;266;239;76.55453618756371;-0.5213049;-4.655792
6.12;151;95;266;239;76.55453618756371;-0.5213049;-4.655792
6.13;151;95;266;239;76.55453618756371;-0.5213049;-4.655792
6.14;151;96;266;238;76.55453618756371;-0.48535287;-4.61984
6.15;150;96;266;238;76.4525993883792;-0.468;-4.644
6.16;150;96;266;237;76.3506625891947;-0.4506008;-4.6321764
6.17;150;96;266;237;76.3506625891947;-0.4506008;-4.6321764
6.18;150;97;267;237;76.55453618756371;-0.41344872;-4.61984
6.19;150;97;267;236;76.4525993883792;-0.396;-4.608
6.2;150;97;267;236;76.4525993883792;-0.396;-4.608
6.21;150;97;267;236;76.4525993883792;-0.396;-4.608
6.22;150;98;267;235;76.4525993883792;-0.36;-4.572
6.23;150;98;267;235;76.4525993883792;-0.36;-4.572
6.24;149;98;268;235;76.4525993883792;-0.324;-4.608
6.25;149;98;268;235;76.4525993883792;-0.324;-4.608
6.26;149;98;268;234;76.3506625891947;-0.30640855;-4.596128
6.27;149;98;268;234;76.3506625891947;-0.30640855;-4.596128
6.28;149;99;268;234;76.4525993883792;-0.288;-4.572
6.29;149;99;268;234;76.4525993883792;-0.288;-4.572
6.3;149;99;268;234;76.4525993883792;-0.288;-4.572
6.31;149;99;268;234;76.4525993883792;-0.288;-4.572
6.32;149;99;268;234;76.4525993883792;-0.288;-4.572
6.33;149;99;268;234;76.4525993883792;-0.288;-4.572
6.34;149;99;269;234;76.55453618756371;-0.26964048;-4.583888
6.35;149;99;269;234;76.55453618756371;-0.26964048;-4.583888
6.36;149;99;269;234;76.55453618756371;-0.26964048;-4.583888
6.37;149;99;269;234;76.55453618756371;-0.26964048;-4.583888
6.38;148;99;269;234;76.4525993883792;-0.252;-4.608
6.39;148;99;269;234;76.4525993883792;-0.252;-4.608
6.4;148;99;269;234;76.4525993883792;-0.252;-4.608
6.41;148;99;269;234;76.4525993883792;-0.252;-4.608
6.42;148;98;269;234;76.3506625891947;-0.27036047;-4.6321764
6.43;148;98;270;234;76.4525993883792;-0.252;-4.644
6.44;147;98;270;234;76.3506625891947;-0.23431242;-4.6682243
6.45;147;98;271;234;76.4525993883792;-0.216;-4.68
6.46;147;98;271;234;76.4525993883792;-0.216;-4.68
6.47;147;98;272;234;76.55453618756371;-0.19773635;-4.6917443
6.48;147;98;272;234;76.55453618756371;-0.19773635;-4.6917443
6.49;147;98;272;234;76.55453618756371;-0.19773635;-4.6917443
6.5;146;98;272;234;76.4525993883792;-0.18;-4.716
6.51;146;98;273;233;76.4525993883792;-0.144;-4.716
6.52;146;98;273;233;76.4525993883792;-0.144;-4.716
6.53;146;98;273;233;76.4525993883792;-0.144;-4.716
6.54;146;98;273;233;76.4525993883792;-0.144;-4.716
6.55;146;98;274;233;76.55453618756371;-0.12583223;-4.7276964
6.56;146;98;274;232;76.4525993883792;-0.108;-4.716
6.57;146;99;274;232;76.55453618756371;-0.08988016;-4.6917443
6.58;145;99;275;232;76.55453618756371;-0.053928096;-4.7276964
6.59;145;99;275;232;76.55453618756371;-0.053928096;-4.7276964
6.6;145;99;275;231;76.4525993883792;-0.036;-4.716
6.61;145;99;275;231;76.4525993883792;-0.036;-4.716
6.62;145;99;275;231;76.4525993883792;-0.036;-4.716
6.63;145;99;275;231;76.4525993883792;-0.036;-4.716
6.64;145;99;275;231;76.4525993883792;-0.036;-4.716
6.65;145;100;275;230;76.4525993883792;0.0;-4.68
6.66;145;100;275;230;76.4525993883792;0.0;-4.68
6.67;145;100;276;230;76.55453618756371;0.017976033;-4.6917443
6.68;144;100;276;230;76.4525993883792;0.036;-4.716
6.69;144;100;276;230;76.4525993883792;0.036;-4.716
6.7;144;100;276;230;76.4525993883792;0.036;-4.716
6.71;144;100;276;230;76.4525993883792;0.036;-4.716
6.72;144;100;276;230;76.4525993883792;0.036;-4.716
6.73;144;100;276;230;76.4525993883792;0.036;-4.716
6.74;144;100;276;230;76.4525993883792;0.036;-4.716
6.75;144;100;276;229;76.3506625891947;0.054072097;-4.7042723
6.76;144;100;276;229;76.3506625891947;0.054072097;-4.7042723
6.77;143;100;277;229;76.3506625891947;0.09012016;-4.74032
6.78;143;100;277;229;76.3506625891947;0.09012016;-4.74032
6.79;143;100;277;229;76.3506625891947;0.09012016;-4.74032
6.8;143;100;277;229;76.3506625891947;0.09012016;-4.74032
6.81;143;100;277;229;76.3506625891947;0.09012016;-4.74032
6.82;143;100;277;229;76.3506625891947;0.09012016;-4.74032
6.83;143;100;278;229;76.4525993883792;0.108;-4.752
6.84;143;100;278;229;76.4525993883792;0.108;-4.752
6.85;142;100;278;229;76.3506625891947;0.12616822;-4.7763686
6.86;142;100;278;230;76.4525993883792;0.108;-4.788
6.87;142;100;279;230;76.55453618756371;0.12583223;-4.7996006
6.88;142;100;279;230;76.55453618756371;0.12583223;-4.7996006
6.89;142;99;279;230;76.4525993883792;0.108;-4.824
6.9;142;99;279;230;76.4525993883792;0.108;-4.824
6.91;142;99;280;230;76.55453618756371;0.12583223;-4.8355527
6.92;142;99;280;230;76.55453618756371;0.12583223;-4.8355527
6.93;142;99;280;230;76.55453618756371;0.12583223;-4.8355527
6.94;142;99;280;230;76.55453618756371;0.12583223;-4.8355527
6.95;142;98;280;230;76.4525993883792;0.108;-4.86
6.96;141;98;280;230;76.3506625891947;0.12616822;-4.884513
6.97;141;98;280;230;76.3506625891947;0.12616822;-4.884513
6.98;141;98;280;231;76.4525993883792;0.108;-4.896
6.99;141;98;280;231;76.4525993883792;0.108;-4.896
7.0;141;98;280;231;76.4525993883792;0.108;-4.896
7.01;141;97;280;231;76.3506625891947;0.09012016;-4.920561
7.02;141;97;280;231;76.3506625891947;0.09012016;-4.920561
7.03;141;97;280;231;76.3506625891947;0.09012016;-4.920561
7.04;141;97;280;231;76.3506625891947;0.09012016;-4.920561
7.05;141;97;280;231;76.3506625891947;0.09012016;-4.920561
7.06;141;97;280;231;76.3506625891947;0.09012016;-4.920561
7.07;141;97;281;231;76.4525993883792;0.108;-4.932
7.08;141;97;281;231;76.4525993883792;0.108;-4.932
7.09;141;97;281;231;76.4525993883792;0.108;-4.932
7.1;141;97;281;231;76.4525993883792;0.108;-4.932
7.11;141;97;281;231;76.4525993883792;0.108;-4.932
7.12;141;97;281;232;76.55453618756371;0.08988016;-4.943409
7.13;141;97;281;232;76.55453618756371;0.08988016;-4.943409
7.14;141;97;281;232;76.55453618756371;0.08988016;-4.943409
7.15;141;97;281;232;76.55453618756371;0.08988016;-4.943409
7.16;141;97;281;232;76.55453618756371;0.08988016;-4.943409
7.17;141;96;281;232;76.4525993883792;0.072;-4.968
7.18;141;96;281;232;76.4525993883792;0.072;-4.968
7.19;141;97;281;232;76.55453618756371;0.08988016;-4.943409
7.2;141;97;281;232;76.55453618756371;0.08988016;-4.943409
7.21;141;97;281;232;76.55453618756371;0.08988016;-4.943409
7.22;141;97;281;232;76.55453618756371;0.08988016;-4.943409
7.23;141;97;281;232;76.55453618756371;0.08988016;-4.943409
7.24;141;97;280;231;76.3506625891947;0.09012016;-4.920561
7.25;141;97;280;231;76.3506625891947;0.09012016;-4.920561
7.26;141;97;280;231;76.3506625891947;0.09012016;-4.920561
7.27;141;97;280;231;76.3506625891947;0.09012016;-4.920561
7.28;141;98;280;231;76.4525993883792;0.108;-4.896
7.29;142;98;279;231;76.4525993883792;0.072;-4.86
7.3;142;98;279;231;76.4525993883792;0.072;-4.86
7.31;142;98;279;231;76.4525993883792;0.072;-4.86
7.32;142;98;279;231;76.4525993883792;0.072;-4.86
7.33;142;99;278;231;76.4525993883792;0.072;-4.824
7.34;142;99;278;231;76.4525993883792;0.072;-4.824
7.35;142;99;278;231;76.4525993883792;0.072;-4.824
7.36;142;99;278;230;76.3506625891947;0.09012016;-4.8124166
7.37;142;99;278;230;76.3506625891947;0.09012016;-4.8124166
7.38;143;100;278;230;76.55453618756371;0.08988016;-4.7636485
7.39;143;100;278;230;76.55453618756371;0.08988016;-4.7636485
7.4;143;100;278;230;76.55453618756371;0.08988016;-4.7636485
7.41;143;100;278;230;76.55453618756371;0.08988016;-4.7636485
7.42;143;100;278;229;76.4525993883792;0.108;-4.752
7.43;143;101;278;229;76.55453618756371;0.12583223;-4.7276964
7.44;143;101;278;229;76.55453618756371;0.12583223;-4.7276964
7.45;142;101;278;229;76.4525993883792;0.144;-4.752
7.46;142;101;278;229;76.4525993883792;0.144;-4.752
7.47;142;101;278;228;76.3506625891947;0.16221629;-4.74032
7.48;142;101;278;228;76.3506625891947;0.16221629;-4.74032
7.49;142;101;278;228;76.3506625891947;0.16221629;-4.74032
7.5;142;101;278;228;76.3506625891947;0.16221629;-4.74032
7.51;142;101;278;228;76.3506625891947;0.16221629;-4.74032
7.52;142;101;278;228;76.3506625891947;0.16221629;-4.74032
7.53;142;101;278;228;76.3506625891947;0.16221629;-4.74032
7.54;142;101;278;228;76.3506625891947;0.16221629;-4.74032
7.55;142;101;279;228;76.4525993883792;0.18;-4.752
7.56;142;101;279;228;76.4525993883792;0.18;-4.752
7.57;142;100;279;229;76.4525993883792;0.144;-4.788
7.58;142;100;279;229;76.4525993883792;0.144;-4.788
7.59;142;100;280;229;76.55453618756371;0.16178429;-4.7996006
7.6;142;100;280;229;76.55453618756371;0.16178429;-4.7996006
7.61;141;100;280;229;76.4525993883792;0.18;-4.824
7.62;141;100;280;229;76.4525993883792;0.18;-4.824
7.63;141;99;280;229;76.3506625891947;0.16221629;-4.8484645
7.64;141;99;281;229;76.4525993883792;0.18;-4.86
7.65;141;99;281;229;76.4525993883792;0.18;-4.86
7.66;141;99;281;230;76.55453618756371;0.16178429;-4.871505
7.67;141;99;281;230;76.55453618756371;0.16178429;-4.871505
7.68;141;98;281;230;76.4525993883792;0.144;-4.896
7.69;140;98;281;230;76.3506625891947;0.16221629;-4.920561
7.7;140;98;281;230;76.3506625891947;0.16221629;-4.920561
7.71;140;98;281;230;76.3506625891947;0.16221629;-4.920561
7.72;140;98;281;230;76.3506625891947;0.16221629;-4.920561
7.73;140;98;281;230;76.3506625891947;0.16221629;-4.920561
7.74;140;97;281;231;76.3506625891947;0.12616822;-4.956609
7.75;140;97;281;231;76.3506625891947;0.12616822;-4.956609
7.76;140;97;281;231;76.3506625891947;0.12616822;-4.956609
7.77;140;97;281;231;76.3506625891947;0.12616822;-4.956609
7.78;140;96;282;231;76.3506625891947;0.12616822;-4.9926567
7.79;140;96;282;232;76.4525993883792;0.108;-5.004
7.8;140;96;282;232;76.4525993883792;0.108;-5.004
7.81;140;96;282;232;76.4525993883792;0.108;-5.004
7.82;140;96;282;233;76.55453618756371;0.08988016;-5.015313
7.83;140;96;282;233;76.55453618756371;0.08988016;-5.015313
7.84;140;95;282;233;76.4525993883792;0.072;-5.04
7.85;140;95;282;233;76.4525993883792;0.072;-5.04
7.86;140;95;282;233;76.4525993883792;0.072;-5.04
7.87;140;95;282;234;76.55453618756371;0.053928096;-5.051265
7.88;140;94;282;234;76.4525993883792;0.036;-5.076
7.89;140;94;282;234;76.4525993883792;0.036;-5.076
7.9;140;94;282;234;76.4525993883792;0.036;-5.076
7.91;140;94;282;235;76.55453618756371;0.017976033;-5.087217
7.92;140;94;282;235;76.55453618756371;0.017976033;-5.087217
7.93;140;94;282;235;76.55453618756371;0.017976033;-5.087217
7.94;140;93;282;235;76.4525993883792;0.0;-5.112
7.95;140;93;282;235;76.4525993883792;0.0;-5.112
7.96;140;93;282;235;76.4525993883792;0.0;-5.112
7.97;140;93;281;235;76.3506625891947;-0.018024033;-5.100801
7.98;140;93;281;235;76.3506625891947;-0.018024033;-5.100801
7.99;140;93;281;235;76.3506625891947;-0.018024033;-5.100801
8.0;140;93;281;235;76.3506625891947;-0.018024033;-5.100801
8.01;140;93;281;235;76.3506625891947;-0.018024033;-5.100801
8.02;140;93;281;235;76.3506625891947;-0.018024033;-5.100801
8.03;140;94;281;235;76.4525993883792;0.0;-5.076
8.04;140;94;281;235;76.4525993883792;0.0;-5.076
8.05;140;94;281;235;76.4525993883792;0.0;-5.076
8.06;140;94;281;235;76.4525993883792;0.0;-5.076
8.07;140;94;281;235;76.4525993883792;0.0;-5.076
8.08;141;95;280;234;76.4525993883792;0.0;-5.004
8.09;141;95;280;234;76.4525993883792;0.0;-5.004
8.1;141;95;280;234;76.4525993883792;0.0;-5.004
8.11;141;95;280;234;76.4525993883792;0.0;-5.004
8.12;141;95;280;234;76.4525993883792;0.0;-5.004
8.13;141;96;280;234;76.55453618756371;0.017976033;-4.979361
8.14;141;96;280;234;76.55453618756371;0.017976033;-4.979361
8.15;141;96;280;233;76.4525993883792;0.036;-4.968
8.16;141;96;279;233;76.3506625891947;0.018024033;-4.956609
8.17;141;96;279;233;76.3506625891947;0.018024033;-4.956609
8.18;142;97;279;233;76.55453618756371;0.017976033;-4.907457
8.19;142;97;278;233;76.4525993883792;0.0;-4.896
8.2;142;97;278;233;76.4525993883792;0.0;-4.896
8.21;142;97;278;233;76.4525993883792;0.0;-4.896
8.22;142;97;278;233;76.4525993883792;0.0;-4.896
8.23;142;97;277;233;76.3506625891947;-0.018024033;-4.884513
8.24;143;97;277;233;76.4525993883792;-0.036;-4.86
8.25;143;97;277;233;76.4525993883792;-0.036;-4.86
8.26;143;97;277;233;76.4525993883792;-0.036;-4.86
8.27;143;97;276;233;76.3506625891947;-0.054072097;-4.8484645
8.28;143;97;276;233;76.3506625891947;-0.054072097;-4.8484645
8.29;144;98;276;233;76.55453618756371;-0.053928096;-4.7996006
8.3;144;98;276;233;76.55453618756371;-0.053928096;-4.7996006
8.31;144;98;276;233;76.55453618756371;-0.053928096;-4.7996006
8.32;144;98;275;233;76.4525993883792;-0.072;-4.788
8.33;144;98;275;233;76.4525993883792;-0.072;-4.788
8.34;144;98;275;233;76.4525993883792;-0.072;-4.788
8.35;145;98;275;233;76.55453618756371;-0.08988016;-4.7636485
8.36;145;98;274;233;76.4525993883792;-0.108;-4.752
8.37;145;98;274;233;76.4525993883792;-0.108;-4.752
8.38;145;98;274;233;76.4525993883792;-0.108;-4.752
8.39;145;98;275;233;76.55453618756371;-0.08988016;-4.7636485
8.4;145;98;275;232;76.4525993883792;-0.072;-4.752
8.41;145;98;275;232;76.4525993883792;-0.072;-4.752
8.42;145;98;275;232;76.4525993883792;-0.072;-4.752
8.43;145;98;275;232;76.4525993883792;-0.072;-4.752
8.44;144;98;275;232;76.3506625891947;-0.054072097;-4.7763686
8.45;144;98;275;232;76.3506625891947;-0.054072097;-4.7763686
8.46;144;98;275;232;76.3506625891947;-0.054072097;-4.7763686
8.47;144;98;275;232;76.3506625891947;-0.054072097;-4.7763686
8.48;144;98;275;232;76.3506625891947;-0.054072097;-4.7763686
8.49;144;98;276;233;76.55453618756371;-0.053928096;-4.7996006
8.5;144;98;276;233;76.55453618756371;-0.053928096;-4.7996006
8.51;144;98;276;233;76.55453618756371;-0.053928096;-4.7996006
8.52;144;98;276;233;76.55453618756371;-0.053928096;-4.7996006
8.53;144;98;276;233;76.55453618756371;-0.053928096;-4.7996006
8.54;144;98;276;233;76.55453618756371;-0.053928096;-4.7996006
8.55;144;98;276;233;76.55453618756371;-0.053928096;-4.7996006
8.56;144;98;276;233;76.55453618756371;-0.053928096;-4.7996006
8.57;144;98;276;233;76.55453618756371;-0.053928096;-4.7996006
8.58;144;98;276;233;76.55453618756371;-0.053928096;-4.7996006
8.59;144;98;276;233;76.55453618756371;-0.053928096;-4.7996006
8.6;144;98;276;233;76.55453618756371;-0.053928096;-4.7996006
8.61;144;98;276;233;76.55453618756371;-0.053928096;-4.7996006
8.62;144;98;275;233;76.4525993883792;-0.072;-4.788
8.63;144;98;275;233;76.4525993883792;-0.072;-4.788
8.64;144;98;275;233;76.4525993883792;-0.072;-4.788
8.65;144;98;275;233;76.4525993883792;-0.072;-4.788
8.66;144;98;275;233;76.4525993883792;-0.072;-4.788
8.67;144;98;275;233;76.4525993883792;-0.072;-4.788
8.68;144;98;275;233;76.4525993883792;-0.072;-4.788
8.69;144;98;275;233;76.4525993883792;-0.072;-4.788
8.7;144;98;275;233;76.4525993883792;-0.072;-4.788
8.71;145;98;275;233;76.55453618756371;-0.08988016;-4.7636485
8.72;145;98;275;233;76.55453618756371;-0.08988016;-4.7636485
8.73;145;98;274;233;76.4525993883792;-0.108;-4.752
8.74;145;98;274;233;76.4525993883792;-0.108;-4.752
8.75;145;98;274;233;76.4525993883792;-0.108;-4.752
8.76;145;98;274;233;76.4525993883792;-0.108;-4.752
8.77;145;98;274;233;76.4525993883792;-0.108;-4.752
8.78;144;98;274;233;76.3506625891947;-0.09012016;-4.7763686
8.79;144;98;274;233;76.3506625891947;-0.09012016;-4.7763686
8.8;144;98;274;233;76.3506625891947;-0.09012016;-4.7763686
8.81;144;98;274;233;76.3506625891947;-0.09012016;-4.7763686
8.82;145;98;274;233;76.4525993883792;-0.108;-4.752
8.83;145;98;275;233;76.55453618756371;-0.08988016;-4.7636485
8.84;145;98;275;233;76.55453618756371;-0.08988016;-4.7636485
8.85;145;98;275;233;76.55453618756371;-0.08988016;-4.7636485
8.86;145;98;275;233;76.55453618756371;-0.08988016;-4.7636485
8.87;145;98;274;233;76.4525993883792;-0.108;-4.752
8.88;145;98;274;233;76.4525993883792;-0.108;-4.752
8.89;145;98;274;233;76.4525993883792;-0.108;-4.752
8.9;144;98;274;233;76.3506625891947;-0.09012016;-4.7763686
8.91;144;98;274;233;76.3506625891947;-0.09012016;-4.7763686
8.92;144;98;275;233;76.4525993883792;-0.072;-4.788
8.93;144;98;275;233;76.4525993883792;-0.072;-4.788
8.94;144;98;275;233;76.4525993883792;-0.072;-4.788
8.95;144;98;275;233;76.4525993883792;-0.072;-4.788
8.96;144;98;275;233;76.4525993883792;-0.072;-4.788
8.97;144;98;275;233;76.4525993883792;-0.072;-4.788
8.98;144;97;275;233;76.3506625891947;-0.09012016;-4.8124166
8.99;144;97;275;233;76.3506625891947;-0.09012016;-4.8124166
9.0;144;97;275;233;76.3506625891947;-0.09012016;-4.8124166
9.01;144;97;275;233;76.3506625891947;-0.09012016;-4.8124166
9.02;144;97;275;234;76.4525993883792;-0.108;-4.824
9.03;144;97;275;234;76.4525993883792;-0.108;-4.824
9.04;144;97;275;234;76.4525993883792;-0.108;-4.824
9.05;144;97;275;234;76.4525993883792;-0.108;-4.824
9.06;144;97;275;234;76.4525993883792;-0.108;-4.824
9.07;144;97;275;234;76.4525993883792;-0.108;-4.824
9.08;144;97;275;235;76.55453618756371;-0.12583223;-4.8355527
9.09;144;96;275;235;76.4525993883792;-0.144;-4.86
9.1;144;96;275;235;76.4525993883792;-0.144;-4.86
9.11;144;96;275;235;76.4525993883792;-0.144;-4.86
9.12;144;96;275;235;76.4525993883792;-0.144;-4.86
9.13;144;95;275;236;76.4525993883792;-0.18;-4.896
9.14;144;95;275;236;76.4525993883792;-0.18;-4.896
9.15;144;95;275;236;76.4525993883792;-0.18;-4.896
9.16;144;94;275;237;76.4525993883792;-0.216;-4.932
9.17;144;94;275;237;76.4525993883792;-0.216;-4.932
9.18;144;93;275;238;76.4525993883792;-0.252;-4.968
9.19;144;93;275;238;76.4525993883792;-0.252;-4.968
9.2;144;93;275;238;76.4525993883792;-0.252;-4.968
9.21;144;92;275;239;76.4525993883792;-0.288;-5.004
9.22;143;92;276;239;76.4525993883792;-0.252;-5.04
9.23;143;91;276;239;76.3506625891947;-0.27036047;-5.064753
9.24;143;91;276;240;76.4525993883792;-0.288;-5.076
9.25;143;91;276;240;76.4525993883792;-0.288;-5.076
9.26;143;90;276;240;76.3506625891947;-0.30640855;-5.100801
9.27;143;90;276;241;76.4525993883792;-0.324;-5.112
9.28;143;90;276;241;76.4525993883792;-0.324;-5.112
9.29;143;90;276;241;76.4525993883792;-0.324;-5.112
9.3;143;90;276;242;76.55453618756371;-0.3415446;-5.123169
9.31;143;89;276;242;76.4525993883792;-0.36;-5.148
9.32;143;89;276;242;76.4525993883792;-0.36;-5.148
9.33;143;89;276;242;76.4525993883792;-0.36;-5.148
9.34;143;89;276;242;76.4525993883792;-0.36;-5.148
9.35;143;89;276;242;76.4525993883792;-0.36;-5.148
9.36;143;89;276;242;76.4525993883792;-0.36;-5.148
9.37;143;89;276;242;76.4525993883792;-0.36;-5.148
9.38;142;89;276;242;76.3506625891947;-0.3424566;-5.1728973
9.39;142;89;276;242;76.3506625891947;-0.3424566;-5.1728973
9.4;142;89;277;242;76.4525993883792;-0.324;-5.184
9.41;142;89;277;242;76.4525993883792;-0.324;-5.184
9.42;142;89;277;242;76.4525993883792;-0.324;-5.184
9.43;142;89;277;242;76.4525993883792;-0.324;-5.184
9.44;142;89;277;242;76.4525993883792;-0.324;-5.184
9.45;142;89;277;242;76.4525993883792;-0.324;-5.184
9.46;142;89;277;242;76.4525993883792;-0.324;-5.184
9.47;142;89;277;242;76.4525993883792;-0.324;-5.184
9.48;142;89;277;242;76.4525993883792;-0.324;-5.184
9.49;142;89;277;242;76.4525993883792;-0.324;-5.184
9.5;142;89;277;242;76.4525993883792;-0.324;-5.184
9.51;142;89;277;242;76.4525993883792;-0.324;-5.184
9.52;142;89;277;242;76.4525993883792;-0.324;-5.184
9.53;142;89;277;241;76.3506625891947;-0.30640855;-5.1728973
9.54;142;89;277;241;76.3506625891947;-0.30640855;-5.1728973
9.55;142;89;277;241;76.3506625891947;-0.30640855;-5.1728973
9.56;142;90;277;241;76.4525993883792;-0.288;-5.148
9.57;142;90;277;241;76.4525993883792;-0.288;-5.148
9.58;142;90;277;241;76.4525993883792;-0.288;-5.148
9.59;142;90;277;241;76.4525993883792;-0.288;-5.148
9.6;142;90;277;241;76.4525993883792;-0.288;-5.148
9.61;142;90;278;240;76.4525993883792;-0.252;-5.148
9.62;141;90;278;240;76.3506625891947;-0.23431242;-5.1728973
9.63;141;90;278;240;76.3506625891947;-0.23431242;-5.1728973
9.64;141;90;278;240;76.3506625891947;-0.23431242;-5.1728973
9.65;141;91;279;240;76.55453618756371;-0.19773635;-5.159121
9.66;141;91;279;240;76.55453618756371;-0.19773635;-5.159121
9.67;141;91;279;239;76.4525993883792;-0.18;-5.148
9.68;141;91;279;239;76.4525993883792;-0.18;-5.148
9.69;141;91;279;239;76.4525993883792;-0.18;-5.148
9.7;141;91;279;239;76.4525993883792;-0.18;-5.148
9.71;140;91;280;238;76.3506625891947;-0.12616822;-5.1728973
9.72;140;91;280;238;76.3506625891947;-0.12616822;-5.1728973
9.73;140;91;280;238;76.3506625891947;-0.12616822;-5.1728973
9.74;140;91;280;238;76.3506625891947;-0.12616822;-5.1728973
9.75;140;91;280;238;76.3506625891947;-0.12616822;-5.1728973
9.76;140;91;281;238;76.4525993883792;-0.108;-5.184
9.77;140;91;281;237;76.3506625891947;-0.09012016;-5.1728973
9.78;140;91;281;237;76.3506625891947;-0.09012016;-5.1728973
9.79;140;91;281;237;76.3506625891947;-0.09012016;-5.1728973
9.8;140;91;282;237;76.4525993883792;-0.072;-5.184
9.81;139;91;282;237;76.3506625891947;-0.054072097;-5.2089453
9.82;139;91;282;237;76.3506625891947;-0.054072097;-5.2089453
9.83;139;91;283;237;76.4525993883792;-0.036;-5.22
9.84;139;91;283;237;76.4525993883792;-0.036;-5.22
9.85;139;91;283;237;76.4525993883792;-0.036;-5.22
9.86;139;91;283;237;76.4525993883792;-0.036;-5.22
9.87;138;91;283;237;76.3506625891947;-0.018024033;-5.244993
9.88;138;91;284;237;76.4525993883792;0.0;-5.256
9.89;138;91;284;237;76.4525993883792;0.0;-5.256
9.9;138;91;284;237;76.4525993883792;0.0;-5.256
9.91;138;91;285;237;76.55453618756371;0.017976033;-5.2669773
9.92;138;91;285;236;76.4525993883792;0.036;-5.256
9.93;138;91;285;236;76.4525993883792;0.036;-5.256
9.94;137;91;285;236;76.3506625891947;0.054072097;-5.2810416
9.95;137;91;286;236;76.4525993883792;0.072;-5.292
9.96;137;91;286;236;76.4525993883792;0.072;-5.292
9.97;137;91;286;236;76.4525993883792;0.072;-5.292
9.98;137;91;286;236;76.4525993883792;0.072;-5.292
9.99;137;90;286;236;76.3506625891947;0.054072097;-5.3170896
10.0;137;90;286;236;76.3506625891947;0.054072097;-5.3170896
10.01;137;90;287;236;76.4525993883792;0.072;-5.328
10.02;137;90;287;236;76.4525993883792;0.072;-5.328
10.03;137;90;287;236;76.4525993883792;0.072;-5.328
10.04;137;90;287;236;76.4525993883792;0.072;-5.328
10.05;136;90;287;236;76.3506625891947;0.09012016;-5.3531375
10.06;136;90;287;236;76.3506625891947;0.09012016;-5.3531375
10.07;136;89;287;237;76.3506625891947;0.054072097;-5.3891854
10.08;136;89;288;237;76.4525993883792;0.072;-5.4
10.09;136;89;288;237;76.4525993883792;0.072;-5.4
10.1;136;89;288;237;76.4525993883792;0.072;-5.4
10.11;136;89;288;237;76.4525993883792;0.072;-5.4
10.12;136;89;288;237;76.4525993883792;0.072;-5.4
10.13;136;89;288;237;76.4525993883792;0.072;-5.4
10.14;136;89;287;237;76.3506625891947;0.054072097;-5.3891854
10.15;136;89;287;237;76.3506625891947;0.054072097;-5.3891854
10.16;136;89;287;237;76.3506625891947;0.054072097;-5.3891854
10.17;136;89;287;237;76.3506625891947;0.054072097;-5.3891854
10.18;136;90;287;237;76.4525993883792;0.072;-5.364
10.19;137;90;287;237;76.55453618756371;0.053928096;-5.3388815
10.2;137;90;286;237;76.4525993883792;0.036;-5.328
10.21;137;90;286;237;76.4525993883792;0.036;-5.328
10.22;137;90;286;237;76.4525993883792;0.036;-5.328
10.23;137;90;286;236;76.3506625891947;0.054072097;-5.3170896
10.24;137;90;286;236;76.3506625891947;0.054072097;-5.3170896
10.25;137;90;285;236;76.24872579001018;0.036096256;-5.30615
10.26;137;90;285;236;76.24872579001018;0.036096256;-5.30615
10.27;138;91;285;236;76.4525993883792;0.036;-5.256
10.28;138;91;285;236;76.4525993883792;0.036;-5.256
10.29;138;91;285;236;76.4525993883792;0.036;-5.256
10.3;138;91;285;236;76.4525993883792;0.036;-5.256
10.31;138;91;285;236;76.4525993883792;0.036;-5.256
10.32;138;91;284;236;76.3506625891947;0.018024033;-5.244993
10.33;138;91;284;236;76.3506625891947;0.018024033;-5.244993
10.34;138;91;284;236;76.3506625891947;0.018024033;-5.244993
10.35;138;91;284;236;76.3506625891947;0.018024033;-5.244993
10.36;138;92;284;236;76.4525993883792;0.036;-5.22
10.37;139;92;284;235;76.4525993883792;0.036;-5.184
10.38;139;92;284;235;76.4525993883792;0.036;-5.184
10.39;139;92;284;235;76.4525993883792;0.036;-5.184
10.4;139;92;284;235;76.4525993883792;0.036;-5.184
10.41;139;92;284;235;76.4525993883792;0.036;-5.184
10.42;139;92;284;235;76.4525993883792;0.036;-5.184
10.43;139;92;284;235;76.4525993883792;0.036;-5.184
10.44;139;92;284;235;76.4525993883792;0.036;-5.184
10.45;139;92;284;234;76.3506625891947;0.054072097;-5.1728973
10.46;138;92;284;234;76.24872579001018;0.07219251;-5.197861
10.47;138;92;284;234;76.24872579001018;0.07219251;-5.197861
10.48;139;92;284;234;76.3506625891947;0.054072097;-5.1728973
10.49;139;92;284;234;76.3506625891947;0.054072097;-5.1728973
10.5;139;92;284;234;76.3506625891947;0.054072097;-5.1728973
10.51;139;92;284;234;76.3506625891947;0.054072097;-5.1728973
10.52;139;92;284;234;76.3506625891947;0.054072097;-5.1728973
10.53;139;93;284;234;76.4525993883792;0.072;-5.148
10.54;139;93;285;234;76.55453618756371;0.08988016;-5.159121
10.55;139;93;285;234;76.55453618756371;0.08988016;-5.159121
10.56;139;93;285;234;76.55453618756371;0.08988016;-5.159121
10.57;139;93;284;234;76.4525993883792;0.072;-5.148
10.58;139;93;284;234;76.4525993883792;0.072;-5.148
10.59;139;93;284;234;76.4525993883792;0.072;-5.148
10.6;139;93;284;233;76.3506625891947;0.09012016;-5.136849
10.61;139;93;284;233;76.3506625891947;0.09012016;-5.136849
10.62;139;93;284;233;76.3506625891947;0.09012016;-5.136849
10.63;139;93;284;233;76.3506625891947;0.09012016;-5.136849
10.64;139;93;284;233;76.3506625891947;0.09012016;-5.136849
10.65;139;93;284;233;76.3506625891947;0.09012016;-5.136849
10.66;139;93;284;233;76.3506625891947;0.09012016;-5.136849
10.67;139;94;284;233;76.4525993883792;0.108;-5.112
10.68;139;94;284;233;76.4525993883792;0.108;-5.112
10.69;139;94;284;233;76.4525993883792;0.108;-5.112
10.7;139;94;284;233;76.4525993883792;0.108;-5.112
10.71;139;94;284;233;76.4525993883792;0.108;-5.112
10.72;139;94;284;233;76.4525993883792;0.108;-5.112
10.73;139;94;284;233;76.4525993883792;0.108;-5.112
10.74;139;94;284;233;76.4525993883792;0.108;-5.112
10.75;139;94;284;233;76.4525993883792;0.108;-5.112
10.76;139;94;284;233;76.4525993883792;0.108;-5.112
10.77;139;93;284;233;76.3506625891947;0.09012016;-5.136849
10.78;139;93;284;233;76.3506625891947;0.09012016;-5.136849
10.79;139;93;284;233;76.3506625891947;0.09012016;-5.136849
10.8;139;93;284;233;76.3506625891947;0.09012016;-5.136849
10.81;139;93;284;233;76.3506625891947;0.09012016;-5.136849
10.82;139;93;284;233;76.3506625891947;0.09012016;-5.136849
10.83;139;93;284;233;76.3506625891947;0.09012016;-5.136849
10.84;139;93;284;233;76.3506625891947;0.09012016;-5.136849
10.85;139;93;284;233;76.3506625891947;0.09012016;-5.136849
10.86;139;93;284;233;76.3506625891947;0.09012016;-5.136849
10.87;139;93;284;233;76.3506625891947;0.09012016;-5.136849
10.88;139;93;284;234;76.4525993883792;0.072;-5.148
10.89;139;93;284;234;76.4525993883792;0.072;-5.148
10.9;139;93;284;234;76.4525993883792;0.072;-5.148
10.91;139;93;284;234;76.4525993883792;0.072;-5.148
10.92;139;93;284;234;76.4525993883792;0.072;-5.148
10.93;139;93;284;234;76.4525993883792;0.072;-5.148
10.94;139;93;284;234;76.4525993883792;0.072;-5.148
10.95;139;93;284;234;76.4525993883792;0.072;-5.148
10.96;139;93;284;234;76.4525993883792;0.072;-5.148
10.97;139;93;284;234;76.4525993883792;0.072;-5.148
10.98;139;93;284;234;76.4525993883792;0.072;-5.148
10.99;139;93;284;234;76.4525993883792;0.072;-5.148
11.0;139;93;284;234;76.4525993883792;0.072;-5.148
11.01;139;93;284;234;76.4525993883792;0.072;-5.148
11.02;139;93;285;234;76.55453618756371;0.08988016;-5.159121
11.03;138;92;285;234;76.3506625891947;0.09012016;-5.2089453
11.04;138;92;285;234;76.3506625891947;0.09012016;-5.2089453
11.05;138;92;285;234;76.3506625891947;0.09012016;-5.2089453
11.06;138;92;285;234;76.3506625891947;0.09012016;-5.2089453
11.07;138;92;285;234;76.3506625891947;0.09012016;-5.2089453
11.08;138;92;286;234;76.4525993883792;0.108;-5.22
11.09;138;92;286;234;76.4525993883792;0.108;-5.22
11.1;138;92;286;235;76.55453618756371;0.08988016;-5.231025
11.11;138;92;286;235;76.55453618756371;0.08988016;-5.231025
11.12;137;91;286;235;76.3506625891947;0.09012016;-5.2810416
11.13;137;91;286;235;76.3506625891947;0.09012016;-5.2810416
11.14;137;91;287;235;76.4525993883792;0.108;-5.292
11.15;137;91;287;235;76.4525993883792;0.108;-5.292
11.16;137;91;287;235;76.4525993883792;0.108;-5.292
11.17;136;90;287;235;76.24872579001018;0.10828877;-5.342246
11.18;136;90;287;235;76.24872579001018;0.10828877;-5.342246
11.19;136;90;288;235;76.3506625891947;0.12616822;-5.3531375
11.2;136;90;288;235;76.3506625891947;0.12616822;-5.3531375
11.21;136;89;288;235;76.24872579001018;0.10828877;-5.378342
11.22;136;89;289;235;76.3506625891947;0.12616822;-5.3891854
11.23;136;89;289;235;76.3506625891947;0.12616822;-5.3891854
11.24;135;89;290;235;76.3506625891947;0.16221629;-5.425234
11.25;135;89;290;236;76.4525993883792;0.144;-5.436
11.26;135;88;290;236;76.3506625891947;0.12616822;-5.461282
11.27;135;88;291;236;76.4525993883792;0.144;-5.472
11.28;135;88;291;236;76.4525993883792;0.144;-5.472
11.29;135;88;292;236;76.55453618756371;0.16178429;-5.48269
11.3;135;88;292;236;76.55453618756371;0.16178429;-5.48269
11.31;135;87;293;235;76.4525993883792;0.18;-5.508
11.32;134;87;293;235;76.3506625891947;0.19826435;-5.5333776
11.33;134;87;293;235;76.3506625891947;0.19826435;-5.5333776
11.34;134;86;293;235;76.24872579001018;0.18048128;-5.5588236
11.35;134;86;294;235;76.3506625891947;0.19826435;-5.569426
11.36;134;86;294;235;76.3506625891947;0.19826435;-5.569426
11.37;134;86;294;235;76.3506625891947;0.19826435;-5.569426
11.38;134;85;294;236;76.3506625891947;0.16221629;-5.605474
11.39;133;85;295;236;76.3506625891947;0.19826435;-5.641522
11.4;133;85;295;236;76.3506625891947;0.19826435;-5.641522
11.41;133;84;295;236;76.24872579001018;0.18048128;-5.6671124
11.42;133;84;295;236;76.24872579001018;0.18048128;-5.6671124
11.43;133;84;296;236;76.3506625891947;0.19826435;-5.67757
11.44;133;84;296;237;76.4525993883792;0.18;-5.688
11.45;133;84;296;237;76.4525993883792;0.18;-5.688
11.46;133;84;296;237;76.4525993883792;0.18;-5.688
11.47;133;84;296;237;76.4525993883792;0.18;-5.688
11.48;133;84;295;237;76.3506625891947;0.16221629;-5.67757
11.49;134;83;295;237;76.3506625891947;0.12616822;-5.67757
11.5;134;83;295;237;76.3506625891947;0.12616822;-5.67757
11.51;134;83;295;237;76.3506625891947;0.12616822;-5.67757
11.52;134;83;295;237;76.3506625891947;0.12616822;-5.67757
11.53;134;83;295;237;76.3506625891947;0.12616822;-5.67757
11.54;134;83;295;237;76.3506625891947;0.12616822;-5.67757
11.55;134;83;295;237;76.3506625891947;0.12616822;-5.67757
11.56;134;83;295;237;76.3506625891947;0.12616822;-5.67757
11.57;134;83;295;238;76.4525993883792;0.108;-5.688
11.58;134;84;294;238;76.4525993883792;0.108;-5.652
11.59;135;84;294;238;76.55453618756371;0.08988016;-5.626498
11.6;135;84;294;238;76.55453618756371;0.08988016;-5.626498
11.61;135;84;294;238;76.55453618756371;0.08988016;-5.626498
11.62;135;84;294;238;76.55453618756371;0.08988016;-5.626498
11.63;135;84;294;238;76.55453618756371;0.08988016;-5.626498
11.64;135;84;293;238;76.4525993883792;0.072;-5.616
11.65;135;84;293;238;76.4525993883792;0.072;-5.616
11.66;135;84;293;238;76.4525993883792;0.072;-5.616
11.67;135;84;293;238;76.4525993883792;0.072;-5.616
11.68;135;84;292;238;76.3506625891947;0.054072097;-5.605474
11.69;136;85;292;237;76.4525993883792;0.072;-5.544
11.7;136;85;292;237;76.4525993883792;0.072;-5.544
11.71;136;85;292;237;76.4525993883792;0.072;-5.544
11.72;136;85;291;237;76.3506625891947;0.054072097;-5.5333776
11.73;136;85;291;237;76.3506625891947;0.054072097;-5.5333776
11.74;136;86;291;237;76.4525993883792;0.072;-5.508
11.75;136;86;290;237;76.3506625891947;0.054072097;-5.4973297
11.76;137;86;290;237;76.4525993883792;0.036;-5.472
11.77;137;87;290;237;76.55453618756371;0.053928096;-5.446738
11.78;137;87;289;237;76.4525993883792;0.036;-5.436
11.79;137;87;289;236;76.3506625891947;0.054072097;-5.425234
11.8;137;88;289;236;76.4525993883792;0.072;-5.4
11.81;137;88;289;236;76.4525993883792;0.072;-5.4
11.82;137;88;288;236;76.3506625891947;0.054072097;-5.3891854
11.83;137;88;288;236;76.3506625891947;0.054072097;-5.3891854
11.84;137;89;288;236;76.4525993883792;0.072;-5.364
11.85;137;89;288;236;76.4525993883792;0.072;-5.364
11.86;137;89;288;235;76.3506625891947;0.09012016;-5.3531375
11.87;137;89;288;235;76.3506625891947;0.09012016;-5.3531375
11.88;138;90;288;235;76.55453618756371;0.08988016;-5.3029294
11.89;138;90;288;235;76.55453618756371;0.08988016;-5.3029294
11.9;138;90;288;235;76.55453618756371;0.08988016;-5.3029294
11.91;138;90;287;235;76.4525993883792;0.072;-5.292
11.92;138;91;287;235;76.55453618756371;0.08988016;-5.2669773
11.93;138;91;287;235;76.55453618756371;0.08988016;-5.2669773
11.94;138;91;287;234;76.4525993883792;0.108;-5.256
11.95;138;91;287;234;76.4525993883792;0.108;-5.256
11.96;138;91;286;234;76.3506625891947;0.09012016;-5.244993
11.97;138;91;286;234;76.3506625891947;0.09012016;-5.244993
11.98;138;92;286;233;76.3506625891947;0.12616822;-5.2089453
11.99;138;92;286;233;76.3506625891947;0.12616822;-5.2089453
12.0;138;92;285;233;76.24872579001018;0.10828877;-5.197861
12.01;138;92;285;233;76.24872579001018;0.10828877;-5.197861
12.02;138;92;285;233;76.24872579001018;0.10828877;-5.197861
12.03;138;93;285;233;76.3506625891947;0.12616822;-5.1728973
12.04;138;93;285;233;76.3506625891947;0.12616822;-5.1728973
12.05;139;93;285;233;76.4525993883792;0.108;-5.148
12.06;139;93;285;233;76.4525993883792;0.108;-5.148
12.07;139;93;284;233;76.3506625891947;0.09012016;-5.136849
12.08;139;93;284;233;76.3506625891947;0.09012016;-5.136849
12.09;139;94;284;233;76.4525993883792;0.108;-5.112
12.1;139;94;284;233;76.4525993883792;0.108;-5.112
12.11;139;94;284;233;76.4525993883792;0.108;-5.112
12.12;139;94;284;233;76.4525993883792;0.108;-5.112
12.13;139;94;284;233;76.4525993883792;0.108;-5.112
12.14;139;94;284;233;76.4525993883792;0.108;-5.112
12.15;139;94;284;233;76.4525993883792;0.108;-5.112
12.16;139;94;284;232;76.3506625891947;0.12616822;-5.100801
12.17;139;94;284;232;76.3506625891947;0.12616822;-5.100801
12.18;139;94;284;232;76.3506625891947;0.12616822;-5.100801
12.19;139;94;284;232;76.3506625891947;0.12616822;-5.100801
12.2;139;94;284;232;76.3506625891947;0.12616822;-5.100801
12.21;139;94;284;232;76.3506625891947;0.12616822;-5.100801
12.22;139;94;284;232;76.3506625891947;0.12616822;-5.100801
12.23;139;94;284;232;76.3506625891947;0.12616822;-5.100801
12.24;139;94;284;232;76.3506625891947;0.12616822;-5.100801
12.25;139;94;285;232;76.4525993883792;0.144;-5.112
12.26;139;95;285;232;76.55453618756371;0.16178429;-5.087217
12.27;139;95;285;232;76.55453618756371;0.16178429;-5.087217
12.28;139;95;285;231;76.4525993883792;0.18;-5.076
12.29;139;95;285;231;76.4525993883792;0.18;-5.076
12.3;139;95;285;231;76.4525993883792;0.18;-5.076
12.31;139;95;285;231;76.4525993883792;0.18;-5.076
12.32;139;95;285;231;76.4525993883792;0.18;-5.076
12.33;139;95;285;231;76.4525993883792;0.18;-5.076
12.34;139;95;285;231;76.4525993883792;0.18;-5.076
12.35;139;95;285;231;76.4525993883792;0.18;-5.076
12.36;139;95;285;231;76.4525993883792;0.18;-5.076
12.37;139;95;285;231;76.4525993883792;0.18;-5.076
12.38;139;95;285;231;76.4525993883792;0.18;-5.076
12.39;139;95;285;231;76.4525993883792;0.18;-5.076
12.4;139;95;285;231;76.4525993883792;0.18;-5.076
12.41;139;95;285;231;76.4525993883792;0.18;-5.076
12.42;139;95;285;231;76.4525993883792;0.18;-5.076
12.43;139;95;285;231;76.4525993883792;0.18;-5.076
12.44;139;95;285;231;76.4525993883792;0.18;-5.076
12.45;139;95;284;231;76.3506625891947;0.16221629;-5.064753
12.46;139;96;284;231;76.4525993883792;0.18;-5.04
12.47;139;96;284;231;76.4525993883792;0.18;-5.04
12.48;139;96;284;231;76.4525993883792;0.18;-5.04
12.49;140;96;284;230;76.4525993883792;0.18;-5.004
12.5;140;96;284;230;76.4525993883792;0.18;-5.004
12.51;140;97;283;230;76.4525993883792;0.18;-4.968
12.52;140;97;283;230;76.4525993883792;0.18;-4.968
12.53;140;97;283;230;76.4525993883792;0.18;-4.968
12.54;140;98;283;230;76.55453618756371;0.19773635;-4.943409
12.55;141;98;282;230;76.55453618756371;0.16178429;-4.907457
12.56;141;98;282;230;76.55453618756371;0.16178429;-4.907457
12.57;141;99;282;230;76.65647298674821;0.17952128;-4.882979
12.58;141;99;281;229;76.4525993883792;0.18;-4.86
12.59;141;99;281;229;76.4525993883792;0.18;-4.86
12.6;141;99;280;229;76.3506625891947;0.16221629;-4.8484645
12.61;141;99;280;229;76.3506625891947;0.16221629;-4.8484645
12.62;142;100;280;228;76.4525993883792;0.18;-4.788
12.63;142;100;279;228;76.3506625891947;0.16221629;-4.7763686
12.64;142;100;279;228;76.3506625891947;0.16221629;-4.7763686
12.65;142;100;279;228;76.3506625891947;0.16221629;-4.7763686
12.66;142;101;279;228;76.4525993883792;0.18;-4.752
12.67;142;101;279;228;76.4525993883792;0.18;-4.752
12.68;142;101;279;228;76.4525993883792;0.18;-4.752
12.69;142;101;279;228;76.4525993883792;0.18;-4.752
12.7;143;101;279;228;76.55453618756371;0.16178429;-4.7276964
12.71;143;101;279;228;76.55453618756371;0.16178429;-4.7276964
12.72;143;101;279;228;76.55453618756371;0.16178429;-4.7276964
12.73;143;102;279;228;76.65647298674821;0.17952128;-4.7034574
12.74;143;102;278;228;76.55453618756371;0.16178429;-4.6917443
12.75;143;102;278;228;76.55453618756371;0.16178429;-4.6917443
12.76;143;102;278;228;76.55453618756371;0.16178429;-4.6917443
12.77;143;102;278;227;76.4525993883792;0.18;-4.68
12.78;143;102;278;227;76.4525993883792;0.18;-4.68
12.79;143;102;277;227;76.3506625891947;0.16221629;-4.6682243
12.8;143;102;277;227;76.3506625891947;0.16221629;-4.6682243
12.81;143;102;277;227;76.3506625891947;0.16221629;-4.6682243
12.82;143;102;277;227;76.3506625891947;0.16221629;-4.6682243
12.83;143;102;277;227;76.3506625891947;0.16221629;-4.6682243
12.84;143;102;277;227;76.3506625891947;0.16221629;-4.6682243
12.85;143;102;277;227;76.3506625891947;0.16221629;-4.6682243
12.86;144;102;277;227;76.4525993883792;0.144;-4.644
12.87;144;103;276;227;76.4525993883792;0.144;-4.608
12.88;144;103;276;227;76.4525993883792;0.144;-4.608
12.89;144;103;276;227;76.4525993883792;0.144;-4.608
12.9;144;103;276;227;76.4525993883792;0.144;-4.608
12.91;144;103;276;228;76.55453618756371;0.12583223;-4.61984
12.92;144;103;276;228;76.55453618756371;0.12583223;-4.61984
12.93;145;103;276;228;76.65647298674821;0.10771277;-4.5957446
12.94;145;103;275;228;76.55453618756371;0.08988016;-4.583888
12.95;145;103;275;228;76.55453618756371;0.08988016;-4.583888
12.96;145;103;275;228;76.55453618756371;0.08988016;-4.583888
12.97;145;103;274;228;76.4525993883792;0.072;-4.572
12.98;145;103;274;227;76.3506625891947;0.09012016;-4.56008
12.99;145;103;274;227;76.3506625891947;0.09012016;-4.56008
13.0;145;103;274;227;76.3506625891947;0.09012016;-4.56008
13.01;145;103;274;227;76.3506625891947;0.09012016;-4.56008
13.02;145;103;274;227;76.3506625891947;0.09012016;-4.56008
13.03;145;103;274;228;76.4525993883792;0.072;-4.572
13.04;145;103;274;228;76.4525993883792;0.072;-4.572
13.05;137;82;285;246;76.4525993883792;-0.288;-5.616
13.06;137;82;285;246;76.4525993883792;-0.288;-5.616
13.07;137;82;285;246;76.4525993883792;-0.288;-5.616
13.08;137;82;285;246;76.4525993883792;-0.288;-5.616
13.09;137;82;285;246;76.4525993883792;-0.288;-5.616
13.1;137;82;285;246;76.4525993883792;-0.288;-5.616
13.11;137;82;285;246;76.4525993883792;-0.288;-5.616
13.12;137;82;285;246;76.4525993883792;-0.288;-5.616
13.13;137;82;285;246;76.4525993883792;-0.288;-5.616
13.14;137;82;285;246;76.4525993883792;-0.288;-5.616
13.15;137;82;285;246;76.4525993883792;-0.288;-5.616
13.16;137;82;285;247;76.55453618756371;-0.30559254;-5.626498
13.17;137;82;285;247;76.55453618756371;-0.30559254;-5.626498
13.18;137;82;285;247;76.55453618756371;-0.30559254;-5.626498
13.19;137;82;285;247;76.55453618756371;-0.30559254;-5.626498
13.2;137;82;285;247;76.55453618756371;-0.30559254;-5.626498
13.21;137;81;285;247;76.4525993883792;-0.324;-5.652
13.22;137;81;285;247;76.4525993883792;-0.324;-5.652
13.23;137;81;285;247;76.4525993883792;-0.324;-5.652
13.24;137;81;285;247;76.4525993883792;-0.324;-5.652
13.25;137;81;285;247;76.4525993883792;-0.324;-5.652
13.26;137;81;285;247;76.4525993883792;-0.324;-5.652
13.27;137;81;285;247;76.4525993883792;-0.324;-5.652
13.28;137;81;285;247;76.4525993883792;-0.324;-5.652
13.29;137;82;285;247;76.55453618756371;-0.30559254;-5.626498
13.3;137;82;285;247;76.55453618756371;-0.30559254;-5.626498
13.31;137;82;285;246;76.4525993883792;-0.288;-5.616
13.32;137;82;285;246;76.4525993883792;-0.288;-5.616
13.33;137;82;285;246;76.4525993883792;-0.288;-5.616
13.34;137;82;285;246;76.4525993883792;-0.288;-5.616
13.35;137;82;285;246;76.4525993883792;-0.288;-5.616
13.36;137;83;285;246;76.55453618756371;-0.26964048;-5.590546
13.37;137;83;285;245;76.4525993883792;-0.252;-5.58
13.38;137;83;285;245;76.4525993883792;-0.252;-5.58
13.39;137;83;284;245;76.3506625891947;-0.27036047;-5.569426
13.4;137;83;284;245;76.3506625891947;-0.27036047;-5.569426
13.41;137;83;284;245;76.3506625891947;-0.27036047;-5.569426
13.42;137;84;284;245;76.4525993883792;-0.252;-5.544
13.43;138;84;284;245;76.55453618756371;-0.26964048;-5.518642
13.44;138;84;284;245;76.55453618756371;-0.26964048;-5.518642
13.45;138;84;284;244;76.4525993883792;-0.252;-5.508
13.46;138;84;284;244;76.4525993883792;-0.252;-5.508
13.47;138;84;284;244;76.4525993883792;-0.252;-5.508
13.48;138;84;283;244;76.3506625891947;-0.27036047;-5.4973297
13.49;138;84;283;244;76.3506625891947;-0.27036047;-5.4973297
13.5;138;84;283;244;76.3506625891947;-0.27036047;-5.4973297
13.51;138;84;283;244;76.3506625891947;-0.27036047;-5.4973297
13.52;138;84;283;244;76.3506625891947;-0.27036047;-5.4973297
13.53;138;84;283;244;76.3506625891947;-0.27036047;-5.4973297
13.54;138;84;283;244;76.3506625891947;-0.27036047;-5.4973297
13.55;138;84;283;244;76.3506625891947;-0.27036047;-5.4973297
13.56;138;84;283;245;76.4525993883792;-0.288;-5.508
13.57;138;84;283;245;76.4525993883792;-0.288;-5.508
13.58;138;84;283;245;76.4525993883792;-0.288;-5.508
13.59;138;84;283;245;76.4525993883792;-0.288;-5.508
13.6;138;84;283;245;76.4525993883792;-0.288;-5.508
13.61;139;84;282;245;76.4525993883792;-0.324;-5.472
13.62;139;84;282;245;76.4525993883792;-0.324;-5.472
13.63;139;84;282;245;76.4525993883792;-0.324;-5.472
13.64;139;84;282;245;76.4525993883792;-0.324;-5.472
13.65;139;84;282;245;76.4525993883792;-0.324;-5.472
13.66;139;84;282;245;76.4525993883792;-0.324;-5.472
13.67;139;84;282;245;76.4525993883792;-0.324;-5.472
13.68;139;84;282;245;76.4525993883792;-0.324;-5.472
13.69;139;84;282;244;76.3506625891947;-0.30640855;-5.461282
13.7;139;84;282;244;76.3506625891947;-0.30640855;-5.461282
13.71;139;84;282;244;76.3506625891947;-0.30640855;-5.461282
13.72;138;84;282;244;76.24872579001018;-0.28877005;-5.486631
13.73;138;84;283;244;76.3506625891947;-0.27036047;-5.4973297
13.74;138;84;283;244;76.3506625891947;-0.27036047;-5.4973297
13.75;138;85;283;244;76.4525993883792;-0.252;-5.472
13.76;138;85;283;244;76.4525993883792;-0.252;-5.472
13.77;138;85;283;244;76.4525993883792;-0.252;-5.472
13.78;138;85;283;244;76.4525993883792;-0.252;-5.472
13.79;138;85;283;244;76.4525993883792;-0.252;-5.472
13.8;138;85;284;243;76.4525993883792;-0.216;-5.472
13.81;138;85;284;243;76.4525993883792;-0.216;-5.472
13.82;138;85;284;243;76.4525993883792;-0.216;-5.472
13.83;138;85;284;243;76.4525993883792;-0.216;-5.472
13.84;138;85;284;243;76.4525993883792;-0.216;-5.472
13.85;138;85;284;243;76.4525993883792;-0.216;-5.472
13.86;138;85;284;243;76.4525993883792;-0.216;-5.472
13.87;138;86;284;242;76.4525993883792;-0.18;-5.436
13.88;138;86;285;242;76.55453618756371;-0.16178429;-5.446738
13.89;137;86;285;242;76.4525993883792;-0.144;-5.472
13.9;138;87;285;242;76.65647298674821;-0.14361702;-5.4215426
13.91;138;88;285;241;76.65647298674821;-0.10771277;-5.385638
13.92;138;89;286;240;76.75840978593271;-0.053784862;-5.3605576
13.93;138;90;286;239;76.75840978593271;-0.017928287;-5.3247013
13.94;138;91;286;238;76.75840978593271;0.017928287;-5.2888446
13.95;138;93;286;236;76.75840978593271;0.08964144;-5.2171316
13.96;137;94;285;235;76.55453618756371;0.12583223;-5.195073
13.97;137;96;286;233;76.65647298674821;0.21542554;-5.1343083
13.98;137;98;286;231;76.65647298674821;0.28723404;-5.0625
13.99;137;100;286;229;76.65647298674821;0.35904256;-4.9906917
14.0;137;102;287;226;76.65647298674821;0.46675533;-4.918883
14.01;136;104;287;224;76.55453618756371;0.557257;-4.871505
14.02;136;107;287;222;76.65647298674821;0.6462766;-4.775266
14.03;136;109;288;219;76.65647298674821;0.75398934;-4.7034574
14.04;136;112;289;216;76.75840978593271;0.87848604;-4.6075697
14.05;135;115;289;214;76.75840978593271;0.9860558;-4.5358567
14.06;135;117;290;211;76.75840978593271;1.0936255;-4.4641433
14.07;135;120;290;209;76.86034658511723;1.1816976;-4.3687
14.08;134;122;290;206;76.65647298674821;1.2925532;-4.308511
14.09;134;124;289;204;76.55453618756371;1.3482023;-4.2243676
14.1;133;125;289;202;76.3506625891947;1.4238986;-4.1995993
14.11;133;127;289;199;76.24872579001018;1.5160428;-4.114973
14.12;133;128;289;198;76.24872579001018;1.552139;-4.078877
14.13;132;129;288;196;75.94291539245667;1.6127517;-4.04094
14.14;132;130;288;195;75.94291539245667;1.6489933;-4.004698
14.15;132;130;288;194;75.84097859327217;1.6693548;-3.9919355
14.16;131;131;287;194;75.73904179408767;1.6897712;-3.9791386
14.17;131;131;287;194;75.73904179408767;1.6897712;-3.9791386
14.18;131;132;287;194;75.84097859327217;1.7056452;-3.955645
14.19;131;132;287;194;75.84097859327217;1.7056452;-3.955645
14.2;132;132;287;195;76.04485219164118;1.6648793;-3.9450402
14.21;132;132;287;196;76.14678899082568;1.6445783;-3.9578314
14.22;132;132;287;196;76.14678899082568;1.6445783;-3.9578314
14.23;132;132;286;197;76.14678899082568;1.6084337;-3.9578314
14.24;132;131;286;198;76.14678899082568;1.5722891;-3.9939759
14.25;132;131;285;199;76.14678899082568;1.5361446;-3.9939759
14.26;132;130;285;200;76.14678899082568;1.5;-4.0301204
14.27;132;130;284;201;76.14678899082568;1.4638554;-4.0301204
14.28;133;129;283;203;76.24872579001018;1.3716577;-4.042781
14.29;133;128;282;204;76.14678899082568;1.3192772;-4.066265
14.3;133;127;280;205;75.94291539245667;1.2503356;-4.0771813
14.31;133;126;279;206;75.84097859327217;1.1975807;-4.100806
14.32;134;125;277;208;75.84097859327217;1.0887097;-4.100806
14.33;134;124;275;209;75.63710499490315;1.018868;-4.11186
14.34;134;123;273;210;75.43323139653414;0.94864863;-4.122973
14.35;135;122;271;212;75.43323139653414;0.8391892;-4.122973
14.36;136;121;269;214;75.43323139653414;0.7297297;-4.122973
14.37;136;119;267;217;75.33129459734964;0.6028417;-4.183356
14.38;137;118;264;220;75.33129459734964;0.45669824;-4.183356
14.39;138;116;261;223;75.22935779816514;0.29268292;-4.207317
14.4;139;113;257;227;75.02548419979613;0.07336956;-4.255435
14.41;141;111;253;231;75.02548419979613;-0.14673913;-4.255435
14.42;142;108;248;236;74.82161060142711;-0.40463215;-4.303815
14.43;144;105;243;242;74.82161060142711;-0.69891006;-4.3405995
14.44;146;101;237;248;74.6177370030581;-1.0327868;-4.389344
14.45;148;97;231;255;74.5158002038736;-1.3850889;-4.4507523
14.46;150;93;225;263;74.5158002038736;-1.7544459;-4.524624
14.47;152;88;218;271;74.31192660550458;-2.1666667;-4.611111
14.48;155;82;211;281;74.31192660550458;-2.648148;-4.7222223
14.49;157;76;204;292;74.31192660550458;-3.1296296;-4.8703704
14.5;159;70;197;303;74.31192660550458;-3.6111112;-5.0185184
14.51;161;64;190;315;74.4138634046891;-4.1054792;-5.178082
14.52;163;58;185;328;74.82161060142711;-4.561308;-5.370572
14.53;165;52;180;341;75.22935779816514;-5.012195;-5.5609756
14.54;168;46;177;354;75.94291539245667;-5.418121;-5.744295
14.55;170;42;175;367;76.86034658511723;-5.729443;-5.9084883
14.56;172;38;173;379;77.67584097859327;-6.023622;-6.0590553
14.57;175;34;172;390;78.59327217125382;-6.285992;-6.180934
14.58;177;30;171;399;79.20489296636086;-6.515444;-6.3069496
14.59;179;27;170;407;79.81651376146789;-6.706897;-6.3965516
14.6;181;25;168;413;80.2242609582059;-6.878653;-6.432656
14.61;183;22;167;417;80.42813455657492;-7.0323195;-6.484791
14.62;184;20;165;419;80.32619775739042;-7.1611676;-6.5101523
14.63;185;18;162;420;80.0203873598369;-7.308917;-6.517834
14.64;185;17;160;418;79.51070336391437;-7.373077;-6.5076923
14.65;185;16;158;416;79.00101936799184;-7.4380646;-6.4974194
14.66;185;16;157;413;78.59327217125382;-7.441634;-6.4610896
14.67;184;16;155;409;77.87971457696229;-7.456806;-6.431937
14.68;183;16;154;404;77.16615698267074;-7.4365916;-6.4022455
14.69;182;16;152;400;76.4525993883792;-7.452;-6.372
14.7;181;16;151;395;75.73904179408767;-7.4313593;-6.3411846
14.71;179;16;150;391;75.02548419979613;-7.410326;-6.3464675
14.72;178;16;148;387;74.31192660550458;-7.4259257;-6.314815
14.73;177;16;147;384;73.80224260958205;-7.421271;-6.3024864
14.74;176;15;147;381;73.29255861365952;-7.4165506;-6.327538
14.75;175;15;146;380;72.98674821610601;-7.428771;-6.3351955
14.76;174;15;146;380;72.88481141692151;-7.4202795;-6.362937
14.77;174;15;147;381;73.08868501529052;-7.3995814;-6.3828454
14.78;173;15;148;383;73.29255861365952;-7.3789988;-6.4401946
14.79;173;15;148;385;73.49643221202854;-7.395978;-6.4597783
14.8;173;15;150;388;74.00611620795107;-7.3636365;-6.5082645
14.81;172;14;151;391;74.20998980632008;-7.3804946;-6.6016483
14.82;172;14;152;394;74.6177370030581;-7.377049;-6.639344
14.83;171;14;153;398;75.02548419979613;-7.3736415;-6.713315
14.84;170;14;154;401;75.33129459734964;-7.3619757;-6.777402
14.85;170;14;155;404;75.73904179408767;-7.358681;-6.8135934
14.86;169;13;157;406;75.94291539245667;-7.3389263;-6.904027
14.87;168;13;158;409;76.24872579001018;-7.32754;-6.9665775
14.88;168;13;159;412;76.65647298674821;-7.324468;-7.00133
14.89;168;13;160;415;77.06422018348623;-7.321429;-7.035714
14.9;167;13;161;417;77.26809378185524;-7.3021107;-7.0883904
14.91;167;13;162;419;77.57390417940876;-7.2910643;-7.113666
14.92;167;13;162;419;77.57390417940876;-7.2910643;-7.113666
14.93;167;13;162;420;77.67584097859327;-7.2992125;-7.1220474
14.94;167;13;163;421;77.87971457696229;-7.2801046;-7.1387434
14.95;167;13;163;421;77.87971457696229;-7.2801046;-7.1387434
14.96;167;13;162;419;77.57390417940876;-7.2910643;-7.113666
14.97;166;13;161;416;77.06422018348623;-7.285714;-7.107143
14.98;164;13;160;410;76.14678899082568;-7.246988;-7.10241
14.99;162;13;158;403;75.02548419979613;-7.226902;-7.080163
15.0;160;12;155;394;73.49643221202854;-7.246186;-7.058946
15.01;158;12;152;384;71.96738022426095;-7.2280455;-6.998584
15.02;155;12;148;372;70.03058103975535;-7.2117906;-6.9366813
15.03;152;11;144;360;67.99184505606523;-7.225637;-6.901799
15.04;149;10;139;346;65.64729867482161;-7.2531056;-6.833851
15.05;145;10;134;330;63.09887869520897;-7.2189016;-6.739095
15.06;141;9;128;315;60.44852191641182;-7.262226;-6.6703205
15.07;136;8;123;298;57.59429153924567;-7.239823;-6.618584
15.08;131;7;117;280;54.5361875637105;-7.242056;-6.535514
15.09;125;5;110;262;51.17227319062181;-7.314741;-6.507968
15.1;119;4;103;242;47.70642201834862;-7.326923;-6.4038463
15.11;112;3;96;221;44.03669724770642;-7.3125;-6.3125
15.12;106;2;89;201;40.57084607543323;-7.326633;-6.173367
15.13;101;1;83;183;37.51274209989806;-7.3369565;-6.0163045
15.14;96;1;77;166;34.6585117227319;-7.3058825;-5.797059
15.15;91;0;71;151;31.90621814475025;-7.3753996;-5.65016
15.16;84;0;65;135;28.95005096839959;-7.3204226;-5.5140843
15.17;76;0;58;120;25.891946992864423;-7.3346457;-5.42126
15.18;68;0;51;104;22.73190621814475;-7.3251123;-5.266816
15.19;60;0;43;88;19.46992864424057;-7.421466;-5.0183244
15.2;52;0;37;74;16.615698267074414;-7.3711658;-4.886503
15.21;45;0;32;62;14.169215086646279;-7.2841725;-4.7589927
15.22;38;0;28;52;12.02854230377166;-7.09322;-4.8050847
15.23;32;0;23;43;9.989806320081549;-7.163265;-4.6836734
15.24;26;0;20;36;8.358817533129459;-6.914634;-4.9390244
15.25;21;0;17;30;6.931702344546381;-6.75;-5.1617646
15.26;16;0;14;25;5.606523955147808;-6.6272726;-5.6454544
15.27;12;0;12;22;4.689092762487258;-6.4565215;-6.4565215
15.28;8;0;10;18;3.6697247706422016;-6.0;-7.5
15.29;6;0;9;16;3.1600407747196737;-5.66129;-8.274194
15.3;4;0;8;14;2.650356778797146;-5.1923075;-9.346154
15.31;2;0;7;12;2.1406727828746175;-4.5;-10.928572
15.32;1;0;7;12;2.038735983690112;-4.05;-12.15
15.33;1;0;7;12;2.038735983690112;-4.05;-12.15
15.34;0;0;7;11;1.8348623853211008;-3.0;-13.5
15.35;0;0;6;11;1.7329255861365953;-3.9705882;-13.5
15.36;0;0;5;9;1.4271151885830784;-3.857143;-13.5
15.37;0;0;4;8;1.2232415902140672;-4.5;-13.5
15.38;0;0;3;5;0.8154943934760448;-3.375;-13.5
15.39;0;0;2;3;0.509683995922528;-2.7;-13.5
15.4;0;0;1;1;0.2038735983690112;0.0;-13.5
15.41;0;0;0;0;0.0;0.0;0.0
15.42;0;0;0;0;0.0;0.0;0.0
15.43;0;0;0;0;0.0;0.0;0.0
15.44;0;0;0;0;0.0;0.0;0.0
15.45;0;0;0;0;0.0;0.0;0.0
15.46;0;0;0;0;0.0;0.0;0.0
15.47;0;0;0;0;0.0;0.0;0.0
15.48;0;0;0;0;0.0;0.0;0.0
15.49;0;0;0;0;0.0;0.0;0.0
15.5;0;0;0;0;0.0;0.0;0.0
15.51;0;0;0;0;0.0;0.0;0.0
15.52;0;0;0;0;0.0;0.0;0.0
15.53;0;0;0;0;0.0;0.0;0.0
15.54;0;0;0;0;0.0;0.0;0.0
15.55;0;0;0;0;0.0;0.0;0.0
15.56;0;0;0;0;0.0;0.0;0.0
15.57;0;0;0;0;0.0;0.0;0.0
15.58;0;0;0;0;0.0;0.0;0.0
15.59;0;0;0;0;0.0;0.0;0.0
15.6;0;0;0;0;0.0;0.0;0.0
15.61;0;0;0;0;0.0;0.0;0.0
15.62;0;0;0;0;0.0;0.0;0.0
15.63;0;0;0;0;0.0;0.0;0.0
15.64;0;0;0;0;0.0;0.0;0.0
15.65;0;0;0;0;0.0;0.0;0.0
15.66;0;0;0;0;0.0;0.0;0.0
15.67;0;0;0;0;0.0;0.0;0.0
15.68;0;0;0;0;0.0;0.0;0.0
15.69;0;0;0;0;0.0;0.0;0.0
15.7;0;0;0;0;0.0;0.0;0.0
15.71;0;0;0;0;0.0;0.0;0.0
15.72;0;0;0;0;0.0;0.0;0.0
15.73;0;0;0;0;0.0;0.0;0.0
15.74;0;0;0;0;0.0;0.0;0.0
15.75;0;0;0;0;0.0;0.0;0.0
15.76;0;0;0;0;0.0;0.0;0.0
15.77;0;0;0;0;0.0;0.0;0.0
15.78;0;0;0;0;0.0;0.0;0.0
15.79;0;0;0;0;0.0;0.0;0.0
15.8;0;0;0;0;0.0;0.0;0.0
15.81;0;0;0;0;0.0;0.0;0.0
15.82;0;0;0;0;0.0;0.0;0.0
15.83;0;0;0;0;0.0;0.0;0.0
15.84;0;0;0;0;0.0;0.0;0.0
15.85;0;0;0;0;0.0;0.0;0.0
15.86;0;0;0;0;0.0;0.0;0.0
15.87;0;0;0;0;0.0;0.0;0.0
15.88;0;0;0;0;0.0;0.0;0.0
15.89;0;0;0;0;0.0;0.0;0.0
15.9;0;0;0;0;0.0;0.0;0.0
15.91;0;0;0;0;0.0;0.0;0.0
15.92;0;0;0;0;0.0;0.0;0.0
15.93;0;0;0;0;0.0;0.0;0.0
15.94;0;0;0;0;0.0;0.0;0.0
15.95;0;0;0;0;0.0;0.0;0.0
15.96;0;0;0;0;0.0;0.0;0.0
15.97;0;0;0;0;0.0;0.0;0.0
15.98;0;0;0;0;0.0;0.0;0.0
15.99;0;0;0;0;0.0;0.0;0.0
16.0;0;0;0;0;0.0;0.0;0.0
16.01;0;0;0;0;0.0;0.0;0.0
16.02;0;0;0;0;0.0;0.0;0.0
16.03;0;0;0;0;0.0;0.0;0.0
16.04;0;0;0;0;0.0;0.0;0.0
16.05;0;0;0;0;0.0;0.0;0.0
16.06;0;0;0;0;0.0;0.0;0.0
16.07;0;0;0;0;0.0;0.0;0.0
16.08;0;0;0;0;0.0;0.0;0.0
16.09;0;0;0;0;0.0;0.0;0.0
16.1;0;0;0;0;0.0;0.0;0.0
16.11;0;0;0;0;0.0;0.0;0.0
16.12;0;0;0;0;0.0;0.0;0.0
16.13;0;0;0;0;0.0;0.0;0.0
16.14;0;0;0;0;0.0;0.0;0.0
16.15;0;0;0;0;0.0;0.0;0.0
16.16;0;0;0;0;0.0;0.0;0.0
16.17;0;0;0;0;0.0;0.0;0.0
16.18;0;0;0;0;0.0;0.0;0.0
16.19;0;0;0;0;0.0;0.0;0.0
16.2;0;0;0;0;0.0;0.0;0.0
16.21;0;0;0;0;0.0;0.0;0.0
16.22;0;0;0;0;0.0;0.0;0.0
16.23;0;0;0;0;0.0;0.0;0.0
16.24;0;0;0;0;0.0;0.0;0.0
16.25;0;0;0;0;0.0;0.0;0.0
16.26;0;0;0;0;0.0;0.0;0.0
16.27;0;0;0;0;0.0;0.0;0.0
16.28;0;0;0;0;0.0;0.0;0.0
16.29;0;0;0;0;0.0;0.0;0.0
16.3;0;0;0;0;0.0;0.0;0.0
16.31;0;0;0;0;0.0;0.0;0.0
16.32;0;0;0;0;0.0;0.0;0.0
16.33;0;0;0;0;0.0;0.0;0.0
16.34;0;0;0;0;0.0;0.0;0.0
16.35;0;0;0;0;0.0;0.0;0.0
16.36;0;0;0;0;0.0;0.0;0.0
16.37;0;0;0;0;0.0;0.0;0.0
16.38;0;0;0;0;0.0;0.0;0.0
16.39;0;0;0;0;0.0;0.0;0.0
16.4;0;0;0;0;0.0;0.0;0.0
16.41;0;0;0;0;0.0;0.0;0.0
16.42;0;0;0;0;0.0;0.0;0.0
16.43;0;0;0;0;0.0;0.0;0.0
16.44;0;0;0;0;0.0;0.0;0.0
16.45;0;0;0;0;0.0;0.0;0.0
16.46;0;0;0;0;0.0;0.0;0.0
16.47;0;0;0;0;0.0;0.0;0.0
16.48;0;0;0;0;0.0;0.0;0.0
16.49;0;0;0;0;0.0;0.0;0.0
16.5;0;0;0;0;0.0;0.0;0.0
16.51;0;0;0;0;0.0;0.0;0.0
16.52;0;0;0;0;0.0;0.0;0.0
16.53;0;0;0;0;0.0;0.0;0.0
16.54;0;0;0;0;0.0;0.0;0.0
16.55;0;0;0;0;0.0;0.0;0.0
16.56;0;0;0;0;0.0;0.0;0.0
16.57;0;0;0;0;0.0;0.0;0.0
16.58;0;0;0;0;0.0;0.0;0.0
16.59;0;0;0;0;0.0;0.0;0.0
16.6;0;0;0;0;0.0;0.0;0.0
16.61;0;0;0;0;0.0;0.0;0.0
16.62;0;0;0;0;0.0;0.0;0.0
16.63;0;0;0;0;0.0;0.0;0.0
16.64;0;0;0;0;0.0;0.0;0.0
16.65;0;0;0;0;0.0;0.0;0.0
16.66;0;0;0;0;0.0;0.0;0.0
16.67;0;0;0;0;0.0;0.0;0.0
16.68;0;0;0;0;0.0;0.0;0.0
16.69;0;0;0;0;0.0;0.0;0.0
16.7;0;0;0;0;0.0;0.0;0.0
16.71;0;0;0;0;0.0;0.0;0.0
16.72;0;0;0;0;0.0;0.0;0.0
16.73;0;0;0;0;0.0;0.0;0.0
16.74;0;0;0;0;0.0;0.0;0.0
16.75;0;0;0;0;0.0;0.0;0.0
16.76;0;0;0;0;0.0;0.0;0.0
16.77;0;0;0;0;0.0;0.0;0.0
16.78;0;0;0;0;0.0;0.0;0.0
16.79;0;0;0;0;0.0;0.0;0.0
16.8;0;0;0;0;0.0;0.0;0.0
16.81;0;0;0;0;0.0;0.0;0.0
16.82;0;0;0;0;0.0;0.0;0.0
16.83;0;0;0;0;0.0;0.0;0.0
16.84;0;0;0;0;0.0;0.0;0.0
16.85;0;0;0;0;0.0;0.0;0.0
16.86;0;0;0;0;0.0;0.0;0.0
16.87;0;0;0;0;0.0;0.0;0.0
16.88;0;0;0;0;0.0;0.0;0.0
16.89;0;0;0;0;0.0;0.0;0.0
16.9;0;0;0;0;0.0;0.0;0.0
16.91;0;0;0;0;0.0;0.0;0.0
16.92;0;0;0;0;0.0;0.0;0.0
16.93;0;0;0;0;0.0;0.0;0.0
16.94;0;0;0;0;0.0;0.0;0.0
16.95;0;0;0;0;0.0;0.0;0.0
16.96;0;0;0;0;0.0;0.0;0.0
16.97;0;0;0;0;0.0;0.0;0.0
16.98;0;0;0;0;0.0;0.0;0.0
16.99;0;0;0;0;0.0;0.0;0.0
17.0;0;0;0;0;0.0;0.0;0.0
17.01;0;0;0;0;0.0;0.0;0.0
17.02;0;0;0;0;0.0;0.0;0.0
17.03;0;0;0;0;0.0;0.0;0.0
17.04;0;0;0;0;0.0;0.0;0.0
17.05;0;0;0;0;0.0;0.0;0.0
17.06;0;0;0;0;0.0;0.0;0.0
17.07;0;0;0;0;0.0;0.0;0.0
17.08;0;0;0;0;0.0;0.0;0.0
17.09;0;0;0;0;0.0;0.0;0.0
17.1;0;0;0;0;0.0;0.0;0.0
17.11;0;0;0;0;0.0;0.0;0.0
17.12;0;0;0;0;0.0;0.0;0.0
17.13;0;0;0;0;0.0;0.0;0.0
17.14;0;0;0;0;0.0;0.0;0.0
17.15;0;0;0;0;0.0;0.0;0.0
17.16;0;0;0;0;0.0;0.0;0.0
17.17;0;0;0;0;0.0;0.0;0.0
17.18;0;0;0;0;0.0;0.0;0.0
17.19;0;0;0;0;0.0;0.0;0.0
17.2;0;0;0;0;0.0;0.0;0.0
17.21;0;0;0;0;0.0;0.0;0.0
17.22;0;0;0;0;0.0;0.0;0.0
17.23;0;0;0;0;0.0;0.0;0.0
17.24;0;0;0;0;0.0;0.0;0.0
17.25;0;0;0;0;0.0;0.0;0.0
17.26;0;0;0;0;0.0;0.0;0.0
17.27;0;0;0;0;0.0;0.0;0.0
17.28;0;0;0;0;0.0;0.0;0.0
17.29;0;0;0;0;0.0;0.0;0.0
17.3;0;0;0;0;0.0;0.0;0.0
17.31;0;0;0;0;0.0;0.0;0.0
17.32;0;0;0;0;0.0;0.0;0.0
17.33;0;0;0;0;0.0;0.0;0.0
17.34;0;0;0;0;0.0;0.0;0.0
17.35;0;0;0;0;0.0;0.0;0.0
17.36;0;0;0;0;0.0;0.0;0.0
17.37;0;0;0;0;0.0;0.0;0.0
17.38;0;0;0;0;0.0;0.0;0.0
17.39;0;0;0;0;0.0;0.0;0.0
