 Height:  Visitor ;  Weight:  Visitor ;  Age:  -1 ;  Gender:  Visitor; name: nassim; color: green; situation: normal
Temps (s);F1 (N);F2 (N);F3 (N);F4 (N);Fz (kg);ML (cm);AP (cm);Poids (kg);Instant apparition poids (s);Score equilibre;Vitesse de la phase de montee;Surface du stabilogramme;Vitesse de deplacement du centre des pressions;Phase de stabilisation
0.01;0;0;0;0;0.0;0.0;0.0;69.82670744138633;13.52;16;4;4;4;4; 126.72597534982857; 1.545217539765318; 1.404466525296507; 0.42565079397061123
0.02;0;0;0;0;0.0;0.0;0.0
0.03;0;0;0;0;0.0;0.0;0.0
0.04;0;0;0;0;0.0;0.0;0.0
0.05;0;0;0;0;0.0;0.0;0.0
0.06;0;0;0;0;0.0;0.0;0.0
0.07;0;0;0;0;0.0;0.0;0.0
0.08;0;0;0;0;0.0;0.0;0.0
0.09;0;0;0;0;0.0;0.0;0.0
0.1;0;0;0;0;0.0;0.0;0.0
0.11;0;0;0;0;0.0;0.0;0.0
0.12;0;0;0;0;0.0;0.0;0.0
0.13;0;0;0;0;0.0;0.0;0.0
0.14;0;0;0;0;0.0;0.0;0.0
0.15;0;0;0;0;0.0;0.0;0.0
0.16;0;0;0;0;0.0;0.0;0.0
0.17;0;0;0;0;0.0;0.0;0.0
0.18;0;0;0;0;0.0;0.0;0.0
0.19;0;0;0;0;0.0;0.0;0.0
0.2;0;0;0;0;0.0;0.0;0.0
0.21;0;0;0;0;0.0;0.0;0.0
0.22;0;0;0;0;0.0;0.0;0.0
0.23;0;0;0;0;0.0;0.0;0.0
0.24;0;0;0;0;0.0;0.0;0.0
0.25;0;0;0;0;0.0;0.0;0.0
0.26;0;0;0;0;0.0;0.0;0.0
0.27;0;0;0;0;0.0;0.0;0.0
0.28;0;0;0;0;0.0;0.0;0.0
0.29;0;0;0;0;0.0;0.0;0.0
0.3;0;0;0;0;0.0;0.0;0.0
0.31;0;0;0;0;0.0;0.0;0.0
0.32;0;0;0;0;0.0;0.0;0.0
0.33;0;0;0;0;0.0;0.0;0.0
0.34;0;0;0;0;0.0;0.0;0.0
0.35;0;0;0;0;0.0;0.0;0.0
0.36;0;0;0;0;0.0;0.0;0.0
0.37;0;0;0;0;0.0;0.0;0.0
0.38;0;0;0;0;0.0;0.0;0.0
0.39;0;0;0;0;0.0;0.0;0.0
0.4;0;0;0;0;0.0;0.0;0.0
0.41;0;0;0;0;0.0;0.0;0.0
0.42;0;0;0;0;0.0;0.0;0.0
0.43;0;0;0;0;0.0;0.0;0.0
0.44;0;0;0;0;0.0;0.0;0.0
0.45;0;0;0;0;0.0;0.0;0.0
0.46;0;0;0;0;0.0;0.0;0.0
0.47;0;0;0;0;0.0;0.0;0.0
0.48;0;0;0;0;0.0;0.0;0.0
0.49;0;0;0;0;0.0;0.0;0.0
0.5;0;0;0;0;0.0;0.0;0.0
0.51;0;0;0;0;0.0;0.0;0.0
0.52;0;0;0;0;0.0;0.0;0.0
0.53;0;0;0;0;0.0;0.0;0.0
0.54;0;0;0;0;0.0;0.0;0.0
0.55;0;0;0;0;0.0;0.0;0.0
0.56;0;0;0;0;0.0;0.0;0.0
0.57;0;0;0;0;0.0;0.0;0.0
0.58;0;0;0;0;0.0;0.0;0.0
0.59;0;0;0;0;0.0;0.0;0.0
0.6;0;0;0;0;0.0;0.0;0.0
0.61;0;0;0;0;0.0;0.0;0.0
0.62;0;0;0;0;0.0;0.0;0.0
0.63;0;0;0;0;0.0;0.0;0.0
0.64;0;0;0;0;0.0;0.0;0.0
0.65;0;0;0;0;0.0;0.0;0.0
0.66;0;0;0;0;0.0;0.0;0.0
0.67;0;0;0;0;0.0;0.0;0.0
0.68;0;0;0;0;0.0;0.0;0.0
0.69;0;0;0;0;0.0;0.0;0.0
0.7;0;0;0;0;0.0;0.0;0.0
0.71;0;0;0;0;0.0;0.0;0.0
0.72;0;0;0;0;0.0;0.0;0.0
0.73;0;0;0;0;0.0;0.0;0.0
0.74;0;0;0;0;0.0;0.0;0.0
0.75;0;0;0;0;0.0;0.0;0.0
0.76;0;0;0;0;0.0;0.0;0.0
0.77;0;0;0;0;0.0;0.0;0.0
0.78;0;0;0;0;0.0;0.0;0.0
0.79;0;0;0;0;0.0;0.0;0.0
0.8;0;0;0;0;0.0;0.0;0.0
0.81;0;0;0;0;0.0;0.0;0.0
0.82;0;0;0;0;0.0;0.0;0.0
0.83;0;0;0;0;0.0;0.0;0.0
0.84;0;0;0;0;0.0;0.0;0.0
0.85;0;0;0;0;0.0;0.0;0.0
0.86;0;0;0;0;0.0;0.0;0.0
0.87;0;0;0;0;0.0;0.0;0.0
0.88;0;0;0;0;0.0;0.0;0.0
0.89;0;0;0;0;0.0;0.0;0.0
0.9;0;0;0;0;0.0;0.0;0.0
0.91;0;0;0;0;0.0;0.0;0.0
0.92;0;0;0;0;0.0;0.0;0.0
0.93;0;0;0;0;0.0;0.0;0.0
0.94;0;0;0;0;0.0;0.0;0.0
0.95;0;0;0;0;0.0;0.0;0.0
0.96;0;0;0;0;0.0;0.0;0.0
0.97;0;0;0;0;0.0;0.0;0.0
0.98;0;0;0;0;0.0;0.0;0.0
0.99;0;0;0;0;0.0;0.0;0.0
1.0;0;0;0;0;0.0;0.0;0.0
1.01;0;0;0;0;0.0;0.0;0.0
1.02;0;0;0;0;0.0;0.0;0.0
1.03;0;0;0;0;0.0;0.0;0.0
1.04;0;0;0;0;0.0;0.0;0.0
1.05;0;0;0;0;0.0;0.0;0.0
1.06;0;0;0;0;0.0;0.0;0.0
1.07;0;0;0;0;0.0;0.0;0.0
1.08;0;0;0;0;0.0;0.0;0.0
1.09;0;0;0;0;0.0;0.0;0.0
1.1;0;0;0;0;0.0;0.0;0.0
1.11;0;0;0;0;0.0;0.0;0.0
1.12;0;0;0;0;0.0;0.0;0.0
1.13;0;0;0;0;0.0;0.0;0.0
1.14;0;0;0;0;0.0;0.0;0.0
1.15;0;0;0;0;0.0;0.0;0.0
1.16;0;0;0;0;0.0;0.0;0.0
1.17;0;0;0;0;0.0;0.0;0.0
1.18;0;0;0;0;0.0;0.0;0.0
1.19;0;0;0;0;0.0;0.0;0.0
1.2;0;0;0;0;0.0;0.0;0.0
1.21;0;0;0;0;0.0;0.0;0.0
1.22;0;0;0;0;0.0;0.0;0.0
1.23;0;0;0;0;0.0;0.0;0.0
1.24;0;0;0;0;0.0;0.0;0.0
1.25;0;0;0;0;0.0;0.0;0.0
1.26;0;0;0;0;0.0;0.0;0.0
1.27;0;0;0;0;0.0;0.0;0.0
1.28;0;0;0;0;0.0;0.0;0.0
1.29;0;0;0;0;0.0;0.0;0.0
1.3;0;0;0;0;0.0;0.0;0.0
1.31;0;0;0;0;0.0;0.0;0.0
1.32;0;0;0;0;0.0;0.0;0.0
1.33;0;0;0;0;0.0;0.0;0.0
1.34;0;0;0;0;0.0;0.0;0.0
1.35;0;0;0;0;0.0;0.0;0.0
1.36;0;0;0;0;0.0;0.0;0.0
1.37;0;0;0;0;0.0;0.0;0.0
1.38;0;0;0;0;0.0;0.0;0.0
1.39;0;0;0;0;0.0;0.0;0.0
1.4;0;0;0;0;0.0;0.0;0.0
1.41;0;0;0;0;0.0;0.0;0.0
1.42;0;0;0;0;0.0;0.0;0.0
1.43;0;0;0;0;0.0;0.0;0.0
1.44;0;0;0;0;0.0;0.0;0.0
1.45;0;0;0;0;0.0;0.0;0.0
1.46;0;0;0;0;0.0;0.0;0.0
1.47;0;0;0;0;0.0;0.0;0.0
1.48;0;0;0;0;0.0;0.0;0.0
1.49;0;0;0;0;0.0;0.0;0.0
1.5;1;0;6;0;0.7135575942915392;9.642858;-9.642858
1.51;1;6;12;0;1.9367991845056065;12.078947;-3.5526316
1.52;0;9;13;0;2.2426095820591234;13.5;-2.4545455
1.53;8;3;28;0;3.9755351681957185;7.9615383;-5.8846154
1.54;8;5;38;0;5.198776758409785;9.264706;-6.617647
1.55;11;6;53;0;7.135575942915392;9.257143;-6.9428573
1.56;15;5;70;0;9.174311926605505;9.0;-7.5
1.57;14;8;76;0;9.989806320081549;9.642858;-7.4387755
1.58;17;9;81;0;10.9072375127421;9.21028;-6.9392524
1.59;16;11;79;0;10.805300713557594;9.424528;-6.6226416
1.6;17;13;78;0;11.009174311926605;9.25;-6.0
1.61;15;15;76;0;10.805300713557594;9.679245;-5.8584905
1.62;15;17;77;0;11.11111111111111;9.784404;-5.5733943
1.63;15;18;80;0;11.518858307849133;9.915929;-5.615044
1.64;16;19;85;0;12.232415902140673;9.9;-5.625
1.65;18;19;92;0;13.149847094801222;9.732558;-5.755814
1.66;19;20;100;1;14.271151885830784;9.642858;-5.9785714
1.67;19;22;108;3;15.494393476044852;9.592105;-6.2171054
1.68;19;25;118;5;17.023445463812436;9.6197605;-6.3862276
1.69;19;28;128;8;18.654434250764524;9.516394;-6.5655737
1.7;19;32;140;11;20.59123343527013;9.490099;-6.6831684
1.71;18;36;152;14;22.426095820591232;9.572727;-6.8727274
1.72;18;40;165;17;24.464831804281346;9.5625;-6.975
1.73;18;44;177;20;26.401630988786952;9.53861;-7.0366797
1.74;18;48;189;23;28.338430173292558;9.517985;-7.089928
1.75;18;51;199;25;29.867482161060142;9.537542;-7.1416383
1.76;17;55;207;26;31.090723751274208;9.693442;-7.1262293
1.77;17;58;216;28;32.517838939857285;9.691222;-7.1520376
1.78;17;62;225;29;33.944954128440365;9.77027;-7.0945945
1.79;17;66;234;31;35.47400611620795;9.775862;-7.0603447
1.8;17;69;244;32;36.901121304791026;9.845304;-7.085635
1.81;17;72;255;34;38.532110091743114;9.857142;-7.142857
1.82;17;75;266;37;40.265035677879716;9.808861;-7.2113924
1.83;17;79;278;39;42.09989806320081;9.838983;-7.223971
1.84;17;83;289;41;43.832823649337406;9.85814;-7.22093
1.85;18;86;299;44;45.565749235474;9.7550335;-7.2181206
1.86;18;90;310;46;47.2986748216106;9.775862;-7.215517
1.87;18;93;320;48;48.827726809378184;9.77975;-7.243215
1.88;18;96;328;50;50.15290519877676;9.768292;-7.243902
1.89;19;98;336;52;51.47808358817533;9.70396;-7.2445545
1.9;19;101;342;53;52.49745158002038;9.725243;-7.208738
1.91;20;103;349;55;53.720693170234455;9.6574955;-7.1982923
1.92;20;106;356;56;54.84199796126401;9.685874;-7.17658
1.93;20;110;365;57;56.269113149847094;9.733696;-7.1413045
1.94;21;113;372;57;57.39041794087665;9.759325;-7.0737123
1.95;21;116;379;58;58.51172273190622;9.783972;-7.055749
1.96;21;118;386;59;59.53109072375127;9.80137;-7.0736303
1.97;21;120;393;60;60.55045871559633;9.818182;-7.090909
1.98;21;123;401;61;61.773700305810394;9.846535;-7.0841584
1.99;22;127;407;61;62.89500509683996;9.867909;-6.9797406
2.0;22;131;413;61;63.91437308868501;9.9258375;-6.9114833
2.01;22;135;417;61;64.72986748216105;9.970866;-6.8244095
2.02;23;139;421;60;65.5453618756371;10.014774;-6.6975117
2.03;23;142;425;60;66.25891946992864;10.052308;-6.646154
2.04;24;145;429;60;67.07441386340469;10.053191;-6.5653496
2.05;24;148;433;60;67.78797145769623;10.089474;-6.5165415
2.06;24;151;436;59;68.29765545361876;10.155224;-6.447761
2.07;24;153;436;58;68.39959225280326;10.200447;-6.3777943
2.08;24;155;435;56;68.29765545361876;10.276119;-6.286567
2.09;24;157;433;54;68.09378185524974;10.347305;-6.1841316
2.1;24;159;431;52;67.88990825688073;10.418919;-6.081081
2.11;24;161;428;50;67.58409785932722;10.486425;-5.9660635
2.12;24;163;426;49;67.4821610601427;10.522658;-5.8731117
2.13;24;166;425;48;67.58409785932722;10.567873;-5.7624435
2.14;25;168;425;47;67.78797145769623;10.576692;-5.66391
2.15;25;171;425;46;67.99184505606523;10.625937;-5.565967
2.16;25;174;425;45;68.19571865443424;10.674888;-5.46861
2.17;25;176;425;44;68.29765545361876;10.719403;-5.4
2.18;26;178;424;43;68.39959225280326;10.723547;-5.291356
2.19;26;180;424;43;68.60346585117227;10.731798;-5.2355127
2.2;26;182;424;42;68.70540265035677;10.775965;-5.167656
2.21;26;184;423;42;68.80733944954127;10.78;-5.1
2.22;27;185;422;42;68.90927624872579;10.744082;-5.0325446
2.23;27;187;422;42;69.1131498470948;10.752213;-4.977876
2.24;28;188;421;42;69.2150866462793;10.716495;-4.910898
2.25;28;189;420;42;69.2150866462793;10.716495;-4.871134
2.26;28;190;419;42;69.2150866462793;10.716495;-4.83137
2.27;29;190;418;42;69.2150866462793;10.67673;-4.7916055
2.28;29;191;417;42;69.2150866462793;10.67673;-4.751841
2.29;29;191;415;42;69.01121304791029;10.66839;-4.725997
2.3;30;191;414;43;69.1131498470948;10.59292;-4.6991153
2.31;30;190;413;43;68.90927624872579;10.584319;-4.713018
2.32;30;190;413;44;69.01121304791029;10.548744;-4.725997
2.33;31;190;413;45;69.2150866462793;10.477909;-4.7120767
2.34;31;190;413;45;69.2150866462793;10.477909;-4.7120767
2.35;31;190;414;45;69.3170234454638;10.482353;-4.725
2.36;31;189;414;46;69.3170234454638;10.442647;-4.7647057
2.37;30;188;413;46;69.01121304791029;10.468981;-4.805761
2.38;30;186;413;46;68.80733944954127;10.46;-4.86
2.39;30;184;414;47;68.80733944954127;10.42;-4.94
2.4;30;183;415;47;68.80733944954127;10.42;-4.98
2.41;29;180;416;48;68.60346585117227;10.410847;-5.115156
2.42;29;178;417;49;68.60346585117227;10.3707285;-5.1953936
2.43;29;176;418;50;68.60346585117227;10.330609;-5.2756314
2.44;31;174;421;54;69.3170234454638;10.125;-5.3602943
2.45;32;173;423;56;69.72477064220183;10.026316;-5.4078946
2.46;33;172;425;57;70.03058103975535;9.962882;-5.4432316
2.47;34;171;425;59;70.23445463812436;9.855588;-5.466618
2.48;35;171;424;59;70.23445463812436;9.816401;-5.427431
2.49;35;170;423;58;69.92864424057085;9.83965;-5.431487
2.5;36;168;421;62;70.03058103975535;9.648472;-5.482533
2.51;36;166;419;65;69.92864424057085;9.524781;-5.5495625
2.52;37;164;417;68;69.92864424057085;9.367347;-5.588921
2.53;39;162;414;70;69.82670744138633;9.2036495;-5.577372
2.54;41;160;412;73;69.92864424057085;9.01312;-5.588921
2.55;42;157;410;76;69.82670744138633;8.848906;-5.656204
2.56;43;154;408;79;69.72477064220183;8.684211;-5.7236843
2.57;45;151;406;82;69.72477064220183;8.486842;-5.763158
2.58;46;148;402;86;69.52089704383282;8.274194;-5.8196483
2.59;47;145;399;89;69.3170234454638;8.1;-5.8764706
2.6;48;141;396;93;69.1131498470948;7.884956;-5.973451
2.61;49;138;394;97;69.1131498470948;7.6858406;-6.0530972
2.62;50;134;392;103;69.2150866462793;7.416053;-6.1833577
2.63;51;130;392;109;69.52089704383282;7.165689;-6.334311
2.64;52;126;393;116;70.03058103975535;6.89738;-6.504367
2.65;54;122;393;122;70.43832823649338;6.62301;-6.62301
2.66;55;119;394;128;70.9480122324159;6.400862;-6.75
2.67;56;115;392;134;71.0499490316004;6.1398854;-6.875897
2.68;58;112;389;140;71.25382262996942;5.851931;-6.9334764
2.69;59;108;385;145;71.0499490316004;5.597561;-7.0308466
2.7;61;105;380;150;70.9480122324159;5.3146553;-7.0603447
2.71;62;101;376;155;70.74413863404689;5.0576367;-7.1585016
2.72;64;98;371;159;70.54026503567788;4.799133;-7.1791906
2.73;65;95;365;163;70.13251783893985;4.5523257;-7.22093
2.74;67;92;360;168;70.03058103975535;4.264192;-7.2510915
2.75;68;89;354;172;69.62283384301733;4.012445;-7.2935576
2.76;70;86;350;177;69.62283384301733;3.7357247;-7.3330894
2.77;72;83;347;183;69.82670744138633;3.448905;-7.390511
2.78;74;81;344;188;70.03058103975535;3.2030568;-7.408297
2.79;76;80;342;192;70.33639143730886;3.0130434;-7.3956523
2.8;78;79;339;196;70.54026503567788;2.8092484;-7.3742776
2.81;80;79;335;198;70.54026503567788;2.6531792;-7.2962427
2.82;81;79;331;200;70.43832823649338;2.5202606;-7.248191
2.83;83;79;327;202;70.43832823649338;2.3639653;-7.1700435
2.84;85;78;323;204;70.33639143730886;2.1913044;-7.121739
2.85;86;78;319;205;70.13251783893985;2.0799417;-7.0639534
2.86;88;77;315;207;70.03058103975535;1.9061135;-7.015284
2.87;89;77;312;208;69.92864424057085;1.8104956;-6.966472
2.88;91;77;309;209;69.92864424057085;1.6924198;-6.887755
2.89;92;77;307;211;70.03058103975535;1.591703;-6.8580785
2.9;94;78;304;212;70.13251783893985;1.4912791;-6.75
2.91;96;78;302;214;70.33639143730886;1.3695652;-6.691304
2.92;98;79;300;215;70.54026503567788;1.2875723;-6.5939307
2.93;100;80;297;215;70.54026503567788;1.2095376;-6.4768786
2.94;101;80;294;216;70.43832823649338;1.1136035;-6.427641
2.95;102;80;291;216;70.23445463812436;1.0384616;-6.3679247
2.96;103;80;288;216;70.03058103975535;0.9628821;-6.3078604
2.97;104;80;286;217;70.03058103975535;0.8842795;-6.268559
2.98;105;80;284;217;69.92864424057085;0.82653064;-6.218659
2.99;106;80;282;218;69.92864424057085;0.7478134;-6.1793003
3.0;107;79;280;219;69.82670744138633;0.65036494;-6.168613
3.01;107;79;278;220;69.72477064220183;0.59210527;-6.1578946
3.02;108;79;277;220;69.72477064220183;0.55263156;-6.118421
3.03;108;78;276;220;69.52089704383282;0.51466274;-6.1363635
3.04;108;77;275;221;69.41896024464832;0.45594713;-6.1651983
3.05;108;76;275;222;69.41896024464832;0.41629955;-6.204846
3.06;108;76;275;223;69.52089704383282;0.39589444;-6.2155423
3.07;107;75;276;225;69.62283384301733;0.37554905;-6.3052707
3.08;107;74;276;227;69.72477064220183;0.31578946;-6.355263
3.09;107;73;277;228;69.82670744138633;0.29562044;-6.4051094
3.1;107;72;277;230;69.92864424057085;0.2361516;-6.4548106
3.11;106;72;277;231;69.92864424057085;0.2361516;-6.494169
3.12;106;71;277;231;69.82670744138633;0.21678832;-6.523358
3.13;106;71;277;232;69.92864424057085;0.196793;-6.533528
3.14;106;71;277;232;69.92864424057085;0.196793;-6.533528
3.15;105;71;277;232;69.82670744138633;0.21678832;-6.5627737
3.16;105;71;277;232;69.82670744138633;0.21678832;-6.5627737
3.17;105;71;277;232;69.82670744138633;0.21678832;-6.5627737
3.18;105;70;277;233;69.82670744138633;0.17737226;-6.60219
3.19;105;70;278;233;69.92864424057085;0.196793;-6.612245
3.2;105;70;278;234;70.03058103975535;0.17685589;-6.6222706
3.21;105;71;279;233;70.13251783893985;0.23546511;-6.5930233
3.22;105;71;280;233;70.23445463812436;0.254717;-6.603048
3.23;105;72;280;233;70.33639143730886;0.27391306;-6.573913
3.24;105;72;280;232;70.23445463812436;0.29390422;-6.563861
3.25;105;73;280;232;70.33639143730886;0.31304348;-6.5347824
3.26;105;74;280;231;70.33639143730886;0.35217392;-6.495652
3.27;105;74;280;229;70.13251783893985;0.39244187;-6.475291
3.28;105;75;281;228;70.23445463812436;0.4506531;-6.446299
3.29;105;75;281;227;70.13251783893985;0.47093022;-6.4360466
3.3;105;76;281;226;70.13251783893985;0.5101744;-6.3968024
3.31;105;76;282;225;70.13251783893985;0.5494186;-6.3968024
3.32;105;77;282;223;70.03058103975535;0.6091703;-6.347162
3.33;105;77;283;222;70.03058103975535;0.6484716;-6.347162
3.34;105;78;283;222;70.13251783893985;0.66715115;-6.318314
3.35;105;79;283;221;70.13251783893985;0.7063953;-6.27907
3.36;105;80;283;220;70.13251783893985;0.74563956;-6.2398257
3.37;105;81;282;219;70.03058103975535;0.76637554;-6.189956
3.38;105;81;282;217;69.82670744138633;0.8080292;-6.168613
3.39;105;82;282;216;69.82670744138633;0.84744525;-6.129197
3.4;105;82;282;215;69.72477064220183;0.8684211;-6.118421
3.41;105;83;283;214;69.82670744138633;0.9262774;-6.089781
3.42;104;83;284;213;69.72477064220183;0.9868421;-6.118421
3.43;104;83;285;212;69.72477064220183;1.0263158;-6.118421
3.44;103;83;287;211;69.72477064220183;1.1052631;-6.1578946
3.45;103;84;288;211;69.92864424057085;1.1413994;-6.1399417
3.46;102;84;290;210;69.92864424057085;1.2201166;-6.1793003
3.47;102;84;291;209;69.92864424057085;1.2594752;-6.1793003
3.48;101;84;293;209;70.03058103975535;1.3165939;-6.2292576
3.49;101;84;293;208;69.92864424057085;1.3381925;-6.218659
3.5;100;84;294;208;69.92864424057085;1.3775511;-6.2580175
3.51;100;84;294;208;69.92864424057085;1.3775511;-6.2580175
3.52;100;83;295;208;69.92864424057085;1.3775511;-6.297376
3.53;99;83;295;208;69.82670744138633;1.39927;-6.3262773
3.54;99;83;295;208;69.82670744138633;1.39927;-6.3262773
3.55;99;83;296;208;69.92864424057085;1.4169096;-6.336735
3.56;99;83;296;208;69.92864424057085;1.4169096;-6.336735
3.57;99;83;296;208;69.92864424057085;1.4169096;-6.336735
3.58;99;83;296;209;70.03058103975535;1.3951966;-6.347162
3.59;99;84;295;209;70.03058103975535;1.3951966;-6.3078604
3.6;99;84;295;209;70.03058103975535;1.3951966;-6.3078604
3.61;99;84;295;208;69.92864424057085;1.4169096;-6.297376
3.62;99;84;295;208;69.92864424057085;1.4169096;-6.297376
3.63;99;84;295;208;69.92864424057085;1.4169096;-6.297376
3.64;99;84;295;208;69.92864424057085;1.4169096;-6.297376
3.65;99;84;295;208;69.92864424057085;1.4169096;-6.297376
3.66;100;84;295;209;70.13251783893985;1.3735465;-6.27907
3.67;100;84;295;209;70.13251783893985;1.3735465;-6.27907
3.68;100;84;295;209;70.13251783893985;1.3735465;-6.27907
3.69;100;84;295;208;70.03058103975535;1.3951966;-6.268559
3.7;100;85;295;208;70.13251783893985;1.4127907;-6.2398257
3.71;100;85;295;208;70.13251783893985;1.4127907;-6.2398257
3.72;100;85;294;207;69.92864424057085;1.4169096;-6.218659
3.73;100;85;293;207;69.82670744138633;1.39927;-6.2080293
3.74;100;85;293;207;69.82670744138633;1.39927;-6.2080293
3.75;100;85;293;206;69.72477064220183;1.4210526;-6.1973686
3.76;100;85;293;206;69.72477064220183;1.4210526;-6.1973686
3.77;100;85;293;206;69.72477064220183;1.4210526;-6.1973686
3.78;100;85;294;206;69.82670744138633;1.4386861;-6.2080293
3.79;99;84;294;206;69.62283384301733;1.442899;-6.2657394
3.8;99;84;294;207;69.72477064220183;1.4210526;-6.2763157
3.81;99;83;295;207;69.72477064220183;1.4210526;-6.3157897
3.82;99;83;296;208;69.92864424057085;1.4169096;-6.336735
3.83;98;83;296;208;69.82670744138633;1.4386861;-6.3656936
3.84;98;83;297;209;70.03058103975535;1.4344978;-6.3864627
3.85;98;82;297;210;70.03058103975535;1.3951966;-6.425764
3.86;98;82;297;210;70.03058103975535;1.3951966;-6.425764
3.87;98;81;297;211;70.03058103975535;1.3558952;-6.4650655
3.88;98;81;297;211;70.03058103975535;1.3558952;-6.4650655
3.89;98;81;297;211;70.03058103975535;1.3558952;-6.4650655
3.9;97;81;297;211;69.92864424057085;1.3775511;-6.494169
3.91;97;81;298;211;70.03058103975535;1.3951966;-6.504367
3.92;97;81;298;211;70.03058103975535;1.3951966;-6.504367
3.93;97;80;298;211;69.92864424057085;1.3775511;-6.533528
3.94;97;80;298;211;69.92864424057085;1.3775511;-6.533528
3.95;97;80;298;211;69.92864424057085;1.3775511;-6.533528
3.96;97;79;298;211;69.82670744138633;1.359854;-6.5627737
3.97;96;79;298;211;69.72477064220183;1.3815789;-6.5921054
3.98;96;78;298;212;69.72477064220183;1.3421053;-6.631579
3.99;96;78;298;213;69.82670744138633;1.3204379;-6.641606
4.0;96;77;298;213;69.72477064220183;1.3026316;-6.6710525
4.01;96;77;298;214;69.82670744138633;1.281022;-6.6810217
4.02;96;77;298;214;69.82670744138633;1.281022;-6.6810217
4.03;96;77;299;215;70.03058103975535;1.2772926;-6.7008734
4.04;95;77;300;215;70.03058103975535;1.3165939;-6.740175
4.05;95;76;301;215;70.03058103975535;1.3165939;-6.779476
4.06;95;76;302;214;70.03058103975535;1.3558952;-6.779476
4.07;94;76;302;214;69.92864424057085;1.3775511;-6.8090377
4.08;94;76;302;214;69.92864424057085;1.3775511;-6.8090377
4.09;93;76;303;214;69.92864424057085;1.4169096;-6.8483963
4.1;93;76;303;215;70.03058103975535;1.3951966;-6.8580785
4.11;93;75;303;215;69.92864424057085;1.3775511;-6.887755
4.12;92;75;303;215;69.82670744138633;1.39927;-6.917518
4.13;92;75;303;215;69.82670744138633;1.39927;-6.917518
4.14;91;75;303;215;69.72477064220183;1.4210526;-6.9473686
4.15;91;74;303;215;69.62283384301733;1.4033675;-6.977306
4.16;91;74;304;215;69.72477064220183;1.4210526;-6.986842
4.17;90;74;304;216;69.72477064220183;1.4210526;-7.0263157
4.18;90;74;304;216;69.72477064220183;1.4210526;-7.0263157
4.19;90;73;305;216;69.72477064220183;1.4210526;-7.0657897
4.2;89;73;306;217;69.82670744138633;1.4386861;-7.1145988
4.21;89;73;307;217;69.92864424057085;1.4562682;-7.1239066
4.22;89;73;307;218;70.03058103975535;1.4344978;-7.133188
4.23;89;73;307;218;70.03058103975535;1.4344978;-7.133188
4.24;89;73;307;218;70.03058103975535;1.4344978;-7.133188
4.25;88;73;308;218;70.03058103975535;1.4737991;-7.172489
4.26;88;73;308;218;70.03058103975535;1.4737991;-7.172489
4.27;88;73;308;218;70.03058103975535;1.4737991;-7.172489
4.28;88;73;307;217;69.82670744138633;1.4781022;-7.1540146
4.29;88;73;307;217;69.82670744138633;1.4781022;-7.1540146
4.3;88;73;307;217;69.82670744138633;1.4781022;-7.1540146
4.31;88;73;307;217;69.82670744138633;1.4781022;-7.1540146
4.32;87;72;307;217;69.62283384301733;1.4824305;-7.2144947
4.33;87;72;308;217;69.72477064220183;1.5;-7.2236843
4.34;87;72;308;217;69.72477064220183;1.5;-7.2236843
4.35;87;72;308;217;69.72477064220183;1.5;-7.2236843
4.36;87;72;308;218;69.82670744138633;1.4781022;-7.2328467
4.37;87;72;308;218;69.82670744138633;1.4781022;-7.2328467
4.38;87;72;308;218;69.82670744138633;1.4781022;-7.2328467
4.39;87;72;308;218;69.82670744138633;1.4781022;-7.2328467
4.4;87;72;308;218;69.82670744138633;1.4781022;-7.2328467
4.41;87;72;308;218;69.82670744138633;1.4781022;-7.2328467
4.42;87;72;309;218;69.92864424057085;1.4956268;-7.2419825
4.43;86;72;309;218;69.82670744138633;1.5175183;-7.2722626
4.44;86;72;309;218;69.82670744138633;1.5175183;-7.2722626
4.45;86;72;309;218;69.82670744138633;1.5175183;-7.2722626
4.46;86;72;309;218;69.82670744138633;1.5175183;-7.2722626
4.47;86;72;309;218;69.82670744138633;1.5175183;-7.2722626
4.48;86;72;309;218;69.82670744138633;1.5175183;-7.2722626
4.49;86;73;310;218;70.03058103975535;1.5524018;-7.2510915
4.5;87;73;310;218;70.13251783893985;1.5305233;-7.22093
4.51;87;73;309;218;70.03058103975535;1.5131004;-7.2117906
4.52;87;74;309;218;70.13251783893985;1.5305233;-7.181686
4.53;88;74;308;217;70.03058103975535;1.5131004;-7.133188
4.54;88;74;308;217;70.03058103975535;1.5131004;-7.133188
4.55;88;74;307;217;69.92864424057085;1.4956268;-7.1239066
4.56;88;74;306;216;69.72477064220183;1.5;-7.105263
4.57;88;74;305;216;69.62283384301733;1.4824305;-7.0959005
4.58;88;74;305;216;69.62283384301733;1.4824305;-7.0959005
4.59;89;74;305;216;69.72477064220183;1.4605263;-7.0657897
4.6;89;74;305;216;69.72477064220183;1.4605263;-7.0657897
4.61;89;74;305;217;69.82670744138633;1.4386861;-7.0751824
4.62;90;74;305;217;69.92864424057085;1.4169096;-7.0451894
4.63;90;74;305;217;69.92864424057085;1.4169096;-7.0451894
4.64;90;74;306;217;70.03058103975535;1.4344978;-7.054585
4.65;90;74;306;216;69.92864424057085;1.4562682;-7.0451894
4.66;90;74;305;216;69.82670744138633;1.4386861;-7.0357666
4.67;91;74;305;216;69.92864424057085;1.4169096;-7.005831
4.68;91;75;305;215;69.92864424057085;1.4562682;-6.966472
4.69;91;75;305;215;69.92864424057085;1.4562682;-6.966472
4.7;91;75;304;215;69.82670744138633;1.4386861;-6.9569345
4.71;91;75;304;215;69.82670744138633;1.4386861;-6.9569345
4.72;92;75;304;215;69.92864424057085;1.4169096;-6.9271135
4.73;92;75;304;214;69.82670744138633;1.4386861;-6.917518
4.74;92;76;304;214;69.92864424057085;1.4562682;-6.887755
4.75;92;76;305;213;69.92864424057085;1.4956268;-6.887755
4.76;92;76;305;213;69.92864424057085;1.4956268;-6.887755
4.77;92;76;305;213;69.92864424057085;1.4956268;-6.887755
4.78;92;76;305;213;69.92864424057085;1.4956268;-6.887755
4.79;92;76;305;213;69.92864424057085;1.4956268;-6.887755
4.8;92;76;305;213;69.92864424057085;1.4956268;-6.887755
4.81;92;76;305;212;69.82670744138633;1.5175183;-6.8781023
4.82;92;76;305;212;69.82670744138633;1.5175183;-6.8781023
4.83;92;76;305;212;69.82670744138633;1.5175183;-6.8781023
4.84;92;76;305;212;69.82670744138633;1.5175183;-6.8781023
4.85;92;77;305;212;69.92864424057085;1.5349854;-6.8483963
4.86;92;77;305;212;69.92864424057085;1.5349854;-6.8483963
4.87;92;77;306;212;70.03058103975535;1.5524018;-6.8580785
4.88;92;77;306;212;70.03058103975535;1.5524018;-6.8580785
4.89;92;77;306;212;70.03058103975535;1.5524018;-6.8580785
4.9;92;77;307;211;70.03058103975535;1.591703;-6.8580785
4.91;92;78;306;211;70.03058103975535;1.591703;-6.818777
4.92;92;78;306;211;70.03058103975535;1.591703;-6.818777
4.93;92;78;305;211;69.92864424057085;1.574344;-6.8090377
4.94;92;78;304;210;69.72477064220183;1.5789474;-6.7894735
4.95;92;78;304;210;69.72477064220183;1.5789474;-6.7894735
4.96;92;78;303;210;69.62283384301733;1.5614934;-6.779649
4.97;93;79;303;210;69.82670744138633;1.5569344;-6.720438
4.98;93;79;303;210;69.82670744138633;1.5569344;-6.720438
4.99;93;79;303;210;69.82670744138633;1.5569344;-6.720438
5.0;93;79;303;210;69.82670744138633;1.5569344;-6.720438
5.01;93;79;303;211;69.92864424057085;1.5349854;-6.730321
5.02;94;79;303;211;70.03058103975535;1.5131004;-6.7008734
5.03;94;79;303;211;70.03058103975535;1.5131004;-6.7008734
5.04;94;79;303;211;70.03058103975535;1.5131004;-6.7008734
5.05;94;79;303;210;69.92864424057085;1.5349854;-6.6909623
5.06;94;79;302;210;69.82670744138633;1.5175183;-6.6810217
5.07;94;79;302;210;69.82670744138633;1.5175183;-6.6810217
5.08;94;80;302;210;69.92864424057085;1.5349854;-6.6516037
5.09;94;80;302;210;69.92864424057085;1.5349854;-6.6516037
5.1;94;80;302;210;69.92864424057085;1.5349854;-6.6516037
5.11;94;80;302;210;69.92864424057085;1.5349854;-6.6516037
5.12;94;80;302;209;69.82670744138633;1.5569344;-6.641606
5.13;94;80;302;209;69.82670744138633;1.5569344;-6.641606
5.14;94;80;302;209;69.82670744138633;1.5569344;-6.641606
5.15;94;80;303;209;69.92864424057085;1.574344;-6.6516037
5.16;94;80;303;209;69.92864424057085;1.574344;-6.6516037
5.17;94;80;303;209;69.92864424057085;1.574344;-6.6516037
5.18;95;80;303;209;70.03058103975535;1.5524018;-6.6222706
5.19;95;80;302;209;69.92864424057085;1.5349854;-6.612245
5.2;95;80;302;209;69.92864424057085;1.5349854;-6.612245
5.21;95;80;302;209;69.92864424057085;1.5349854;-6.612245
5.22;95;80;303;209;70.03058103975535;1.5524018;-6.6222706
5.23;95;80;303;208;69.92864424057085;1.574344;-6.612245
5.24;95;80;303;208;69.92864424057085;1.574344;-6.612245
5.25;96;80;302;208;69.92864424057085;1.5349854;-6.5728865
5.26;96;80;302;208;69.92864424057085;1.5349854;-6.5728865
5.27;96;80;302;208;69.92864424057085;1.5349854;-6.5728865
5.28;96;80;302;208;69.92864424057085;1.5349854;-6.5728865
5.29;97;80;301;208;69.92864424057085;1.4956268;-6.533528
5.3;97;81;301;208;70.03058103975535;1.5131004;-6.504367
5.31;97;81;301;208;70.03058103975535;1.5131004;-6.504367
5.32;97;81;300;208;69.92864424057085;1.4956268;-6.494169
5.33;97;81;300;208;69.92864424057085;1.4956268;-6.494169
5.34;97;81;300;207;69.82670744138633;1.5175183;-6.4839416
5.35;98;81;300;207;69.92864424057085;1.4956268;-6.4548106
5.36;98;82;300;207;70.03058103975535;1.5131004;-6.425764
5.37;98;82;299;207;69.92864424057085;1.4956268;-6.415452
5.38;98;82;299;207;69.92864424057085;1.4956268;-6.415452
5.39;98;83;299;206;69.92864424057085;1.5349854;-6.3760934
5.4;99;83;299;206;70.03058103975535;1.5131004;-6.347162
5.41;99;83;298;206;69.92864424057085;1.4956268;-6.336735
5.42;99;83;298;205;69.82670744138633;1.5175183;-6.3262773
5.43;99;84;298;205;69.92864424057085;1.5349854;-6.297376
5.44;99;84;298;205;69.92864424057085;1.5349854;-6.297376
5.45;100;84;299;205;70.13251783893985;1.5305233;-6.27907
5.46;100;84;299;205;70.13251783893985;1.5305233;-6.27907
5.47;100;84;298;204;69.92864424057085;1.5349854;-6.2580175
5.48;100;84;298;204;69.92864424057085;1.5349854;-6.2580175
5.49;100;84;298;203;69.82670744138633;1.5569344;-6.247445
5.5;100;85;298;203;69.92864424057085;1.574344;-6.218659
5.51;101;85;298;203;70.03058103975535;1.5524018;-6.189956
5.52;101;85;298;202;69.92864424057085;1.574344;-6.1793003
5.53;101;86;298;202;70.03058103975535;1.591703;-6.150655
5.54;101;86;298;201;69.92864424057085;1.6137027;-6.1399417
5.55;101;86;298;201;69.92864424057085;1.6137027;-6.1399417
5.56;101;86;298;200;69.82670744138633;1.6357664;-6.129197
5.57;100;86;299;199;69.72477064220183;1.6973684;-6.1578946
5.58;100;86;299;199;69.72477064220183;1.6973684;-6.1578946
5.59;100;86;299;199;69.72477064220183;1.6973684;-6.1578946
5.6;101;86;299;199;69.82670744138633;1.6751825;-6.129197
5.61;101;86;299;199;69.82670744138633;1.6751825;-6.129197
5.62;101;86;299;199;69.82670744138633;1.6751825;-6.129197
5.63;101;87;299;199;69.92864424057085;1.6924198;-6.100583
5.64;101;87;299;199;69.92864424057085;1.6924198;-6.100583
5.65;101;87;300;199;70.03058103975535;1.709607;-6.111354
5.66;101;87;300;199;70.03058103975535;1.709607;-6.111354
5.67;101;87;300;198;69.92864424057085;1.7317784;-6.100583
5.68;101;87;300;198;69.92864424057085;1.7317784;-6.100583
5.69;101;87;300;198;69.92864424057085;1.7317784;-6.100583
5.7;102;87;300;198;70.03058103975535;1.709607;-6.0720525
5.71;102;87;300;198;70.03058103975535;1.709607;-6.0720525
5.72;102;87;299;198;69.92864424057085;1.6924198;-6.0612245
5.73;102;87;300;198;70.03058103975535;1.709607;-6.0720525
5.74;102;87;300;198;70.03058103975535;1.709607;-6.0720525
5.75;102;87;300;197;69.92864424057085;1.7317784;-6.0612245
5.76;102;87;300;197;69.92864424057085;1.7317784;-6.0612245
5.77;102;87;300;197;69.92864424057085;1.7317784;-6.0612245
5.78;102;87;300;197;69.92864424057085;1.7317784;-6.0612245
5.79;102;87;300;198;70.03058103975535;1.709607;-6.0720525
5.8;102;87;300;198;70.03058103975535;1.709607;-6.0720525
5.81;101;87;300;198;69.92864424057085;1.7317784;-6.100583
5.82;101;87;300;198;69.92864424057085;1.7317784;-6.100583
5.83;101;87;300;198;69.92864424057085;1.7317784;-6.100583
5.84;101;87;301;197;69.92864424057085;1.771137;-6.100583
5.85;101;87;301;197;69.92864424057085;1.771137;-6.100583
5.86;101;87;301;197;69.92864424057085;1.771137;-6.100583
5.87;101;87;302;197;70.03058103975535;1.7882096;-6.111354
5.88;101;87;302;197;70.03058103975535;1.7882096;-6.111354
5.89;100;87;302;197;69.92864424057085;1.8104956;-6.1399417
5.9;100;87;303;196;69.92864424057085;1.8498542;-6.1399417
5.91;100;87;303;196;69.92864424057085;1.8498542;-6.1399417
5.92;100;87;303;196;69.92864424057085;1.8498542;-6.1399417
5.93;100;87;303;196;69.92864424057085;1.8498542;-6.1399417
5.94;100;87;303;196;69.92864424057085;1.8498542;-6.1399417
5.95;100;88;304;195;70.03058103975535;1.9061135;-6.111354
5.96;100;88;304;195;70.03058103975535;1.9061135;-6.111354
5.97;100;88;304;195;70.03058103975535;1.9061135;-6.111354
5.98;100;88;304;195;70.03058103975535;1.9061135;-6.111354
5.99;100;89;304;194;70.03058103975535;1.9454149;-6.0720525
6.0;100;89;304;194;70.03058103975535;1.9454149;-6.0720525
6.01;100;89;304;193;69.92864424057085;1.9679301;-6.0612245
6.02;100;90;304;193;70.03058103975535;1.9847162;-6.032751
6.03;100;90;305;192;70.03058103975535;2.0240176;-6.032751
6.04;100;91;305;192;70.13251783893985;2.0406976;-6.0043607
6.05;100;91;305;191;70.03058103975535;2.0633187;-5.9934497
6.06;100;91;305;191;70.03058103975535;2.0633187;-5.9934497
6.07;100;91;305;190;69.92864424057085;2.086006;-5.982507
6.08;100;91;305;190;69.92864424057085;2.086006;-5.982507
6.09;99;91;305;190;69.82670744138633;2.1087592;-6.010949
6.1;99;91;305;190;69.82670744138633;2.1087592;-6.010949
6.11;99;91;306;190;69.92864424057085;2.1253645;-6.021866
6.12;99;91;306;190;69.92864424057085;2.1253645;-6.021866
6.13;99;91;306;190;69.92864424057085;2.1253645;-6.021866
6.14;99;91;307;190;70.03058103975535;2.1419213;-6.032751
6.15;99;91;307;190;70.03058103975535;2.1419213;-6.032751
6.16;98;91;307;191;70.03058103975535;2.1419213;-6.0720525
6.17;98;90;308;191;70.03058103975535;2.1419213;-6.111354
6.18;98;90;308;191;70.03058103975535;2.1419213;-6.111354
6.19;98;90;308;191;70.03058103975535;2.1419213;-6.111354
6.2;98;90;308;191;70.03058103975535;2.1419213;-6.111354
6.21;98;89;307;191;69.82670744138633;2.1087592;-6.129197
6.22;98;89;307;192;69.92864424057085;2.086006;-6.1399417
6.23;98;89;307;192;69.92864424057085;2.086006;-6.1399417
6.24;98;89;306;193;69.92864424057085;2.0466473;-6.1399417
6.25;98;89;305;193;69.82670744138633;2.029927;-6.129197
6.26;98;88;305;194;69.82670744138633;1.990511;-6.168613
6.27;98;88;305;194;69.82670744138633;1.990511;-6.168613
6.28;98;88;305;194;69.82670744138633;1.990511;-6.168613
6.29;99;88;304;195;69.92864424057085;1.9285715;-6.1399417
6.3;99;87;304;195;69.82670744138633;1.9116788;-6.168613
6.31;99;87;304;196;69.92864424057085;1.8892128;-6.1793003
6.32;99;87;304;197;70.03058103975535;1.8668122;-6.189956
6.33;99;87;304;198;70.13251783893985;1.8444767;-6.2005816
6.34;99;87;303;198;70.03058103975535;1.827511;-6.189956
6.35;100;87;302;199;70.13251783893985;1.7659883;-6.1613374
6.36;100;87;302;199;70.13251783893985;1.7659883;-6.1613374
6.37;100;87;301;199;70.03058103975535;1.7489083;-6.150655
6.38;100;86;300;199;69.82670744138633;1.7145985;-6.168613
6.39;100;86;300;200;69.92864424057085;1.6924198;-6.1793003
6.4;100;86;300;200;69.92864424057085;1.6924198;-6.1793003
6.41;100;86;300;200;69.92864424057085;1.6924198;-6.1793003
6.42;100;86;300;200;69.92864424057085;1.6924198;-6.1793003
6.43;100;86;300;200;69.92864424057085;1.6924198;-6.1793003
6.44;100;86;300;200;69.92864424057085;1.6924198;-6.1793003
6.45;100;86;300;200;69.92864424057085;1.6924198;-6.1793003
6.46;100;85;300;200;69.82670744138633;1.6751825;-6.2080293
6.47;100;85;300;200;69.82670744138633;1.6751825;-6.2080293
6.48;100;85;299;201;69.82670744138633;1.6357664;-6.2080293
6.49;100;85;299;201;69.82670744138633;1.6357664;-6.2080293
6.5;100;85;300;201;69.92864424057085;1.6530613;-6.218659
6.51;100;85;300;201;69.92864424057085;1.6530613;-6.218659
6.52;100;85;301;201;70.03058103975535;1.6703057;-6.2292576
6.53;100;85;301;201;70.03058103975535;1.6703057;-6.2292576
6.54;100;85;301;201;70.03058103975535;1.6703057;-6.2292576
6.55;100;86;302;201;70.23445463812436;1.7046444;-6.2111754
6.56;100;86;301;201;70.13251783893985;1.6875;-6.2005816
6.57;100;86;301;201;70.13251783893985;1.6875;-6.2005816
6.58;100;86;300;201;70.03058103975535;1.6703057;-6.189956
6.59;100;86;300;200;69.92864424057085;1.6924198;-6.1793003
6.6;100;86;299;200;69.82670744138633;1.6751825;-6.168613
6.61;100;86;299;200;69.82670744138633;1.6751825;-6.168613
6.62;100;86;299;200;69.82670744138633;1.6751825;-6.168613
6.63;100;86;298;200;69.72477064220183;1.6578947;-6.1578946
6.64;100;86;298;200;69.72477064220183;1.6578947;-6.1578946
6.65;101;87;298;200;69.92864424057085;1.6530613;-6.100583
6.66;101;87;298;201;70.03058103975535;1.6310043;-6.111354
6.67;101;86;297;201;69.82670744138633;1.5963503;-6.129197
6.68;101;86;297;201;69.82670744138633;1.5963503;-6.129197
6.69;101;86;297;201;69.82670744138633;1.5963503;-6.129197
6.7;102;87;297;201;70.03058103975535;1.591703;-6.0720525
6.71;102;87;297;201;70.03058103975535;1.591703;-6.0720525
6.72;102;87;296;201;69.92864424057085;1.574344;-6.0612245
6.73;102;87;296;202;70.03058103975535;1.5524018;-6.0720525
6.74;102;86;295;202;69.82670744138633;1.5175183;-6.089781
6.75;102;86;295;202;69.82670744138633;1.5175183;-6.089781
6.76;103;86;295;203;70.03058103975535;1.4737991;-6.0720525
6.77;102;86;295;203;69.92864424057085;1.4956268;-6.100583
6.78;102;85;295;203;69.82670744138633;1.4781022;-6.129197
6.79;102;85;295;204;69.92864424057085;1.4562682;-6.1399417
6.8;102;85;295;204;69.92864424057085;1.4562682;-6.1399417
6.81;102;85;295;205;70.03058103975535;1.4344978;-6.150655
6.82;102;85;295;205;70.03058103975535;1.4344978;-6.150655
6.83;102;85;295;205;70.03058103975535;1.4344978;-6.150655
6.84;103;85;295;205;70.13251783893985;1.4127907;-6.122093
6.85;103;86;295;205;70.23445463812436;1.4303339;-6.093614
6.86;103;86;295;204;70.13251783893985;1.4520348;-6.082849
6.87;103;86;294;204;70.03058103975535;1.4344978;-6.0720525
6.88;103;86;294;204;70.03058103975535;1.4344978;-6.0720525
6.89;103;86;293;203;69.82670744138633;1.4386861;-6.050365
6.9;102;86;293;203;69.72477064220183;1.4605263;-6.0789475
6.91;102;86;293;203;69.72477064220183;1.4605263;-6.0789475
6.92;102;86;293;203;69.72477064220183;1.4605263;-6.0789475
6.93;102;86;294;203;69.82670744138633;1.4781022;-6.089781
6.94;102;86;294;203;69.82670744138633;1.4781022;-6.089781
6.95;102;86;294;203;69.82670744138633;1.4781022;-6.089781
6.96;102;86;295;203;69.92864424057085;1.4956268;-6.100583
6.97;101;86;295;203;69.82670744138633;1.5175183;-6.129197
6.98;101;86;295;203;69.82670744138633;1.5175183;-6.129197
6.99;100;85;296;203;69.72477064220183;1.5394737;-6.1973686
7.0;100;85;297;203;69.82670744138633;1.5569344;-6.2080293
7.01;100;85;298;203;69.92864424057085;1.574344;-6.218659
7.02;99;86;298;203;69.92864424057085;1.6137027;-6.218659
7.03;99;85;299;203;69.92864424057085;1.6137027;-6.2580175
7.04;99;85;299;203;69.92864424057085;1.6137027;-6.2580175
7.05;99;85;299;204;70.03058103975535;1.591703;-6.268559
7.06;98;85;299;204;69.92864424057085;1.6137027;-6.297376
7.07;98;85;299;204;69.92864424057085;1.6137027;-6.297376
7.08;98;85;299;204;69.92864424057085;1.6137027;-6.297376
7.09;98;85;299;204;69.92864424057085;1.6137027;-6.297376
7.1;98;85;299;204;69.92864424057085;1.6137027;-6.297376
7.11;97;85;299;205;69.92864424057085;1.6137027;-6.336735
7.12;97;85;299;205;69.92864424057085;1.6137027;-6.336735
7.13;97;85;299;205;69.92864424057085;1.6137027;-6.336735
7.14;97;85;299;205;69.92864424057085;1.6137027;-6.336735
7.15;97;84;299;206;69.92864424057085;1.574344;-6.3760934
7.16;97;84;299;206;69.92864424057085;1.574344;-6.3760934
7.17;97;84;299;206;69.92864424057085;1.574344;-6.3760934
7.18;96;84;299;206;69.82670744138633;1.5963503;-6.4051094
7.19;96;83;299;207;69.82670744138633;1.5569344;-6.4445257
7.2;96;83;299;207;69.82670744138633;1.5569344;-6.4445257
7.21;96;83;300;208;70.03058103975535;1.5524018;-6.4650655
7.22;96;83;300;208;70.03058103975535;1.5524018;-6.4650655
7.23;96;83;301;208;70.13251783893985;1.5697675;-6.475291
7.24;96;83;301;208;70.13251783893985;1.5697675;-6.475291
7.25;96;84;300;208;70.13251783893985;1.5697675;-6.4360466
7.26;96;84;300;208;70.13251783893985;1.5697675;-6.4360466
7.27;96;84;299;208;70.03058103975535;1.5524018;-6.425764
7.28;96;83;299;207;69.82670744138633;1.5569344;-6.4445257
7.29;96;84;298;207;69.82670744138633;1.5569344;-6.4051094
7.3;96;84;298;207;69.82670744138633;1.5569344;-6.4051094
7.31;96;84;298;206;69.72477064220183;1.5789474;-6.394737
7.32;97;84;298;206;69.82670744138633;1.5569344;-6.3656936
7.33;97;84;298;206;69.82670744138633;1.5569344;-6.3656936
7.34;97;84;298;206;69.82670744138633;1.5569344;-6.3656936
7.35;97;84;298;206;69.82670744138633;1.5569344;-6.3656936
7.36;97;84;298;206;69.82670744138633;1.5569344;-6.3656936
7.37;97;84;299;206;69.92864424057085;1.574344;-6.3760934
7.38;97;85;299;206;70.03058103975535;1.591703;-6.347162
7.39;97;85;299;205;69.92864424057085;1.6137027;-6.336735
7.4;97;85;299;205;69.92864424057085;1.6137027;-6.336735
7.41;97;85;299;205;69.92864424057085;1.6137027;-6.336735
7.42;96;84;299;205;69.72477064220183;1.6184211;-6.394737
7.43;96;84;299;205;69.72477064220183;1.6184211;-6.394737
7.44;96;84;300;205;69.82670744138633;1.6357664;-6.4051094
7.45;96;84;299;205;69.72477064220183;1.6184211;-6.394737
7.46;96;84;299;206;69.82670744138633;1.5963503;-6.4051094
7.47;96;84;299;206;69.82670744138633;1.5963503;-6.4051094
7.48;96;83;299;207;69.82670744138633;1.5569344;-6.4445257
7.49;95;83;300;207;69.82670744138633;1.5963503;-6.4839416
7.5;95;83;300;208;69.92864424057085;1.574344;-6.494169
7.51;95;83;301;209;70.13251783893985;1.5697675;-6.514535
7.52;95;83;301;209;70.13251783893985;1.5697675;-6.514535
7.53;95;82;301;209;70.03058103975535;1.5524018;-6.5436683
7.54;95;82;300;209;69.92864424057085;1.5349854;-6.533528
7.55;95;82;300;209;69.92864424057085;1.5349854;-6.533528
7.56;95;82;299;209;69.82670744138633;1.5175183;-6.523358
7.57;95;82;299;209;69.82670744138633;1.5175183;-6.523358
7.58;95;82;298;208;69.62283384301733;1.5219619;-6.5029283
7.59;95;82;298;208;69.62283384301733;1.5219619;-6.5029283
7.6;95;82;298;208;69.62283384301733;1.5219619;-6.5029283
7.61;95;82;298;208;69.62283384301733;1.5219619;-6.5029283
7.62;95;82;298;209;69.72477064220183;1.5;-6.513158
7.63;95;81;299;209;69.72477064220183;1.5;-6.5526314
7.64;95;81;299;210;69.82670744138633;1.4781022;-6.5627737
7.65;95;81;300;210;69.92864424057085;1.4956268;-6.5728865
7.66;95;81;300;211;70.03058103975535;1.4737991;-6.5829697
7.67;95;81;300;211;70.03058103975535;1.4737991;-6.5829697
7.68;95;81;300;211;70.03058103975535;1.4737991;-6.5829697
7.69;95;81;300;211;70.03058103975535;1.4737991;-6.5829697
7.7;95;81;300;211;70.03058103975535;1.4737991;-6.5829697
7.71;95;81;299;211;69.92864424057085;1.4562682;-6.5728865
7.72;95;81;299;211;69.92864424057085;1.4562682;-6.5728865
7.73;95;81;299;211;69.92864424057085;1.4562682;-6.5728865
7.74;95;81;299;211;69.92864424057085;1.4562682;-6.5728865
7.75;95;81;299;211;69.92864424057085;1.4562682;-6.5728865
7.76;95;81;299;211;69.92864424057085;1.4562682;-6.5728865
7.77;95;81;299;210;69.82670744138633;1.4781022;-6.5627737
7.78;95;81;299;210;69.82670744138633;1.4781022;-6.5627737
7.79;96;81;299;210;69.92864424057085;1.4562682;-6.533528
7.8;96;81;298;210;69.82670744138633;1.4386861;-6.523358
7.81;96;81;298;210;69.82670744138633;1.4386861;-6.523358
7.82;96;81;298;210;69.82670744138633;1.4386861;-6.523358
7.83;96;81;298;210;69.82670744138633;1.4386861;-6.523358
7.84;96;81;299;210;69.92864424057085;1.4562682;-6.533528
7.85;96;81;299;211;70.03058103975535;1.4344978;-6.5436683
7.86;96;81;299;211;70.03058103975535;1.4344978;-6.5436683
7.87;96;81;299;211;70.03058103975535;1.4344978;-6.5436683
7.88;96;81;299;211;70.03058103975535;1.4344978;-6.5436683
7.89;96;81;298;211;69.92864424057085;1.4169096;-6.533528
7.9;96;81;298;211;69.92864424057085;1.4169096;-6.533528
7.91;96;81;298;211;69.92864424057085;1.4169096;-6.533528
7.92;96;81;298;211;69.92864424057085;1.4169096;-6.533528
7.93;96;81;298;211;69.92864424057085;1.4169096;-6.533528
7.94;96;81;298;211;69.92864424057085;1.4169096;-6.533528
7.95;96;81;298;211;69.92864424057085;1.4169096;-6.533528
7.96;96;81;297;211;69.82670744138633;1.39927;-6.523358
7.97;97;81;297;210;69.82670744138633;1.39927;-6.4839416
7.98;97;82;297;210;69.92864424057085;1.4169096;-6.4548106
7.99;97;82;297;210;69.92864424057085;1.4169096;-6.4548106
8.0;97;82;296;210;69.82670744138633;1.39927;-6.4445257
8.01;97;82;296;210;69.82670744138633;1.39927;-6.4445257
8.02;97;82;296;210;69.82670744138633;1.39927;-6.4445257
8.03;97;82;296;210;69.82670744138633;1.39927;-6.4445257
8.04;97;82;297;210;69.92864424057085;1.4169096;-6.4548106
8.05;97;83;297;210;70.03058103975535;1.4344978;-6.425764
8.06;97;83;297;210;70.03058103975535;1.4344978;-6.425764
8.07;98;83;297;209;70.03058103975535;1.4344978;-6.3864627
8.08;98;83;296;209;69.92864424057085;1.4169096;-6.3760934
8.09;98;83;296;209;69.92864424057085;1.4169096;-6.3760934
8.1;98;83;296;209;69.92864424057085;1.4169096;-6.3760934
8.11;98;84;296;209;70.03058103975535;1.4344978;-6.347162
8.12;98;84;296;208;69.92864424057085;1.4562682;-6.336735
8.13;98;84;296;208;69.92864424057085;1.4562682;-6.336735
8.14;98;84;296;208;69.92864424057085;1.4562682;-6.336735
8.15;98;84;296;208;69.92864424057085;1.4562682;-6.336735
8.16;98;84;295;208;69.82670744138633;1.4386861;-6.3262773
8.17;98;84;295;208;69.82670744138633;1.4386861;-6.3262773
8.18;98;84;295;208;69.82670744138633;1.4386861;-6.3262773
8.19;99;84;295;208;69.92864424057085;1.4169096;-6.297376
8.2;99;84;295;208;69.92864424057085;1.4169096;-6.297376
8.21;99;85;294;208;69.92864424057085;1.4169096;-6.2580175
8.22;99;84;294;208;69.82670744138633;1.39927;-6.2868614
8.23;99;85;294;208;69.92864424057085;1.4169096;-6.2580175
8.24;99;85;294;208;69.92864424057085;1.4169096;-6.2580175
8.25;99;85;294;208;69.92864424057085;1.4169096;-6.2580175
8.26;100;85;293;208;69.92864424057085;1.3775511;-6.218659
8.27;100;85;293;208;69.92864424057085;1.3775511;-6.218659
8.28;100;85;292;208;69.82670744138633;1.359854;-6.2080293
8.29;100;84;292;208;69.72477064220183;1.3421053;-6.236842
8.3;100;84;292;208;69.72477064220183;1.3421053;-6.236842
8.31;100;84;292;208;69.72477064220183;1.3421053;-6.236842
8.32;100;84;291;208;69.62283384301733;1.3243046;-6.2262077
8.33;100;84;291;208;69.62283384301733;1.3243046;-6.2262077
8.34;101;84;291;209;69.82670744138633;1.281022;-6.2080293
8.35;101;84;291;209;69.82670744138633;1.281022;-6.2080293
8.36;101;84;291;210;69.92864424057085;1.2594752;-6.218659
8.37;101;84;291;210;69.92864424057085;1.2594752;-6.218659
8.38;101;84;291;210;69.92864424057085;1.2594752;-6.218659
8.39;101;84;291;211;70.03058103975535;1.2379912;-6.2292576
8.4;101;84;291;211;70.03058103975535;1.2379912;-6.2292576
8.41;101;84;291;211;70.03058103975535;1.2379912;-6.2292576
8.42;101;84;291;211;70.03058103975535;1.2379912;-6.2292576
8.43;101;84;291;210;69.92864424057085;1.2594752;-6.218659
8.44;101;84;291;210;69.92864424057085;1.2594752;-6.218659
8.45;101;84;290;210;69.82670744138633;1.2416059;-6.2080293
8.46;101;84;290;210;69.82670744138633;1.2416059;-6.2080293
8.47;101;84;290;210;69.82670744138633;1.2416059;-6.2080293
8.48;101;83;289;210;69.62283384301733;1.20571;-6.2262077
8.49;101;83;289;211;69.72477064220183;1.1842105;-6.236842
8.5;101;83;289;211;69.72477064220183;1.1842105;-6.236842
8.51;101;83;290;211;69.82670744138633;1.2021898;-6.247445
8.52;101;83;290;211;69.82670744138633;1.2021898;-6.247445
8.53;101;83;290;212;69.92864424057085;1.180758;-6.2580175
8.54;101;83;290;212;69.92864424057085;1.180758;-6.2580175
8.55;100;83;291;212;69.92864424057085;1.2201166;-6.297376
8.56;100;83;291;212;69.92864424057085;1.2201166;-6.297376
8.57;100;83;291;212;69.92864424057085;1.2201166;-6.297376
8.58;100;82;291;212;69.82670744138633;1.2021898;-6.3262773
8.59;100;82;290;213;69.82670744138633;1.1627737;-6.3262773
8.6;100;82;290;213;69.82670744138633;1.1627737;-6.3262773
8.61;100;82;290;213;69.82670744138633;1.1627737;-6.3262773
8.62;100;82;291;213;69.92864424057085;1.180758;-6.336735
8.63;100;82;291;213;69.92864424057085;1.180758;-6.336735
8.64;100;82;291;214;70.03058103975535;1.1593887;-6.347162
8.65;100;82;291;214;70.03058103975535;1.1593887;-6.347162
8.66;100;82;291;214;70.03058103975535;1.1593887;-6.347162
8.67;100;82;291;215;70.13251783893985;1.1380814;-6.3575583
8.68;100;82;291;215;70.13251783893985;1.1380814;-6.3575583
8.69;100;81;291;215;70.03058103975535;1.1200874;-6.3864627
8.7;99;81;290;215;69.82670744138633;1.1233577;-6.4051094
8.71;99;81;290;215;69.82670744138633;1.1233577;-6.4051094
8.72;99;80;290;215;69.72477064220183;1.1052631;-6.4342103
8.73;99;80;290;216;69.82670744138633;1.0839416;-6.4445257
8.74;99;80;290;216;69.82670744138633;1.0839416;-6.4445257
8.75;99;80;290;216;69.82670744138633;1.0839416;-6.4445257
8.76;99;80;290;216;69.82670744138633;1.0839416;-6.4445257
8.77;99;80;290;216;69.82670744138633;1.0839416;-6.4445257
8.78;99;80;290;216;69.82670744138633;1.0839416;-6.4445257
8.79;99;80;290;216;69.82670744138633;1.0839416;-6.4445257
8.8;99;80;290;216;69.82670744138633;1.0839416;-6.4445257
8.81;99;80;290;216;69.82670744138633;1.0839416;-6.4445257
8.82;99;80;290;217;69.92864424057085;1.0626823;-6.4548106
8.83;99;80;290;217;69.92864424057085;1.0626823;-6.4548106
8.84;99;80;290;217;69.92864424057085;1.0626823;-6.4548106
8.85;99;80;289;217;69.82670744138633;1.0445255;-6.4445257
8.86;100;80;289;217;69.92864424057085;1.0233237;-6.415452
8.87;100;80;288;217;69.82670744138633;1.0051095;-6.4051094
8.88;100;80;288;217;69.82670744138633;1.0051095;-6.4051094
8.89;100;80;288;217;69.82670744138633;1.0051095;-6.4051094
8.9;100;80;288;217;69.82670744138633;1.0051095;-6.4051094
8.91;100;80;288;217;69.82670744138633;1.0051095;-6.4051094
8.92;100;80;288;218;69.92864424057085;0.98396504;-6.415452
8.93;100;80;288;218;69.92864424057085;0.98396504;-6.415452
8.94;101;80;288;218;70.03058103975535;0.9628821;-6.3864627
8.95;101;80;288;218;70.03058103975535;0.9628821;-6.3864627
8.96;101;80;288;218;70.03058103975535;0.9628821;-6.3864627
8.97;101;81;287;218;70.03058103975535;0.9628821;-6.347162
8.98;101;81;287;218;70.03058103975535;0.9628821;-6.347162
8.99;101;81;286;218;69.92864424057085;0.9446064;-6.336735
9.0;101;81;286;217;69.82670744138633;0.9656934;-6.3262773
9.01;102;81;285;217;69.82670744138633;0.9262774;-6.2868614
9.02;102;81;285;217;69.82670744138633;0.9262774;-6.2868614
9.03;102;81;285;217;69.82670744138633;0.9262774;-6.2868614
9.04;102;81;284;217;69.72477064220183;0.90789473;-6.2763157
9.05;102;81;284;217;69.72477064220183;0.90789473;-6.2763157
9.06;102;81;284;217;69.72477064220183;0.90789473;-6.2763157
9.07;102;81;284;218;69.82670744138633;0.8868613;-6.2868614
9.08;102;81;284;218;69.82670744138633;0.8868613;-6.2868614
9.09;102;81;285;218;69.92864424057085;0.9052478;-6.297376
9.1;103;81;285;218;70.03058103975535;0.8842795;-6.268559
9.11;103;81;285;218;70.03058103975535;0.8842795;-6.268559
9.12;103;81;285;217;69.92864424057085;0.9052478;-6.2580175
9.13;103;81;285;217;69.92864424057085;0.9052478;-6.2580175
9.14;103;81;284;217;69.82670744138633;0.8868613;-6.247445
9.15;103;81;284;217;69.82670744138633;0.8868613;-6.247445
9.16;103;81;284;217;69.82670744138633;0.8868613;-6.247445
9.17;103;81;284;217;69.82670744138633;0.8868613;-6.247445
9.18;103;81;284;217;69.82670744138633;0.8868613;-6.247445
9.19;103;82;284;217;69.92864424057085;0.9052478;-6.218659
9.2;103;82;283;217;69.82670744138633;0.8868613;-6.2080293
9.21;104;82;283;217;69.92864424057085;0.8658892;-6.1793003
9.22;104;82;283;216;69.82670744138633;0.8868613;-6.168613
9.23;104;82;283;217;69.92864424057085;0.8658892;-6.1793003
9.24;104;82;283;217;69.92864424057085;0.8658892;-6.1793003
9.25;104;82;283;217;69.92864424057085;0.8658892;-6.1793003
9.26;104;82;283;217;69.92864424057085;0.8658892;-6.1793003
9.27;105;82;282;217;69.92864424057085;0.82653064;-6.1399417
9.28;105;82;282;217;69.92864424057085;0.82653064;-6.1399417
9.29;105;82;282;217;69.92864424057085;0.82653064;-6.1399417
9.3;105;82;282;217;69.92864424057085;0.82653064;-6.1399417
9.31;105;82;282;216;69.82670744138633;0.84744525;-6.129197
9.32;105;82;282;216;69.82670744138633;0.84744525;-6.129197
9.33;105;82;282;216;69.82670744138633;0.84744525;-6.129197
9.34;105;82;282;216;69.82670744138633;0.84744525;-6.129197
9.35;105;82;281;216;69.72477064220183;0.82894737;-6.118421
9.36;105;82;281;216;69.72477064220183;0.82894737;-6.118421
9.37;105;82;281;216;69.72477064220183;0.82894737;-6.118421
9.38;105;82;281;216;69.72477064220183;0.82894737;-6.118421
9.39;105;82;282;216;69.82670744138633;0.84744525;-6.129197
9.4;105;82;282;216;69.82670744138633;0.84744525;-6.129197
9.41;104;82;283;216;69.82670744138633;0.8868613;-6.168613
9.42;104;82;283;216;69.82670744138633;0.8868613;-6.168613
9.43;104;82;284;217;70.03058103975535;0.8842795;-6.189956
9.44;103;82;284;217;69.92864424057085;0.9052478;-6.218659
9.45;103;82;284;217;69.92864424057085;0.9052478;-6.218659
9.46;103;81;285;217;69.92864424057085;0.9052478;-6.2580175
9.47;102;81;285;217;69.82670744138633;0.9262774;-6.2868614
9.48;102;81;285;216;69.72477064220183;0.94736844;-6.2763157
9.49;102;81;286;216;69.82670744138633;0.9656934;-6.2868614
9.5;101;81;286;216;69.72477064220183;0.9868421;-6.3157897
9.51;101;81;287;216;69.82670744138633;1.0051095;-6.3262773
9.52;101;81;287;217;69.92864424057085;0.98396504;-6.336735
9.53;101;81;287;217;69.92864424057085;0.98396504;-6.336735
9.54;101;81;287;217;69.92864424057085;0.98396504;-6.336735
9.55;101;81;288;217;70.03058103975535;1.0021834;-6.347162
9.56;100;81;288;217;69.92864424057085;1.0233237;-6.3760934
9.57;100;81;288;217;69.92864424057085;1.0233237;-6.3760934
9.58;100;81;288;217;69.92864424057085;1.0233237;-6.3760934
9.59;100;81;288;217;69.92864424057085;1.0233237;-6.3760934
9.6;100;81;288;217;69.92864424057085;1.0233237;-6.3760934
9.61;100;80;288;217;69.82670744138633;1.0051095;-6.4051094
9.62;100;80;288;217;69.82670744138633;1.0051095;-6.4051094
9.63;100;81;288;217;69.92864424057085;1.0233237;-6.3760934
9.64;100;81;288;217;69.92864424057085;1.0233237;-6.3760934
9.65;100;81;288;217;69.92864424057085;1.0233237;-6.3760934
9.66;100;80;288;217;69.82670744138633;1.0051095;-6.4051094
9.67;100;80;288;218;69.92864424057085;0.98396504;-6.415452
9.68;100;80;288;218;69.92864424057085;0.98396504;-6.415452
9.69;100;80;287;218;69.82670744138633;0.9656934;-6.4051094
9.7;100;80;287;219;69.92864424057085;0.9446064;-6.415452
9.71;101;80;286;219;69.92864424057085;0.9052478;-6.3760934
9.72;101;80;286;219;69.92864424057085;0.9052478;-6.3760934
9.73;101;80;285;219;69.82670744138633;0.8868613;-6.3656936
9.74;101;80;285;219;69.82670744138633;0.8868613;-6.3656936
9.75;101;80;285;219;69.82670744138633;0.8868613;-6.3656936
9.76;101;79;284;219;69.62283384301733;0.84992677;-6.3843336
9.77;101;79;284;220;69.72477064220183;0.82894737;-6.394737
9.78;101;79;284;220;69.72477064220183;0.82894737;-6.394737
9.79;101;79;284;220;69.72477064220183;0.82894737;-6.394737
9.8;101;79;284;221;69.82670744138633;0.8080292;-6.4051094
9.81;101;78;284;221;69.72477064220183;0.7894737;-6.4342103
9.82;101;78;284;222;69.82670744138633;0.76861316;-6.4445257
9.83;101;78;284;222;69.82670744138633;0.76861316;-6.4445257
9.84;101;78;285;222;69.92864424057085;0.787172;-6.4548106
9.85;101;78;285;222;69.92864424057085;0.787172;-6.4548106
9.86;101;78;285;223;70.03058103975535;0.76637554;-6.4650655
9.87;101;78;285;223;70.03058103975535;0.76637554;-6.4650655
9.88;101;78;284;223;69.92864424057085;0.7478134;-6.4548106
9.89;101;77;284;224;69.92864424057085;0.7084548;-6.494169
9.9;101;77;283;224;69.82670744138633;0.689781;-6.4839416
9.91;101;77;283;224;69.82670744138633;0.689781;-6.4839416
9.92;101;77;283;224;69.82670744138633;0.689781;-6.4839416
9.93;101;77;283;224;69.82670744138633;0.689781;-6.4839416
9.94;101;77;283;223;69.72477064220183;0.7105263;-6.4736843
9.95;101;77;283;223;69.72477064220183;0.7105263;-6.4736843
9.96;101;77;283;223;69.72477064220183;0.7105263;-6.4736843
9.97;101;77;283;223;69.72477064220183;0.7105263;-6.4736843
9.98;101;77;283;223;69.72477064220183;0.7105263;-6.4736843
9.99;102;78;283;223;69.92864424057085;0.7084548;-6.415452
10.0;102;78;283;223;69.92864424057085;0.7084548;-6.415452
10.01;102;78;283;223;69.92864424057085;0.7084548;-6.415452
10.02;102;78;282;222;69.72477064220183;0.7105263;-6.394737
10.03;102;78;282;222;69.72477064220183;0.7105263;-6.394737
10.04;102;78;282;222;69.72477064220183;0.7105263;-6.394737
10.05;102;78;282;222;69.72477064220183;0.7105263;-6.394737
10.06;102;78;282;222;69.72477064220183;0.7105263;-6.394737
10.07;102;78;283;223;69.92864424057085;0.7084548;-6.415452
10.08;102;78;283;223;69.92864424057085;0.7084548;-6.415452
10.09;102;78;283;223;69.92864424057085;0.7084548;-6.415452
10.1;102;78;283;223;69.92864424057085;0.7084548;-6.415452
10.11;102;78;283;223;69.92864424057085;0.7084548;-6.415452
10.12;102;78;283;223;69.92864424057085;0.7084548;-6.415452
10.13;102;78;283;223;69.92864424057085;0.7084548;-6.415452
10.14;102;78;283;223;69.92864424057085;0.7084548;-6.415452
10.15;102;78;283;223;69.92864424057085;0.7084548;-6.415452
10.16;101;78;283;223;69.82670744138633;0.7291971;-6.4445257
10.17;101;78;283;223;69.82670744138633;0.7291971;-6.4445257
10.18;101;78;283;223;69.82670744138633;0.7291971;-6.4445257
10.19;101;78;284;223;69.92864424057085;0.7478134;-6.4548106
10.2;101;78;284;222;69.82670744138633;0.76861316;-6.4445257
10.21;101;78;284;222;69.82670744138633;0.76861316;-6.4445257
10.22;101;78;285;222;69.92864424057085;0.787172;-6.4548106
10.23;101;78;285;221;69.82670744138633;0.8080292;-6.4445257
10.24;100;78;285;221;69.72477064220183;0.82894737;-6.4736843
10.25;100;78;285;221;69.72477064220183;0.82894737;-6.4736843
10.26;100;78;285;221;69.72477064220183;0.82894737;-6.4736843
10.27;100;78;285;221;69.72477064220183;0.82894737;-6.4736843
10.28;100;78;285;221;69.72477064220183;0.82894737;-6.4736843
10.29;100;78;285;221;69.72477064220183;0.82894737;-6.4736843
10.3;100;78;286;221;69.82670744138633;0.84744525;-6.4839416
10.31;99;78;286;222;69.82670744138633;0.84744525;-6.523358
10.32;99;78;287;222;69.92864424057085;0.8658892;-6.533528
10.33;99;78;287;222;69.92864424057085;0.8658892;-6.533528
10.34;99;78;288;221;69.92864424057085;0.9052478;-6.533528
10.35;99;78;288;221;69.92864424057085;0.9052478;-6.533528
10.36;99;78;289;221;70.03058103975535;0.92358077;-6.5436683
10.37;99;78;289;221;70.03058103975535;0.92358077;-6.5436683
10.38;98;78;289;220;69.82670744138633;0.9656934;-6.5627737
10.39;98;78;289;220;69.82670744138633;0.9656934;-6.5627737
10.4;98;78;289;220;69.82670744138633;0.9656934;-6.5627737
10.41;98;77;289;221;69.82670744138633;0.9262774;-6.60219
10.42;98;77;289;221;69.82670744138633;0.9262774;-6.60219
10.43;97;77;289;221;69.72477064220183;0.94736844;-6.631579
10.44;97;77;289;222;69.82670744138633;0.9262774;-6.641606
10.45;97;77;290;222;69.92864424057085;0.9446064;-6.6516037
10.46;97;77;289;222;69.82670744138633;0.9262774;-6.641606
10.47;97;77;289;222;69.82670744138633;0.9262774;-6.641606
10.48;97;76;289;223;69.82670744138633;0.8868613;-6.6810217
10.49;97;76;289;223;69.82670744138633;0.8868613;-6.6810217
10.5;97;76;289;223;69.82670744138633;0.8868613;-6.6810217
10.51;97;76;288;224;69.82670744138633;0.84744525;-6.6810217
10.52;97;75;288;224;69.72477064220183;0.82894737;-6.7105265
10.53;96;75;288;224;69.62283384301733;0.84992677;-6.740117
10.54;96;75;288;224;69.62283384301733;0.84992677;-6.740117
10.55;96;75;289;224;69.72477064220183;0.8684211;-6.75
10.56;96;75;289;224;69.72477064220183;0.8684211;-6.75
10.57;96;75;289;225;69.82670744138633;0.84744525;-6.759854
10.58;96;75;289;225;69.82670744138633;0.84744525;-6.759854
10.59;96;74;289;226;69.82670744138633;0.8080292;-6.79927
10.6;96;74;288;226;69.72477064220183;0.7894737;-6.7894735
10.61;96;74;288;227;69.82670744138633;0.76861316;-6.79927
10.62;96;74;288;228;69.92864424057085;0.7478134;-6.8090377
10.63;97;74;288;228;70.03058103975535;0.72707427;-6.779476
10.64;97;74;288;228;70.03058103975535;0.72707427;-6.779476
10.65;97;74;288;228;70.03058103975535;0.72707427;-6.779476
10.66;97;74;287;228;69.92864424057085;0.7084548;-6.769679
10.67;97;74;287;228;69.92864424057085;0.7084548;-6.769679
10.68;97;74;287;228;69.92864424057085;0.7084548;-6.769679
10.69;97;74;287;228;69.92864424057085;0.7084548;-6.769679
10.7;97;74;286;228;69.82670744138633;0.689781;-6.759854
10.71;97;73;286;228;69.72477064220183;0.67105263;-6.7894735
10.72;97;73;286;228;69.72477064220183;0.67105263;-6.7894735
10.73;97;73;287;228;69.82670744138633;0.689781;-6.79927
10.74;96;73;287;228;69.72477064220183;0.7105263;-6.8289475
10.75;96;73;287;229;69.82670744138633;0.689781;-6.838686
10.76;96;73;288;229;69.92864424057085;0.7084548;-6.8483963
10.77;96;73;288;229;69.92864424057085;0.7084548;-6.8483963
10.78;96;73;288;229;69.92864424057085;0.7084548;-6.8483963
10.79;96;73;288;229;69.92864424057085;0.7084548;-6.8483963
10.8;96;72;287;229;69.72477064220183;0.67105263;-6.868421
10.81;96;72;287;229;69.72477064220183;0.67105263;-6.868421
10.82;97;72;287;229;69.82670744138633;0.65036494;-6.838686
10.83;97;73;287;229;69.92864424057085;0.66909623;-6.8090377
10.84;97;73;287;229;69.92864424057085;0.66909623;-6.8090377
10.85;97;73;287;229;69.92864424057085;0.66909623;-6.8090377
10.86;97;73;287;229;69.92864424057085;0.66909623;-6.8090377
10.87;97;73;287;229;69.92864424057085;0.66909623;-6.8090377
10.88;97;73;287;229;69.92864424057085;0.66909623;-6.8090377
10.89;97;73;287;229;69.92864424057085;0.66909623;-6.8090377
10.9;97;73;287;229;69.92864424057085;0.66909623;-6.8090377
10.91;97;73;287;229;69.92864424057085;0.66909623;-6.8090377
10.92;97;73;287;229;69.92864424057085;0.66909623;-6.8090377
10.93;97;73;286;229;69.82670744138633;0.65036494;-6.79927
10.94;97;73;286;229;69.82670744138633;0.65036494;-6.79927
10.95;98;73;286;229;69.92864424057085;0.6297376;-6.769679
10.96;98;73;285;229;69.82670744138633;0.6109489;-6.759854
10.97;98;73;285;229;69.82670744138633;0.6109489;-6.759854
10.98;98;73;286;229;69.92864424057085;0.6297376;-6.769679
10.99;99;74;285;229;70.03058103975535;0.6091703;-6.7008734
11.0;99;74;285;229;70.03058103975535;0.6091703;-6.7008734
11.01;99;74;285;228;69.92864424057085;0.6297376;-6.6909623
11.02;99;74;284;228;69.82670744138633;0.6109489;-6.6810217
11.03;100;74;284;228;69.92864424057085;0.590379;-6.6516037
11.04;100;75;284;228;70.03058103975535;0.6091703;-6.6222706
11.05;100;75;283;227;69.82670744138633;0.6109489;-6.60219
11.06;100;75;283;227;69.82670744138633;0.6109489;-6.60219
11.07;100;75;283;226;69.72477064220183;0.6315789;-6.5921054
11.08;100;76;283;226;69.82670744138633;0.65036494;-6.5627737
11.09;101;76;283;226;69.92864424057085;0.6297376;-6.533528
11.1;101;76;283;226;69.92864424057085;0.6297376;-6.533528
11.11;101;76;283;226;69.92864424057085;0.6297376;-6.533528
11.12;101;76;283;226;69.92864424057085;0.6297376;-6.533528
11.13;101;76;283;225;69.82670744138633;0.65036494;-6.523358
11.14;101;77;283;225;69.92864424057085;0.66909623;-6.494169
11.15;102;77;282;225;69.92864424057085;0.6297376;-6.4548106
11.16;102;77;282;224;69.82670744138633;0.65036494;-6.4445257
11.17;102;77;282;224;69.82670744138633;0.65036494;-6.4445257
11.18;102;77;282;224;69.82670744138633;0.65036494;-6.4445257
11.19;102;77;282;224;69.82670744138633;0.65036494;-6.4445257
11.2;101;76;282;225;69.72477064220183;0.6315789;-6.513158
11.21;101;76;283;225;69.82670744138633;0.65036494;-6.523358
11.22;101;76;283;225;69.82670744138633;0.65036494;-6.523358
11.23;101;76;283;226;69.92864424057085;0.6297376;-6.533528
11.24;101;76;283;226;69.92864424057085;0.6297376;-6.533528
11.25;101;76;283;226;69.92864424057085;0.6297376;-6.533528
11.26;101;75;283;226;69.82670744138633;0.6109489;-6.5627737
11.27;101;75;283;226;69.82670744138633;0.6109489;-6.5627737
11.28;101;75;282;226;69.72477064220183;0.59210527;-6.5526314
11.29;101;75;282;226;69.72477064220183;0.59210527;-6.5526314
11.3;101;75;282;226;69.72477064220183;0.59210527;-6.5526314
11.31;101;75;282;226;69.72477064220183;0.59210527;-6.5526314
11.32;101;75;282;226;69.72477064220183;0.59210527;-6.5526314
11.33;101;75;282;226;69.72477064220183;0.59210527;-6.5526314
11.34;101;75;282;226;69.72477064220183;0.59210527;-6.5526314
11.35;101;75;282;227;69.82670744138633;0.57153285;-6.5627737
11.36;101;75;282;227;69.82670744138633;0.57153285;-6.5627737
11.37;101;75;282;227;69.82670744138633;0.57153285;-6.5627737
11.38;102;75;282;227;69.92864424057085;0.5510204;-6.533528
11.39;102;75;282;228;70.03058103975535;0.5305677;-6.5436683
11.4;102;75;282;228;70.03058103975535;0.5305677;-6.5436683
11.41;102;75;281;228;69.92864424057085;0.5116618;-6.533528
11.42;102;75;281;228;69.92864424057085;0.5116618;-6.533528
11.43;102;75;281;228;69.92864424057085;0.5116618;-6.533528
11.44;102;75;281;228;69.92864424057085;0.5116618;-6.533528
11.45;102;75;281;228;69.92864424057085;0.5116618;-6.533528
11.46;102;75;281;228;69.92864424057085;0.5116618;-6.533528
11.47;102;75;281;228;69.92864424057085;0.5116618;-6.533528
11.48;102;75;281;227;69.82670744138633;0.5321168;-6.523358
11.49;102;75;280;227;69.72477064220183;0.5131579;-6.513158
11.5;102;75;280;228;69.82670744138633;0.49270073;-6.523358
11.51;102;75;280;228;69.82670744138633;0.49270073;-6.523358
11.52;102;75;280;228;69.82670744138633;0.49270073;-6.523358
11.53;102;75;280;228;69.82670744138633;0.49270073;-6.523358
11.54;102;75;280;228;69.82670744138633;0.49270073;-6.523358
11.55;103;75;280;228;69.92864424057085;0.4723032;-6.494169
11.56;102;75;280;227;69.72477064220183;0.5131579;-6.513158
11.57;102;75;280;227;69.72477064220183;0.5131579;-6.513158
11.58;102;75;280;227;69.72477064220183;0.5131579;-6.513158
11.59;102;75;280;227;69.72477064220183;0.5131579;-6.513158
11.6;102;75;280;227;69.72477064220183;0.5131579;-6.513158
11.61;102;75;280;227;69.72477064220183;0.5131579;-6.513158
11.62;102;75;280;227;69.72477064220183;0.5131579;-6.513158
11.63;102;75;281;228;69.92864424057085;0.5116618;-6.533528
11.64;102;75;281;228;69.92864424057085;0.5116618;-6.533528
11.65;102;75;281;228;69.92864424057085;0.5116618;-6.533528
11.66;102;75;281;228;69.92864424057085;0.5116618;-6.533528
11.67;102;75;281;228;69.92864424057085;0.5116618;-6.533528
11.68;102;75;281;228;69.92864424057085;0.5116618;-6.533528
11.69;102;75;281;228;69.92864424057085;0.5116618;-6.533528
11.7;102;74;281;228;69.82670744138633;0.49270073;-6.5627737
11.71;102;74;281;228;69.82670744138633;0.49270073;-6.5627737
11.72;102;74;281;228;69.82670744138633;0.49270073;-6.5627737
11.73;102;74;281;228;69.82670744138633;0.49270073;-6.5627737
11.74;102;74;281;228;69.82670744138633;0.49270073;-6.5627737
11.75;101;74;281;228;69.72477064220183;0.5131579;-6.5921054
11.76;101;74;281;228;69.72477064220183;0.5131579;-6.5921054
11.77;101;74;282;228;69.82670744138633;0.5321168;-6.60219
11.78;101;75;282;228;69.92864424057085;0.5510204;-6.5728865
11.79;101;75;282;228;69.92864424057085;0.5510204;-6.5728865
11.8;101;75;282;228;69.92864424057085;0.5510204;-6.5728865
11.81;101;75;282;228;69.92864424057085;0.5510204;-6.5728865
11.82;101;75;282;229;70.03058103975535;0.5305677;-6.5829697
11.83;101;75;282;228;69.92864424057085;0.5510204;-6.5728865
11.84;101;75;282;228;69.92864424057085;0.5510204;-6.5728865
11.85;101;75;282;228;69.92864424057085;0.5510204;-6.5728865
11.86;101;74;281;228;69.72477064220183;0.5131579;-6.5921054
11.87;101;74;281;228;69.72477064220183;0.5131579;-6.5921054
11.88;101;74;281;228;69.72477064220183;0.5131579;-6.5921054
11.89;101;74;281;228;69.72477064220183;0.5131579;-6.5921054
11.9;101;74;281;228;69.72477064220183;0.5131579;-6.5921054
11.91;101;74;281;228;69.72477064220183;0.5131579;-6.5921054
11.92;101;74;281;229;69.82670744138633;0.49270073;-6.60219
11.93;101;74;282;229;69.92864424057085;0.5116618;-6.612245
11.94;101;74;282;229;69.92864424057085;0.5116618;-6.612245
11.95;100;74;282;229;69.82670744138633;0.5321168;-6.641606
11.96;100;74;282;230;69.92864424057085;0.5116618;-6.6516037
11.97;100;73;283;230;69.92864424057085;0.5116618;-6.6909623
11.98;100;73;283;231;70.03058103975535;0.49126637;-6.7008734
11.99;100;73;283;231;70.03058103975535;0.49126637;-6.7008734
12.0;100;73;283;231;70.03058103975535;0.49126637;-6.7008734
12.01;100;73;283;230;69.92864424057085;0.5116618;-6.6909623
12.02;100;73;282;230;69.82670744138633;0.49270073;-6.6810217
12.03;99;73;282;230;69.72477064220183;0.5131579;-6.7105265
12.04;99;73;282;230;69.72477064220183;0.5131579;-6.7105265
12.05;99;73;282;230;69.72477064220183;0.5131579;-6.7105265
12.06;99;73;282;230;69.72477064220183;0.5131579;-6.7105265
12.07;99;72;282;231;69.72477064220183;0.47368422;-6.75
12.08;99;72;282;231;69.72477064220183;0.47368422;-6.75
12.09;99;72;282;231;69.72477064220183;0.47368422;-6.75
12.1;99;72;282;232;69.82670744138633;0.45328468;-6.759854
12.11;99;72;282;232;69.82670744138633;0.45328468;-6.759854
12.12;99;72;282;233;69.92864424057085;0.4329446;-6.769679
12.13;99;72;282;233;69.92864424057085;0.4329446;-6.769679
12.14;99;72;282;233;69.92864424057085;0.4329446;-6.769679
12.15;99;72;282;233;69.92864424057085;0.4329446;-6.769679
12.16;99;72;282;233;69.92864424057085;0.4329446;-6.769679
12.17;99;72;282;233;69.92864424057085;0.4329446;-6.769679
12.18;99;72;282;233;69.92864424057085;0.4329446;-6.769679
12.19;99;72;281;233;69.82670744138633;0.4138686;-6.759854
12.2;99;72;281;233;69.82670744138633;0.4138686;-6.759854
12.21;99;72;281;233;69.82670744138633;0.4138686;-6.759854
12.22;99;72;281;233;69.82670744138633;0.4138686;-6.759854
12.23;99;72;281;233;69.82670744138633;0.4138686;-6.759854
12.24;99;72;281;233;69.82670744138633;0.4138686;-6.759854
12.25;99;71;281;233;69.72477064220183;0.39473686;-6.7894735
12.26;99;71;281;233;69.72477064220183;0.39473686;-6.7894735
12.27;99;71;281;233;69.72477064220183;0.39473686;-6.7894735
12.28;99;71;281;233;69.72477064220183;0.39473686;-6.7894735
12.29;99;71;281;233;69.72477064220183;0.39473686;-6.7894735
12.3;99;72;282;234;70.03058103975535;0.41266376;-6.779476
12.31;99;72;282;234;70.03058103975535;0.41266376;-6.779476
12.32;99;72;282;234;70.03058103975535;0.41266376;-6.779476
12.33;99;72;282;234;70.03058103975535;0.41266376;-6.779476
12.34;99;72;281;233;69.82670744138633;0.4138686;-6.759854
12.35;99;72;281;233;69.82670744138633;0.4138686;-6.759854
12.36;99;72;281;233;69.82670744138633;0.4138686;-6.759854
12.37;99;72;281;233;69.82670744138633;0.4138686;-6.759854
12.38;99;72;281;233;69.82670744138633;0.4138686;-6.759854
12.39;99;72;281;233;69.82670744138633;0.4138686;-6.759854
12.4;99;72;281;233;69.82670744138633;0.4138686;-6.759854
12.41;99;72;281;233;69.82670744138633;0.4138686;-6.759854
12.42;99;72;281;233;69.82670744138633;0.4138686;-6.759854
12.43;99;72;281;232;69.72477064220183;0.43421054;-6.75
12.44;99;72;281;232;69.72477064220183;0.43421054;-6.75
12.45;99;73;281;232;69.82670744138633;0.45328468;-6.720438
12.46;100;73;282;232;70.03058103975535;0.45196506;-6.7008734
12.47;100;73;282;232;70.03058103975535;0.45196506;-6.7008734
12.48;100;73;282;231;69.92864424057085;0.4723032;-6.6909623
12.49;100;73;282;231;69.92864424057085;0.4723032;-6.6909623
12.5;100;73;282;231;69.92864424057085;0.4723032;-6.6909623
12.51;100;73;282;231;69.92864424057085;0.4723032;-6.6909623
12.52;100;73;282;230;69.82670744138633;0.49270073;-6.6810217
12.53;100;73;282;230;69.82670744138633;0.49270073;-6.6810217
12.54;100;73;282;230;69.82670744138633;0.49270073;-6.6810217
12.55;100;74;282;230;69.92864424057085;0.5116618;-6.6516037
12.56;100;74;282;230;69.92864424057085;0.5116618;-6.6516037
12.57;100;74;282;230;69.92864424057085;0.5116618;-6.6516037
12.58;100;74;282;230;69.92864424057085;0.5116618;-6.6516037
12.59;100;74;282;230;69.92864424057085;0.5116618;-6.6516037
12.6;101;74;282;229;69.92864424057085;0.5116618;-6.612245
12.61;101;75;282;229;70.03058103975535;0.5305677;-6.5829697
12.62;101;75;282;229;70.03058103975535;0.5305677;-6.5829697
12.63;101;75;281;228;69.82670744138633;0.5321168;-6.5627737
12.64;101;75;281;228;69.82670744138633;0.5321168;-6.5627737
12.65;102;75;281;228;69.92864424057085;0.5116618;-6.533528
12.66;102;75;280;228;69.82670744138633;0.49270073;-6.523358
12.67;102;76;280;228;69.92864424057085;0.5116618;-6.494169
12.68;102;76;280;228;69.92864424057085;0.5116618;-6.494169
12.69;102;76;279;227;69.72477064220183;0.5131579;-6.4736843
12.7;102;76;279;227;69.72477064220183;0.5131579;-6.4736843
12.71;103;76;279;227;69.82670744138633;0.49270073;-6.4445257
12.72;103;76;280;227;69.92864424057085;0.5116618;-6.4548106
12.73;103;76;280;227;69.92864424057085;0.5116618;-6.4548106
12.74;103;76;280;228;70.03058103975535;0.49126637;-6.4650655
12.75;103;76;280;228;70.03058103975535;0.49126637;-6.4650655
12.76;103;76;280;227;69.92864424057085;0.5116618;-6.4548106
12.77;103;76;279;227;69.82670744138633;0.49270073;-6.4445257
12.78;102;76;279;227;69.72477064220183;0.5131579;-6.4736843
12.79;102;76;279;227;69.72477064220183;0.5131579;-6.4736843
12.8;102;76;279;227;69.72477064220183;0.5131579;-6.4736843
12.81;102;76;279;227;69.72477064220183;0.5131579;-6.4736843
12.82;102;76;279;227;69.72477064220183;0.5131579;-6.4736843
12.83;102;76;279;227;69.72477064220183;0.5131579;-6.4736843
12.84;102;76;279;227;69.72477064220183;0.5131579;-6.4736843
12.85;102;75;279;228;69.72477064220183;0.47368422;-6.513158
12.86;102;75;279;228;69.72477064220183;0.47368422;-6.513158
12.87;103;75;279;228;69.82670744138633;0.45328468;-6.4839416
12.88;103;75;279;229;69.92864424057085;0.4329446;-6.494169
12.89;103;75;279;229;69.92864424057085;0.4329446;-6.494169
12.9;103;75;279;229;69.92864424057085;0.4329446;-6.494169
12.91;103;75;279;229;69.92864424057085;0.4329446;-6.494169
12.92;103;75;279;229;69.92864424057085;0.4329446;-6.494169
12.93;103;75;279;229;69.92864424057085;0.4329446;-6.494169
12.94;103;75;279;229;69.92864424057085;0.4329446;-6.494169
12.95;103;75;279;229;69.92864424057085;0.4329446;-6.494169
12.96;103;75;279;228;69.82670744138633;0.45328468;-6.4839416
12.97;103;75;279;228;69.82670744138633;0.45328468;-6.4839416
12.98;103;75;279;228;69.82670744138633;0.45328468;-6.4839416
12.99;103;75;279;228;69.82670744138633;0.45328468;-6.4839416
13.0;102;75;279;228;69.72477064220183;0.47368422;-6.513158
13.01;102;75;279;228;69.72477064220183;0.47368422;-6.513158
13.02;102;75;280;228;69.82670744138633;0.49270073;-6.523358
13.03;102;75;280;228;69.82670744138633;0.49270073;-6.523358
13.04;102;75;281;229;70.03058103975535;0.49126637;-6.5436683
13.05;102;75;281;229;70.03058103975535;0.49126637;-6.5436683
13.06;101;75;281;229;69.92864424057085;0.5116618;-6.5728865
13.07;101;74;281;229;69.82670744138633;0.49270073;-6.60219
13.08;101;74;281;229;69.82670744138633;0.49270073;-6.60219
13.09;101;74;281;229;69.82670744138633;0.49270073;-6.60219
13.1;101;74;281;229;69.82670744138633;0.49270073;-6.60219
13.11;100;74;281;229;69.72477064220183;0.5131579;-6.631579
13.12;100;74;282;229;69.82670744138633;0.5321168;-6.641606
13.13;100;74;282;229;69.82670744138633;0.5321168;-6.641606
13.14;100;74;282;229;69.82670744138633;0.5321168;-6.641606
13.15;100;74;282;229;69.82670744138633;0.5321168;-6.641606
13.16;100;73;282;230;69.82670744138633;0.49270073;-6.6810217
13.17;100;73;282;230;69.82670744138633;0.49270073;-6.6810217
13.18;100;73;283;230;69.92864424057085;0.5116618;-6.6909623
13.19;99;73;283;230;69.82670744138633;0.5321168;-6.720438
13.2;99;73;282;230;69.72477064220183;0.5131579;-6.7105265
13.21;99;73;282;230;69.72477064220183;0.5131579;-6.7105265
13.22;99;73;282;230;69.72477064220183;0.5131579;-6.7105265
13.23;99;73;282;230;69.72477064220183;0.5131579;-6.7105265
13.24;99;73;282;230;69.72477064220183;0.5131579;-6.7105265
13.25;99;73;282;230;69.72477064220183;0.5131579;-6.7105265
13.26;99;73;282;231;69.82670744138633;0.49270073;-6.720438
13.27;99;73;282;231;69.82670744138633;0.49270073;-6.720438
13.28;99;73;282;231;69.82670744138633;0.49270073;-6.720438
13.29;99;72;282;231;69.72477064220183;0.47368422;-6.75
13.3;99;72;282;232;69.82670744138633;0.45328468;-6.759854
13.31;99;72;282;232;69.82670744138633;0.45328468;-6.759854
13.32;99;72;282;232;69.82670744138633;0.45328468;-6.759854
13.33;99;72;282;232;69.82670744138633;0.45328468;-6.759854
13.34;99;72;282;232;69.82670744138633;0.45328468;-6.759854
13.35;99;72;282;232;69.82670744138633;0.45328468;-6.759854
13.36;99;72;281;233;69.82670744138633;0.4138686;-6.759854
13.37;99;72;281;233;69.82670744138633;0.4138686;-6.759854
13.38;99;71;281;233;69.72477064220183;0.39473686;-6.7894735
13.39;99;71;281;234;69.82670744138633;0.37445256;-6.79927
13.4;99;72;281;234;69.92864424057085;0.393586;-6.769679
13.41;99;72;281;234;69.92864424057085;0.393586;-6.769679
13.42;99;71;281;234;69.82670744138633;0.37445256;-6.79927
13.43;99;71;281;234;69.82670744138633;0.37445256;-6.79927
13.44;99;71;281;234;69.82670744138633;0.37445256;-6.79927
13.45;99;71;281;234;69.82670744138633;0.37445256;-6.79927
13.46;99;71;281;234;69.82670744138633;0.37445256;-6.79927
13.47;99;71;280;234;69.72477064220183;0.35526314;-6.7894735
13.48;99;71;280;233;69.62283384301733;0.37554905;-6.779649
13.49;99;71;280;234;69.72477064220183;0.35526314;-6.7894735
13.5;99;71;280;234;69.72477064220183;0.35526314;-6.7894735
13.51;99;71;281;234;69.82670744138633;0.37445256;-6.79927
13.52;99;71;281;234;69.82670744138633;0.37445256;-6.79927
13.53;104;78;277;227;69.92864424057085;0.4723032;-6.336735
13.54;104;77;276;227;69.72477064220183;0.43421054;-6.355263
13.55;104;77;276;227;69.72477064220183;0.43421054;-6.355263
13.56;104;77;276;227;69.72477064220183;0.43421054;-6.355263
13.57;104;77;276;226;69.62283384301733;0.45461202;-6.3448024
13.58;104;77;276;226;69.62283384301733;0.45461202;-6.3448024
13.59;104;77;276;226;69.62283384301733;0.45461202;-6.3448024
13.6;104;77;277;227;69.82670744138633;0.45328468;-6.3656936
13.61;104;77;277;227;69.82670744138633;0.45328468;-6.3656936
13.62;104;77;277;227;69.82670744138633;0.45328468;-6.3656936
13.63;103;76;277;228;69.72477064220183;0.43421054;-6.4342103
13.64;103;76;278;228;69.82670744138633;0.45328468;-6.4445257
13.65;103;76;278;228;69.82670744138633;0.45328468;-6.4445257
13.66;103;76;278;228;69.82670744138633;0.45328468;-6.4445257
13.67;103;76;278;229;69.92864424057085;0.4329446;-6.4548106
13.68;103;75;278;229;69.82670744138633;0.4138686;-6.4839416
13.69;103;75;278;230;69.92864424057085;0.393586;-6.494169
13.7;103;75;278;230;69.92864424057085;0.393586;-6.494169
13.71;103;75;278;230;69.92864424057085;0.393586;-6.494169
13.72;103;75;278;230;69.92864424057085;0.393586;-6.494169
13.73;102;75;278;231;69.92864424057085;0.393586;-6.533528
13.74;102;74;278;231;69.82670744138633;0.37445256;-6.5627737
13.75;102;74;278;231;69.82670744138633;0.37445256;-6.5627737
13.76;102;74;278;231;69.82670744138633;0.37445256;-6.5627737
13.77;102;74;278;231;69.82670744138633;0.37445256;-6.5627737
13.78;102;74;278;232;69.92864424057085;0.3542274;-6.5728865
13.79;102;74;278;232;69.92864424057085;0.3542274;-6.5728865
13.8;102;73;278;232;69.82670744138633;0.3350365;-6.60219
13.81;102;73;278;232;69.82670744138633;0.3350365;-6.60219
13.82;102;73;278;232;69.82670744138633;0.3350365;-6.60219
13.83;102;73;278;232;69.82670744138633;0.3350365;-6.60219
13.84;102;73;278;233;69.92864424057085;0.3148688;-6.612245
13.85;102;73;277;233;69.82670744138633;0.29562044;-6.60219
13.86;102;73;277;233;69.82670744138633;0.29562044;-6.60219
13.87;102;73;277;233;69.82670744138633;0.29562044;-6.60219
13.88;102;73;277;233;69.82670744138633;0.29562044;-6.60219
13.89;102;73;277;233;69.82670744138633;0.29562044;-6.60219
13.9;102;73;277;233;69.82670744138633;0.29562044;-6.60219
13.91;102;73;277;233;69.82670744138633;0.29562044;-6.60219
13.92;102;73;277;234;69.92864424057085;0.2755102;-6.612245
13.93;102;73;277;234;69.92864424057085;0.2755102;-6.612245
13.94;102;73;277;234;69.92864424057085;0.2755102;-6.612245
13.95;102;73;277;234;69.92864424057085;0.2755102;-6.612245
13.96;103;73;277;233;69.92864424057085;0.2755102;-6.5728865
13.97;103;73;277;233;69.92864424057085;0.2755102;-6.5728865
13.98;103;74;277;233;70.03058103975535;0.29475984;-6.5436683
13.99;103;74;277;233;70.03058103975535;0.29475984;-6.5436683
14.0;103;74;277;232;69.92864424057085;0.3148688;-6.533528
14.01;103;75;277;231;69.92864424057085;0.3542274;-6.494169
14.02;103;76;277;231;70.03058103975535;0.37336245;-6.4650655
14.03;103;76;278;230;70.03058103975535;0.41266376;-6.4650655
14.04;103;77;278;228;69.92864424057085;0.4723032;-6.415452
14.05;103;78;278;227;69.92864424057085;0.5116618;-6.3760934
14.06;103;79;278;226;69.92864424057085;0.5510204;-6.336735
14.07;103;79;278;226;69.92864424057085;0.5510204;-6.336735
14.08;103;80;278;225;69.92864424057085;0.590379;-6.297376
14.09;103;81;278;224;69.92864424057085;0.6297376;-6.2580175
14.1;103;82;278;223;69.92864424057085;0.66909623;-6.218659
14.11;103;82;279;222;69.92864424057085;0.7084548;-6.218659
14.12;103;83;279;221;69.92864424057085;0.7478134;-6.1793003
14.13;103;83;279;220;69.82670744138633;0.76861316;-6.168613
14.14;103;84;279;219;69.82670744138633;0.8080292;-6.129197
14.15;102;84;280;219;69.82670744138633;0.84744525;-6.168613
14.16;102;84;280;218;69.72477064220183;0.8684211;-6.1578946
14.17;102;85;281;218;69.92864424057085;0.9052478;-6.1399417
14.18;102;85;281;217;69.82670744138633;0.9262774;-6.129197
14.19;102;85;281;217;69.82670744138633;0.9262774;-6.129197
14.2;102;85;281;217;69.82670744138633;0.9262774;-6.129197
14.21;102;85;281;217;69.82670744138633;0.9262774;-6.129197
14.22;102;85;281;217;69.82670744138633;0.9262774;-6.129197
14.23;102;84;281;217;69.72477064220183;0.90789473;-6.1578946
14.24;102;84;280;217;69.62283384301733;0.8894583;-6.147145
14.25;102;84;280;218;69.72477064220183;0.8684211;-6.1578946
14.26;102;84;281;218;69.82670744138633;0.8868613;-6.168613
14.27;102;84;281;219;69.92864424057085;0.8658892;-6.1793003
14.28;102;84;282;219;70.03058103975535;0.8842795;-6.189956
14.29;102;84;282;220;70.13251783893985;0.8633721;-6.2005816
14.3;102;84;282;220;70.13251783893985;0.8633721;-6.2005816
14.31;102;83;281;220;69.92864424057085;0.82653064;-6.218659
14.32;102;83;281;220;69.92864424057085;0.82653064;-6.218659
14.33;102;83;280;220;69.82670744138633;0.8080292;-6.2080293
14.34;103;83;279;220;69.82670744138633;0.76861316;-6.168613
14.35;103;83;279;220;69.82670744138633;0.76861316;-6.168613
14.36;103;82;278;221;69.72477064220183;0.7105263;-6.1973686
14.37;103;82;277;221;69.62283384301733;0.6918009;-6.1866765
14.38;103;82;277;221;69.62283384301733;0.6918009;-6.1866765
14.39;103;82;276;222;69.62283384301733;0.6522694;-6.1866765
14.4;103;81;276;222;69.52089704383282;0.6334311;-6.2155423
14.41;103;81;277;223;69.72477064220183;0.6315789;-6.236842
14.42;103;81;277;224;69.82670744138633;0.6109489;-6.247445
14.43;103;81;277;224;69.82670744138633;0.6109489;-6.247445
14.44;103;81;277;225;69.92864424057085;0.590379;-6.2580175
14.45;103;81;277;225;69.92864424057085;0.590379;-6.2580175
14.46;103;81;276;226;69.92864424057085;0.5510204;-6.2580175
14.47;103;80;276;227;69.92864424057085;0.5116618;-6.297376
14.48;103;80;275;227;69.82670744138633;0.49270073;-6.2868614
14.49;103;80;275;228;69.92864424057085;0.4723032;-6.297376
14.5;103;79;274;228;69.72477064220183;0.43421054;-6.3157897
14.51;103;79;274;229;69.82670744138633;0.4138686;-6.3262773
14.52;103;79;273;229;69.72477064220183;0.39473686;-6.3157897
14.53;103;78;273;230;69.72477064220183;0.35526314;-6.355263
14.54;103;78;272;231;69.72477064220183;0.31578946;-6.355263
14.55;103;78;272;231;69.72477064220183;0.31578946;-6.355263
14.56;103;78;272;232;69.82670744138633;0.29562044;-6.3656936
14.57;103;77;271;232;69.62283384301733;0.2569546;-6.3843336
14.58;103;77;271;233;69.72477064220183;0.23684211;-6.394737
14.59;103;76;270;234;69.62283384301733;0.17789166;-6.4238653
14.6;103;76;270;235;69.72477064220183;0.15789473;-6.4342103
14.61;103;76;269;236;69.72477064220183;0.118421055;-6.4342103
14.62;103;75;269;237;69.72477064220183;0.078947365;-6.4736843
14.63;104;75;268;238;69.82670744138633;0.01970803;-6.4445257
14.64;104;74;268;239;69.82670744138633;-0.01970803;-6.4839416
14.65;104;74;268;240;69.92864424057085;-0.0393586;-6.494169
14.66;104;74;267;241;69.92864424057085;-0.0787172;-6.494169
14.67;104;73;267;242;69.92864424057085;-0.1180758;-6.533528
14.68;104;73;266;243;69.92864424057085;-0.1574344;-6.533528
14.69;104;73;265;244;69.92864424057085;-0.196793;-6.533528
14.7;104;72;264;245;69.82670744138633;-0.25620437;-6.5627737
14.71;104;71;263;246;69.72477064220183;-0.31578946;-6.5921054
14.72;104;71;263;247;69.82670744138633;-0.3350365;-6.60219
14.73;103;70;262;248;69.62283384301733;-0.37554905;-6.661054
14.74;103;69;261;249;69.52089704383282;-0.43548387;-6.6906157
14.75;103;68;261;251;69.62283384301733;-0.4941435;-6.740117
14.76;103;67;259;253;69.52089704383282;-0.5938417;-6.769795
14.77;104;66;258;255;69.62283384301733;-0.6918009;-6.779649
14.78;104;65;257;257;69.62283384301733;-0.77086383;-6.81918
14.79;104;64;256;259;69.62283384301733;-0.84992677;-6.8587117
14.8;104;62;254;262;69.52089704383282;-0.9897361;-6.9281526
14.81;105;61;253;265;69.72477064220183;-1.1052631;-6.9473686
14.82;105;60;251;268;69.72477064220183;-1.2236842;-6.986842
14.83;106;58;249;272;69.82670744138633;-1.39927;-7.0357666
14.84;107;57;247;276;70.03058103975535;-1.5524018;-7.054585
14.85;108;55;244;281;70.13251783893985;-1.7659883;-7.1031976
14.86;109;54;241;285;70.23445463812436;-1.9397678;-7.112482
14.87;110;52;239;289;70.33639143730886;-2.1130435;-7.1608696
14.88;111;51;235;293;70.33639143730886;-2.3086956;-7.1608696
14.89;113;49;232;297;70.43832823649338;-2.5202606;-7.1700435
14.9;114;47;227;301;70.23445463812436;-2.7626996;-7.1908565
14.91;116;44;223;305;70.13251783893985;-3.0218024;-7.22093
14.92;117;42;218;311;70.13251783893985;-3.2965117;-7.2601743
14.93;119;40;213;317;70.23445463812436;-3.5856314;-7.269231
14.94;121;37;209;323;70.33639143730886;-3.873913;-7.3173914
14.95;123;34;204;330;70.43832823649338;-4.200434;-7.365412
14.96;125;31;199;335;70.33639143730886;-4.5;-7.3956523
14.97;126;28;194;339;70.03058103975535;-4.7751093;-7.4475985
14.98;127;25;189;343;69.72477064220183;-5.0526314;-7.5
14.99;128;21;184;347;69.3170234454638;-5.3602943;-7.5838237
15.0;129;18;180;352;69.2150866462793;-5.626657;-7.6546392
15.01;130;14;177;358;69.2150866462793;-5.9050074;-7.7739325
15.02;130;11;175;364;69.3170234454638;-6.114706;-7.9014707
15.03;131;8;173;370;69.52089704383282;-6.334311;-7.9970675
15.04;132;6;171;375;69.72477064220183;-6.513158;-8.052631
15.05;133;5;169;380;70.03058103975535;-6.661572;-8.076419
15.06;134;4;168;384;70.33639143730886;-6.769565;-8.1
15.07;135;3;167;387;70.54026503567788;-6.867052;-8.115607
15.08;136;3;167;389;70.84607543323139;-6.8956833;-8.1
15.09;136;3;167;390;70.9480122324159;-6.9051723;-8.1077585
15.1;136;3;167;391;71.0499490316004;-6.914634;-8.115495
15.11;137;3;167;391;71.1518858307849;-6.924069;-8.084527
15.12;137;3;167;390;71.0499490316004;-6.914634;-8.076757
15.13;136;3;166;389;70.74413863404689;-6.925072;-8.092219
15.14;136;3;166;388;70.64220183486238;-6.9155846;-8.084415
15.15;136;3;165;387;70.43832823649338;-6.9356008;-8.068741
15.16;136;3;164;385;70.13251783893985;-6.946221;-8.045058
15.17;136;3;163;384;69.92864424057085;-6.966472;-8.029155
15.18;136;3;162;382;69.62283384301733;-6.977306;-8.005124
15.19;136;3;161;380;69.3170234454638;-6.9882355;-7.980882
15.2;136;3;160;379;69.1131498470948;-7.0088496;-7.964602
15.21;136;3;159;378;68.90927624872579;-7.029586;-7.948225
15.22;136;3;159;378;68.90927624872579;-7.029586;-7.948225
15.23;136;3;159;379;69.01121304791029;-7.039143;-7.956425
15.24;136;2;159;380;69.01121304791029;-7.0790253;-7.9963074
15.25;136;2;159;381;69.1131498470948;-7.0884957;-8.004425
15.26;135;2;159;382;69.1131498470948;-7.0884957;-8.044248
15.27;135;2;159;383;69.2150866462793;-7.097938;-8.052282
15.28;136;2;159;384;69.41896024464832;-7.11674;-8.028634
15.29;136;2;159;385;69.52089704383282;-7.1260996;-8.036657
15.3;136;2;159;386;69.62283384301733;-7.135432;-8.044656
15.31;137;2;159;387;69.82670744138633;-7.1540146;-8.021168
15.32;137;2;159;388;69.92864424057085;-7.163265;-8.029155
15.33;138;2;158;387;69.82670744138633;-7.1934304;-7.981752
15.34;137;2;158;387;69.72477064220183;-7.1842103;-8.013158
15.35;137;2;157;385;69.41896024464832;-7.1960354;-7.988987
15.36;137;2;157;384;69.3170234454638;-7.1867647;-7.980882
15.37;136;2;156;382;68.90927624872579;-7.189349;-7.988166
15.38;135;2;155;379;68.39959225280326;-7.1825633;-7.9873323
15.39;135;2;155;377;68.19571865443424;-7.163677;-7.970852
15.4;134;2;155;375;67.88990825688073;-7.135135;-7.9864864
15.41;134;2;155;374;67.78797145769623;-7.125564;-7.9781957
15.42;133;2;156;374;67.78797145769623;-7.0849624;-8.018797
15.43;133;2;157;374;67.88990825688073;-7.0540543;-8.027027
15.44;133;2;158;376;68.19571865443424;-7.042601;-8.05157
15.45;132;2;159;378;68.39959225280326;-7.0216093;-8.1080475
15.46;132;2;160;380;68.70540265035677;-7.010386;-8.132048
15.47;132;2;161;382;69.01121304791029;-6.9992614;-8.155834
15.48;132;2;162;384;69.3170234454638;-6.9882355;-8.179412
15.49;131;2;163;385;69.41896024464832;-6.95815;-8.226872
15.5;130;1;164;386;69.41896024464832;-6.95815;-8.306168
15.51;130;1;164;385;69.3170234454638;-6.9485292;-8.29853
15.52;129;1;164;384;69.1131498470948;-6.9292035;-8.323009
15.53;129;1;164;383;69.01121304791029;-6.919498;-8.315362
15.54;128;1;164;381;68.70540265035677;-6.890208;-8.332344
15.55;127;1;164;380;68.50152905198776;-6.870536;-8.357142
15.56;126;1;164;377;68.09378185524974;-6.830838;-8.366767
15.57;125;1;164;375;67.78797145769623;-6.8007517;-8.384211
15.58;125;1;164;374;67.68603465851172;-6.790663;-8.376506
15.59;124;1;163;372;67.2782874617737;-6.7909093;-8.386364
15.6;123;1;163;371;67.07441386340469;-6.770517;-8.411854
15.61;123;1;162;368;66.66666666666666;-6.7706423;-8.3807335
15.62;122;1;160;365;66.05504587155963;-6.7916665;-8.375
15.63;121;1;158;360;65.23955147808358;-6.7921877;-8.353125
15.64;121;1;156;354;64.42405708460754;-6.7927217;-8.287974
15.65;120;0;153;347;63.200815494393474;-6.8370967;-8.274194
15.66;119;0;150;340;62.07951070336391;-6.849754;-8.224138
15.67;118;0;147;334;61.06014271151886;-6.8739567;-8.181135
15.68;118;0;145;328;60.24464831804281;-6.8756347;-8.109137
15.69;118;0;142;321;59.225280326197755;-6.901033;-8.016351
15.7;117;0;139;315;58.205912334352696;-6.9273205;-7.967601
15.71;117;0;136;309;57.288481141692145;-6.9661922;-7.8790035
15.72;117;0;133;302;56.269113149847094;-6.994565;-7.777174
15.73;116;0;130;293;54.94393476044852;-6.987941;-7.6892395
15.74;115;0;125;283;53.31294597349643;-7.046845;-7.5630975
15.75;115;1;121;273;51.98776758409786;-7.0411763;-7.3588233
15.76;114;1;117;264;50.56065239551478;-7.076613;-7.239919
15.77;113;0;113;255;49.03160040774719;-7.156965;-7.156965
15.78;112;0;108;243;47.196738022426096;-7.201944;-6.9686823
15.79;110;0;102;230;45.05606523955148;-7.269231;-6.780543
15.8;108;0;95;217;42.813455657492355;-7.392857;-6.5571427
15.81;105;0;88;202;40.265035677879716;-7.4848104;-6.322785
15.82;102;0;81;187;37.71661569826707;-7.589189;-6.056757
15.83;98;0;74;171;34.96432212028542;-7.674927;-5.785714
15.84;93;0;66;154;31.90621814475025;-7.8067093;-5.477636
15.85;89;0;59;138;29.153924566768602;-7.93007;-5.0979023
15.86;84;0;52;122;26.299694189602445;-8.05814;-4.7093024
15.87;79;0;46;108;23.751274209989806;-8.169528;-4.345494
15.88;73;0;41;95;21.30479102956167;-8.203349;-4.069378
15.89;68;0;36;83;19.062181447502546;-8.302139;-3.6818182
15.9;62;0;32;72;16.92150866462793;-8.29518;-3.4156628
15.91;56;0;28;62;14.882772680937817;-8.321918;-3.1438355
15.92;50;0;23;53;12.844036697247706;-8.571428;-2.7857144
15.93;42;0;19;43;10.601427115188583;-8.567307;-2.5961537
15.94;34;0;14;34;8.358817533129459;-8.890244;-2.304878
15.95;25;0;9;26;6.116207951070336;-9.45;-2.25
15.96;15;0;5;18;3.873598369011213;-9.947369;-2.8421052
15.97;7;0;2;11;2.038735983690112;-10.8;-4.05
15.98;2;0;1;5;0.8154943934760448;-10.125;-6.75
15.99;0;0;0;1;0.1019367991845056;-13.5;-13.5
16.0;0;0;0;0;0.0;0.0;0.0
16.01;0;0;0;1;0.1019367991845056;-13.5;-13.5
16.02;0;0;0;0;0.0;0.0;0.0
16.03;0;0;0;0;0.0;0.0;0.0
16.04;0;0;0;0;0.0;0.0;0.0
16.05;0;0;0;0;0.0;0.0;0.0
16.06;0;0;0;0;0.0;0.0;0.0
16.07;0;0;0;0;0.0;0.0;0.0
16.08;0;0;0;0;0.0;0.0;0.0
16.09;0;0;0;0;0.0;0.0;0.0
16.1;0;0;0;0;0.0;0.0;0.0
16.11;0;0;0;0;0.0;0.0;0.0
16.12;0;0;0;0;0.0;0.0;0.0
16.13;0;0;0;0;0.0;0.0;0.0
16.14;0;0;0;0;0.0;0.0;0.0
16.15;0;0;0;0;0.0;0.0;0.0
16.16;0;0;0;0;0.0;0.0;0.0
16.17;0;0;0;0;0.0;0.0;0.0
16.18;0;0;0;0;0.0;0.0;0.0
16.19;0;0;0;0;0.0;0.0;0.0
16.2;0;0;0;0;0.0;0.0;0.0
16.21;0;0;0;0;0.0;0.0;0.0
16.22;0;0;0;0;0.0;0.0;0.0
16.23;0;0;0;0;0.0;0.0;0.0
16.24;0;0;0;0;0.0;0.0;0.0
16.25;0;0;0;0;0.0;0.0;0.0
16.26;0;0;0;0;0.0;0.0;0.0
16.27;0;0;0;0;0.0;0.0;0.0
16.28;0;0;0;0;0.0;0.0;0.0
16.29;0;0;0;0;0.0;0.0;0.0
16.3;0;0;0;0;0.0;0.0;0.0
16.31;0;0;0;0;0.0;0.0;0.0
16.32;0;0;0;0;0.0;0.0;0.0
16.33;0;0;0;0;0.0;0.0;0.0
16.34;0;0;0;0;0.0;0.0;0.0
16.35;0;0;0;0;0.0;0.0;0.0
16.36;0;0;0;0;0.0;0.0;0.0
16.37;0;0;0;0;0.0;0.0;0.0
16.38;0;0;0;0;0.0;0.0;0.0
16.39;0;0;0;0;0.0;0.0;0.0
16.4;0;0;0;0;0.0;0.0;0.0
16.41;0;0;0;0;0.0;0.0;0.0
16.42;0;0;0;0;0.0;0.0;0.0
16.43;0;0;0;0;0.0;0.0;0.0
16.44;0;0;0;0;0.0;0.0;0.0
16.45;0;0;0;0;0.0;0.0;0.0
16.46;0;0;0;0;0.0;0.0;0.0
16.47;0;0;0;0;0.0;0.0;0.0
16.48;0;0;0;0;0.0;0.0;0.0
16.49;0;0;0;0;0.0;0.0;0.0
16.5;0;0;0;0;0.0;0.0;0.0
16.51;0;0;0;0;0.0;0.0;0.0
16.52;0;0;0;0;0.0;0.0;0.0
16.53;0;0;0;0;0.0;0.0;0.0
16.54;0;0;0;0;0.0;0.0;0.0
16.55;0;0;0;0;0.0;0.0;0.0
16.56;0;0;0;0;0.0;0.0;0.0
16.57;0;0;0;0;0.0;0.0;0.0
16.58;0;0;0;0;0.0;0.0;0.0
16.59;0;0;0;0;0.0;0.0;0.0
16.6;0;0;0;0;0.0;0.0;0.0
16.61;0;0;0;0;0.0;0.0;0.0
16.62;0;0;0;0;0.0;0.0;0.0
16.63;0;0;0;0;0.0;0.0;0.0
16.64;0;0;0;0;0.0;0.0;0.0
16.65;0;0;0;0;0.0;0.0;0.0
16.66;0;0;0;0;0.0;0.0;0.0
16.67;0;0;0;0;0.0;0.0;0.0
16.68;0;0;0;0;0.0;0.0;0.0
16.69;0;0;0;0;0.0;0.0;0.0
16.7;0;0;0;0;0.0;0.0;0.0
16.71;0;0;0;0;0.0;0.0;0.0
16.72;0;0;0;0;0.0;0.0;0.0
16.73;0;0;0;0;0.0;0.0;0.0
16.74;0;0;0;0;0.0;0.0;0.0
16.75;0;0;0;0;0.0;0.0;0.0
16.76;0;0;0;0;0.0;0.0;0.0
16.77;0;0;0;0;0.0;0.0;0.0
16.78;0;0;0;0;0.0;0.0;0.0
16.79;0;0;0;0;0.0;0.0;0.0
16.8;0;0;0;0;0.0;0.0;0.0
16.81;0;0;0;0;0.0;0.0;0.0
16.82;0;0;0;0;0.0;0.0;0.0
16.83;0;0;0;0;0.0;0.0;0.0
16.84;0;0;0;0;0.0;0.0;0.0
16.85;0;0;0;0;0.0;0.0;0.0
16.86;0;0;0;0;0.0;0.0;0.0
16.87;0;0;0;0;0.0;0.0;0.0
16.88;0;0;0;0;0.0;0.0;0.0
16.89;0;0;0;0;0.0;0.0;0.0
16.9;0;0;0;0;0.0;0.0;0.0
16.91;0;0;0;0;0.0;0.0;0.0
16.92;0;0;0;0;0.0;0.0;0.0
16.93;0;0;0;0;0.0;0.0;0.0
16.94;0;0;0;0;0.0;0.0;0.0
16.95;0;0;0;0;0.0;0.0;0.0
16.96;0;0;0;0;0.0;0.0;0.0
16.97;0;0;0;0;0.0;0.0;0.0
16.98;0;0;0;0;0.0;0.0;0.0
16.99;0;0;0;0;0.0;0.0;0.0
17.0;0;0;0;0;0.0;0.0;0.0
17.01;0;0;0;0;0.0;0.0;0.0
17.02;0;0;0;0;0.0;0.0;0.0
17.03;0;0;0;0;0.0;0.0;0.0
17.04;0;0;0;0;0.0;0.0;0.0
17.05;0;0;0;0;0.0;0.0;0.0
17.06;0;0;0;0;0.0;0.0;0.0
17.07;0;0;0;0;0.0;0.0;0.0
17.08;0;0;0;0;0.0;0.0;0.0
17.09;0;0;0;0;0.0;0.0;0.0
17.1;0;0;0;0;0.0;0.0;0.0
17.11;0;0;0;0;0.0;0.0;0.0
17.12;0;0;0;0;0.0;0.0;0.0
17.13;0;0;0;0;0.0;0.0;0.0
17.14;0;0;0;0;0.0;0.0;0.0
17.15;0;0;0;0;0.0;0.0;0.0
17.16;0;0;0;0;0.0;0.0;0.0
17.17;0;0;0;0;0.0;0.0;0.0
17.18;0;0;0;0;0.0;0.0;0.0
17.19;0;0;0;0;0.0;0.0;0.0
17.2;0;0;0;0;0.0;0.0;0.0
17.21;0;0;0;0;0.0;0.0;0.0
17.22;0;0;0;0;0.0;0.0;0.0
17.23;0;0;0;0;0.0;0.0;0.0
17.24;0;0;0;0;0.0;0.0;0.0
17.25;0;0;0;0;0.0;0.0;0.0
17.26;0;0;0;0;0.0;0.0;0.0
17.27;0;0;0;0;0.0;0.0;0.0
17.28;0;0;0;0;0.0;0.0;0.0
17.29;0;0;0;0;0.0;0.0;0.0
17.3;0;0;0;0;0.0;0.0;0.0
17.31;0;0;0;0;0.0;0.0;0.0
17.32;0;0;0;0;0.0;0.0;0.0
17.33;0;0;0;0;0.0;0.0;0.0
17.34;0;0;0;0;0.0;0.0;0.0
17.35;0;0;0;0;0.0;0.0;0.0
17.36;0;0;0;0;0.0;0.0;0.0
17.37;0;0;0;0;0.0;0.0;0.0
17.38;0;0;0;0;0.0;0.0;0.0
17.39;0;0;0;0;0.0;0.0;0.0
17.4;0;0;0;0;0.0;0.0;0.0
17.41;0;0;0;0;0.0;0.0;0.0
17.42;0;0;0;0;0.0;0.0;0.0
17.43;0;0;0;0;0.0;0.0;0.0
17.44;0;0;0;0;0.0;0.0;0.0
17.45;0;0;0;0;0.0;0.0;0.0
17.46;0;0;0;0;0.0;0.0;0.0
17.47;0;0;0;0;0.0;0.0;0.0
17.48;0;0;0;0;0.0;0.0;0.0
17.49;0;0;0;0;0.0;0.0;0.0
17.5;0;0;0;0;0.0;0.0;0.0
17.51;0;0;0;0;0.0;0.0;0.0
17.52;0;0;0;0;0.0;0.0;0.0
17.53;0;0;0;0;0.0;0.0;0.0
17.54;0;0;0;0;0.0;0.0;0.0
17.55;0;0;0;0;0.0;0.0;0.0
17.56;0;0;0;0;0.0;0.0;0.0
17.57;0;0;0;0;0.0;0.0;0.0
17.58;0;0;0;0;0.0;0.0;0.0
17.59;0;0;0;0;0.0;0.0;0.0
17.6;0;0;0;0;0.0;0.0;0.0
17.61;0;0;0;0;0.0;0.0;0.0
17.62;0;0;0;0;0.0;0.0;0.0
17.63;0;0;0;0;0.0;0.0;0.0
17.64;0;0;0;0;0.0;0.0;0.0
17.65;0;0;0;0;0.0;0.0;0.0
17.66;0;0;0;0;0.0;0.0;0.0
17.67;0;0;0;0;0.0;0.0;0.0
17.68;0;0;0;0;0.0;0.0;0.0
17.69;0;0;0;0;0.0;0.0;0.0
17.7;0;0;0;0;0.0;0.0;0.0
17.71;0;0;0;0;0.0;0.0;0.0
17.72;0;0;0;0;0.0;0.0;0.0
17.73;0;0;0;0;0.0;0.0;0.0
17.74;0;0;0;0;0.0;0.0;0.0
17.75;0;0;0;0;0.0;0.0;0.0
17.76;0;0;0;0;0.0;0.0;0.0
17.77;0;0;0;0;0.0;0.0;0.0
17.78;0;0;0;0;0.0;0.0;0.0
17.79;0;0;0;0;0.0;0.0;0.0
17.8;0;0;0;0;0.0;0.0;0.0
17.81;0;0;0;0;0.0;0.0;0.0
17.82;0;0;0;0;0.0;0.0;0.0
17.83;0;0;0;0;0.0;0.0;0.0
17.84;0;0;0;0;0.0;0.0;0.0
17.85;0;0;0;0;0.0;0.0;0.0
17.86;0;0;0;0;0.0;0.0;0.0
17.87;0;0;0;0;0.0;0.0;0.0
17.88;0;0;0;0;0.0;0.0;0.0
17.89;0;0;0;0;0.0;0.0;0.0
17.9;0;0;0;0;0.0;0.0;0.0
17.91;0;0;0;0;0.0;0.0;0.0
17.92;0;0;0;0;0.0;0.0;0.0
17.93;0;0;0;0;0.0;0.0;0.0
17.94;0;0;0;0;0.0;0.0;0.0
17.95;0;0;0;0;0.0;0.0;0.0
17.96;0;0;0;0;0.0;0.0;0.0
17.97;0;0;0;0;0.0;0.0;0.0
17.98;0;0;0;0;0.0;0.0;0.0
