 Height:  Visitor ;  Weight:  Visitor ;  Age:  -1 ;  Gender:  Visitor; name: racha; color: green; situation: one leg
Temps (s);F1 (N);F2 (N);F3 (N);F4 (N);Fz (kg);ML (cm);AP (cm);Poids (kg);Instant apparition poids (s);Score equilibre;Vitesse de la phase de montee;Surface du stabilogramme;Vitesse de deplacement du centre des pressions;Phase de stabilisation
0.01;0;0;0;0;0.0;0.0;0.0;50.254841997961265;13.27;15;4;4;3;4; 130.5448686330604; 1.7424856502647905; 2.160618391445221; 1.040684273292936
0.02;0;0;0;0;0.0;0.0;0.0
0.03;0;0;0;0;0.0;0.0;0.0
0.04;0;0;0;0;0.0;0.0;0.0
0.05;0;0;0;0;0.0;0.0;0.0
0.06;0;0;0;0;0.0;0.0;0.0
0.07;0;0;0;0;0.0;0.0;0.0
0.08;0;0;0;0;0.0;0.0;0.0
0.09;0;0;0;0;0.0;0.0;0.0
0.1;0;0;0;0;0.0;0.0;0.0
0.11;0;0;0;0;0.0;0.0;0.0
0.12;0;0;0;0;0.0;0.0;0.0
0.13;0;0;0;0;0.0;0.0;0.0
0.14;0;0;0;0;0.0;0.0;0.0
0.15;0;0;0;0;0.0;0.0;0.0
0.16;0;0;0;0;0.0;0.0;0.0
0.17;0;0;0;0;0.0;0.0;0.0
0.18;0;0;0;0;0.0;0.0;0.0
0.19;0;0;0;0;0.0;0.0;0.0
0.2;0;0;0;0;0.0;0.0;0.0
0.21;0;0;0;0;0.0;0.0;0.0
0.22;0;0;0;0;0.0;0.0;0.0
0.23;0;0;0;0;0.0;0.0;0.0
0.24;0;0;0;0;0.0;0.0;0.0
0.25;0;0;0;0;0.0;0.0;0.0
0.26;0;0;0;0;0.0;0.0;0.0
0.27;0;0;0;0;0.0;0.0;0.0
0.28;0;0;0;0;0.0;0.0;0.0
0.29;0;0;0;0;0.0;0.0;0.0
0.3;0;0;0;0;0.0;0.0;0.0
0.31;0;0;0;0;0.0;0.0;0.0
0.32;0;0;0;0;0.0;0.0;0.0
0.33;0;0;0;0;0.0;0.0;0.0
0.34;0;0;0;0;0.0;0.0;0.0
0.35;0;0;0;0;0.0;0.0;0.0
0.36;0;0;0;0;0.0;0.0;0.0
0.37;0;0;0;0;0.0;0.0;0.0
0.38;0;0;0;0;0.0;0.0;0.0
0.39;0;0;0;0;0.0;0.0;0.0
0.4;0;0;0;0;0.0;0.0;0.0
0.41;0;0;0;0;0.0;0.0;0.0
0.42;0;0;0;0;0.0;0.0;0.0
0.43;0;0;0;0;0.0;0.0;0.0
0.44;0;0;0;0;0.0;0.0;0.0
0.45;0;0;0;0;0.0;0.0;0.0
0.46;0;0;0;0;0.0;0.0;0.0
0.47;0;0;0;0;0.0;0.0;0.0
0.48;0;0;0;0;0.0;0.0;0.0
0.49;0;0;0;0;0.0;0.0;0.0
0.5;0;0;0;0;0.0;0.0;0.0
0.51;0;0;0;0;0.0;0.0;0.0
0.52;0;0;0;0;0.0;0.0;0.0
0.53;0;0;0;0;0.0;0.0;0.0
0.54;0;0;0;0;0.0;0.0;0.0
0.55;0;0;0;0;0.0;0.0;0.0
0.56;0;0;0;0;0.0;0.0;0.0
0.57;0;0;0;0;0.0;0.0;0.0
0.58;0;0;0;0;0.0;0.0;0.0
0.59;0;0;0;0;0.0;0.0;0.0
0.6;0;0;0;0;0.0;0.0;0.0
0.61;0;0;0;0;0.0;0.0;0.0
0.62;0;0;0;0;0.0;0.0;0.0
0.63;0;0;0;0;0.0;0.0;0.0
0.64;0;0;0;0;0.0;0.0;0.0
0.65;0;0;0;0;0.0;0.0;0.0
0.66;0;0;0;0;0.0;0.0;0.0
0.67;0;0;0;0;0.0;0.0;0.0
0.68;0;0;0;0;0.0;0.0;0.0
0.69;0;0;0;0;0.0;0.0;0.0
0.7;0;0;0;0;0.0;0.0;0.0
0.71;0;0;0;0;0.0;0.0;0.0
0.72;0;0;0;0;0.0;0.0;0.0
0.73;0;0;0;0;0.0;0.0;0.0
0.74;0;0;0;0;0.0;0.0;0.0
0.75;0;0;0;0;0.0;0.0;0.0
0.76;0;0;0;0;0.0;0.0;0.0
0.77;0;0;0;0;0.0;0.0;0.0
0.78;0;0;0;0;0.0;0.0;0.0
0.79;0;0;0;0;0.0;0.0;0.0
0.8;0;0;0;0;0.0;0.0;0.0
0.81;0;0;0;0;0.0;0.0;0.0
0.82;0;0;0;0;0.0;0.0;0.0
0.83;0;0;0;0;0.0;0.0;0.0
0.84;0;0;0;0;0.0;0.0;0.0
0.85;0;0;0;0;0.0;0.0;0.0
0.86;0;0;0;0;0.0;0.0;0.0
0.87;0;0;0;0;0.0;0.0;0.0
0.88;0;0;0;0;0.0;0.0;0.0
0.89;0;0;0;0;0.0;0.0;0.0
0.9;0;0;0;0;0.0;0.0;0.0
0.91;0;0;0;0;0.0;0.0;0.0
0.92;0;0;0;0;0.0;0.0;0.0
0.93;0;0;0;0;0.0;0.0;0.0
0.94;0;0;0;0;0.0;0.0;0.0
0.95;0;0;0;0;0.0;0.0;0.0
0.96;0;0;0;0;0.0;0.0;0.0
0.97;0;0;0;0;0.0;0.0;0.0
0.98;0;0;0;0;0.0;0.0;0.0
0.99;0;0;0;0;0.0;0.0;0.0
1.0;0;0;0;0;0.0;0.0;0.0
1.01;0;0;0;0;0.0;0.0;0.0
1.02;0;0;0;0;0.0;0.0;0.0
1.03;0;0;0;0;0.0;0.0;0.0
1.04;0;0;0;0;0.0;0.0;0.0
1.05;0;0;0;0;0.0;0.0;0.0
1.06;0;0;0;0;0.0;0.0;0.0
1.07;0;0;0;0;0.0;0.0;0.0
1.08;0;0;0;0;0.0;0.0;0.0
1.09;0;0;0;0;0.0;0.0;0.0
1.1;0;0;0;0;0.0;0.0;0.0
1.11;0;0;0;0;0.0;0.0;0.0
1.12;0;0;0;0;0.0;0.0;0.0
1.13;0;0;0;0;0.0;0.0;0.0
1.14;0;0;0;0;0.0;0.0;0.0
1.15;0;0;0;0;0.0;0.0;0.0
1.16;0;0;0;0;0.0;0.0;0.0
1.17;0;0;0;0;0.0;0.0;0.0
1.18;0;0;0;0;0.0;0.0;0.0
1.19;0;0;0;0;0.0;0.0;0.0
1.2;0;0;0;0;0.0;0.0;0.0
1.21;0;0;0;0;0.0;0.0;0.0
1.22;0;0;0;0;0.0;0.0;0.0
1.23;0;0;0;0;0.0;0.0;0.0
1.24;0;0;1;3;0.4077471967380224;-6.75;-13.5
1.25;0;0;4;13;1.7329255861365953;-7.147059;-13.5
1.26;0;0;7;23;3.058103975535168;-7.2;-13.5
1.27;0;0;11;30;4.1794087665647295;-6.256098;-13.5
1.28;0;0;14;36;5.09683995922528;-5.94;-13.5
1.29;1;0;18;42;6.218144750254842;-5.532787;-13.057377
1.3;2;0;21;49;7.339449541284403;-5.625;-12.75
1.31;3;0;24;55;8.358817533129459;-5.597561;-12.512196
1.32;4;0;26;59;9.072375127421;-5.6123595;-12.286517
1.33;5;0;29;64;9.989806320081549;-5.5102043;-12.122449
1.34;6;0;31;70;10.9072375127421;-5.67757;-11.985981
1.35;8;0;35;79;12.436289500509684;-5.7540984;-11.729508
1.36;10;0;40;90;14.271151885830784;-5.785714;-11.571428
1.37;13;0;45;102;16.309887869520896;-5.90625;-11.30625
1.38;16;0;50;114;18.34862385321101;-6.0;-11.1
1.39;19;0;56;125;20.38735983690112;-5.94;-10.935
1.4;22;0;61;137;22.426095820591232;-6.0136366;-10.8
1.41;26;0;66;148;24.464831804281346;-6.075;-10.575
1.42;30;0;71;158;26.401630988786952;-6.0984554;-10.372587
1.43;34;0;76;166;28.134556574923547;-6.0652175;-10.173913
1.44;38;0;80;174;29.765545361875635;-6.10274;-9.986301
1.45;43;0;85;180;31.396534148827726;-6.0487013;-9.730519
1.46;47;0;89;186;32.82364933741081;-6.037267;-9.559006
1.47;51;0;93;191;34.14882772680938;-6.0044775;-9.389552
1.48;56;0;97;196;35.57594291539245;-5.995702;-9.167622
1.49;60;0;101;200;36.79918450560652;-5.9459834;-9.0124655
1.5;64;0;104;203;37.81855249745158;-5.931267;-8.842319
1.51;69;0;107;204;38.73598369011213;-5.8973684;-8.597368
1.52;74;0;109;205;39.55147808358817;-5.9149485;-8.350515
1.53;78;0;112;205;40.265035677879716;-5.8443036;-8.168354
1.54;83;0;116;206;41.28440366972477;-5.766667;-7.9666667
1.55;88;0;119;208;42.303771661569826;-5.757831;-7.7746987
1.56;91;0;121;211;43.11926605504587;-5.7765956;-7.691489
1.57;94;0;123;215;44.03669724770642;-5.8125;-7.625
1.58;95;0;125;219;44.75025484199796;-5.8120728;-7.6571755
1.59;97;0;126;224;45.565749235474;-5.8892617;-7.6409397
1.6;98;1;126;228;46.17737003058104;-5.930464;-7.5993376
1.61;99;0;126;231;46.48318042813455;-6.0394735;-7.638158
1.62;99;0;125;233;46.58511722731906;-6.1148796;-7.650985
1.63;99;0;123;234;46.48318042813455;-6.2171054;-7.638158
1.64;98;0;122;236;46.48318042813455;-6.2763157;-7.6973686
1.65;98;0;121;237;46.48318042813455;-6.3355265;-7.6973686
1.66;97;0;121;238;46.48318042813455;-6.3355265;-7.756579
1.67;97;0;120;240;46.58511722731906;-6.4102845;-7.7691464
1.68;96;0;120;241;46.58511722731906;-6.4102845;-7.8282275
1.69;96;0;119;243;46.68705402650357;-6.484716;-7.8406115
1.7;96;0;119;244;46.788990825688074;-6.5;-7.852941
1.71;97;0;119;245;46.99286442405708;-6.530369;-7.818872
1.72;98;0;119;246;47.196738022426096;-6.5604753;-7.785097
1.73;99;0;120;247;47.50254841997961;-6.54721;-7.7639484
1.74;100;0;121;249;47.91029561671763;-6.5489364;-7.755319
1.75;102;0;122;250;48.318042813455655;-6.550633;-7.689873
1.76;103;0;124;252;48.827726809378184;-6.5104384;-7.6941543
1.77;104;0;125;253;49.1335372069317;-6.4979253;-7.674274
1.78;106;0;126;254;49.54128440366972;-6.5;-7.611111
1.79;107;0;127;254;49.745158002038735;-6.4733605;-7.579918
1.8;109;1;128;255;50.254841997961265;-6.4350915;-7.4756594
1.81;110;1;128;255;50.356778797145765;-6.449393;-7.4331985
1.82;111;1;128;255;50.45871559633027;-6.4636364;-7.390909
1.83;112;2;128;254;50.56065239551478;-6.423387;-7.294355
1.84;113;2;128;254;50.66258919469929;-6.437626;-7.2525153
1.85;114;3;128;255;50.9683995922528;-6.426;-7.182
1.86;116;3;128;256;51.274209989806316;-6.4681907;-7.112326
1.87;117;3;127;256;51.274209989806316;-6.5218687;-7.058648
1.88;118;3;125;256;51.17227319062181;-6.6155376;-6.992032
1.89;121;3;123;255;51.17227319062181;-6.7231073;-6.8306775
1.9;123;4;121;253;51.07033639143731;-6.763473;-6.655689
1.91;125;4;118;251;50.76452599388379;-6.8855424;-6.506024
1.92;127;4;115;249;50.45871559633027;-7.009091;-6.3545456
1.93;129;4;112;247;50.15290519877676;-7.134146;-6.2012196
1.94;131;4;110;244;49.847094801223236;-7.2055216;-6.0460124
1.95;133;4;107;241;49.439347604485214;-7.3206186;-5.8731956
1.96;135;5;105;238;49.235474006116206;-7.3509316;-5.673913
1.97;137;5;104;235;49.03160040774719;-7.381497;-5.529106
1.98;139;6;104;233;49.1335372069317;-7.3381743;-5.3775935
1.99;141;7;103;231;49.1335372069317;-7.3381743;-5.2095437
2.0;142;8;103;229;49.1335372069317;-7.282158;-5.0975103
2.01;144;9;103;227;49.235474006116206;-7.2391305;-4.947205
2.02;145;10;102;224;49.03160040774719;-7.2130976;-4.7993765
2.03;147;11;102;221;49.03160040774719;-7.156965;-4.630977
2.04;148;12;102;218;48.92966360856269;-7.0875;-4.5
2.05;149;14;102;215;48.92966360856269;-6.975;-4.33125
2.06;150;15;102;212;48.827726809378184;-6.90501;-4.1993737
2.07;151;17;103;209;48.92966360856269;-6.75;-4.05
2.08;152;18;103;205;48.72579001019368;-6.6652718;-3.8974895
2.09;152;20;104;203;48.827726809378184;-6.5104384;-3.8048017
2.1;153;21;105;201;48.92966360856269;-6.4125;-3.7125
2.11;154;23;106;201;49.33741080530071;-6.303719;-3.626033
2.12;156;24;107;202;49.847094801223236;-6.266871;-3.5613496
2.13;158;25;108;203;50.356778797145765;-6.230769;-3.4979758
2.14;159;26;108;202;50.45871559633027;-6.190909;-3.409091
2.15;160;27;108;202;50.66258919469929;-6.165996;-3.3410463
2.16;160;27;108;202;50.66258919469929;-6.165996;-3.3410463
2.17;161;28;108;201;50.76452599388379;-6.126506;-3.253012
2.18;161;28;108;201;50.76452599388379;-6.126506;-3.253012
2.19;162;29;108;201;50.9683995922528;-6.102;-3.186
2.2;162;29;108;201;50.9683995922528;-6.102;-3.186
2.21;161;29;108;200;50.76452599388379;-6.072289;-3.198795
2.22;162;29;109;200;50.9683995922528;-6.048;-3.186
2.23;162;30;109;200;51.07033639143731;-6.008982;-3.1526947
2.24;162;30;109;200;51.07033639143731;-6.008982;-3.1526947
2.25;163;30;108;201;51.17227319062181;-6.077689;-3.1195219
2.26;163;29;108;202;51.17227319062181;-6.131474;-3.1733067
2.27;163;28;107;203;51.07033639143731;-6.2245507;-3.2065868
2.28;163;27;106;205;51.07033639143731;-6.3323355;-3.260479
2.29;163;26;105;206;50.9683995922528;-6.426;-3.294
2.3;163;25;103;207;50.76452599388379;-6.5602407;-3.3072288
2.31;164;24;102;208;50.76452599388379;-6.6686745;-3.3072288
2.32;164;23;101;209;50.66258919469929;-6.7635813;-3.3410463
2.33;164;22;99;210;50.45871559633027;-6.9;-3.3545454
2.34;164;21;98;212;50.45871559633027;-7.009091;-3.409091
2.35;164;20;98;213;50.45871559633027;-7.0636363;-3.4636364
2.36;164;19;97;214;50.356778797145765;-7.1599193;-3.4979758
2.37;163;19;96;214;50.15290519877676;-7.1890244;-3.512195
2.38;163;18;95;214;49.94903160040774;-7.2734694;-3.5265305
2.39;163;18;95;214;49.94903160040774;-7.2734694;-3.5265305
2.4;162;18;95;214;49.847094801223236;-7.260736;-3.5613496
2.41;162;18;95;214;49.847094801223236;-7.260736;-3.5613496
2.42;162;18;96;214;49.94903160040774;-7.2183676;-3.5816326
2.43;161;18;96;214;49.847094801223236;-7.2055216;-3.6165645
2.44;161;18;96;214;49.847094801223236;-7.2055216;-3.6165645
2.45;160;18;96;214;49.745158002038735;-7.192623;-3.6516395
2.46;160;18;96;214;49.745158002038735;-7.192623;-3.6516395
2.47;159;18;97;214;49.745158002038735;-7.1372952;-3.706967
2.48;159;18;97;215;49.847094801223236;-7.1503067;-3.7269938
2.49;159;18;98;215;49.94903160040774;-7.1081634;-3.7469387
2.5;158;18;98;216;49.94903160040774;-7.1081634;-3.8020408
2.51;158;18;99;216;50.05096839959225;-7.0661917;-3.8217924
2.52;158;18;99;217;50.15290519877676;-7.0792685;-3.8414633
2.53;158;18;100;218;50.356778797145765;-7.050607;-3.8805668
2.54;157;18;100;219;50.356778797145765;-7.050607;-3.9352226
2.55;157;18;100;219;50.356778797145765;-7.050607;-3.9352226
2.56;156;18;101;220;50.45871559633027;-7.009091;-4.009091
2.57;155;18;101;220;50.356778797145765;-6.9959517;-4.044534
2.58;154;17;101;220;50.15290519877676;-7.02439;-4.115854
2.59;153;17;102;221;50.254841997961265;-6.9827585;-4.1896553
2.6;153;17;102;222;50.356778797145765;-6.9959517;-4.208502
2.61;153;17;103;223;50.56065239551478;-6.967742;-4.245968
2.62;153;17;103;224;50.66258919469929;-6.9808855;-4.2645874
2.63;153;17;103;224;50.66258919469929;-6.9808855;-4.2645874
2.64;153;16;103;225;50.66258919469929;-7.035211;-4.3189135
2.65;153;16;102;225;50.56065239551478;-7.076613;-4.300403
2.66;153;16;102;225;50.56065239551478;-7.076613;-4.300403
2.67;153;16;102;225;50.56065239551478;-7.076613;-4.300403
2.68;153;16;102;225;50.56065239551478;-7.076613;-4.300403
2.69;153;16;102;225;50.56065239551478;-7.076613;-4.300403
2.7;153;16;102;225;50.56065239551478;-7.076613;-4.300403
2.71;153;16;102;225;50.56065239551478;-7.076613;-4.300403
2.72;152;17;102;224;50.45871559633027;-7.009091;-4.2818184
2.73;152;17;103;224;50.56065239551478;-6.967742;-4.300403
2.74;152;17;103;223;50.45871559633027;-6.9545455;-4.2818184
2.75;151;17;103;222;50.254841997961265;-6.927992;-4.2991886
2.76;150;17;103;221;50.05096839959225;-6.901222;-4.3167005
2.77;149;18;103;219;49.847094801223236;-6.8190184;-4.279141
2.78;148;18;104;217;49.64322120285423;-6.73614;-4.296715
2.79;147;18;104;215;49.33741080530071;-6.694215;-4.2954545
2.8;145;19;106;214;49.33741080530071;-6.5268593;-4.3512397
2.81;144;19;107;213;49.235474006116206;-6.4565215;-4.388199
2.82;143;20;109;213;49.439347604485214;-6.318557;-4.425773
2.83;142;20;111;214;49.64322120285423;-6.2371664;-4.5184803
2.84;141;21;112;215;49.847094801223236;-6.1564417;-4.555215
2.85;141;21;114;216;50.15290519877676;-6.0914636;-4.609756
2.86;140;21;115;217;50.254841997961265;-6.051724;-4.6825557
2.87;139;22;116;218;50.45871559633027;-5.9727273;-4.7181816
2.88;139;22;117;219;50.66258919469929;-5.9486923;-4.753521
2.89;139;22;118;220;50.866462793068294;-5.9248495;-4.788577
2.9;139;22;118;220;50.866462793068294;-5.9248495;-4.788577
2.91;139;22;118;221;50.9683995922528;-5.94;-4.806
2.92;139;22;118;222;51.07033639143731;-5.95509;-4.8233533
2.93;139;22;118;222;51.07033639143731;-5.95509;-4.8233533
2.94;139;22;118;222;51.07033639143731;-5.95509;-4.8233533
2.95;140;21;117;222;50.9683995922528;-6.048;-4.806
2.96;140;21;116;222;50.866462793068294;-6.0871744;-4.788577
2.97;140;21;116;222;50.866462793068294;-6.0871744;-4.788577
2.98;140;21;115;222;50.76452599388379;-6.126506;-4.7710843
2.99;141;20;114;222;50.66258919469929;-6.220322;-4.753521
3.0;141;20;113;222;50.56065239551478;-6.260081;-4.735887
3.01;141;20;113;222;50.56065239551478;-6.260081;-4.735887
3.02;141;19;112;222;50.356778797145765;-6.3400807;-4.7550607
3.03;141;19;112;222;50.356778797145765;-6.3400807;-4.7550607
3.04;141;19;112;223;50.45871559633027;-6.3545456;-4.7727275
3.05;141;18;111;224;50.356778797145765;-6.449393;-4.8097167
3.06;141;18;111;224;50.356778797145765;-6.449393;-4.8097167
3.07;141;18;110;225;50.356778797145765;-6.5040483;-4.8097167
3.08;141;17;110;225;50.254841997961265;-6.544625;-4.846856
3.09;141;17;110;225;50.254841997961265;-6.544625;-4.846856
3.1;142;17;109;226;50.356778797145765;-6.6133604;-4.8097167
3.11;142;17;109;226;50.356778797145765;-6.6133604;-4.8097167
3.12;142;17;109;226;50.356778797145765;-6.6133604;-4.8097167
3.13;142;17;109;226;50.356778797145765;-6.6133604;-4.8097167
3.14;141;16;109;226;50.15290519877676;-6.640244;-4.884146
3.15;141;16;109;226;50.15290519877676;-6.640244;-4.884146
3.16;141;17;109;225;50.15290519877676;-6.585366;-4.8292685
3.17;141;17;109;225;50.15290519877676;-6.585366;-4.8292685
3.18;141;17;109;225;50.15290519877676;-6.585366;-4.8292685
3.19;141;17;109;224;50.05096839959225;-6.571283;-4.811609
3.2;141;17;110;224;50.15290519877676;-6.530488;-4.8292685
3.21;141;17;110;224;50.15290519877676;-6.530488;-4.8292685
3.22;141;18;110;224;50.254841997961265;-6.489858;-4.7920895
3.23;141;18;110;224;50.254841997961265;-6.489858;-4.7920895
3.24;141;18;111;223;50.254841997961265;-6.4350915;-4.7920895
3.25;140;18;111;223;50.15290519877676;-6.4207315;-4.8292685
3.26;140;18;111;223;50.15290519877676;-6.4207315;-4.8292685
3.27;140;18;111;223;50.15290519877676;-6.4207315;-4.8292685
3.28;140;18;111;222;50.05096839959225;-6.4063134;-4.811609
3.29;140;19;112;222;50.254841997961265;-6.3255577;-4.7920895
3.3;140;19;112;221;50.15290519877676;-6.3109756;-4.77439
3.31;139;19;112;220;49.94903160040774;-6.2816324;-4.7938776
3.32;139;20;113;220;50.15290519877676;-6.2012196;-4.77439
3.33;139;20;114;220;50.254841997961265;-6.1612577;-4.7920895
3.34;139;20;114;220;50.254841997961265;-6.1612577;-4.7920895
3.35;138;20;115;220;50.254841997961265;-6.106491;-4.846856
3.36;138;21;115;220;50.356778797145765;-6.0668015;-4.8097167
3.37;138;21;116;220;50.45871559633027;-6.0272727;-4.827273
3.38;138;21;116;220;50.45871559633027;-6.0272727;-4.827273
3.39;138;21;116;219;50.356778797145765;-6.0121455;-4.8097167
3.4;138;21;116;220;50.45871559633027;-6.0272727;-4.827273
3.41;139;21;117;220;50.66258919469929;-6.003018;-4.807847
3.42;139;22;116;220;50.66258919469929;-6.003018;-4.753521
3.43;139;21;116;221;50.66258919469929;-6.057344;-4.807847
3.44;140;21;115;220;50.56065239551478;-6.096774;-4.735887
3.45;140;21;115;220;50.56065239551478;-6.096774;-4.735887
3.46;140;21;114;220;50.45871559633027;-6.1363635;-4.7181816
3.47;141;21;114;220;50.56065239551478;-6.15121;-4.681452
3.48;141;21;113;220;50.45871559633027;-6.190909;-4.663636
3.49;141;21;113;220;50.45871559633027;-6.190909;-4.663636
3.5;142;20;112;220;50.356778797145765;-6.285425;-4.645749
3.51;142;20;112;220;50.356778797145765;-6.285425;-4.645749
3.52;142;20;112;220;50.356778797145765;-6.285425;-4.645749
3.53;142;20;111;221;50.356778797145765;-6.3400807;-4.645749
3.54;142;20;111;221;50.356778797145765;-6.3400807;-4.645749
3.55;143;20;110;221;50.356778797145765;-6.394737;-4.591093
3.56;143;19;110;221;50.254841997961265;-6.4350915;-4.627789
3.57;143;19;109;221;50.15290519877676;-6.47561;-4.609756
3.58;143;19;109;221;50.15290519877676;-6.47561;-4.609756
3.59;144;19;109;221;50.254841997961265;-6.489858;-4.5730224
3.6;144;19;109;221;50.254841997961265;-6.489858;-4.5730224
3.61;144;19;108;221;50.15290519877676;-6.530488;-4.554878
3.62;144;19;108;221;50.15290519877676;-6.530488;-4.554878
3.63;144;19;108;221;50.15290519877676;-6.530488;-4.554878
3.64;144;19;108;221;50.15290519877676;-6.530488;-4.554878
3.65;144;19;108;221;50.15290519877676;-6.530488;-4.554878
3.66;145;19;108;221;50.254841997961265;-6.544625;-4.5182557
3.67;145;19;108;221;50.254841997961265;-6.544625;-4.5182557
3.68;145;19;108;221;50.254841997961265;-6.544625;-4.5182557
3.69;145;19;108;221;50.254841997961265;-6.544625;-4.5182557
3.7;145;19;108;221;50.254841997961265;-6.544625;-4.5182557
3.71;145;19;108;221;50.254841997961265;-6.544625;-4.5182557
3.72;145;19;108;221;50.254841997961265;-6.544625;-4.5182557
3.73;145;19;108;220;50.15290519877676;-6.530488;-4.5
3.74;145;20;108;220;50.254841997961265;-6.489858;-4.463489
3.75;145;20;108;220;50.254841997961265;-6.489858;-4.463489
3.76;145;20;108;219;50.15290519877676;-6.47561;-4.445122
3.77;145;20;108;218;50.05096839959225;-6.461303;-4.42668
3.78;146;20;108;218;50.15290519877676;-6.47561;-4.390244
3.79;146;21;108;217;50.15290519877676;-6.4207315;-4.335366
3.8;146;21;109;217;50.254841997961265;-6.3803244;-4.3539553
3.81;146;21;109;216;50.15290519877676;-6.365854;-4.335366
3.82;146;22;109;216;50.254841997961265;-6.3255577;-4.2991886
3.83;146;22;109;215;50.15290519877676;-6.3109756;-4.280488
3.84;146;22;110;214;50.15290519877676;-6.256098;-4.280488
3.85;146;23;110;213;50.15290519877676;-6.2012196;-4.22561
3.86;146;23;110;213;50.15290519877676;-6.2012196;-4.22561
3.87;146;23;110;212;50.05096839959225;-6.186354;-4.206721
3.88;146;24;111;212;50.254841997961265;-6.106491;-4.1896553
3.89;146;24;111;212;50.254841997961265;-6.106491;-4.1896553
3.9;147;25;112;212;50.56065239551478;-6.042339;-4.137097
3.91;147;25;112;212;50.56065239551478;-6.042339;-4.137097
3.92;148;25;112;212;50.66258919469929;-6.057344;-4.1016097
3.93;148;25;111;213;50.66258919469929;-6.11167;-4.1016097
3.94;149;25;111;213;50.76452599388379;-6.126506;-4.066265
3.95;150;25;111;213;50.866462793068294;-6.1412826;-4.031062
3.96;150;25;110;213;50.76452599388379;-6.1807227;-4.0120482
3.97;150;25;109;212;50.56065239551478;-6.205645;-3.9737904
3.98;150;25;109;212;50.56065239551478;-6.205645;-3.9737904
3.99;151;24;108;212;50.45871559633027;-6.3;-3.9545455
4.0;151;24;108;212;50.45871559633027;-6.3;-3.9545455
4.01;151;24;107;212;50.356778797145765;-6.3400807;-3.9352226
4.02;151;24;107;212;50.356778797145765;-6.3400807;-3.9352226
4.03;151;24;107;212;50.356778797145765;-6.3400807;-3.9352226
4.04;151;23;107;212;50.254841997961265;-6.3803244;-3.9705882
4.05;150;23;106;212;50.05096839959225;-6.4063134;-3.9867618
4.06;150;23;106;212;50.05096839959225;-6.4063134;-3.9867618
4.07;150;23;106;212;50.05096839959225;-6.4063134;-3.9867618
4.08;150;23;106;212;50.05096839959225;-6.4063134;-3.9867618
4.09;150;23;106;211;49.94903160040774;-6.3918366;-3.967347
4.1;150;23;106;211;49.94903160040774;-6.3918366;-3.967347
4.11;150;23;106;211;49.94903160040774;-6.3918366;-3.967347
4.12;150;23;106;210;49.847094801223236;-6.3773007;-3.9478528
4.13;149;24;107;210;49.94903160040774;-6.2816324;-3.967347
4.14;149;24;107;210;49.94903160040774;-6.2816324;-3.967347
4.15;149;24;107;210;49.94903160040774;-6.2816324;-3.967347
4.16;149;24;108;210;50.05096839959225;-6.241344;-3.9867618
4.17;149;24;108;210;50.05096839959225;-6.241344;-3.9867618
4.18;149;25;109;210;50.254841997961265;-6.1612577;-3.9705882
4.19;149;25;109;211;50.356778797145765;-6.176113;-3.9898787
4.2;150;25;109;211;50.45871559633027;-6.190909;-3.9545455
4.21;150;25;109;211;50.45871559633027;-6.190909;-3.9545455
4.22;150;25;109;211;50.45871559633027;-6.190909;-3.9545455
4.23;150;25;109;211;50.45871559633027;-6.190909;-3.9545455
4.24;150;26;109;211;50.56065239551478;-6.15121;-3.919355
4.25;151;26;109;210;50.56065239551478;-6.15121;-3.8649194
4.26;151;26;109;210;50.56065239551478;-6.15121;-3.8649194
4.27;151;26;109;210;50.56065239551478;-6.15121;-3.8649194
4.28;152;26;108;209;50.45871559633027;-6.190909;-3.790909
4.29;152;26;108;209;50.45871559633027;-6.190909;-3.790909
4.3;153;26;108;209;50.56065239551478;-6.205645;-3.7560484
4.31;153;26;108;209;50.56065239551478;-6.205645;-3.7560484
4.32;153;26;107;209;50.45871559633027;-6.2454543;-3.7363636
4.33;153;26;107;209;50.45871559633027;-6.2454543;-3.7363636
4.34;154;26;106;208;50.356778797145765;-6.285425;-3.6619434
4.35;154;26;106;208;50.356778797145765;-6.285425;-3.6619434
4.36;154;25;105;208;50.15290519877676;-6.365854;-3.6768293
4.37;154;25;105;208;50.15290519877676;-6.365854;-3.6768293
4.38;154;25;105;208;50.15290519877676;-6.365854;-3.6768293
4.39;154;25;105;208;50.15290519877676;-6.365854;-3.6768293
4.4;154;25;105;209;50.254841997961265;-6.3803244;-3.6967545
4.41;154;24;105;209;50.15290519877676;-6.4207315;-3.7317073
4.42;153;24;105;209;50.05096839959225;-6.4063134;-3.7668025
4.43;153;24;105;210;50.15290519877676;-6.4207315;-3.7865853
4.44;153;24;105;210;50.15290519877676;-6.4207315;-3.7865853
4.45;153;24;105;210;50.15290519877676;-6.4207315;-3.7865853
4.46;153;24;105;211;50.254841997961265;-6.4350915;-3.806288
4.47;153;24;105;211;50.254841997961265;-6.4350915;-3.806288
4.48;153;24;105;211;50.254841997961265;-6.4350915;-3.806288
4.49;153;24;106;211;50.356778797145765;-6.394737;-3.825911
4.5;153;24;106;211;50.356778797145765;-6.394737;-3.825911
4.51;152;24;106;211;50.254841997961265;-6.3803244;-3.8610547
4.52;152;24;106;211;50.254841997961265;-6.3803244;-3.8610547
4.53;152;24;106;211;50.254841997961265;-6.3803244;-3.8610547
4.54;152;24;106;210;50.15290519877676;-6.365854;-3.8414633
4.55;152;24;106;210;50.15290519877676;-6.365854;-3.8414633
4.56;152;25;106;210;50.254841997961265;-6.3255577;-3.806288
4.57;152;25;106;210;50.254841997961265;-6.3255577;-3.806288
4.58;152;25;107;209;50.254841997961265;-6.270791;-3.806288
4.59;151;25;107;209;50.15290519877676;-6.256098;-3.8414633
4.6;151;25;107;209;50.15290519877676;-6.256098;-3.8414633
4.61;151;25;107;209;50.15290519877676;-6.256098;-3.8414633
4.62;151;26;108;209;50.356778797145765;-6.176113;-3.825911
4.63;151;26;108;208;50.254841997961265;-6.1612577;-3.806288
4.64;150;26;108;208;50.15290519877676;-6.1463413;-3.8414633
4.65;150;26;109;208;50.254841997961265;-6.106491;-3.8610547
4.66;150;26;109;208;50.254841997961265;-6.106491;-3.8610547
4.67;150;26;109;208;50.254841997961265;-6.106491;-3.8610547
4.68;150;26;109;208;50.254841997961265;-6.106491;-3.8610547
4.69;150;26;109;209;50.356778797145765;-6.1214576;-3.8805668
4.7;150;26;109;209;50.356778797145765;-6.1214576;-3.8805668
4.71;150;26;109;209;50.356778797145765;-6.1214576;-3.8805668
4.72;150;26;109;209;50.356778797145765;-6.1214576;-3.8805668
4.73;150;26;109;210;50.45871559633027;-6.1363635;-3.9
4.74;150;26;109;210;50.45871559633027;-6.1363635;-3.9
4.75;151;26;109;211;50.66258919469929;-6.165996;-3.884306
4.76;151;26;109;212;50.76452599388379;-6.1807227;-3.9036145
4.77;151;26;109;212;50.76452599388379;-6.1807227;-3.9036145
4.78;152;26;109;212;50.866462793068294;-6.1953907;-3.8687375
4.79;152;26;109;212;50.866462793068294;-6.1953907;-3.8687375
4.8;153;26;108;212;50.866462793068294;-6.249499;-3.8146293
4.81;153;26;108;212;50.866462793068294;-6.249499;-3.8146293
4.82;153;26;107;211;50.66258919469929;-6.2746477;-3.7756538
4.83;153;26;106;210;50.45871559633027;-6.3;-3.7363636
4.84;154;26;106;209;50.45871559633027;-6.3;-3.6818182
4.85;154;26;105;208;50.254841997961265;-6.3255577;-3.6419878
4.86;154;26;105;207;50.15290519877676;-6.3109756;-3.621951
4.87;154;26;105;207;50.15290519877676;-6.3109756;-3.621951
4.88;155;26;104;206;50.05096839959225;-6.3513236;-3.5468433
4.89;155;26;104;205;49.94903160040774;-6.336735;-3.5265305
4.9;156;26;103;205;49.94903160040774;-6.3918366;-3.4714286
4.91;156;26;103;205;49.94903160040774;-6.3918366;-3.4714286
4.92;156;26;103;205;49.94903160040774;-6.3918366;-3.4714286
4.93;157;26;103;205;50.05096839959225;-6.4063134;-3.4368637
4.94;157;26;103;205;50.05096839959225;-6.4063134;-3.4368637
4.95;158;27;103;205;50.254841997961265;-6.3803244;-3.368154
4.96;158;27;103;204;50.15290519877676;-6.365854;-3.347561
4.97;159;27;103;204;50.254841997961265;-6.3803244;-3.3133874
4.98;159;28;103;203;50.254841997961265;-6.3255577;-3.2586207
4.99;160;28;103;202;50.254841997961265;-6.3255577;-3.2038538
5.0;160;29;103;201;50.254841997961265;-6.270791;-3.1490872
5.01;160;29;103;201;50.254841997961265;-6.270791;-3.1490872
5.02;161;30;103;200;50.356778797145765;-6.230769;-3.0607288
5.03;161;30;103;199;50.254841997961265;-6.2160244;-3.0395536
5.04;161;30;103;198;50.15290519877676;-6.2012196;-3.0182927
5.05;161;31;103;196;50.05096839959225;-6.1313643;-2.941955
5.06;161;31;104;195;50.05096839959225;-6.0763745;-2.941955
5.07;161;32;104;195;50.15290519877676;-6.0365853;-2.9085367
5.08;160;32;104;194;49.94903160040774;-6.0061226;-2.9204082
5.09;160;33;105;194;50.15290519877676;-5.9268293;-2.9085367
5.1;160;33;105;193;50.05096839959225;-5.911405;-2.8869653
5.11;160;33;106;193;50.15290519877676;-5.871951;-2.9085367
5.12;159;33;106;193;50.05096839959225;-5.8564153;-2.941955
5.13;159;34;107;193;50.254841997961265;-5.7778907;-2.9300203
5.14;158;34;107;193;50.15290519877676;-5.762195;-2.9634147
5.15;158;34;107;193;50.15290519877676;-5.762195;-2.9634147
5.16;157;34;108;193;50.15290519877676;-5.707317;-3.0182927
5.17;157;34;108;193;50.15290519877676;-5.707317;-3.0182927
5.18;156;33;109;194;50.15290519877676;-5.707317;-3.128049
5.19;156;33;109;194;50.15290519877676;-5.707317;-3.128049
5.2;155;33;109;194;50.05096839959225;-5.691446;-3.1619143
5.21;155;33;110;195;50.254841997961265;-5.668357;-3.2038538
5.22;154;33;110;195;50.15290519877676;-5.652439;-3.237805
5.23;154;33;110;195;50.15290519877676;-5.652439;-3.237805
5.24;154;33;110;195;50.15290519877676;-5.652439;-3.237805
5.25;153;33;110;195;50.05096839959225;-5.636456;-3.271894
5.26;153;33;110;196;50.15290519877676;-5.652439;-3.292683
5.27;153;33;111;196;50.254841997961265;-5.6135902;-3.3133874
5.28;152;33;111;196;50.15290519877676;-5.597561;-3.347561
5.29;152;32;111;197;50.15290519877676;-5.652439;-3.402439
5.3;152;32;111;198;50.254841997961265;-5.668357;-3.422921
5.31;152;32;111;198;50.254841997961265;-5.668357;-3.422921
5.32;152;32;111;199;50.356778797145765;-5.6842103;-3.4433198
5.33;152;32;112;200;50.56065239551478;-5.66129;-3.483871
5.34;152;32;112;200;50.56065239551478;-5.66129;-3.483871
5.35;153;32;112;200;50.66258919469929;-5.6770625;-3.4496982
5.36;153;32;112;201;50.76452599388379;-5.692771;-3.4698796
5.37;153;32;111;201;50.66258919469929;-5.731388;-3.4496982
5.38;153;32;111;201;50.66258919469929;-5.731388;-3.4496982
5.39;154;32;111;201;50.76452599388379;-5.746988;-3.4156628
5.4;154;31;110;201;50.56065239551478;-5.824597;-3.4294355
5.41;154;31;109;201;50.45871559633027;-5.8636365;-3.409091
5.42;155;31;109;201;50.56065239551478;-5.879032;-3.375
5.43;155;31;109;200;50.45871559633027;-5.8636365;-3.3545454
5.44;155;31;108;200;50.356778797145765;-5.902834;-3.334008
5.45;155;31;108;200;50.356778797145765;-5.902834;-3.334008
5.46;155;31;108;199;50.254841997961265;-5.887424;-3.3133874
5.47;156;31;108;199;50.356778797145765;-5.902834;-3.2793522
5.48;156;31;107;199;50.254841997961265;-5.9421906;-3.2586207
5.49;157;31;107;199;50.356778797145765;-5.95749;-3.2246964
5.5;157;31;107;198;50.254841997961265;-5.9421906;-3.2038538
5.51;157;31;106;198;50.15290519877676;-5.981707;-3.182927
5.52;158;31;106;198;50.254841997961265;-5.9969573;-3.1490872
5.53;158;32;106;198;50.356778797145765;-5.95749;-3.1153846
5.54;158;32;105;197;50.15290519877676;-5.981707;-3.0731707
5.55;159;32;105;197;50.254841997961265;-5.9969573;-3.0395536
5.56;159;32;105;197;50.254841997961265;-5.9969573;-3.0395536
5.57;159;31;105;197;50.15290519877676;-6.0365853;-3.0731707
5.58;159;31;105;197;50.15290519877676;-6.0365853;-3.0731707
5.59;159;31;105;197;50.15290519877676;-6.0365853;-3.0731707
5.6;160;31;105;197;50.254841997961265;-6.051724;-3.0395536
5.61;160;31;104;198;50.254841997961265;-6.106491;-3.0395536
5.62;160;31;104;198;50.254841997961265;-6.106491;-3.0395536
5.63;160;31;104;198;50.254841997961265;-6.106491;-3.0395536
5.64;160;31;104;198;50.254841997961265;-6.106491;-3.0395536
5.65;160;31;104;198;50.254841997961265;-6.106491;-3.0395536
5.66;161;31;104;198;50.356778797145765;-6.1214576;-3.0060728
5.67;161;31;104;198;50.356778797145765;-6.1214576;-3.0060728
5.68;161;31;104;198;50.356778797145765;-6.1214576;-3.0060728
5.69;161;31;104;198;50.356778797145765;-6.1214576;-3.0060728
5.7;161;31;104;198;50.356778797145765;-6.1214576;-3.0060728
5.71;161;31;104;198;50.356778797145765;-6.1214576;-3.0060728
5.72;161;31;104;197;50.254841997961265;-6.106491;-2.984787
5.73;161;32;104;197;50.356778797145765;-6.0668015;-2.951417
5.74;161;32;104;196;50.254841997961265;-6.051724;-2.9300203
5.75;161;32;104;195;50.15290519877676;-6.0365853;-2.9085367
5.76;161;32;104;195;50.15290519877676;-6.0365853;-2.9085367
5.77;161;33;104;194;50.15290519877676;-5.981707;-2.8536584
5.78;161;33;104;193;50.05096839959225;-5.966395;-2.8319755
5.79;161;34;105;192;50.15290519877676;-5.871951;-2.7987804
5.8;160;34;105;191;49.94903160040774;-5.8408165;-2.810204
5.81;160;34;105;191;49.94903160040774;-5.8408165;-2.810204
5.82;160;35;106;191;50.15290519877676;-5.762195;-2.7987804
5.83;160;35;106;190;50.05096839959225;-5.7464356;-2.7769856
5.84;160;35;106;190;50.05096839959225;-5.7464356;-2.7769856
5.85;160;35;106;190;50.05096839959225;-5.7464356;-2.7769856
5.86;160;35;106;190;50.05096839959225;-5.7464356;-2.7769856
5.87;159;35;107;190;50.05096839959225;-5.691446;-2.8319755
5.88;159;35;107;191;50.15290519877676;-5.707317;-2.8536584
5.89;159;35;107;191;50.15290519877676;-5.707317;-2.8536584
5.9;159;35;107;191;50.15290519877676;-5.707317;-2.8536584
5.91;159;35;107;192;50.254841997961265;-5.7231236;-2.8752534
5.92;158;35;108;192;50.254841997961265;-5.668357;-2.9300203
5.93;158;35;108;193;50.356778797145765;-5.6842103;-2.951417
5.94;158;34;108;193;50.254841997961265;-5.7231236;-2.984787
5.95;158;34;108;192;50.15290519877676;-5.707317;-2.9634147
5.96;157;35;108;192;50.15290519877676;-5.652439;-2.9634147
5.97;157;35;108;192;50.15290519877676;-5.652439;-2.9634147
5.98;157;35;108;192;50.15290519877676;-5.652439;-2.9634147
5.99;157;35;108;193;50.254841997961265;-5.668357;-2.984787
6.0;157;35;109;193;50.356778797145765;-5.6295547;-3.0060728
6.01;157;35;109;193;50.356778797145765;-5.6295547;-3.0060728
6.02;157;35;109;193;50.356778797145765;-5.6295547;-3.0060728
6.03;157;35;109;193;50.356778797145765;-5.6295547;-3.0060728
6.04;157;35;109;194;50.45871559633027;-5.6454544;-3.0272727
6.05;157;35;109;194;50.45871559633027;-5.6454544;-3.0272727
6.06;157;35;109;194;50.45871559633027;-5.6454544;-3.0272727
6.07;157;35;109;194;50.45871559633027;-5.6454544;-3.0272727
6.08;157;35;109;194;50.45871559633027;-5.6454544;-3.0272727
6.09;157;35;109;194;50.45871559633027;-5.6454544;-3.0272727
6.1;157;35;109;194;50.45871559633027;-5.6454544;-3.0272727
6.11;157;35;109;194;50.45871559633027;-5.6454544;-3.0272727
6.12;157;35;109;194;50.45871559633027;-5.6454544;-3.0272727
6.13;157;35;108;194;50.356778797145765;-5.6842103;-3.0060728
6.14;158;34;108;194;50.356778797145765;-5.7388663;-3.0060728
6.15;158;34;108;193;50.254841997961265;-5.7231236;-2.984787
6.16;158;34;107;193;50.15290519877676;-5.762195;-2.9634147
6.17;158;34;107;193;50.15290519877676;-5.762195;-2.9634147
6.18;158;34;107;192;50.05096839959225;-5.7464356;-2.941955
6.19;158;34;107;192;50.05096839959225;-5.7464356;-2.941955
6.2;158;35;107;192;50.15290519877676;-5.707317;-2.9085367
6.21;158;35;107;192;50.15290519877676;-5.707317;-2.9085367
6.22;158;35;107;192;50.15290519877676;-5.707317;-2.9085367
6.23;158;35;108;192;50.254841997961265;-5.668357;-2.9300203
6.24;158;35;108;193;50.356778797145765;-5.6842103;-2.951417
6.25;158;35;108;193;50.356778797145765;-5.6842103;-2.951417
6.26;157;35;109;193;50.356778797145765;-5.6295547;-3.0060728
6.27;157;35;109;193;50.356778797145765;-5.6295547;-3.0060728
6.28;157;35;109;194;50.45871559633027;-5.6454544;-3.0272727
6.29;157;35;109;194;50.45871559633027;-5.6454544;-3.0272727
6.3;156;35;109;194;50.356778797145765;-5.6295547;-3.0607288
6.31;156;35;109;194;50.356778797145765;-5.6295547;-3.0607288
6.32;156;35;109;194;50.356778797145765;-5.6295547;-3.0607288
6.33;156;34;109;195;50.356778797145765;-5.6842103;-3.1153846
6.34;155;34;109;195;50.254841997961265;-5.668357;-3.1490872
6.35;155;34;109;195;50.254841997961265;-5.668357;-3.1490872
6.36;155;34;109;195;50.254841997961265;-5.668357;-3.1490872
6.37;155;34;109;195;50.254841997961265;-5.668357;-3.1490872
6.38;155;34;109;195;50.254841997961265;-5.668357;-3.1490872
6.39;155;33;109;196;50.254841997961265;-5.7231236;-3.2038538
6.4;155;33;109;196;50.254841997961265;-5.7231236;-3.2038538
6.41;155;33;109;196;50.254841997961265;-5.7231236;-3.2038538
6.42;155;33;109;197;50.356778797145765;-5.7388663;-3.2246964
6.43;155;33;109;197;50.356778797145765;-5.7388663;-3.2246964
6.44;155;33;108;198;50.356778797145765;-5.7935224;-3.2246964
6.45;155;32;108;198;50.254841997961265;-5.8326573;-3.2586207
6.46;155;32;108;198;50.254841997961265;-5.8326573;-3.2586207
6.47;155;32;108;198;50.254841997961265;-5.8326573;-3.2586207
6.48;155;32;108;198;50.254841997961265;-5.8326573;-3.2586207
6.49;155;32;108;198;50.254841997961265;-5.8326573;-3.2586207
6.5;155;32;108;198;50.254841997961265;-5.8326573;-3.2586207
6.51;155;32;108;198;50.254841997961265;-5.8326573;-3.2586207
6.52;155;32;108;198;50.254841997961265;-5.8326573;-3.2586207
6.53;155;32;108;198;50.254841997961265;-5.8326573;-3.2586207
6.54;155;32;109;198;50.356778797145765;-5.7935224;-3.2793522
6.55;155;32;109;198;50.356778797145765;-5.7935224;-3.2793522
6.56;155;32;109;198;50.356778797145765;-5.7935224;-3.2793522
6.57;155;32;109;198;50.356778797145765;-5.7935224;-3.2793522
6.58;155;32;109;198;50.356778797145765;-5.7935224;-3.2793522
6.59;155;32;109;198;50.356778797145765;-5.7935224;-3.2793522
6.6;155;32;109;198;50.356778797145765;-5.7935224;-3.2793522
6.61;155;32;109;198;50.356778797145765;-5.7935224;-3.2793522
6.62;154;32;109;198;50.254841997961265;-5.7778907;-3.3133874
6.63;154;32;109;198;50.254841997961265;-5.7778907;-3.3133874
6.64;154;32;108;198;50.15290519877676;-5.8170733;-3.292683
6.65;154;32;108;198;50.15290519877676;-5.8170733;-3.292683
6.66;154;32;108;198;50.15290519877676;-5.8170733;-3.292683
6.67;154;32;108;198;50.15290519877676;-5.8170733;-3.292683
6.68;153;32;108;198;50.05096839959225;-5.8014255;-3.3268838
6.69;153;32;109;198;50.15290519877676;-5.762195;-3.347561
6.7;153;32;109;198;50.15290519877676;-5.762195;-3.347561
6.71;153;32;109;198;50.15290519877676;-5.762195;-3.347561
6.72;153;32;109;198;50.15290519877676;-5.762195;-3.347561
6.73;153;32;109;197;50.05096839959225;-5.7464356;-3.3268838
6.74;153;32;109;197;50.05096839959225;-5.7464356;-3.3268838
6.75;153;32;109;197;50.05096839959225;-5.7464356;-3.3268838
6.76;153;33;109;197;50.15290519877676;-5.707317;-3.292683
6.77;153;33;109;197;50.15290519877676;-5.707317;-3.292683
6.78;153;33;109;197;50.15290519877676;-5.707317;-3.292683
6.79;153;33;110;197;50.254841997961265;-5.668357;-3.3133874
6.8;153;33;110;197;50.254841997961265;-5.668357;-3.3133874
6.81;153;33;110;197;50.254841997961265;-5.668357;-3.3133874
6.82;153;33;110;197;50.254841997961265;-5.668357;-3.3133874
6.83;154;33;110;197;50.356778797145765;-5.6842103;-3.2793522
6.84;154;33;110;197;50.356778797145765;-5.6842103;-3.2793522
6.85;154;33;110;197;50.356778797145765;-5.6842103;-3.2793522
6.86;154;33;110;197;50.356778797145765;-5.6842103;-3.2793522
6.87;154;33;110;198;50.45871559633027;-5.7;-3.3
6.88;154;33;110;198;50.45871559633027;-5.7;-3.3
6.89;154;33;110;198;50.45871559633027;-5.7;-3.3
6.9;154;33;110;198;50.45871559633027;-5.7;-3.3
6.91;154;33;110;198;50.45871559633027;-5.7;-3.3
6.92;153;33;110;198;50.356778797145765;-5.6842103;-3.334008
6.93;153;33;110;198;50.356778797145765;-5.6842103;-3.334008
6.94;153;32;109;198;50.15290519877676;-5.762195;-3.347561
6.95;153;32;109;197;50.05096839959225;-5.7464356;-3.3268838
6.96;153;32;109;197;50.05096839959225;-5.7464356;-3.3268838
6.97;153;32;109;197;50.05096839959225;-5.7464356;-3.3268838
6.98;153;32;109;197;50.05096839959225;-5.7464356;-3.3268838
6.99;152;32;109;197;49.94903160040774;-5.7306123;-3.3612244
7.0;152;32;109;197;49.94903160040774;-5.7306123;-3.3612244
7.01;152;32;109;197;49.94903160040774;-5.7306123;-3.3612244
7.02;152;33;110;197;50.15290519877676;-5.652439;-3.347561
7.03;153;33;110;197;50.254841997961265;-5.668357;-3.3133874
7.04;153;33;110;198;50.356778797145765;-5.6842103;-3.334008
7.05;153;33;110;198;50.356778797145765;-5.6842103;-3.334008
7.06;153;33;110;199;50.45871559633027;-5.7;-3.3545454
7.07;153;33;110;199;50.45871559633027;-5.7;-3.3545454
7.08;153;33;110;199;50.45871559633027;-5.7;-3.3545454
7.09;153;33;110;199;50.45871559633027;-5.7;-3.3545454
7.1;153;33;110;199;50.45871559633027;-5.7;-3.3545454
7.11;153;33;110;199;50.45871559633027;-5.7;-3.3545454
7.12;153;33;110;199;50.45871559633027;-5.7;-3.3545454
7.13;153;33;111;199;50.56065239551478;-5.66129;-3.375
7.14;152;33;111;199;50.45871559633027;-5.6454544;-3.409091
7.15;152;33;111;199;50.45871559633027;-5.6454544;-3.409091
7.16;152;33;111;199;50.45871559633027;-5.6454544;-3.409091
7.17;152;33;111;199;50.45871559633027;-5.6454544;-3.409091
7.18;152;33;111;199;50.45871559633027;-5.6454544;-3.409091
7.19;152;33;111;199;50.45871559633027;-5.6454544;-3.409091
7.2;152;32;111;198;50.254841997961265;-5.668357;-3.422921
7.21;151;32;111;198;50.15290519877676;-5.652439;-3.457317
7.22;151;33;111;198;50.254841997961265;-5.6135902;-3.422921
7.23;151;33;111;198;50.254841997961265;-5.6135902;-3.422921
7.24;151;33;111;197;50.15290519877676;-5.597561;-3.402439
7.25;151;33;111;197;50.15290519877676;-5.597561;-3.402439
7.26;151;33;111;197;50.15290519877676;-5.597561;-3.402439
7.27;151;33;111;197;50.15290519877676;-5.597561;-3.402439
7.28;151;33;111;197;50.15290519877676;-5.597561;-3.402439
7.29;151;33;112;197;50.254841997961265;-5.5588236;-3.422921
7.3;151;33;112;197;50.254841997961265;-5.5588236;-3.422921
7.31;151;34;112;196;50.254841997961265;-5.504057;-3.368154
7.32;151;34;112;196;50.254841997961265;-5.504057;-3.368154
7.33;151;34;112;196;50.254841997961265;-5.504057;-3.368154
7.34;151;34;112;196;50.254841997961265;-5.504057;-3.368154
7.35;151;34;112;196;50.254841997961265;-5.504057;-3.368154
7.36;151;34;113;196;50.356778797145765;-5.465587;-3.388664
7.37;151;34;113;196;50.356778797145765;-5.465587;-3.388664
7.38;151;35;113;196;50.45871559633027;-5.427273;-3.3545454
7.39;151;35;113;196;50.45871559633027;-5.427273;-3.3545454
7.4;151;35;113;195;50.356778797145765;-5.410931;-3.334008
7.41;151;35;113;196;50.45871559633027;-5.427273;-3.3545454
7.42;151;35;113;196;50.45871559633027;-5.427273;-3.3545454
7.43;151;35;113;196;50.45871559633027;-5.427273;-3.3545454
7.44;151;35;113;196;50.45871559633027;-5.427273;-3.3545454
7.45;151;35;113;196;50.45871559633027;-5.427273;-3.3545454
7.46;151;35;113;197;50.56065239551478;-5.443548;-3.375
7.47;151;34;113;197;50.45871559633027;-5.481818;-3.409091
7.48;151;34;113;197;50.45871559633027;-5.481818;-3.409091
7.49;151;34;113;197;50.45871559633027;-5.481818;-3.409091
7.5;151;34;112;197;50.356778797145765;-5.5202427;-3.388664
7.51;151;34;112;197;50.356778797145765;-5.5202427;-3.388664
7.52;151;34;112;197;50.356778797145765;-5.5202427;-3.388664
7.53;150;34;112;197;50.254841997961265;-5.504057;-3.422921
7.54;150;34;112;197;50.254841997961265;-5.504057;-3.422921
7.55;150;34;112;197;50.254841997961265;-5.504057;-3.422921
7.56;150;34;112;197;50.254841997961265;-5.504057;-3.422921
7.57;149;34;112;197;50.15290519877676;-5.487805;-3.457317
7.58;149;34;113;196;50.15290519877676;-5.4329267;-3.457317
7.59;149;34;113;196;50.15290519877676;-5.4329267;-3.457317
7.6;149;34;113;196;50.15290519877676;-5.4329267;-3.457317
7.61;149;34;113;196;50.15290519877676;-5.4329267;-3.457317
7.62;149;34;113;196;50.15290519877676;-5.4329267;-3.457317
7.63;149;34;113;196;50.15290519877676;-5.4329267;-3.457317
7.64;149;34;113;195;50.05096839959225;-5.4164968;-3.4368637
7.65;149;35;113;194;50.05096839959225;-5.361507;-3.3818738
7.66;149;35;113;193;49.94903160040774;-5.3448977;-3.3612244
7.67;149;35;113;193;49.94903160040774;-5.3448977;-3.3612244
7.68;149;36;114;192;50.05096839959225;-5.2515273;-3.3268838
7.69;149;36;114;192;50.05096839959225;-5.2515273;-3.3268838
7.7;149;36;114;191;49.94903160040774;-5.234694;-3.3061225
7.71;149;37;114;191;50.05096839959225;-5.1965375;-3.271894
7.72;149;37;115;191;50.15290519877676;-5.1585364;-3.292683
7.73;149;37;115;191;50.15290519877676;-5.1585364;-3.292683
7.74;150;37;115;191;50.254841997961265;-5.1754565;-3.2586207
7.75;150;38;116;191;50.45871559633027;-5.1;-3.2454545
7.76;150;38;116;191;50.45871559633027;-5.1;-3.2454545
7.77;150;38;116;191;50.45871559633027;-5.1;-3.2454545
7.78;150;38;116;191;50.45871559633027;-5.1;-3.2454545
7.79;150;38;116;191;50.45871559633027;-5.1;-3.2454545
7.8;150;38;116;192;50.56065239551478;-5.1169353;-3.266129
7.81;150;37;115;192;50.356778797145765;-5.1923075;-3.2793522
7.82;150;37;115;192;50.356778797145765;-5.1923075;-3.2793522
7.83;151;37;115;193;50.56065239551478;-5.225806;-3.266129
7.84;151;37;115;194;50.66258919469929;-5.2424545;-3.2867203
7.85;151;36;114;195;50.56065239551478;-5.334677;-3.3205645
7.86;151;36;114;196;50.66258919469929;-5.3511066;-3.3410463
7.87;151;35;113;196;50.45871559633027;-5.427273;-3.3545454
7.88;151;35;113;197;50.56065239551478;-5.443548;-3.375
7.89;152;34;112;197;50.45871559633027;-5.5363636;-3.3545454
7.9;152;34;111;197;50.356778797145765;-5.5748987;-3.334008
7.91;152;33;111;197;50.254841997961265;-5.6135902;-3.368154
7.92;152;33;110;196;50.05096839959225;-5.636456;-3.3268838
7.93;152;33;110;195;49.94903160040774;-5.620408;-3.3061225
7.94;152;33;109;195;49.847094801223236;-5.659509;-3.2852762
7.95;152;33;110;195;49.94903160040774;-5.620408;-3.3061225
7.96;152;33;110;195;49.94903160040774;-5.620408;-3.3061225
7.97;152;33;110;196;50.05096839959225;-5.636456;-3.3268838
7.98;152;33;110;196;50.05096839959225;-5.636456;-3.3268838
7.99;152;33;110;196;50.05096839959225;-5.636456;-3.3268838
8.0;152;33;110;196;50.05096839959225;-5.636456;-3.3268838
8.01;152;33;110;196;50.05096839959225;-5.636456;-3.3268838
8.02;152;34;111;196;50.254841997961265;-5.5588236;-3.3133874
8.03;152;34;111;196;50.254841997961265;-5.5588236;-3.3133874
8.04;151;34;111;197;50.254841997961265;-5.5588236;-3.368154
8.05;151;34;112;197;50.356778797145765;-5.5202427;-3.388664
8.06;151;33;112;198;50.356778797145765;-5.5748987;-3.4433198
8.07;151;33;112;198;50.356778797145765;-5.5748987;-3.4433198
8.08;151;33;112;199;50.45871559633027;-5.590909;-3.4636364
8.09;151;33;112;199;50.45871559633027;-5.590909;-3.4636364
8.1;151;33;112;199;50.45871559633027;-5.590909;-3.4636364
8.11;151;33;112;200;50.56065239551478;-5.606855;-3.483871
8.12;151;33;112;200;50.56065239551478;-5.606855;-3.483871
8.13;151;32;112;201;50.56065239551478;-5.66129;-3.5383065
8.14;151;32;111;202;50.56065239551478;-5.715726;-3.5383065
8.15;151;32;111;203;50.66258919469929;-5.731388;-3.55835
8.16;151;31;111;203;50.56065239551478;-5.770161;-3.592742
8.17;151;31;111;204;50.66258919469929;-5.785714;-3.6126761
8.18;151;30;110;205;50.56065239551478;-5.879032;-3.6471775
8.19;151;30;110;205;50.56065239551478;-5.879032;-3.6471775
8.2;151;30;109;205;50.45871559633027;-5.918182;-3.6272728
8.21;152;29;109;205;50.45871559633027;-5.9727273;-3.6272728
8.22;152;29;108;205;50.356778797145765;-6.0121455;-3.6072874
8.23;151;29;108;205;50.254841997961265;-5.9969573;-3.6419878
8.24;151;29;108;205;50.254841997961265;-5.9969573;-3.6419878
8.25;151;29;107;204;50.05096839959225;-6.0213847;-3.601833
8.26;151;29;107;204;50.05096839959225;-6.0213847;-3.601833
8.27;151;29;107;204;50.05096839959225;-6.0213847;-3.601833
8.28;151;29;107;204;50.05096839959225;-6.0213847;-3.601833
8.29;151;29;107;204;50.05096839959225;-6.0213847;-3.601833
8.3;151;29;107;204;50.05096839959225;-6.0213847;-3.601833
8.31;151;29;107;204;50.05096839959225;-6.0213847;-3.601833
8.32;151;28;107;204;49.94903160040774;-6.0612245;-3.6367347
8.33;151;28;108;204;50.05096839959225;-6.0213847;-3.656823
8.34;151;28;108;204;50.05096839959225;-6.0213847;-3.656823
8.35;151;29;108;204;50.15290519877676;-5.981707;-3.621951
8.36;151;29;108;204;50.15290519877676;-5.981707;-3.621951
8.37;150;29;108;204;50.05096839959225;-5.966395;-3.656823
8.38;150;29;108;204;50.05096839959225;-5.966395;-3.656823
8.39;150;29;108;204;50.05096839959225;-5.966395;-3.656823
8.4;150;29;108;203;49.94903160040774;-5.9510202;-3.6367347
8.41;150;29;109;203;50.05096839959225;-5.911405;-3.656823
8.42;150;30;109;203;50.15290519877676;-5.871951;-3.621951
8.43;150;30;109;203;50.15290519877676;-5.871951;-3.621951
8.44;150;30;110;202;50.15290519877676;-5.8170733;-3.621951
8.45;150;30;110;203;50.254841997961265;-5.8326573;-3.6419878
8.46;150;31;110;203;50.356778797145765;-5.7935224;-3.6072874
8.47;150;31;111;203;50.45871559633027;-5.7545457;-3.6272728
8.48;150;31;111;204;50.56065239551478;-5.770161;-3.6471775
8.49;150;31;111;204;50.56065239551478;-5.770161;-3.6471775
8.5;151;31;111;204;50.66258919469929;-5.785714;-3.6126761
8.51;151;31;111;204;50.66258919469929;-5.785714;-3.6126761
8.52;151;31;111;204;50.66258919469929;-5.785714;-3.6126761
8.53;151;31;110;204;50.56065239551478;-5.824597;-3.592742
8.54;151;31;110;204;50.56065239551478;-5.824597;-3.592742
8.55;151;30;110;204;50.45871559633027;-5.8636365;-3.6272728
8.56;151;30;110;204;50.45871559633027;-5.8636365;-3.6272728
8.57;151;30;109;204;50.356778797145765;-5.902834;-3.6072874
8.58;151;30;109;204;50.356778797145765;-5.902834;-3.6072874
8.59;150;30;109;204;50.254841997961265;-5.887424;-3.6419878
8.6;150;29;109;204;50.15290519877676;-5.9268293;-3.6768293
8.61;150;29;109;204;50.15290519877676;-5.9268293;-3.6768293
8.62;150;29;109;204;50.15290519877676;-5.9268293;-3.6768293
8.63;150;29;109;204;50.15290519877676;-5.9268293;-3.6768293
8.64;149;29;108;205;50.05096839959225;-5.966395;-3.7118127
8.65;149;28;108;205;49.94903160040774;-6.0061226;-3.7469387
8.66;149;28;108;205;49.94903160040774;-6.0061226;-3.7469387
8.67;149;28;109;204;49.94903160040774;-5.9510202;-3.7469387
8.68;148;28;109;204;49.847094801223236;-5.9355826;-3.7822087
8.69;148;28;109;205;49.94903160040774;-5.9510202;-3.8020408
8.7;148;28;110;205;50.05096839959225;-5.911405;-3.8217924
8.71;148;29;110;206;50.254841997961265;-5.887424;-3.806288
8.72;148;29;110;206;50.254841997961265;-5.887424;-3.806288
8.73;147;29;110;206;50.15290519877676;-5.871951;-3.8414633
8.74;147;29;111;206;50.254841997961265;-5.8326573;-3.8610547
8.75;147;29;111;207;50.356778797145765;-5.848178;-3.8805668
8.76;147;29;111;207;50.356778797145765;-5.848178;-3.8805668
8.77;147;29;111;207;50.356778797145765;-5.848178;-3.8805668
8.78;146;29;111;207;50.254841997961265;-5.8326573;-3.9158216
8.79;146;28;112;207;50.254841997961265;-5.8326573;-3.9705882
8.8;146;28;112;207;50.254841997961265;-5.8326573;-3.9705882
8.81;146;28;112;208;50.356778797145765;-5.848178;-3.9898787
8.82;146;28;112;208;50.356778797145765;-5.848178;-3.9898787
8.83;146;28;112;208;50.356778797145765;-5.848178;-3.9898787
8.84;146;28;112;208;50.356778797145765;-5.848178;-3.9898787
8.85;146;28;112;208;50.356778797145765;-5.848178;-3.9898787
8.86;146;28;112;209;50.45871559633027;-5.8636365;-4.009091
8.87;146;28;112;209;50.45871559633027;-5.8636365;-4.009091
8.88;146;28;112;209;50.45871559633027;-5.8636365;-4.009091
8.89;146;28;112;209;50.45871559633027;-5.8636365;-4.009091
8.9;146;28;112;210;50.56065239551478;-5.879032;-4.028226
8.91;146;27;111;210;50.356778797145765;-5.95749;-4.044534
8.92;146;27;111;211;50.45871559633027;-5.9727273;-4.0636363
8.93;146;27;111;211;50.45871559633027;-5.9727273;-4.0636363
8.94;146;27;111;211;50.45871559633027;-5.9727273;-4.0636363
8.95;146;27;111;211;50.45871559633027;-5.9727273;-4.0636363
8.96;146;26;111;211;50.356778797145765;-6.0121455;-4.09919
8.97;146;26;111;212;50.45871559633027;-6.0272727;-4.1181817
8.98;145;26;111;212;50.356778797145765;-6.0121455;-4.1538463
8.99;145;26;110;212;50.254841997961265;-6.051724;-4.1348886
9.0;145;26;110;212;50.254841997961265;-6.051724;-4.1348886
9.01;145;26;110;212;50.254841997961265;-6.051724;-4.1348886
9.02;145;26;110;213;50.356778797145765;-6.0668015;-4.1538463
9.03;145;25;110;213;50.254841997961265;-6.106491;-4.1896553
9.04;145;25;110;213;50.254841997961265;-6.106491;-4.1896553
9.05;145;25;110;214;50.356778797145765;-6.1214576;-4.208502
9.06;145;25;110;214;50.356778797145765;-6.1214576;-4.208502
9.07;145;25;110;214;50.356778797145765;-6.1214576;-4.208502
9.08;145;25;109;214;50.254841997961265;-6.1612577;-4.1896553
9.09;145;25;109;214;50.254841997961265;-6.1612577;-4.1896553
9.1;145;24;109;213;50.05096839959225;-6.186354;-4.206721
9.11;145;24;109;213;50.05096839959225;-6.186354;-4.206721
9.12;145;24;109;213;50.05096839959225;-6.186354;-4.206721
9.13;144;24;109;213;49.94903160040774;-6.1714287;-4.242857
9.14;144;24;109;213;49.94903160040774;-6.1714287;-4.242857
9.15;144;24;109;213;49.94903160040774;-6.1714287;-4.242857
9.16;144;24;109;213;49.94903160040774;-6.1714287;-4.242857
9.17;144;24;109;214;50.05096839959225;-6.186354;-4.2617106
9.18;144;24;109;214;50.05096839959225;-6.186354;-4.2617106
9.19;144;24;109;214;50.05096839959225;-6.186354;-4.2617106
9.2;145;24;109;215;50.254841997961265;-6.2160244;-4.244422
9.21;145;24;109;215;50.254841997961265;-6.2160244;-4.244422
9.22;145;24;109;215;50.254841997961265;-6.2160244;-4.244422
9.23;145;24;109;216;50.356778797145765;-6.230769;-4.263158
9.24;145;24;109;216;50.356778797145765;-6.230769;-4.263158
9.25;145;24;109;216;50.356778797145765;-6.230769;-4.263158
9.26;145;24;109;216;50.356778797145765;-6.230769;-4.263158
9.27;145;24;109;216;50.356778797145765;-6.230769;-4.263158
9.28;145;24;109;216;50.356778797145765;-6.230769;-4.263158
9.29;146;24;109;216;50.45871559633027;-6.2454543;-4.2272725
9.3;146;24;109;216;50.45871559633027;-6.2454543;-4.2272725
9.31;146;24;109;216;50.45871559633027;-6.2454543;-4.2272725
9.32;146;24;109;216;50.45871559633027;-6.2454543;-4.2272725
9.33;145;24;109;216;50.356778797145765;-6.230769;-4.263158
9.34;145;24;109;216;50.356778797145765;-6.230769;-4.263158
9.35;145;23;108;216;50.15290519877676;-6.3109756;-4.280488
9.36;145;23;108;216;50.15290519877676;-6.3109756;-4.280488
9.37;145;23;108;216;50.15290519877676;-6.3109756;-4.280488
9.38;145;23;108;216;50.15290519877676;-6.3109756;-4.280488
9.39;145;23;108;216;50.15290519877676;-6.3109756;-4.280488
9.4;145;23;108;216;50.15290519877676;-6.3109756;-4.280488
9.41;145;23;108;216;50.15290519877676;-6.3109756;-4.280488
9.42;145;23;108;216;50.15290519877676;-6.3109756;-4.280488
9.43;145;23;108;217;50.254841997961265;-6.3255577;-4.2991886
9.44;144;23;108;217;50.15290519877676;-6.3109756;-4.335366
9.45;144;23;108;217;50.15290519877676;-6.3109756;-4.335366
9.46;144;22;108;217;50.05096839959225;-6.3513236;-4.3716903
9.47;144;22;108;217;50.05096839959225;-6.3513236;-4.3716903
9.48;144;22;108;217;50.05096839959225;-6.3513236;-4.3716903
9.49;144;22;108;218;50.15290519877676;-6.365854;-4.390244
9.5;144;22;108;218;50.15290519877676;-6.365854;-4.390244
9.51;144;22;108;218;50.15290519877676;-6.365854;-4.390244
9.52;144;22;109;218;50.254841997961265;-6.3255577;-4.408722
9.53;144;23;109;218;50.356778797145765;-6.285425;-4.3724694
9.54;144;23;109;218;50.356778797145765;-6.285425;-4.3724694
9.55;143;23;109;217;50.15290519877676;-6.256098;-4.390244
9.56;143;23;109;217;50.15290519877676;-6.256098;-4.390244
9.57;143;23;110;217;50.254841997961265;-6.2160244;-4.408722
9.58;143;24;110;216;50.254841997961265;-6.1612577;-4.3539553
9.59;143;24;110;216;50.254841997961265;-6.1612577;-4.3539553
9.6;142;24;111;216;50.254841997961265;-6.106491;-4.408722
9.61;142;24;111;215;50.15290519877676;-6.0914636;-4.390244
9.62;142;24;111;215;50.15290519877676;-6.0914636;-4.390244
9.63;141;25;112;214;50.15290519877676;-5.981707;-4.390244
9.64;141;25;112;214;50.15290519877676;-5.981707;-4.390244
9.65;141;25;113;214;50.254841997961265;-5.9421906;-4.408722
9.66;141;25;113;213;50.15290519877676;-5.9268293;-4.390244
9.67;141;26;113;213;50.254841997961265;-5.887424;-4.3539553
9.68;141;26;114;213;50.356778797145765;-5.848178;-4.3724694
9.69;141;26;114;213;50.356778797145765;-5.848178;-4.3724694
9.7;141;26;114;213;50.356778797145765;-5.848178;-4.3724694
9.71;141;27;115;213;50.56065239551478;-5.770161;-4.354839
9.72;141;27;115;212;50.45871559633027;-5.7545457;-4.336364
9.73;141;27;115;212;50.45871559633027;-5.7545457;-4.336364
9.74;141;27;115;212;50.45871559633027;-5.7545457;-4.336364
9.75;141;27;115;212;50.45871559633027;-5.7545457;-4.336364
9.76;141;27;115;212;50.45871559633027;-5.7545457;-4.336364
9.77;141;27;115;211;50.356778797145765;-5.7388663;-4.317814
9.78;141;28;115;211;50.45871559633027;-5.7;-4.2818184
9.79;141;28;115;211;50.45871559633027;-5.7;-4.2818184
9.8;141;28;115;210;50.356778797145765;-5.6842103;-4.263158
9.81;141;28;114;210;50.254841997961265;-5.7231236;-4.244422
9.82;142;28;114;209;50.254841997961265;-5.7231236;-4.1896553
9.83;142;28;114;209;50.254841997961265;-5.7231236;-4.1896553
9.84;142;28;114;209;50.254841997961265;-5.7231236;-4.1896553
9.85;142;28;114;208;50.15290519877676;-5.707317;-4.1707315
9.86;142;28;114;208;50.15290519877676;-5.707317;-4.1707315
9.87;142;28;114;208;50.15290519877676;-5.707317;-4.1707315
9.88;142;28;113;208;50.05096839959225;-5.7464356;-4.151731
9.89;142;27;113;208;49.94903160040774;-5.785714;-4.187755
9.9;142;27;113;209;50.05096839959225;-5.8014255;-4.206721
9.91;142;27;113;209;50.05096839959225;-5.8014255;-4.206721
9.92;142;27;113;209;50.05096839959225;-5.8014255;-4.206721
9.93;142;27;113;209;50.05096839959225;-5.8014255;-4.206721
9.94;143;27;113;210;50.254841997961265;-5.8326573;-4.1896553
9.95;143;27;113;210;50.254841997961265;-5.8326573;-4.1896553
9.96;143;27;113;211;50.356778797145765;-5.848178;-4.208502
9.97;143;27;113;211;50.356778797145765;-5.848178;-4.208502
9.98;143;27;113;211;50.356778797145765;-5.848178;-4.208502
9.99;143;27;113;212;50.45871559633027;-5.8636365;-4.2272725
10.0;143;27;113;212;50.45871559633027;-5.8636365;-4.2272725
10.01;143;27;113;212;50.45871559633027;-5.8636365;-4.2272725
10.02;144;27;112;212;50.45871559633027;-5.918182;-4.172727
10.03;144;26;112;212;50.356778797145765;-5.95749;-4.208502
10.04;144;26;112;212;50.356778797145765;-5.95749;-4.208502
10.05;144;26;112;212;50.356778797145765;-5.95749;-4.208502
10.06;144;26;112;212;50.356778797145765;-5.95749;-4.208502
10.07;144;26;112;212;50.356778797145765;-5.95749;-4.208502
10.08;144;26;111;212;50.254841997961265;-5.9969573;-4.1896553
10.09;144;26;111;212;50.254841997961265;-5.9969573;-4.1896553
10.1;144;26;111;212;50.254841997961265;-5.9969573;-4.1896553
10.11;144;26;111;211;50.15290519877676;-5.981707;-4.1707315
10.12;144;26;111;211;50.15290519877676;-5.981707;-4.1707315
10.13;144;26;111;211;50.15290519877676;-5.981707;-4.1707315
10.14;144;26;111;211;50.15290519877676;-5.981707;-4.1707315
10.15;145;26;110;211;50.15290519877676;-6.0365853;-4.115854
10.16;145;26;110;211;50.15290519877676;-6.0365853;-4.115854
10.17;145;26;110;211;50.15290519877676;-6.0365853;-4.115854
10.18;145;26;110;211;50.15290519877676;-6.0365853;-4.115854
10.19;145;26;110;211;50.15290519877676;-6.0365853;-4.115854
10.2;145;26;110;211;50.15290519877676;-6.0365853;-4.115854
10.21;146;26;110;211;50.254841997961265;-6.051724;-4.0801215
10.22;146;26;110;211;50.254841997961265;-6.051724;-4.0801215
10.23;146;26;110;211;50.254841997961265;-6.051724;-4.0801215
10.24;146;26;110;211;50.254841997961265;-6.051724;-4.0801215
10.25;146;26;110;211;50.254841997961265;-6.051724;-4.0801215
10.26;146;26;110;210;50.15290519877676;-6.0365853;-4.0609756
10.27;146;27;110;210;50.254841997961265;-5.9969573;-4.025355
10.28;146;27;110;209;50.15290519877676;-5.981707;-4.006098
10.29;146;27;110;208;50.05096839959225;-5.966395;-3.9867618
10.3;147;27;110;208;50.15290519877676;-5.981707;-3.9512196
10.31;147;28;110;208;50.254841997961265;-5.9421906;-3.9158216
10.32;147;28;111;208;50.356778797145765;-5.902834;-3.9352226
10.33;147;28;111;207;50.254841997961265;-5.887424;-3.9158216
10.34;147;29;111;206;50.254841997961265;-5.8326573;-3.8610547
10.35;147;29;111;205;50.15290519877676;-5.8170733;-3.8414633
10.36;147;29;111;205;50.15290519877676;-5.8170733;-3.8414633
10.37;147;29;111;205;50.15290519877676;-5.8170733;-3.8414633
10.38;147;30;112;204;50.254841997961265;-5.7231236;-3.806288
10.39;147;30;112;204;50.254841997961265;-5.7231236;-3.806288
10.4;147;30;112;204;50.254841997961265;-5.7231236;-3.806288
10.41;147;30;112;204;50.254841997961265;-5.7231236;-3.806288
10.42;147;30;112;204;50.254841997961265;-5.7231236;-3.806288
10.43;147;30;112;204;50.254841997961265;-5.7231236;-3.806288
10.44;147;30;113;204;50.356778797145765;-5.6842103;-3.825911
10.45;147;30;113;205;50.45871559633027;-5.7;-3.8454545
10.46;147;30;113;205;50.45871559633027;-5.7;-3.8454545
10.47;147;30;113;205;50.45871559633027;-5.7;-3.8454545
10.48;147;30;113;205;50.45871559633027;-5.7;-3.8454545
10.49;147;30;113;205;50.45871559633027;-5.7;-3.8454545
10.5;147;30;112;205;50.356778797145765;-5.7388663;-3.825911
10.51;147;30;112;205;50.356778797145765;-5.7388663;-3.825911
10.52;147;30;112;204;50.254841997961265;-5.7231236;-3.806288
10.53;147;30;112;204;50.254841997961265;-5.7231236;-3.806288
10.54;147;30;112;204;50.254841997961265;-5.7231236;-3.806288
10.55;148;30;112;204;50.356778797145765;-5.7388663;-3.771255
10.56;148;30;112;204;50.356778797145765;-5.7388663;-3.771255
10.57;148;30;112;204;50.356778797145765;-5.7388663;-3.771255
10.58;148;30;111;204;50.254841997961265;-5.7778907;-3.7515213
10.59;148;30;111;203;50.15290519877676;-5.762195;-3.7317073
10.6;148;30;111;203;50.15290519877676;-5.762195;-3.7317073
10.61;148;30;111;203;50.15290519877676;-5.762195;-3.7317073
10.62;149;30;111;203;50.254841997961265;-5.7778907;-3.6967545
10.63;149;30;110;202;50.05096839959225;-5.8014255;-3.656823
10.64;149;30;110;202;50.05096839959225;-5.8014255;-3.656823
10.65;149;31;110;202;50.15290519877676;-5.762195;-3.621951
10.66;149;31;110;202;50.15290519877676;-5.762195;-3.621951
10.67;150;31;110;202;50.254841997961265;-5.7778907;-3.5872211
10.68;150;31;110;202;50.254841997961265;-5.7778907;-3.5872211
10.69;150;31;110;202;50.254841997961265;-5.7778907;-3.5872211
10.7;150;31;110;202;50.254841997961265;-5.7778907;-3.5872211
10.71;150;30;110;202;50.15290519877676;-5.8170733;-3.621951
10.72;150;30;110;202;50.15290519877676;-5.8170733;-3.621951
10.73;150;30;110;203;50.254841997961265;-5.8326573;-3.6419878
10.74;150;30;110;203;50.254841997961265;-5.8326573;-3.6419878
10.75;150;30;110;203;50.254841997961265;-5.8326573;-3.6419878
10.76;151;31;110;203;50.45871559633027;-5.809091;-3.5727272
10.77;151;31;110;202;50.356778797145765;-5.7935224;-3.5526316
10.78;151;31;110;202;50.356778797145765;-5.7935224;-3.5526316
10.79;151;31;110;202;50.356778797145765;-5.7935224;-3.5526316
10.8;152;31;109;202;50.356778797145765;-5.848178;-3.4979758
10.81;152;31;109;202;50.356778797145765;-5.848178;-3.4979758
10.82;152;31;109;201;50.254841997961265;-5.8326573;-3.4776876
10.83;152;31;109;201;50.254841997961265;-5.8326573;-3.4776876
10.84;153;32;109;200;50.356778797145765;-5.7935224;-3.388664
10.85;153;32;109;200;50.356778797145765;-5.7935224;-3.388664
10.86;153;32;109;199;50.254841997961265;-5.7778907;-3.368154
10.87;153;32;109;199;50.254841997961265;-5.7778907;-3.368154
10.88;154;33;109;199;50.45871559633027;-5.7545457;-3.3
10.89;154;33;109;199;50.45871559633027;-5.7545457;-3.3
10.9;154;33;109;198;50.356778797145765;-5.7388663;-3.2793522
10.91;154;33;109;198;50.356778797145765;-5.7388663;-3.2793522
10.92;154;33;109;198;50.356778797145765;-5.7388663;-3.2793522
10.93;154;33;109;198;50.356778797145765;-5.7388663;-3.2793522
10.94;154;33;108;198;50.254841997961265;-5.7778907;-3.2586207
10.95;154;33;108;197;50.15290519877676;-5.762195;-3.237805
10.96;154;33;108;197;50.15290519877676;-5.762195;-3.237805
10.97;154;33;108;198;50.254841997961265;-5.7778907;-3.2586207
10.98;154;33;108;198;50.254841997961265;-5.7778907;-3.2586207
10.99;154;33;108;198;50.254841997961265;-5.7778907;-3.2586207
11.0;155;33;108;198;50.356778797145765;-5.7935224;-3.2246964
11.01;155;33;108;198;50.356778797145765;-5.7935224;-3.2246964
11.02;155;33;108;198;50.356778797145765;-5.7935224;-3.2246964
11.03;155;33;108;198;50.356778797145765;-5.7935224;-3.2246964
11.04;156;33;107;198;50.356778797145765;-5.848178;-3.1700404
11.05;156;33;107;198;50.356778797145765;-5.848178;-3.1700404
11.06;157;33;107;198;50.45871559633027;-5.8636365;-3.1363637
11.07;157;33;107;198;50.45871559633027;-5.8636365;-3.1363637
11.08;157;33;107;198;50.45871559633027;-5.8636365;-3.1363637
11.09;158;33;106;197;50.356778797145765;-5.902834;-3.0607288
11.1;158;33;106;197;50.356778797145765;-5.902834;-3.0607288
11.11;158;33;106;197;50.356778797145765;-5.902834;-3.0607288
11.12;159;33;106;196;50.356778797145765;-5.902834;-3.0060728
11.13;159;33;105;196;50.254841997961265;-5.9421906;-2.984787
11.14;159;33;105;196;50.254841997961265;-5.9421906;-2.984787
11.15;159;33;105;195;50.15290519877676;-5.9268293;-2.9634147
11.16;159;33;105;195;50.15290519877676;-5.9268293;-2.9634147
11.17;159;33;105;195;50.15290519877676;-5.9268293;-2.9634147
11.18;159;33;105;195;50.15290519877676;-5.9268293;-2.9634147
11.19;158;33;105;195;50.05096839959225;-5.911405;-2.996945
11.2;158;33;105;196;50.15290519877676;-5.9268293;-3.0182927
11.21;158;33;105;196;50.15290519877676;-5.9268293;-3.0182927
11.22;158;33;105;196;50.15290519877676;-5.9268293;-3.0182927
11.23;157;33;105;197;50.15290519877676;-5.9268293;-3.0731707
11.24;157;32;105;197;50.05096839959225;-5.966395;-3.1069245
11.25;157;32;105;197;50.05096839959225;-5.966395;-3.1069245
11.26;158;32;105;198;50.254841997961265;-5.9969573;-3.0943205
11.27;158;32;105;199;50.356778797145765;-6.0121455;-3.1153846
11.28;158;32;105;199;50.356778797145765;-6.0121455;-3.1153846
11.29;159;32;105;199;50.45871559633027;-6.0272727;-3.081818
11.3;159;32;104;199;50.356778797145765;-6.0668015;-3.0607288
11.31;160;32;104;199;50.45871559633027;-6.081818;-3.0272727
11.32;160;32;103;199;50.356778797145765;-6.1214576;-3.0060728
11.33;160;31;103;198;50.15290519877676;-6.1463413;-3.0182927
11.34;161;31;102;198;50.15290519877676;-6.2012196;-2.9634147
11.35;161;31;102;197;50.05096839959225;-6.186354;-2.941955
11.36;161;31;102;197;50.05096839959225;-6.186354;-2.941955
11.37;161;32;102;197;50.15290519877676;-6.1463413;-2.9085367
11.38;162;32;101;196;50.05096839959225;-6.186354;-2.8319755
11.39;162;32;101;196;50.05096839959225;-6.186354;-2.8319755
11.4;162;32;101;196;50.05096839959225;-6.186354;-2.8319755
11.41;162;32;101;196;50.05096839959225;-6.186354;-2.8319755
11.42;162;32;101;196;50.05096839959225;-6.186354;-2.8319755
11.43;163;32;101;196;50.15290519877676;-6.2012196;-2.7987804
11.44;163;32;101;196;50.15290519877676;-6.2012196;-2.7987804
11.45;163;33;102;196;50.356778797145765;-6.1214576;-2.7874494
11.46;163;33;102;196;50.356778797145765;-6.1214576;-2.7874494
11.47;163;33;102;196;50.356778797145765;-6.1214576;-2.7874494
11.48;163;33;102;196;50.356778797145765;-6.1214576;-2.7874494
11.49;164;33;102;196;50.45871559633027;-6.1363635;-2.7545455
11.5;164;33;102;195;50.356778797145765;-6.1214576;-2.7327936
11.51;164;33;102;195;50.356778797145765;-6.1214576;-2.7327936
11.52;164;33;102;195;50.356778797145765;-6.1214576;-2.7327936
11.53;164;33;102;195;50.356778797145765;-6.1214576;-2.7327936
11.54;164;33;101;195;50.254841997961265;-6.1612577;-2.7109532
11.55;164;33;101;195;50.254841997961265;-6.1612577;-2.7109532
11.56;164;34;101;194;50.254841997961265;-6.106491;-2.6561866
11.57;165;34;101;194;50.356778797145765;-6.1214576;-2.6234818
11.58;165;34;101;194;50.356778797145765;-6.1214576;-2.6234818
11.59;165;34;101;194;50.356778797145765;-6.1214576;-2.6234818
11.6;165;34;101;194;50.356778797145765;-6.1214576;-2.6234818
11.61;165;34;101;193;50.254841997961265;-6.106491;-2.60142
11.62;165;34;101;193;50.254841997961265;-6.106491;-2.60142
11.63;165;34;101;192;50.15290519877676;-6.0914636;-2.5792682
11.64;166;35;101;192;50.356778797145765;-6.0668015;-2.51417
11.65;166;35;101;192;50.356778797145765;-6.0668015;-2.51417
11.66;166;35;101;191;50.254841997961265;-6.051724;-2.4918864
11.67;166;35;101;191;50.254841997961265;-6.051724;-2.4918864
11.68;166;36;101;190;50.254841997961265;-5.9969573;-2.4371197
11.69;166;36;101;190;50.254841997961265;-5.9969573;-2.4371197
11.7;167;36;101;189;50.254841997961265;-5.9969573;-2.3823528
11.71;167;37;102;189;50.45871559633027;-5.918182;-2.3727272
11.72;167;37;102;189;50.45871559633027;-5.918182;-2.3727272
11.73;167;37;102;189;50.45871559633027;-5.918182;-2.3727272
11.74;167;37;102;188;50.356778797145765;-5.902834;-2.3502023
11.75;167;37;102;188;50.356778797145765;-5.902834;-2.3502023
11.76;167;37;102;188;50.356778797145765;-5.902834;-2.3502023
11.77;167;37;102;188;50.356778797145765;-5.902834;-2.3502023
11.78;167;37;102;188;50.356778797145765;-5.902834;-2.3502023
11.79;166;37;102;187;50.15290519877676;-5.871951;-2.359756
11.8;166;37;102;187;50.15290519877676;-5.871951;-2.359756
11.81;166;37;102;187;50.15290519877676;-5.871951;-2.359756
11.82;166;38;102;186;50.15290519877676;-5.8170733;-2.304878
11.83;166;38;102;186;50.15290519877676;-5.8170733;-2.304878
11.84;166;38;102;186;50.15290519877676;-5.8170733;-2.304878
11.85;166;38;102;185;50.05096839959225;-5.8014255;-2.2820773
11.86;166;38;103;185;50.15290519877676;-5.762195;-2.304878
11.87;166;38;103;185;50.15290519877676;-5.762195;-2.304878
11.88;165;39;103;185;50.15290519877676;-5.707317;-2.304878
11.89;165;39;103;185;50.15290519877676;-5.707317;-2.304878
11.9;165;39;103;185;50.15290519877676;-5.707317;-2.304878
11.91;165;39;103;185;50.15290519877676;-5.707317;-2.304878
11.92;165;39;104;185;50.254841997961265;-5.668357;-2.3275862
11.93;165;39;104;185;50.254841997961265;-5.668357;-2.3275862
11.94;166;39;104;186;50.45871559633027;-5.7;-2.3181818
11.95;166;39;104;186;50.45871559633027;-5.7;-2.3181818
11.96;166;39;104;186;50.45871559633027;-5.7;-2.3181818
11.97;166;39;104;186;50.45871559633027;-5.7;-2.3181818
11.98;166;39;104;186;50.45871559633027;-5.7;-2.3181818
11.99;166;39;104;186;50.45871559633027;-5.7;-2.3181818
12.0;166;39;103;186;50.356778797145765;-5.7388663;-2.2955465
12.01;166;39;103;186;50.356778797145765;-5.7388663;-2.2955465
12.02;166;39;103;186;50.356778797145765;-5.7388663;-2.2955465
12.03;166;39;103;186;50.356778797145765;-5.7388663;-2.2955465
12.04;166;39;103;186;50.356778797145765;-5.7388663;-2.2955465
12.05;165;39;103;186;50.254841997961265;-5.7231236;-2.3275862
12.06;165;38;103;186;50.15290519877676;-5.762195;-2.359756
12.07;165;38;103;186;50.15290519877676;-5.762195;-2.359756
12.08;164;38;103;186;50.05096839959225;-5.7464356;-2.392057
12.09;164;38;104;186;50.15290519877676;-5.707317;-2.4146342
12.1;164;38;104;186;50.15290519877676;-5.707317;-2.4146342
12.11;164;38;104;187;50.254841997961265;-5.7231236;-2.4371197
12.12;163;38;104;187;50.15290519877676;-5.707317;-2.4695122
12.13;163;38;104;187;50.15290519877676;-5.707317;-2.4695122
12.14;163;38;104;188;50.254841997961265;-5.7231236;-2.4918864
12.15;163;38;104;188;50.254841997961265;-5.7231236;-2.4918864
12.16;163;38;104;188;50.254841997961265;-5.7231236;-2.4918864
12.17;163;38;105;188;50.356778797145765;-5.6842103;-2.51417
12.18;162;38;105;188;50.254841997961265;-5.668357;-2.546653
12.19;162;38;105;188;50.254841997961265;-5.668357;-2.546653
12.2;162;38;105;188;50.254841997961265;-5.668357;-2.546653
12.21;162;38;105;189;50.356778797145765;-5.6842103;-2.568826
12.22;162;38;105;189;50.356778797145765;-5.6842103;-2.568826
12.23;162;38;106;189;50.45871559633027;-5.6454544;-2.590909
12.24;161;37;106;189;50.254841997961265;-5.668357;-2.6561866
12.25;161;37;106;189;50.254841997961265;-5.668357;-2.6561866
12.26;161;37;106;189;50.254841997961265;-5.668357;-2.6561866
12.27;161;37;106;190;50.356778797145765;-5.6842103;-2.6781375
12.28;161;37;106;190;50.356778797145765;-5.6842103;-2.6781375
12.29;161;37;106;190;50.356778797145765;-5.6842103;-2.6781375
12.3;161;37;106;190;50.356778797145765;-5.6842103;-2.6781375
12.31;160;37;106;190;50.254841997961265;-5.668357;-2.7109532
12.32;160;37;106;190;50.254841997961265;-5.668357;-2.7109532
12.33;160;37;106;190;50.254841997961265;-5.668357;-2.7109532
12.34;160;37;106;190;50.254841997961265;-5.668357;-2.7109532
12.35;160;37;106;190;50.254841997961265;-5.668357;-2.7109532
12.36;160;37;106;190;50.254841997961265;-5.668357;-2.7109532
12.37;160;37;106;190;50.254841997961265;-5.668357;-2.7109532
12.38;160;37;106;190;50.254841997961265;-5.668357;-2.7109532
12.39;160;37;106;190;50.254841997961265;-5.668357;-2.7109532
12.4;160;37;106;190;50.254841997961265;-5.668357;-2.7109532
12.41;160;37;106;191;50.356778797145765;-5.6842103;-2.7327936
12.42;160;37;106;191;50.356778797145765;-5.6842103;-2.7327936
12.43;160;37;106;191;50.356778797145765;-5.6842103;-2.7327936
12.44;160;37;106;191;50.356778797145765;-5.6842103;-2.7327936
12.45;160;37;106;191;50.356778797145765;-5.6842103;-2.7327936
12.46;160;36;106;191;50.254841997961265;-5.7231236;-2.7657201
12.47;161;36;106;191;50.356778797145765;-5.7388663;-2.7327936
12.48;161;36;105;191;50.254841997961265;-5.7778907;-2.7109532
12.49;161;36;105;191;50.254841997961265;-5.7778907;-2.7109532
12.5;161;36;105;192;50.356778797145765;-5.7935224;-2.7327936
12.51;160;36;105;192;50.254841997961265;-5.7778907;-2.7657201
12.52;160;36;105;192;50.254841997961265;-5.7778907;-2.7657201
12.53;160;36;105;192;50.254841997961265;-5.7778907;-2.7657201
12.54;160;35;105;192;50.15290519877676;-5.8170733;-2.7987804
12.55;160;35;105;192;50.15290519877676;-5.8170733;-2.7987804
12.56;160;35;105;192;50.15290519877676;-5.8170733;-2.7987804
12.57;159;35;105;192;50.05096839959225;-5.8014255;-2.8319755
12.58;159;35;105;192;50.05096839959225;-5.8014255;-2.8319755
12.59;159;35;105;192;50.05096839959225;-5.8014255;-2.8319755
12.6;159;35;106;192;50.15290519877676;-5.762195;-2.8536584
12.61;159;35;106;192;50.15290519877676;-5.762195;-2.8536584
12.62;158;35;106;192;50.05096839959225;-5.7464356;-2.8869653
12.63;158;35;106;192;50.05096839959225;-5.7464356;-2.8869653
12.64;158;35;106;192;50.05096839959225;-5.7464356;-2.8869653
12.65;158;35;106;193;50.15290519877676;-5.762195;-2.9085367
12.66;158;35;106;193;50.15290519877676;-5.762195;-2.9085367
12.67;158;35;107;194;50.356778797145765;-5.7388663;-2.951417
12.68;158;35;107;194;50.356778797145765;-5.7388663;-2.951417
12.69;157;35;107;195;50.356778797145765;-5.7388663;-3.0060728
12.7;157;35;107;195;50.356778797145765;-5.7388663;-3.0060728
12.71;157;34;107;196;50.356778797145765;-5.7935224;-3.0607288
12.72;157;34;107;196;50.356778797145765;-5.7935224;-3.0607288
12.73;157;34;107;197;50.45871559633027;-5.809091;-3.081818
12.74;157;34;107;197;50.45871559633027;-5.809091;-3.081818
12.75;157;34;107;198;50.56065239551478;-5.824597;-3.1028225
12.76;158;33;107;199;50.66258919469929;-5.8943663;-3.1237423
12.77;158;33;106;199;50.56065239551478;-5.933468;-3.1028225
12.78;158;33;106;200;50.66258919469929;-5.9486923;-3.1237423
12.79;157;32;105;200;50.356778797145765;-6.0121455;-3.1700404
12.8;157;32;105;200;50.356778797145765;-6.0121455;-3.1700404
12.81;157;31;105;200;50.254841997961265;-6.051724;-3.2038538
12.82;157;31;104;200;50.15290519877676;-6.0914636;-3.182927
12.83;157;31;104;200;50.15290519877676;-6.0914636;-3.182927
12.84;156;30;104;200;49.94903160040774;-6.1163263;-3.2510204
12.85;156;30;103;200;49.847094801223236;-6.1564417;-3.2300613
12.86;156;30;103;200;49.847094801223236;-6.1564417;-3.2300613
12.87;156;30;103;201;49.94903160040774;-6.1714287;-3.2510204
12.88;157;30;104;200;50.05096839959225;-6.1313643;-3.2169042
12.89;157;31;104;200;50.15290519877676;-6.0914636;-3.182927
12.9;157;31;104;200;50.15290519877676;-6.0914636;-3.182927
12.91;157;31;104;200;50.15290519877676;-6.0914636;-3.182927
12.92;158;31;104;200;50.254841997961265;-6.106491;-3.1490872
12.93;158;31;104;200;50.254841997961265;-6.106491;-3.1490872
12.94;158;31;104;200;50.254841997961265;-6.106491;-3.1490872
12.95;158;31;104;200;50.254841997961265;-6.106491;-3.1490872
12.96;158;31;104;200;50.254841997961265;-6.106491;-3.1490872
12.97;159;32;104;200;50.45871559633027;-6.081818;-3.081818
12.98;159;32;104;199;50.356778797145765;-6.0668015;-3.0607288
12.99;159;32;104;199;50.356778797145765;-6.0668015;-3.0607288
13.0;159;32;104;199;50.356778797145765;-6.0668015;-3.0607288
13.01;159;32;104;199;50.356778797145765;-6.0668015;-3.0607288
13.02;160;32;103;198;50.254841997961265;-6.106491;-2.984787
13.03;160;32;103;198;50.254841997961265;-6.106491;-2.984787
13.04;160;32;103;198;50.254841997961265;-6.106491;-2.984787
13.05;160;32;103;197;50.15290519877676;-6.0914636;-2.9634147
13.06;160;33;103;197;50.254841997961265;-6.051724;-2.9300203
13.07;160;33;103;197;50.254841997961265;-6.051724;-2.9300203
13.08;160;33;103;196;50.15290519877676;-6.0365853;-2.9085367
13.09;161;33;103;196;50.254841997961265;-6.051724;-2.8752534
13.1;161;33;103;196;50.254841997961265;-6.051724;-2.8752534
13.11;161;33;103;196;50.254841997961265;-6.051724;-2.8752534
13.12;161;33;103;196;50.254841997961265;-6.051724;-2.8752534
13.13;161;33;103;195;50.15290519877676;-6.0365853;-2.8536584
13.14;161;33;103;195;50.15290519877676;-6.0365853;-2.8536584
13.15;161;33;103;195;50.15290519877676;-6.0365853;-2.8536584
13.16;161;34;103;195;50.254841997961265;-5.9969573;-2.8204868
13.17;161;34;103;195;50.254841997961265;-5.9969573;-2.8204868
13.18;161;34;103;195;50.254841997961265;-5.9969573;-2.8204868
13.19;161;34;103;195;50.254841997961265;-5.9969573;-2.8204868
13.2;161;34;103;195;50.254841997961265;-5.9969573;-2.8204868
13.21;161;34;103;195;50.254841997961265;-5.9969573;-2.8204868
13.22;161;34;103;195;50.254841997961265;-5.9969573;-2.8204868
13.23;161;34;103;195;50.254841997961265;-5.9969573;-2.8204868
13.24;162;34;103;194;50.254841997961265;-5.9969573;-2.7657201
13.25;162;34;103;194;50.254841997961265;-5.9969573;-2.7657201
13.26;162;34;103;194;50.254841997961265;-5.9969573;-2.7657201
13.27;162;34;103;194;50.254841997961265;-5.9969573;-2.7657201
13.28;167;33;99;196;50.45871559633027;-6.3;-2.590909
13.29;167;33;99;196;50.45871559633027;-6.3;-2.590909
13.3;167;32;98;196;50.254841997961265;-6.3803244;-2.60142
13.31;166;32;98;196;50.15290519877676;-6.365854;-2.6341465
13.32;166;32;97;196;50.05096839959225;-6.4063134;-2.6120162
13.33;166;32;97;196;50.05096839959225;-6.4063134;-2.6120162
13.34;166;31;97;196;49.94903160040774;-6.446939;-2.644898
13.35;166;31;97;197;50.05096839959225;-6.461303;-2.667006
13.36;166;31;97;197;50.05096839959225;-6.461303;-2.667006
13.37;166;31;97;197;50.05096839959225;-6.461303;-2.667006
13.38;166;31;97;198;50.15290519877676;-6.47561;-2.6890244
13.39;165;31;97;198;50.05096839959225;-6.461303;-2.7219958
13.4;165;31;97;198;50.05096839959225;-6.461303;-2.7219958
13.41;165;30;97;199;50.05096839959225;-6.516293;-2.7769856
13.42;165;30;97;199;50.05096839959225;-6.516293;-2.7769856
13.43;165;30;97;199;50.05096839959225;-6.516293;-2.7769856
13.44;165;30;98;200;50.254841997961265;-6.489858;-2.8204868
13.45;165;30;98;200;50.254841997961265;-6.489858;-2.8204868
13.46;165;30;98;200;50.254841997961265;-6.489858;-2.8204868
13.47;164;30;98;200;50.15290519877676;-6.47561;-2.8536584
13.48;164;30;98;200;50.15290519877676;-6.47561;-2.8536584
13.49;164;30;98;200;50.15290519877676;-6.47561;-2.8536584
13.5;164;30;98;200;50.15290519877676;-6.47561;-2.8536584
13.51;163;30;98;200;50.05096839959225;-6.461303;-2.8869653
13.52;163;30;99;200;50.15290519877676;-6.4207315;-2.9085367
13.53;163;30;99;200;50.15290519877676;-6.4207315;-2.9085367
13.54;163;30;99;201;50.254841997961265;-6.4350915;-2.9300203
13.55;163;30;99;201;50.254841997961265;-6.4350915;-2.9300203
13.56;163;30;99;202;50.356778797145765;-6.449393;-2.951417
13.57;163;30;99;202;50.356778797145765;-6.449393;-2.951417
13.58;163;30;99;202;50.356778797145765;-6.449393;-2.951417
13.59;163;30;99;202;50.356778797145765;-6.449393;-2.951417
13.6;163;30;100;202;50.45871559633027;-6.409091;-2.9727273
13.61;163;30;100;203;50.56065239551478;-6.423387;-2.9939516
13.62;162;30;100;203;50.45871559633027;-6.409091;-3.0272727
13.63;162;30;100;203;50.45871559633027;-6.409091;-3.0272727
13.64;162;30;100;203;50.45871559633027;-6.409091;-3.0272727
13.65;162;29;100;203;50.356778797145765;-6.449393;-3.0607288
13.66;162;29;99;203;50.254841997961265;-6.489858;-3.0395536
13.67;162;29;99;203;50.254841997961265;-6.489858;-3.0395536
13.68;161;29;99;203;50.15290519877676;-6.47561;-3.0731707
13.69;161;29;99;203;50.15290519877676;-6.47561;-3.0731707
13.7;161;29;100;203;50.254841997961265;-6.4350915;-3.0943205
13.71;161;29;100;203;50.254841997961265;-6.4350915;-3.0943205
13.72;161;29;100;203;50.254841997961265;-6.4350915;-3.0943205
13.73;161;29;100;203;50.254841997961265;-6.4350915;-3.0943205
13.74;160;29;100;203;50.15290519877676;-6.4207315;-3.128049
13.75;160;29;100;203;50.15290519877676;-6.4207315;-3.128049
13.76;160;29;100;203;50.15290519877676;-6.4207315;-3.128049
13.77;160;29;100;203;50.15290519877676;-6.4207315;-3.128049
13.78;160;29;100;203;50.15290519877676;-6.4207315;-3.128049
13.79;160;29;100;203;50.15290519877676;-6.4207315;-3.128049
13.8;160;29;100;203;50.15290519877676;-6.4207315;-3.128049
13.81;160;29;100;203;50.15290519877676;-6.4207315;-3.128049
13.82;160;29;100;203;50.15290519877676;-6.4207315;-3.128049
13.83;160;30;101;203;50.356778797145765;-6.3400807;-3.1153846
13.84;160;30;101;202;50.254841997961265;-6.3255577;-3.0943205
13.85;160;30;101;202;50.254841997961265;-6.3255577;-3.0943205
13.86;160;30;101;202;50.254841997961265;-6.3255577;-3.0943205
13.87;160;30;101;202;50.254841997961265;-6.3255577;-3.0943205
13.88;160;30;101;202;50.254841997961265;-6.3255577;-3.0943205
13.89;160;30;101;202;50.254841997961265;-6.3255577;-3.0943205
13.9;159;30;101;202;50.15290519877676;-6.3109756;-3.128049
13.91;159;30;102;202;50.254841997961265;-6.270791;-3.1490872
13.92;159;30;102;202;50.254841997961265;-6.270791;-3.1490872
13.93;159;30;102;202;50.254841997961265;-6.270791;-3.1490872
13.94;159;30;102;203;50.356778797145765;-6.285425;-3.1700404
13.95;159;30;102;203;50.356778797145765;-6.285425;-3.1700404
13.96;159;30;102;203;50.356778797145765;-6.285425;-3.1700404
13.97;159;30;102;203;50.356778797145765;-6.285425;-3.1700404
13.98;159;30;102;203;50.356778797145765;-6.285425;-3.1700404
13.99;159;30;102;203;50.356778797145765;-6.285425;-3.1700404
14.0;158;30;102;203;50.254841997961265;-6.270791;-3.2038538
14.01;158;30;102;203;50.254841997961265;-6.270791;-3.2038538
14.02;158;30;102;203;50.254841997961265;-6.270791;-3.2038538
14.03;158;30;102;203;50.254841997961265;-6.270791;-3.2038538
14.04;158;30;102;203;50.254841997961265;-6.270791;-3.2038538
14.05;158;30;102;203;50.254841997961265;-6.270791;-3.2038538
14.06;158;30;102;203;50.254841997961265;-6.270791;-3.2038538
14.07;158;30;102;203;50.254841997961265;-6.270791;-3.2038538
14.08;158;30;102;203;50.254841997961265;-6.270791;-3.2038538
14.09;157;30;103;203;50.254841997961265;-6.2160244;-3.2586207
14.1;157;30;103;203;50.254841997961265;-6.2160244;-3.2586207
14.11;157;30;103;203;50.254841997961265;-6.2160244;-3.2586207
14.12;157;30;103;203;50.254841997961265;-6.2160244;-3.2586207
14.13;157;30;103;202;50.15290519877676;-6.2012196;-3.237805
14.14;157;30;103;202;50.15290519877676;-6.2012196;-3.237805
14.15;157;31;104;202;50.356778797145765;-6.1214576;-3.2246964
14.16;157;31;104;202;50.356778797145765;-6.1214576;-3.2246964
14.17;157;31;104;202;50.356778797145765;-6.1214576;-3.2246964
14.18;157;31;104;202;50.356778797145765;-6.1214576;-3.2246964
14.19;157;31;105;202;50.45871559633027;-6.081818;-3.2454545
14.2;157;31;104;202;50.356778797145765;-6.1214576;-3.2246964
14.21;157;31;104;201;50.254841997961265;-6.106491;-3.2038538
14.22;157;31;104;201;50.254841997961265;-6.106491;-3.2038538
14.23;157;32;104;200;50.254841997961265;-6.051724;-3.1490872
14.24;157;32;104;200;50.254841997961265;-6.051724;-3.1490872
14.25;158;32;104;200;50.356778797145765;-6.0668015;-3.1153846
14.26;158;32;104;199;50.254841997961265;-6.051724;-3.0943205
14.27;158;32;103;199;50.15290519877676;-6.0914636;-3.0731707
14.28;159;32;103;198;50.15290519877676;-6.0914636;-3.0182927
14.29;160;33;103;197;50.254841997961265;-6.051724;-2.9300203
14.3;161;33;102;196;50.15290519877676;-6.0914636;-2.8536584
14.31;161;33;102;196;50.15290519877676;-6.0914636;-2.8536584
14.32;162;34;102;195;50.254841997961265;-6.051724;-2.7657201
14.33;163;34;101;194;50.15290519877676;-6.0914636;-2.6890244
14.34;164;35;101;193;50.254841997961265;-6.051724;-2.60142
14.35;165;35;101;192;50.254841997961265;-6.051724;-2.546653
14.36;166;36;100;191;50.254841997961265;-6.051724;-2.4371197
14.37;168;36;100;190;50.356778797145765;-6.0668015;-2.3502023
14.38;169;37;99;189;50.356778797145765;-6.0668015;-2.2408907
14.39;171;38;99;187;50.45871559633027;-6.0272727;-2.1
14.4;172;38;98;186;50.356778797145765;-6.0668015;-2.022267
14.41;174;39;98;185;50.56065239551478;-6.042339;-1.905242
14.42;175;40;97;183;50.45871559633027;-6.0272727;-1.7727273
14.43;177;40;96;182;50.45871559633027;-6.081818;-1.6636363
14.44;178;41;96;180;50.45871559633027;-6.0272727;-1.5545454
14.45;180;42;95;179;50.56065239551478;-6.042339;-1.4153225
14.46;181;42;94;177;50.356778797145765;-6.0668015;-1.3117409
14.47;182;43;94;176;50.45871559633027;-6.0272727;-1.2272727
14.48;183;43;93;175;50.356778797145765;-6.0668015;-1.1477733
14.49;185;44;92;173;50.356778797145765;-6.0668015;-0.98380566
14.5;186;45;92;172;50.45871559633027;-6.0272727;-0.9
14.51;187;45;91;170;50.254841997961265;-6.051724;-0.7941176
14.52;188;45;90;169;50.15290519877676;-6.0914636;-0.7134146
14.53;189;46;89;167;50.05096839959225;-6.0763745;-0.57739305
14.54;189;46;89;166;49.94903160040774;-6.0612245;-0.5510204
14.55;190;46;88;165;49.847094801223236;-6.101227;-0.46932516
14.56;191;47;88;164;49.94903160040774;-6.0612245;-0.3857143
14.57;192;47;87;163;49.847094801223236;-6.101227;-0.303681
14.58;192;47;87;163;49.847094801223236;-6.101227;-0.303681
14.59;193;48;86;162;49.847094801223236;-6.101227;-0.19325154
14.6;193;48;86;162;49.847094801223236;-6.101227;-0.19325154
14.61;194;48;86;162;49.94903160040774;-6.1163263;-0.16530612
14.62;194;48;86;162;49.94903160040774;-6.1163263;-0.16530612
14.63;195;48;86;162;50.05096839959225;-6.1313643;-0.13747454
14.64;195;48;86;162;50.05096839959225;-6.1313643;-0.13747454
14.65;195;48;86;162;50.05096839959225;-6.1313643;-0.13747454
14.66;195;48;86;162;50.05096839959225;-6.1313643;-0.13747454
14.67;195;48;86;162;50.05096839959225;-6.1313643;-0.13747454
14.68;195;48;85;162;49.94903160040774;-6.1714287;-0.11020408
14.69;195;48;85;163;50.05096839959225;-6.186354;-0.13747454
14.7;195;48;85;163;50.05096839959225;-6.186354;-0.13747454
14.71;195;48;85;163;50.05096839959225;-6.186354;-0.13747454
14.72;195;48;85;163;50.05096839959225;-6.186354;-0.13747454
14.73;195;48;85;163;50.05096839959225;-6.186354;-0.13747454
14.74;194;47;85;162;49.745158002038735;-6.196721;-0.1659836
14.75;194;47;84;162;49.64322120285423;-6.2371664;-0.1386037
14.76;194;47;84;162;49.64322120285423;-6.2371664;-0.1386037
14.77;193;47;84;162;49.54128440366972;-6.2222223;-0.16666667
14.78;193;46;84;162;49.439347604485214;-6.2628865;-0.19484536
14.79;192;46;84;163;49.439347604485214;-6.2628865;-0.25051546
14.8;192;45;84;164;49.439347604485214;-6.318557;-0.30618557
14.81;191;45;84;165;49.439347604485214;-6.318557;-0.36185566
14.82;190;44;84;166;49.33741080530071;-6.359504;-0.446281
14.83;189;44;84;167;49.33741080530071;-6.359504;-0.50206614
14.84;188;43;85;168;49.33741080530071;-6.359504;-0.6136364
14.85;187;42;85;170;49.33741080530071;-6.4152894;-0.7252066
14.86;186;41;85;171;49.235474006116206;-6.4565215;-0.81055903
14.87;184;41;85;173;49.235474006116206;-6.4565215;-0.92236024
14.88;183;40;86;174;49.235474006116206;-6.4565215;-1.0341614
14.89;182;39;86;176;49.235474006116206;-6.5124226;-1.1459627
14.9;180;38;87;178;49.235474006116206;-6.5124226;-1.3136646
14.91;178;37;87;181;49.235474006116206;-6.568323;-1.4813665
14.92;176;36;88;183;49.235474006116206;-6.568323;-1.6490684
14.93;174;35;89;185;49.235474006116206;-6.568323;-1.8167702
14.94;172;34;89;188;49.235474006116206;-6.6242237;-1.984472
14.95;171;33;90;190;49.33741080530071;-6.6384296;-2.1198347
14.96;169;32;91;191;49.235474006116206;-6.6242237;-2.2639751
14.97;168;32;92;193;49.439347604485214;-6.596907;-2.3659794
14.98;166;31;92;194;49.235474006116206;-6.6242237;-2.4875777
14.99;164;30;92;194;48.92966360856269;-6.6375;-2.5875
15.0;163;30;93;194;48.92966360856269;-6.58125;-2.64375
15.01;161;29;92;194;48.52191641182467;-6.6365547;-2.7226892
15.02;158;28;92;193;48.01223241590214;-6.621019;-2.8375797
15.03;155;27;91;190;47.196738022426096;-6.6187906;-2.886609
15.04;152;26;90;186;46.279306829765545;-6.6013217;-2.9140968
15.05;148;25;87;181;44.95412844036697;-6.642857;-2.9081633
15.06;144;23;85;174;43.425076452599384;-6.6549296;-2.915493
15.07;139;22;82;167;41.7940876656473;-6.6512194;-2.897561
15.08;134;20;79;160;40.0611620795107;-6.6984735;-2.9198472
15.09;130;19;76;152;38.430173292558614;-6.6962867;-2.8289125
15.1;125;17;73;143;36.493374108053004;-6.7122903;-2.7905028
15.11;119;16;70;135;34.6585117227319;-6.670588;-2.7794118
15.12;114;14;66;126;32.61977573904179;-6.75;-2.7
15.13;108;12;63;117;30.581039755351682;-6.75;-2.7
15.14;102;10;59;108;28.44036697247706;-6.822581;-2.6612904
15.15;96;9;56;99;26.503567787971456;-6.75;-2.5961537
15.16;90;7;52;89;24.260958205912335;-6.8067226;-2.4957983
15.17;84;5;48;79;22.01834862385321;-6.875;-2.375
15.18;78;4;44;69;19.877675840978593;-6.853846;-2.146154
15.19;72;2;40;59;17.63506625891947;-6.9450865;-1.950867
15.2;67;1;36;50;15.698267074413863;-7.012987;-1.5779221
15.21;61;0;32;42;13.761467889908257;-7.1;-1.3
15.22;56;0;28;35;12.130479102956167;-7.147059;-0.7941176
15.23;50;0;25;30;10.703363914373089;-7.071429;-0.64285713
15.24;46;0;22;26;9.582059123343527;-7.180851;-0.28723404
15.25;42;0;19;23;8.56269113149847;-7.392857;0.0
15.26;37;0;17;20;7.543323139653414;-7.2972975;0.0
15.27;33;0;15;18;6.727828746177369;-7.3636365;0.0
15.28;29;0;13;15;5.810397553516819;-7.3421054;0.23684211
15.29;26;0;11;13;5.09683995922528;-7.56;0.54
15.3;23;0;9;11;4.3832823649337405;-7.8488374;0.94186044
15.31;20;0;8;9;3.771661569826707;-7.6621623;1.0945946
15.32;18;0;7;7;3.261977573904179;-7.59375;1.6875
15.33;15;0;6;6;2.7522935779816513;-7.5;1.5
15.34;13;0;5;4;2.2426095820591234;-7.3636365;2.4545455
15.35;10;0;4;3;1.7329255861365953;-7.147059;2.3823528
15.36;8;0;3;2;1.325178389398573;-7.269231;3.1153846
15.37;6;0;2;1;0.9174311926605504;-7.5;4.5
15.38;3;0;1;1;0.509683995922528;-8.1;2.7
15.39;2;0;0;0;0.2038735983690112;-13.5;13.5
15.4;1;0;0;0;0.1019367991845056;-13.5;13.5
15.41;0;0;0;0;0.0;0.0;0.0
15.42;0;0;0;0;0.0;0.0;0.0
15.43;0;0;0;0;0.0;0.0;0.0
15.44;1;0;0;0;0.1019367991845056;-13.5;13.5
15.45;1;0;0;0;0.1019367991845056;-13.5;13.5
15.46;1;0;0;0;0.1019367991845056;-13.5;13.5
15.47;1;0;0;0;0.1019367991845056;-13.5;13.5
15.48;1;0;0;0;0.1019367991845056;-13.5;13.5
15.49;1;0;0;0;0.1019367991845056;-13.5;13.5
15.5;1;0;0;0;0.1019367991845056;-13.5;13.5
15.51;1;0;0;0;0.1019367991845056;-13.5;13.5
15.52;1;0;0;0;0.1019367991845056;-13.5;13.5
15.53;1;0;0;0;0.1019367991845056;-13.5;13.5
15.54;1;0;0;0;0.1019367991845056;-13.5;13.5
15.55;1;0;0;0;0.1019367991845056;-13.5;13.5
15.56;1;0;0;0;0.1019367991845056;-13.5;13.5
15.57;1;0;0;0;0.1019367991845056;-13.5;13.5
15.58;1;0;0;0;0.1019367991845056;-13.5;13.5
15.59;1;0;0;0;0.1019367991845056;-13.5;13.5
15.6;1;0;0;0;0.1019367991845056;-13.5;13.5
15.61;1;0;0;0;0.1019367991845056;-13.5;13.5
15.62;1;0;0;0;0.1019367991845056;-13.5;13.5
15.63;1;0;0;0;0.1019367991845056;-13.5;13.5
15.64;1;0;0;0;0.1019367991845056;-13.5;13.5
15.65;1;0;0;0;0.1019367991845056;-13.5;13.5
15.66;1;0;0;0;0.1019367991845056;-13.5;13.5
15.67;1;0;0;0;0.1019367991845056;-13.5;13.5
15.68;1;0;0;0;0.1019367991845056;-13.5;13.5
15.69;1;0;0;0;0.1019367991845056;-13.5;13.5
15.7;1;0;0;0;0.1019367991845056;-13.5;13.5
15.71;1;0;0;0;0.1019367991845056;-13.5;13.5
15.72;1;0;0;0;0.1019367991845056;-13.5;13.5
15.73;1;0;0;0;0.1019367991845056;-13.5;13.5
15.74;1;0;0;0;0.1019367991845056;-13.5;13.5
15.75;1;0;0;0;0.1019367991845056;-13.5;13.5
15.76;1;0;0;0;0.1019367991845056;-13.5;13.5
15.77;1;0;0;0;0.1019367991845056;-13.5;13.5
15.78;1;0;0;0;0.1019367991845056;-13.5;13.5
15.79;1;0;0;0;0.1019367991845056;-13.5;13.5
15.8;1;0;0;0;0.1019367991845056;-13.5;13.5
15.81;1;0;0;0;0.1019367991845056;-13.5;13.5
15.82;1;0;0;0;0.1019367991845056;-13.5;13.5
15.83;1;0;0;0;0.1019367991845056;-13.5;13.5
15.84;1;0;0;0;0.1019367991845056;-13.5;13.5
15.85;1;0;0;0;0.1019367991845056;-13.5;13.5
15.86;1;0;0;0;0.1019367991845056;-13.5;13.5
15.87;1;0;0;0;0.1019367991845056;-13.5;13.5
15.88;1;0;0;0;0.1019367991845056;-13.5;13.5
15.89;1;0;0;0;0.1019367991845056;-13.5;13.5
15.9;1;0;0;0;0.1019367991845056;-13.5;13.5
15.91;1;0;0;0;0.1019367991845056;-13.5;13.5
15.92;1;0;0;0;0.1019367991845056;-13.5;13.5
15.93;1;0;0;0;0.1019367991845056;-13.5;13.5
15.94;1;0;0;0;0.1019367991845056;-13.5;13.5
15.95;1;0;0;0;0.1019367991845056;-13.5;13.5
15.96;1;0;0;0;0.1019367991845056;-13.5;13.5
15.97;1;0;0;0;0.1019367991845056;-13.5;13.5
15.98;1;0;0;0;0.1019367991845056;-13.5;13.5
15.99;1;0;0;0;0.1019367991845056;-13.5;13.5
16.0;1;0;0;0;0.1019367991845056;-13.5;13.5
16.01;1;0;0;0;0.1019367991845056;-13.5;13.5
16.02;1;0;0;0;0.1019367991845056;-13.5;13.5
16.03;1;0;0;0;0.1019367991845056;-13.5;13.5
16.04;1;0;0;0;0.1019367991845056;-13.5;13.5
16.05;1;0;0;0;0.1019367991845056;-13.5;13.5
16.06;1;0;0;0;0.1019367991845056;-13.5;13.5
16.07;1;0;0;0;0.1019367991845056;-13.5;13.5
16.08;1;0;0;0;0.1019367991845056;-13.5;13.5
16.09;1;0;0;0;0.1019367991845056;-13.5;13.5
16.1;1;0;0;0;0.1019367991845056;-13.5;13.5
16.11;1;0;0;0;0.1019367991845056;-13.5;13.5
16.12;1;0;0;0;0.1019367991845056;-13.5;13.5
16.13;1;0;0;0;0.1019367991845056;-13.5;13.5
16.14;1;0;0;0;0.1019367991845056;-13.5;13.5
16.15;1;0;0;0;0.1019367991845056;-13.5;13.5
16.16;1;0;0;0;0.1019367991845056;-13.5;13.5
16.17;1;0;0;0;0.1019367991845056;-13.5;13.5
16.18;1;0;0;0;0.1019367991845056;-13.5;13.5
16.19;1;0;0;0;0.1019367991845056;-13.5;13.5
16.2;1;0;0;0;0.1019367991845056;-13.5;13.5
16.21;1;0;0;0;0.1019367991845056;-13.5;13.5
16.22;1;0;0;0;0.1019367991845056;-13.5;13.5
16.23;1;0;0;0;0.1019367991845056;-13.5;13.5
16.24;1;0;0;0;0.1019367991845056;-13.5;13.5
16.25;1;0;0;0;0.1019367991845056;-13.5;13.5
16.26;1;0;0;0;0.1019367991845056;-13.5;13.5
16.27;1;0;0;0;0.1019367991845056;-13.5;13.5
16.28;1;0;0;0;0.1019367991845056;-13.5;13.5
16.29;1;0;0;0;0.1019367991845056;-13.5;13.5
16.3;1;0;0;0;0.1019367991845056;-13.5;13.5
16.31;1;0;0;0;0.1019367991845056;-13.5;13.5
16.32;1;0;0;0;0.1019367991845056;-13.5;13.5
16.33;1;0;0;0;0.1019367991845056;-13.5;13.5
16.34;1;0;0;0;0.1019367991845056;-13.5;13.5
16.35;1;0;0;0;0.1019367991845056;-13.5;13.5
16.36;1;0;0;0;0.1019367991845056;-13.5;13.5
16.37;1;0;0;0;0.1019367991845056;-13.5;13.5
16.38;1;0;0;0;0.1019367991845056;-13.5;13.5
16.39;1;0;0;0;0.1019367991845056;-13.5;13.5
16.4;1;0;0;0;0.1019367991845056;-13.5;13.5
16.41;1;0;0;0;0.1019367991845056;-13.5;13.5
16.42;1;0;0;0;0.1019367991845056;-13.5;13.5
16.43;1;0;0;0;0.1019367991845056;-13.5;13.5
16.44;1;0;0;0;0.1019367991845056;-13.5;13.5
16.45;1;0;0;0;0.1019367991845056;-13.5;13.5
16.46;1;0;0;0;0.1019367991845056;-13.5;13.5
16.47;1;0;0;0;0.1019367991845056;-13.5;13.5
16.48;1;0;0;0;0.1019367991845056;-13.5;13.5
16.49;1;0;0;0;0.1019367991845056;-13.5;13.5
16.5;1;0;0;0;0.1019367991845056;-13.5;13.5
16.51;1;0;0;0;0.1019367991845056;-13.5;13.5
16.52;1;0;0;0;0.1019367991845056;-13.5;13.5
16.53;1;0;0;0;0.1019367991845056;-13.5;13.5
16.54;1;0;0;0;0.1019367991845056;-13.5;13.5
16.55;1;0;0;0;0.1019367991845056;-13.5;13.5
16.56;1;0;0;0;0.1019367991845056;-13.5;13.5
16.57;1;0;0;0;0.1019367991845056;-13.5;13.5
16.58;1;0;0;0;0.1019367991845056;-13.5;13.5
16.59;1;0;0;0;0.1019367991845056;-13.5;13.5
16.6;1;0;0;0;0.1019367991845056;-13.5;13.5
16.61;1;0;0;0;0.1019367991845056;-13.5;13.5
16.62;1;0;0;0;0.1019367991845056;-13.5;13.5
16.63;1;0;0;0;0.1019367991845056;-13.5;13.5
16.64;1;0;0;0;0.1019367991845056;-13.5;13.5
16.65;1;0;0;0;0.1019367991845056;-13.5;13.5
16.66;1;0;0;0;0.1019367991845056;-13.5;13.5
16.67;1;0;0;0;0.1019367991845056;-13.5;13.5
16.68;1;0;0;0;0.1019367991845056;-13.5;13.5
16.69;1;0;0;0;0.1019367991845056;-13.5;13.5
16.7;1;0;0;0;0.1019367991845056;-13.5;13.5
16.71;1;0;0;0;0.1019367991845056;-13.5;13.5
16.72;1;0;0;0;0.1019367991845056;-13.5;13.5
16.73;1;0;0;0;0.1019367991845056;-13.5;13.5
16.74;1;0;0;0;0.1019367991845056;-13.5;13.5
16.75;1;0;0;0;0.1019367991845056;-13.5;13.5
16.76;1;0;0;0;0.1019367991845056;-13.5;13.5
16.77;1;0;0;0;0.1019367991845056;-13.5;13.5
16.78;1;0;0;0;0.1019367991845056;-13.5;13.5
16.79;1;0;0;0;0.1019367991845056;-13.5;13.5
16.8;1;0;0;0;0.1019367991845056;-13.5;13.5
16.81;1;0;0;0;0.1019367991845056;-13.5;13.5
16.82;1;0;0;0;0.1019367991845056;-13.5;13.5
16.83;1;0;0;0;0.1019367991845056;-13.5;13.5
16.84;1;0;0;0;0.1019367991845056;-13.5;13.5
16.85;1;0;0;0;0.1019367991845056;-13.5;13.5
16.86;1;0;0;0;0.1019367991845056;-13.5;13.5
16.87;1;0;0;0;0.1019367991845056;-13.5;13.5
16.88;1;0;0;0;0.1019367991845056;-13.5;13.5
16.89;1;0;0;0;0.1019367991845056;-13.5;13.5
16.9;1;0;0;0;0.1019367991845056;-13.5;13.5
16.91;1;0;0;0;0.1019367991845056;-13.5;13.5
16.92;1;0;0;0;0.1019367991845056;-13.5;13.5
16.93;1;0;0;0;0.1019367991845056;-13.5;13.5
16.94;1;0;0;0;0.1019367991845056;-13.5;13.5
16.95;1;0;0;0;0.1019367991845056;-13.5;13.5
16.96;1;0;0;0;0.1019367991845056;-13.5;13.5
16.97;1;0;0;0;0.1019367991845056;-13.5;13.5
16.98;1;0;0;0;0.1019367991845056;-13.5;13.5
16.99;1;0;0;0;0.1019367991845056;-13.5;13.5
17.0;1;0;0;0;0.1019367991845056;-13.5;13.5
17.01;1;0;0;0;0.1019367991845056;-13.5;13.5
17.02;1;0;0;0;0.1019367991845056;-13.5;13.5
17.03;1;0;0;0;0.1019367991845056;-13.5;13.5
17.04;1;0;0;0;0.1019367991845056;-13.5;13.5
17.05;1;0;0;0;0.1019367991845056;-13.5;13.5
17.06;1;0;0;0;0.1019367991845056;-13.5;13.5
17.07;1;0;0;0;0.1019367991845056;-13.5;13.5
17.08;1;0;0;0;0.1019367991845056;-13.5;13.5
17.09;1;0;0;0;0.1019367991845056;-13.5;13.5
17.1;1;0;0;0;0.1019367991845056;-13.5;13.5
17.11;1;0;0;0;0.1019367991845056;-13.5;13.5
17.12;1;0;0;0;0.1019367991845056;-13.5;13.5
17.13;1;0;0;0;0.1019367991845056;-13.5;13.5
17.14;1;0;0;0;0.1019367991845056;-13.5;13.5
17.15;1;0;0;0;0.1019367991845056;-13.5;13.5
17.16;1;0;0;0;0.1019367991845056;-13.5;13.5
17.17;1;0;0;0;0.1019367991845056;-13.5;13.5
17.18;1;0;0;0;0.1019367991845056;-13.5;13.5
17.19;1;0;0;0;0.1019367991845056;-13.5;13.5
17.2;1;0;0;0;0.1019367991845056;-13.5;13.5
17.21;1;0;0;0;0.1019367991845056;-13.5;13.5
17.22;1;0;0;0;0.1019367991845056;-13.5;13.5
17.23;1;0;0;0;0.1019367991845056;-13.5;13.5
17.24;1;0;0;0;0.1019367991845056;-13.5;13.5
17.25;1;0;0;0;0.1019367991845056;-13.5;13.5
17.26;1;0;0;0;0.1019367991845056;-13.5;13.5
17.27;1;0;0;0;0.1019367991845056;-13.5;13.5
17.28;1;0;0;0;0.1019367991845056;-13.5;13.5
17.29;1;0;0;0;0.1019367991845056;-13.5;13.5
17.3;1;0;0;0;0.1019367991845056;-13.5;13.5
17.31;1;0;0;0;0.1019367991845056;-13.5;13.5
17.32;1;0;0;0;0.1019367991845056;-13.5;13.5
17.33;1;0;0;0;0.1019367991845056;-13.5;13.5
17.34;1;0;0;0;0.1019367991845056;-13.5;13.5
17.35;1;0;0;0;0.1019367991845056;-13.5;13.5
17.36;1;0;0;0;0.1019367991845056;-13.5;13.5
17.37;1;0;0;0;0.1019367991845056;-13.5;13.5
17.38;1;0;0;0;0.1019367991845056;-13.5;13.5
