 Height:  Visitor ;  Weight:  Visitor ;  Age:  -1 ;  Gender:  Visitor; name: racha; color: pink; situation: normal
0.01;0;0;0;0;0.0;0.0;0.0;21.202854230377167;14.81;12;3;4;3;2; 100.73754272351145; 2.5984080017979503; 2.145501075397547; 4.3204419549211055
0.01;0;0;0;0;0.0;0.0;0.0;21.202854230377167;14.81;12;3;4;3;2; 100.73754272351145; 2.5984080017979503; 2.145501075397547; 4.3204419549211055
0.02;0;0;0;0;0.0;0.0;0.0
0.03;0;0;0;0;0.0;0.0;0.0
0.04;0;0;0;0;0.0;0.0;0.0
0.05;0;0;0;0;0.0;0.0;0.0
0.06;0;0;0;0;0.0;0.0;0.0
0.07;0;0;0;0;0.0;0.0;0.0
0.08;0;0;0;0;0.0;0.0;0.0
0.09;0;0;0;0;0.0;0.0;0.0
0.1;0;0;0;0;0.0;0.0;0.0
0.11;0;0;0;0;0.0;0.0;0.0
0.12;0;0;0;0;0.0;0.0;0.0
0.13;0;0;0;0;0.0;0.0;0.0
0.14;0;0;0;0;0.0;0.0;0.0
0.15;0;0;0;0;0.0;0.0;0.0
0.16;0;0;0;0;0.0;0.0;0.0
0.17;0;0;0;0;0.0;0.0;0.0
0.18;0;0;0;0;0.0;0.0;0.0
0.19;0;0;0;0;0.0;0.0;0.0
0.2;0;0;0;0;0.0;0.0;0.0
0.21;0;0;0;0;0.0;0.0;0.0
0.22;0;0;0;0;0.0;0.0;0.0
0.23;0;0;0;0;0.0;0.0;0.0
0.24;0;0;0;0;0.0;0.0;0.0
0.25;0;0;0;0;0.0;0.0;0.0
0.26;0;0;0;0;0.0;0.0;0.0
0.27;0;0;0;0;0.0;0.0;0.0
0.28;0;0;0;0;0.0;0.0;0.0
0.29;0;0;0;0;0.0;0.0;0.0
0.3;0;0;0;0;0.0;0.0;0.0
0.31;0;0;0;0;0.0;0.0;0.0
0.32;0;0;0;0;0.0;0.0;0.0
0.33;0;0;0;0;0.0;0.0;0.0
0.34;0;0;0;0;0.0;0.0;0.0
0.35;0;0;0;0;0.0;0.0;0.0
0.36;0;0;0;0;0.0;0.0;0.0
0.37;0;0;0;0;0.0;0.0;0.0
0.38;0;0;0;0;0.0;0.0;0.0
0.39;0;0;0;0;0.0;0.0;0.0
0.4;0;0;0;0;0.0;0.0;0.0
0.41;0;0;0;0;0.0;0.0;0.0
0.42;0;0;0;0;0.0;0.0;0.0
0.43;0;0;0;0;0.0;0.0;0.0
0.44;0;0;0;0;0.0;0.0;0.0
0.45;0;0;0;0;0.0;0.0;0.0
0.46;0;0;0;0;0.0;0.0;0.0
0.47;0;0;0;0;0.0;0.0;0.0
0.48;0;0;0;0;0.0;0.0;0.0
0.49;0;0;0;0;0.0;0.0;0.0
0.5;0;0;0;0;0.0;0.0;0.0
0.51;0;0;0;0;0.0;0.0;0.0
0.52;0;0;0;0;0.0;0.0;0.0
0.53;0;0;0;0;0.0;0.0;0.0
0.54;0;0;0;0;0.0;0.0;0.0
0.55;0;0;0;0;0.0;0.0;0.0
0.56;0;0;0;0;0.0;0.0;0.0
0.57;0;0;0;0;0.0;0.0;0.0
0.58;0;0;0;0;0.0;0.0;0.0
0.59;0;0;0;0;0.0;0.0;0.0
0.6;0;0;0;0;0.0;0.0;0.0
0.61;0;0;0;0;0.0;0.0;0.0
0.62;0;0;0;0;0.0;0.0;0.0
0.63;0;0;0;0;0.0;0.0;0.0
0.64;0;0;0;0;0.0;0.0;0.0
0.65;0;0;0;0;0.0;0.0;0.0
0.66;0;0;0;0;0.0;0.0;0.0
0.67;0;0;0;0;0.0;0.0;0.0
0.68;0;0;0;0;0.0;0.0;0.0
0.69;0;0;0;0;0.0;0.0;0.0
0.7;0;0;0;0;0.0;0.0;0.0
0.71;0;0;0;0;0.0;0.0;0.0
0.72;0;0;0;0;0.0;0.0;0.0
0.73;0;0;0;0;0.0;0.0;0.0
0.74;0;0;0;0;0.0;0.0;0.0
0.75;0;0;0;0;0.0;0.0;0.0
0.76;0;0;0;0;0.0;0.0;0.0
0.77;0;0;0;0;0.0;0.0;0.0
0.78;0;0;0;0;0.0;0.0;0.0
0.79;0;0;0;0;0.0;0.0;0.0
0.8;0;0;0;0;0.0;0.0;0.0
0.81;0;0;0;0;0.0;0.0;0.0
0.82;0;0;0;0;0.0;0.0;0.0
0.83;0;0;0;0;0.0;0.0;0.0
0.84;0;0;0;0;0.0;0.0;0.0
0.85;0;0;0;0;0.0;0.0;0.0
0.86;0;0;0;0;0.0;0.0;0.0
0.87;0;0;0;0;0.0;0.0;0.0
0.88;0;0;0;0;0.0;0.0;0.0
0.89;0;0;0;0;0.0;0.0;0.0
0.9;0;0;0;0;0.0;0.0;0.0
0.91;0;0;0;0;0.0;0.0;0.0
0.92;0;0;0;0;0.0;0.0;0.0
0.93;0;0;0;0;0.0;0.0;0.0
0.94;0;0;0;0;0.0;0.0;0.0
0.95;0;0;0;0;0.0;0.0;0.0
0.96;0;0;0;0;0.0;0.0;0.0
0.97;0;0;0;0;0.0;0.0;0.0
0.98;0;0;0;0;0.0;0.0;0.0
0.99;0;0;0;0;0.0;0.0;0.0
1.0;0;0;0;0;0.0;0.0;0.0
1.01;0;0;0;0;0.0;0.0;0.0
1.02;0;0;0;0;0.0;0.0;0.0
1.03;0;0;0;0;0.0;0.0;0.0
1.04;0;0;0;0;0.0;0.0;0.0
1.05;0;0;0;0;0.0;0.0;0.0
1.06;0;0;0;0;0.0;0.0;0.0
1.07;0;0;0;0;0.0;0.0;0.0
1.08;0;0;0;0;0.0;0.0;0.0
1.09;0;0;0;0;0.0;0.0;0.0
1.1;0;0;0;0;0.0;0.0;0.0
1.11;0;0;0;0;0.0;0.0;0.0
1.12;0;0;0;0;0.0;0.0;0.0
1.13;0;0;0;0;0.0;0.0;0.0
1.14;0;0;0;0;0.0;0.0;0.0
1.15;0;0;0;0;0.0;0.0;0.0
1.16;0;0;0;0;0.0;0.0;0.0
1.17;0;0;0;0;0.0;0.0;0.0
1.18;0;0;0;0;0.0;0.0;0.0
1.19;0;0;0;0;0.0;0.0;0.0
1.2;0;0;0;0;0.0;0.0;0.0
1.21;0;0;0;0;0.0;0.0;0.0
1.22;0;0;0;0;0.0;0.0;0.0
1.23;0;0;0;0;0.0;0.0;0.0
1.24;0;0;0;0;0.0;0.0;0.0
1.25;0;0;0;0;0.0;0.0;0.0
1.26;0;0;0;0;0.0;0.0;0.0
1.27;0;0;0;0;0.0;0.0;0.0
1.28;0;0;0;0;0.0;0.0;0.0
1.29;0;0;0;0;0.0;0.0;0.0
1.3;0;0;0;0;0.0;0.0;0.0
1.31;0;0;0;0;0.0;0.0;0.0
1.32;0;0;0;0;0.0;0.0;0.0
1.33;0;0;0;0;0.0;0.0;0.0
1.34;0;0;0;0;0.0;0.0;0.0
1.35;0;0;0;0;0.0;0.0;0.0
1.36;0;0;0;0;0.0;0.0;0.0
1.37;0;0;0;0;0.0;0.0;0.0
1.38;0;0;0;0;0.0;0.0;0.0
1.39;0;0;0;0;0.0;0.0;0.0
1.4;0;0;0;0;0.0;0.0;0.0
1.41;0;0;0;0;0.0;0.0;0.0
1.42;0;0;0;0;0.0;0.0;0.0
1.43;0;0;0;0;0.0;0.0;0.0
1.44;0;0;0;0;0.0;0.0;0.0
1.45;0;0;0;0;0.0;0.0;0.0
1.46;0;0;0;0;0.0;0.0;0.0
1.47;0;0;0;0;0.0;0.0;0.0
1.48;0;0;0;0;0.0;0.0;0.0
1.49;0;0;0;0;0.0;0.0;0.0
1.5;0;0;0;0;0.0;0.0;0.0
1.51;0;0;0;0;0.0;0.0;0.0
1.52;0;0;0;0;0.0;0.0;0.0
1.53;0;0;0;0;0.0;0.0;0.0
1.54;0;0;0;0;0.0;0.0;0.0
1.55;0;0;0;0;0.0;0.0;0.0
1.56;0;0;0;0;0.0;0.0;0.0
1.57;0;0;0;0;0.0;0.0;0.0
1.58;0;0;0;0;0.0;0.0;0.0
1.59;0;0;0;0;0.0;0.0;0.0
1.6;0;0;0;0;0.0;0.0;0.0
1.61;0;0;0;0;0.0;0.0;0.0
1.62;0;0;0;0;0.0;0.0;0.0
1.63;0;0;0;0;0.0;0.0;0.0
1.64;0;0;0;0;0.0;0.0;0.0
1.65;0;0;0;0;0.0;0.0;0.0
1.66;0;0;0;0;0.0;0.0;0.0
1.67;0;0;0;0;0.0;0.0;0.0
1.68;0;0;0;0;0.0;0.0;0.0
1.69;0;0;0;0;0.0;0.0;0.0
1.7;0;0;0;0;0.0;0.0;0.0
1.71;0;0;0;0;0.0;0.0;0.0
1.72;0;0;0;0;0.0;0.0;0.0
1.73;0;0;0;0;0.0;0.0;0.0
1.74;0;0;0;0;0.0;0.0;0.0
1.75;0;0;0;0;0.0;0.0;0.0
1.76;0;0;0;0;0.0;0.0;0.0
1.77;0;0;0;0;0.0;0.0;0.0
1.78;0;0;0;0;0.0;0.0;0.0
1.79;0;0;0;0;0.0;0.0;0.0
1.8;0;0;0;0;0.0;0.0;0.0
1.81;0;0;0;0;0.0;0.0;0.0
1.82;0;0;0;0;0.0;0.0;0.0
1.83;0;0;0;0;0.0;0.0;0.0
1.84;0;0;0;0;0.0;0.0;0.0
1.85;0;0;0;0;0.0;0.0;0.0
1.86;0;0;0;0;0.0;0.0;0.0
1.87;0;0;0;0;0.0;0.0;0.0
1.88;0;0;0;0;0.0;0.0;0.0
1.89;0;0;0;0;0.0;0.0;0.0
1.9;0;0;0;0;0.0;0.0;0.0
1.91;0;0;0;0;0.0;0.0;0.0
1.92;0;0;0;0;0.0;0.0;0.0
1.93;0;0;0;0;0.0;0.0;0.0
1.94;0;0;0;0;0.0;0.0;0.0
1.95;0;0;0;0;0.0;0.0;0.0
1.96;0;0;0;0;0.0;0.0;0.0
1.97;0;0;0;0;0.0;0.0;0.0
1.98;0;0;0;0;0.0;0.0;0.0
1.99;0;0;0;0;0.0;0.0;0.0
2.0;0;0;0;0;0.0;0.0;0.0
2.01;0;0;0;0;0.0;0.0;0.0
2.02;0;0;0;0;0.0;0.0;0.0
2.03;0;0;0;0;0.0;0.0;0.0
2.04;0;0;0;0;0.0;0.0;0.0
2.05;0;0;0;0;0.0;0.0;0.0
2.06;0;0;0;0;0.0;0.0;0.0
2.07;0;0;0;0;0.0;0.0;0.0
2.08;0;0;0;0;0.0;0.0;0.0
2.09;0;0;0;0;0.0;0.0;0.0
2.1;0;0;0;0;0.0;0.0;0.0
2.11;0;0;0;0;0.0;0.0;0.0
2.12;0;0;0;0;0.0;0.0;0.0
2.13;0;0;0;0;0.0;0.0;0.0
2.14;0;0;0;0;0.0;0.0;0.0
2.15;0;0;0;0;0.0;0.0;0.0
2.16;0;0;0;0;0.0;0.0;0.0
2.17;0;0;0;0;0.0;0.0;0.0
2.18;0;0;0;0;0.0;0.0;0.0
2.19;0;0;0;0;0.0;0.0;0.0
2.2;0;0;0;0;0.0;0.0;0.0
2.21;0;0;0;0;0.0;0.0;0.0
2.22;0;0;0;0;0.0;0.0;0.0
2.23;0;0;0;0;0.0;0.0;0.0
2.24;0;0;0;0;0.0;0.0;0.0
2.25;0;0;0;0;0.0;0.0;0.0
2.26;0;0;0;0;0.0;0.0;0.0
2.27;0;0;0;0;0.0;0.0;0.0
2.28;0;0;0;0;0.0;0.0;0.0
2.29;0;0;0;0;0.0;0.0;0.0
2.3;0;0;0;0;0.0;0.0;0.0
2.31;0;0;0;0;0.0;0.0;0.0
2.32;0;0;0;0;0.0;0.0;0.0
2.33;0;0;0;0;0.0;0.0;0.0
2.34;0;0;0;0;0.0;0.0;0.0
2.35;0;0;0;0;0.0;0.0;0.0
2.36;0;0;0;0;0.0;0.0;0.0
2.37;0;0;0;0;0.0;0.0;0.0
2.38;0;0;0;0;0.0;0.0;0.0
2.39;0;0;0;0;0.0;0.0;0.0
2.4;0;0;0;0;0.0;0.0;0.0
2.41;0;0;0;0;0.0;0.0;0.0
2.42;0;0;0;0;0.0;0.0;0.0
2.43;0;0;0;0;0.0;0.0;0.0
2.44;0;0;0;0;0.0;0.0;0.0
2.45;0;0;0;0;0.0;0.0;0.0
2.46;0;0;0;0;0.0;0.0;0.0
2.47;0;0;0;0;0.0;0.0;0.0
2.48;0;0;0;0;0.0;0.0;0.0
2.49;0;0;0;0;0.0;0.0;0.0
2.5;0;0;0;0;0.0;0.0;0.0
2.51;0;0;0;0;0.0;0.0;0.0
2.52;0;0;0;0;0.0;0.0;0.0
2.53;0;0;0;0;0.0;0.0;0.0
2.54;0;0;0;0;0.0;0.0;0.0
2.55;0;0;0;0;0.0;0.0;0.0
2.56;0;0;0;0;0.0;0.0;0.0
2.57;0;0;0;0;0.0;0.0;0.0
2.58;0;0;0;0;0.0;0.0;0.0
2.59;0;0;0;0;0.0;0.0;0.0
2.6;0;0;0;0;0.0;0.0;0.0
2.61;0;0;0;1;0.1019367991845056;-13.5;-13.5
2.62;0;0;0;2;0.2038735983690112;-13.5;-13.5
2.63;0;0;0;3;0.3058103975535168;-13.5;-13.5
2.64;0;0;0;3;0.3058103975535168;-13.5;-13.5
2.65;0;0;0;4;0.4077471967380224;-13.5;-13.5
2.66;0;0;0;4;0.4077471967380224;-13.5;-13.5
2.67;0;0;0;3;0.3058103975535168;-13.5;-13.5
2.68;0;1;0;2;0.3058103975535168;-4.5;-4.5
2.69;0;1;0;2;0.3058103975535168;-4.5;-4.5
2.7;0;2;0;1;0.3058103975535168;4.5;4.5
2.71;0;2;0;0;0.2038735983690112;13.5;13.5
2.72;0;3;0;0;0.3058103975535168;13.5;13.5
2.73;0;4;0;0;0.4077471967380224;13.5;13.5
2.74;0;5;0;0;0.509683995922528;13.5;13.5
2.75;0;6;0;0;0.6116207951070336;13.5;13.5
2.76;0;8;0;1;0.9174311926605504;10.5;10.5
2.77;0;10;0;3;1.325178389398573;7.269231;7.269231
2.78;0;13;0;5;1.8348623853211008;6.0;6.0
2.79;0;17;0;7;2.4464831804281344;5.625;5.625
2.8;0;21;0;10;3.1600407747196737;4.790323;4.790323
2.81;0;27;0;13;4.077471967380224;4.725;4.725
2.82;0;33;0;17;5.09683995922528;4.32;4.32
2.83;0;40;0;20;6.116207951070336;4.5;4.5
2.84;0;47;0;24;7.237512742099898;4.3732395;4.3732395
2.85;0;55;0;28;8.460754332313964;4.3915663;4.3915663
2.86;0;64;0;33;9.887869520897043;4.314433;4.314433
2.87;0;73;0;38;11.314984709480122;4.256757;4.256757
2.88;0;81;0;42;12.53822629969419;4.280488;4.280488
2.89;0;90;0;47;13.965341488277268;4.2372265;4.2372265
2.9;0;98;0;50;15.086646279306828;4.3783784;4.3783784
2.91;0;105;0;53;16.106014271151885;4.443038;4.443038
2.92;0;112;0;55;17.023445463812436;4.6077843;4.6077843
2.93;0;118;0;57;17.83893985728848;4.705714;4.705714
2.94;0;123;0;58;18.450560652395513;4.8480663;4.8480663
2.95;0;128;0;59;19.062181447502546;4.981283;4.981283
2.96;0;133;0;59;19.571865443425075;5.203125;5.203125
2.97;0;136;0;58;19.775739041794086;5.427835;5.427835
2.98;0;139;0;58;20.081549439347604;5.550761;5.550761
2.99;0;142;0;57;20.285423037716615;5.7663317;5.7663317
3.0;0;143;0;56;20.285423037716615;5.90201;5.90201
3.01;0;144;0;55;20.285423037716615;6.0376883;6.0376883
3.02;0;144;0;53;20.081549439347604;6.2360406;6.2360406
3.03;0;143;0;52;19.877675840978593;6.3;6.3
3.04;0;143;0;50;19.673802242609582;6.5051813;6.5051813
3.05;0;142;0;49;19.46992864424057;6.5732985;6.5732985
3.06;0;141;0;47;19.164118246687053;6.75;6.75
3.07;0;141;0;46;19.062181447502546;6.858289;6.858289
3.08;0;141;0;45;18.960244648318042;6.967742;6.967742
3.09;0;141;0;44;18.858307849133535;7.078378;7.078378
3.1;0;141;0;43;18.75637104994903;7.1902175;7.1902175
3.11;0;142;0;43;18.858307849133535;7.224324;7.224324
3.12;0;143;0;43;18.960244648318042;7.2580647;7.2580647
3.13;0;144;0;43;19.062181447502546;7.291444;7.291444
3.14;0;146;0;43;19.266055045871557;7.357143;7.357143
3.15;0;147;0;44;19.46992864424057;7.2801046;7.2801046
3.16;0;149;0;44;19.673802242609582;7.3445597;7.3445597
3.17;0;151;0;45;19.979612640163097;7.3010206;7.3010206
3.18;0;153;0;46;20.285423037716615;7.258794;7.258794
3.19;0;154;0;47;20.489296636085626;7.1865673;7.1865673
3.2;0;156;0;48;20.79510703363914;7.147059;7.147059
3.21;0;157;0;48;20.89704383282365;7.1780486;7.1780486
3.22;0;158;0;49;21.10091743119266;7.1086955;7.1086955
3.23;0;158;0;49;21.10091743119266;7.1086955;7.1086955
3.24;0;159;0;49;21.202854230377167;7.139423;7.139423
3.25;0;160;0;49;21.30479102956167;7.1698565;7.1698565
3.26;0;160;0;49;21.30479102956167;7.1698565;7.1698565
3.27;0;159;0;49;21.202854230377167;7.139423;7.139423
3.28;0;159;0;48;21.10091743119266;7.2391305;7.2391305
3.29;0;158;0;48;20.998980632008156;7.208738;7.208738
3.3;0;157;0;47;20.79510703363914;7.279412;7.279412
3.31;0;156;0;47;20.693170234454637;7.2487683;7.2487683
3.32;0;154;0;46;20.38735983690112;7.29;7.29
3.33;0;153;0;46;20.285423037716615;7.258794;7.258794
3.34;0;152;0;49;20.489296636085626;6.9179106;6.9179106
3.35;0;153;0;53;20.998980632008156;6.553398;6.553398
3.36;0;152;0;60;21.61060142711519;5.8584905;5.8584905
3.37;0;150;0;68;22.22222222222222;5.0779815;5.0779815
3.38;0;146;0;78;22.833843017329254;4.098214;4.098214
3.39;0;142;0;88;23.445463812436287;3.1695652;3.1695652
3.4;0;138;0;97;23.955147808358817;2.3553193;2.3553193
3.41;0;134;0;103;24.159021406727827;1.7658228;1.7658228
3.42;0;130;0;106;24.05708460754332;1.3728814;1.3728814
3.43;0;126;0;107;23.751274209989806;1.1008583;1.1008583
3.44;0;121;0;106;23.139653414882773;0.8920705;0.8920705
3.45;0;117;0;106;22.73190621814475;0.6659193;0.6659193
3.46;0;114;0;106;22.426095820591232;0.4909091;0.4909091
3.47;0;110;0;106;22.01834862385321;0.25;0.25
3.48;0;108;0;107;21.916411824668703;0.0627907;0.0627907
3.49;0;105;0;109;21.8144750254842;-0.25233644;-0.25233644
3.5;0;103;0;111;21.8144750254842;-0.5046729;-0.5046729
3.51;0;100;0;114;21.8144750254842;-0.8831776;-0.8831776
3.52;0;98;0;118;22.01834862385321;-1.25;-1.25
3.53;0;97;0;122;22.324159021406725;-1.5410959;-1.5410959
3.54;0;95;0;125;22.426095820591232;-1.8409091;-1.8409091
3.55;0;94;0;129;22.73190621814475;-2.118834;-2.118834
3.56;0;92;0;131;22.73190621814475;-2.3609865;-2.3609865
3.57;0;91;0;134;22.93577981651376;-2.58;-2.58
3.58;0;90;0;136;23.037716615698265;-2.7477877;-2.7477877
3.59;0;88;0;137;22.93577981651376;-2.94;-2.94
3.6;0;87;0;138;22.93577981651376;-3.06;-3.06
3.61;0;85;0;139;22.833843017329254;-3.2544644;-3.2544644
3.62;0;84;0;139;22.73190621814475;-3.3295965;-3.3295965
3.63;0;82;0;140;22.629969418960243;-3.5270271;-3.5270271
3.64;0;81;0;140;22.52803261977574;-3.6040723;-3.6040723
3.65;0;80;0;140;22.426095820591232;-3.6818182;-3.6818182
3.66;0;79;0;141;22.426095820591232;-3.8045454;-3.8045454
3.67;0;79;0;141;22.426095820591232;-3.8045454;-3.8045454
3.68;0;78;0;141;22.324159021406725;-3.8835616;-3.8835616
3.69;0;78;0;142;22.426095820591232;-3.9272728;-3.9272728
3.7;0;78;0;142;22.426095820591232;-3.9272728;-3.9272728
3.71;0;77;0;142;22.324159021406725;-4.0068493;-4.0068493
3.72;0;77;0;143;22.426095820591232;-4.05;-4.05
3.73;0;77;0;143;22.426095820591232;-4.05;-4.05
3.74;0;76;0;143;22.324159021406725;-4.130137;-4.130137
3.75;0;76;0;144;22.426095820591232;-4.172727;-4.172727
3.76;0;75;0;144;22.324159021406725;-4.2534246;-4.2534246
3.77;0;75;0;144;22.324159021406725;-4.2534246;-4.2534246
3.78;0;74;0;144;22.22222222222222;-4.334862;-4.334862
3.79;0;73;0;144;22.120285423037714;-4.417051;-4.417051
3.8;0;73;0;145;22.22222222222222;-4.4587154;-4.4587154
3.81;0;72;0;145;22.120285423037714;-4.541475;-4.541475
3.82;0;71;0;145;22.01834862385321;-4.625;-4.625
3.83;0;70;0;145;21.916411824668703;-4.7093024;-4.7093024
3.84;0;69;0;146;21.916411824668703;-4.8348837;-4.8348837
3.85;0;69;0;146;21.916411824668703;-4.8348837;-4.8348837
3.86;0;68;0;146;21.8144750254842;-4.920561;-4.920561
3.87;0;68;0;146;21.8144750254842;-4.920561;-4.920561
3.88;0;67;0;146;21.712538226299692;-5.0070424;-5.0070424
3.89;0;67;0;146;21.712538226299692;-5.0070424;-5.0070424
3.9;0;66;0;146;21.61060142711519;-5.09434;-5.09434
3.91;0;66;0;147;21.712538226299692;-5.133803;-5.133803
3.92;0;65;0;147;21.61060142711519;-5.2216983;-5.2216983
3.93;0;65;0;147;21.61060142711519;-5.2216983;-5.2216983
3.94;0;64;0;147;21.50866462793068;-5.3104267;-5.3104267
3.95;0;63;0;147;21.406727828746178;-5.4;-5.4
3.96;0;62;0;147;21.30479102956167;-5.490431;-5.490431
3.97;0;61;0;147;21.202854230377167;-5.581731;-5.581731
3.98;0;60;0;147;21.10091743119266;-5.673913;-5.673913
3.99;0;59;0;148;21.10091743119266;-5.804348;-5.804348
4.0;0;59;0;148;21.10091743119266;-5.804348;-5.804348
4.01;0;58;0;147;20.89704383282365;-5.8609757;-5.8609757
4.02;0;58;0;147;20.89704383282365;-5.8609757;-5.8609757
4.03;0;57;0;147;20.79510703363914;-5.9558825;-5.9558825
4.04;0;57;0;146;20.693170234454637;-5.9187193;-5.9187193
4.05;0;57;0;146;20.693170234454637;-5.9187193;-5.9187193
4.06;0;56;0;146;20.59123343527013;-6.0148516;-6.0148516
4.07;0;57;0;145;20.59123343527013;-5.881188;-5.881188
4.08;0;57;0;144;20.489296636085626;-5.8432837;-5.8432837
4.09;0;58;0;144;20.59123343527013;-5.7475247;-5.7475247
4.1;0;58;0;143;20.489296636085626;-5.7089553;-5.7089553
4.11;0;59;0;142;20.489296636085626;-5.574627;-5.574627
4.12;0;60;0;141;20.489296636085626;-5.4402986;-5.4402986
4.13;0;60;0;140;20.38735983690112;-5.4;-5.4
4.14;0;61;0;140;20.489296636085626;-5.30597;-5.30597
4.15;0;61;0;140;20.489296636085626;-5.30597;-5.30597
4.16;0;61;0;139;20.38735983690112;-5.265;-5.265
4.17;0;61;0;139;20.38735983690112;-5.265;-5.265
4.18;0;62;0;139;20.489296636085626;-5.171642;-5.171642
4.19;0;62;0;139;20.489296636085626;-5.171642;-5.171642
4.2;0;62;0;139;20.489296636085626;-5.171642;-5.171642
4.21;0;62;0;139;20.489296636085626;-5.171642;-5.171642
4.22;0;62;0;139;20.489296636085626;-5.171642;-5.171642
4.23;0;62;0;138;20.38735983690112;-5.13;-5.13
4.24;0;62;0;138;20.38735983690112;-5.13;-5.13
4.25;0;63;0;138;20.489296636085626;-5.0373135;-5.0373135
4.26;0;63;0;138;20.489296636085626;-5.0373135;-5.0373135
4.27;0;63;0;138;20.489296636085626;-5.0373135;-5.0373135
4.28;0;63;0;138;20.489296636085626;-5.0373135;-5.0373135
4.29;0;63;0;138;20.489296636085626;-5.0373135;-5.0373135
4.3;0;63;0;138;20.489296636085626;-5.0373135;-5.0373135
4.31;0;63;0;138;20.489296636085626;-5.0373135;-5.0373135
4.32;0;63;0;139;20.59123343527013;-5.079208;-5.079208
4.33;0;63;0;139;20.59123343527013;-5.079208;-5.079208
4.34;0;62;0;140;20.59123343527013;-5.212871;-5.212871
4.35;0;62;0;140;20.59123343527013;-5.212871;-5.212871
4.36;0;62;0;140;20.59123343527013;-5.212871;-5.212871
4.37;0;62;0;141;20.693170234454637;-5.2536945;-5.2536945
4.38;0;61;0;141;20.59123343527013;-5.3465347;-5.3465347
4.39;0;61;0;141;20.59123343527013;-5.3465347;-5.3465347
4.4;0;61;0;142;20.693170234454637;-5.3866997;-5.3866997
4.41;0;60;0;142;20.59123343527013;-5.480198;-5.480198
4.42;0;60;0;142;20.59123343527013;-5.480198;-5.480198
4.43;0;60;0;142;20.59123343527013;-5.480198;-5.480198
4.44;0;60;0;143;20.693170234454637;-5.5197043;-5.5197043
4.45;0;59;0;143;20.59123343527013;-5.6138616;-5.6138616
4.46;0;59;0;144;20.693170234454637;-5.6527095;-5.6527095
4.47;0;59;0;144;20.693170234454637;-5.6527095;-5.6527095
4.48;0;59;0;144;20.693170234454637;-5.6527095;-5.6527095
4.49;0;59;0;145;20.79510703363914;-5.6911764;-5.6911764
4.5;0;58;0;145;20.693170234454637;-5.785714;-5.785714
4.51;0;58;0;145;20.693170234454637;-5.785714;-5.785714
4.52;0;58;0;145;20.693170234454637;-5.785714;-5.785714
4.53;0;58;0;145;20.693170234454637;-5.785714;-5.785714
4.54;0;57;0;146;20.693170234454637;-5.9187193;-5.9187193
4.55;0;57;0;146;20.693170234454637;-5.9187193;-5.9187193
4.56;0;57;0;146;20.693170234454637;-5.9187193;-5.9187193
4.57;0;56;0;146;20.59123343527013;-6.0148516;-6.0148516
4.58;0;56;0;146;20.59123343527013;-6.0148516;-6.0148516
4.59;0;55;0;146;20.489296636085626;-6.1119404;-6.1119404
4.6;0;55;0;147;20.59123343527013;-6.1485147;-6.1485147
4.61;0;55;0;147;20.59123343527013;-6.1485147;-6.1485147
4.62;0;54;0;147;20.489296636085626;-6.2462687;-6.2462687
4.63;0;54;0;147;20.489296636085626;-6.2462687;-6.2462687
4.64;0;53;0;148;20.489296636085626;-6.380597;-6.380597
4.65;0;53;0;148;20.489296636085626;-6.380597;-6.380597
4.66;0;53;0;148;20.489296636085626;-6.380597;-6.380597
4.67;0;52;0;149;20.489296636085626;-6.5149255;-6.5149255
4.68;0;52;0;149;20.489296636085626;-6.5149255;-6.5149255
4.69;0;51;0;149;20.38735983690112;-6.615;-6.615
4.7;0;51;0;149;20.38735983690112;-6.615;-6.615
4.71;0;51;0;149;20.38735983690112;-6.615;-6.615
4.72;0;50;0;149;20.285423037716615;-6.71608;-6.71608
4.73;0;50;0;150;20.38735983690112;-6.75;-6.75
4.74;0;50;0;150;20.38735983690112;-6.75;-6.75
4.75;0;50;0;150;20.38735983690112;-6.75;-6.75
4.76;0;50;0;150;20.38735983690112;-6.75;-6.75
4.77;0;50;0;150;20.38735983690112;-6.75;-6.75
4.78;0;50;0;150;20.38735983690112;-6.75;-6.75
4.79;0;50;0;150;20.38735983690112;-6.75;-6.75
4.8;0;50;0;150;20.38735983690112;-6.75;-6.75
4.81;0;50;0;150;20.38735983690112;-6.75;-6.75
4.82;0;50;0;150;20.38735983690112;-6.75;-6.75
4.83;0;50;0;151;20.489296636085626;-6.783582;-6.783582
4.84;0;50;0;151;20.489296636085626;-6.783582;-6.783582
4.85;0;50;0;150;20.38735983690112;-6.75;-6.75
4.86;0;50;0;150;20.38735983690112;-6.75;-6.75
4.87;0;50;0;150;20.38735983690112;-6.75;-6.75
4.88;0;50;0;150;20.38735983690112;-6.75;-6.75
4.89;0;50;0;150;20.38735983690112;-6.75;-6.75
4.9;0;51;0;149;20.38735983690112;-6.615;-6.615
4.91;0;51;0;149;20.38735983690112;-6.615;-6.615
4.92;0;51;0;149;20.38735983690112;-6.615;-6.615
4.93;0;51;0;149;20.38735983690112;-6.615;-6.615
4.94;0;51;0;149;20.38735983690112;-6.615;-6.615
4.95;0;51;0;148;20.285423037716615;-6.580402;-6.580402
4.96;0;52;0;148;20.38735983690112;-6.48;-6.48
4.97;0;52;0;148;20.38735983690112;-6.48;-6.48
4.98;0;52;0;148;20.38735983690112;-6.48;-6.48
4.99;0;52;0;148;20.38735983690112;-6.48;-6.48
5.0;0;52;0;148;20.38735983690112;-6.48;-6.48
5.01;0;52;0;148;20.38735983690112;-6.48;-6.48
5.02;0;53;0;147;20.38735983690112;-6.345;-6.345
5.03;0;53;0;147;20.38735983690112;-6.345;-6.345
5.04;0;53;0;147;20.38735983690112;-6.345;-6.345
5.05;0;53;0;147;20.38735983690112;-6.345;-6.345
5.06;0;54;0;146;20.38735983690112;-6.21;-6.21
5.07;0;54;0;146;20.38735983690112;-6.21;-6.21
5.08;0;55;0;145;20.38735983690112;-6.075;-6.075
5.09;0;56;0;144;20.38735983690112;-5.94;-5.94
5.1;0;57;0;144;20.489296636085626;-5.8432837;-5.8432837
5.11;0;58;0;143;20.489296636085626;-5.7089553;-5.7089553
5.12;0;60;0;142;20.59123343527013;-5.480198;-5.480198
5.13;0;61;0;141;20.59123343527013;-5.3465347;-5.3465347
5.14;0;62;0;140;20.59123343527013;-5.212871;-5.212871
5.15;0;63;0;139;20.59123343527013;-5.079208;-5.079208
5.16;0;64;0;139;20.693170234454637;-4.9876847;-4.9876847
5.17;0;65;0;138;20.693170234454637;-4.8546796;-4.8546796
5.18;0;65;0;138;20.693170234454637;-4.8546796;-4.8546796
5.19;0;66;0;137;20.693170234454637;-4.721675;-4.721675
5.2;0;66;0;136;20.59123343527013;-4.678218;-4.678218
5.21;0;67;0;135;20.59123343527013;-4.544554;-4.544554
5.22;0;67;0;135;20.59123343527013;-4.544554;-4.544554
5.23;0;68;0;134;20.59123343527013;-4.410891;-4.410891
5.24;0;68;0;134;20.59123343527013;-4.410891;-4.410891
5.25;0;68;0;133;20.489296636085626;-4.3656716;-4.3656716
5.26;0;68;0;133;20.489296636085626;-4.3656716;-4.3656716
5.27;0;69;0;133;20.59123343527013;-4.277228;-4.277228
5.28;0;69;0;133;20.59123343527013;-4.277228;-4.277228
5.29;0;69;0;132;20.489296636085626;-4.2313433;-4.2313433
5.3;0;69;0;132;20.489296636085626;-4.2313433;-4.2313433
5.31;0;69;0;132;20.489296636085626;-4.2313433;-4.2313433
5.32;0;69;0;132;20.489296636085626;-4.2313433;-4.2313433
5.33;0;69;0;132;20.489296636085626;-4.2313433;-4.2313433
5.34;0;69;0;132;20.489296636085626;-4.2313433;-4.2313433
5.35;0;69;0;132;20.489296636085626;-4.2313433;-4.2313433
5.36;0;69;0;132;20.489296636085626;-4.2313433;-4.2313433
5.37;0;69;0;132;20.489296636085626;-4.2313433;-4.2313433
5.38;0;69;0;132;20.489296636085626;-4.2313433;-4.2313433
5.39;0;69;0;132;20.489296636085626;-4.2313433;-4.2313433
5.4;0;69;0;131;20.38735983690112;-4.185;-4.185
5.41;0;69;0;131;20.38735983690112;-4.185;-4.185
5.42;0;69;0;131;20.38735983690112;-4.185;-4.185
5.43;0;70;0;131;20.489296636085626;-4.097015;-4.097015
5.44;0;70;0;130;20.38735983690112;-4.05;-4.05
5.45;0;70;0;130;20.38735983690112;-4.05;-4.05
5.46;0;70;0;130;20.38735983690112;-4.05;-4.05
5.47;0;70;0;130;20.38735983690112;-4.05;-4.05
5.48;0;70;0;130;20.38735983690112;-4.05;-4.05
5.49;0;70;0;130;20.38735983690112;-4.05;-4.05
5.5;0;69;0;130;20.285423037716615;-4.1381907;-4.1381907
5.51;0;69;0;131;20.38735983690112;-4.185;-4.185
5.52;0;69;0;131;20.38735983690112;-4.185;-4.185
5.53;0;68;0;131;20.285423037716615;-4.2738695;-4.2738695
5.54;0;68;0;131;20.285423037716615;-4.2738695;-4.2738695
5.55;0;68;0;131;20.285423037716615;-4.2738695;-4.2738695
5.56;0;68;0;131;20.285423037716615;-4.2738695;-4.2738695
5.57;0;67;0;130;20.081549439347604;-4.317259;-4.317259
5.58;0;67;0;130;20.081549439347604;-4.317259;-4.317259
5.59;0;67;0;130;20.081549439347604;-4.317259;-4.317259
5.6;0;67;0;131;20.183486238532108;-4.3636365;-4.3636365
5.61;0;67;0;131;20.183486238532108;-4.3636365;-4.3636365
5.62;0;66;0;131;20.081549439347604;-4.4543147;-4.4543147
5.63;0;66;0;131;20.081549439347604;-4.4543147;-4.4543147
5.64;0;66;0;131;20.081549439347604;-4.4543147;-4.4543147
5.65;0;66;0;132;20.183486238532108;-4.5;-4.5
5.66;0;65;0;132;20.081549439347604;-4.5913706;-4.5913706
5.67;0;65;0;132;20.081549439347604;-4.5913706;-4.5913706
5.68;0;65;0;132;20.081549439347604;-4.5913706;-4.5913706
5.69;0;65;0;133;20.183486238532108;-4.6363635;-4.6363635
5.7;0;65;0;133;20.183486238532108;-4.6363635;-4.6363635
5.71;0;64;0;133;20.081549439347604;-4.7284265;-4.7284265
5.72;0;64;0;134;20.183486238532108;-4.7727275;-4.7727275
5.73;0;64;0;134;20.183486238532108;-4.7727275;-4.7727275
5.74;0;64;0;134;20.183486238532108;-4.7727275;-4.7727275
5.75;0;64;0;135;20.285423037716615;-4.8165827;-4.8165827
5.76;0;64;0;135;20.285423037716615;-4.8165827;-4.8165827
5.77;0;64;0;135;20.285423037716615;-4.8165827;-4.8165827
5.78;0;64;0;136;20.38735983690112;-4.86;-4.86
5.79;0;64;0;136;20.38735983690112;-4.86;-4.86
5.8;0;64;0;136;20.38735983690112;-4.86;-4.86
5.81;0;64;0;136;20.38735983690112;-4.86;-4.86
5.82;0;64;0;136;20.38735983690112;-4.86;-4.86
5.83;0;64;0;136;20.38735983690112;-4.86;-4.86
5.84;0;64;0;136;20.38735983690112;-4.86;-4.86
5.85;0;65;0;136;20.489296636085626;-4.7686567;-4.7686567
5.86;0;65;0;136;20.489296636085626;-4.7686567;-4.7686567
5.87;0;65;0;136;20.489296636085626;-4.7686567;-4.7686567
5.88;0;65;0;136;20.489296636085626;-4.7686567;-4.7686567
5.89;0;65;0;136;20.489296636085626;-4.7686567;-4.7686567
5.9;0;65;0;135;20.38735983690112;-4.725;-4.725
5.91;0;65;0;135;20.38735983690112;-4.725;-4.725
5.92;0;66;0;135;20.489296636085626;-4.6343284;-4.6343284
5.93;0;66;0;135;20.489296636085626;-4.6343284;-4.6343284
5.94;0;66;0;135;20.489296636085626;-4.6343284;-4.6343284
5.95;0;66;0;136;20.59123343527013;-4.678218;-4.678218
5.96;0;66;0;136;20.59123343527013;-4.678218;-4.678218
5.97;0;66;0;136;20.59123343527013;-4.678218;-4.678218
5.98;0;66;0;136;20.59123343527013;-4.678218;-4.678218
5.99;0;66;0;136;20.59123343527013;-4.678218;-4.678218
6.0;0;67;0;136;20.693170234454637;-4.58867;-4.58867
6.01;0;67;0;136;20.693170234454637;-4.58867;-4.58867
6.02;0;67;0;135;20.59123343527013;-4.544554;-4.544554
6.03;0;68;0;135;20.693170234454637;-4.455665;-4.455665
6.04;0;68;0;135;20.693170234454637;-4.455665;-4.455665
6.05;0;69;0;134;20.693170234454637;-4.32266;-4.32266
6.06;0;70;0;133;20.693170234454637;-4.1896553;-4.1896553
6.07;0;70;0;133;20.693170234454637;-4.1896553;-4.1896553
6.08;0;71;0;132;20.693170234454637;-4.05665;-4.05665
6.09;0;71;0;132;20.693170234454637;-4.05665;-4.05665
6.1;0;72;0;131;20.693170234454637;-3.9236453;-3.9236453
6.11;0;72;0;131;20.693170234454637;-3.9236453;-3.9236453
6.12;0;72;0;131;20.693170234454637;-3.9236453;-3.9236453
6.13;0;73;0;130;20.693170234454637;-3.7906404;-3.7906404
6.14;0;73;0;130;20.693170234454637;-3.7906404;-3.7906404
6.15;0;73;0;130;20.693170234454637;-3.7906404;-3.7906404
6.16;0;73;0;130;20.693170234454637;-3.7906404;-3.7906404
6.17;0;73;0;130;20.693170234454637;-3.7906404;-3.7906404
6.18;0;73;0;130;20.693170234454637;-3.7906404;-3.7906404
6.19;0;73;0;130;20.693170234454637;-3.7906404;-3.7906404
6.2;0;73;0;130;20.693170234454637;-3.7906404;-3.7906404
6.21;0;73;0;130;20.693170234454637;-3.7906404;-3.7906404
6.22;0;73;0;130;20.693170234454637;-3.7906404;-3.7906404
6.23;0;73;0;130;20.693170234454637;-3.7906404;-3.7906404
6.24;0;72;0;130;20.59123343527013;-3.8762376;-3.8762376
6.25;0;72;0;130;20.59123343527013;-3.8762376;-3.8762376
6.26;0;72;0;130;20.59123343527013;-3.8762376;-3.8762376
6.27;0;72;0;130;20.59123343527013;-3.8762376;-3.8762376
6.28;0;72;0;130;20.59123343527013;-3.8762376;-3.8762376
6.29;0;72;0;130;20.59123343527013;-3.8762376;-3.8762376
6.3;0;72;0;131;20.693170234454637;-3.9236453;-3.9236453
6.31;0;72;0;131;20.693170234454637;-3.9236453;-3.9236453
6.32;0;72;0;131;20.693170234454637;-3.9236453;-3.9236453
6.33;0;72;0;131;20.693170234454637;-3.9236453;-3.9236453
6.34;0;72;0;131;20.693170234454637;-3.9236453;-3.9236453
6.35;0;72;0;131;20.693170234454637;-3.9236453;-3.9236453
6.36;0;72;0;131;20.693170234454637;-3.9236453;-3.9236453
6.37;0;73;0;131;20.79510703363914;-3.8382354;-3.8382354
6.38;0;73;0;131;20.79510703363914;-3.8382354;-3.8382354
6.39;0;73;0;130;20.693170234454637;-3.7906404;-3.7906404
6.4;0;73;0;130;20.693170234454637;-3.7906404;-3.7906404
6.41;0;74;0;130;20.79510703363914;-3.7058823;-3.7058823
6.42;0;74;0;130;20.79510703363914;-3.7058823;-3.7058823
6.43;0;74;0;130;20.79510703363914;-3.7058823;-3.7058823
6.44;0;74;0;130;20.79510703363914;-3.7058823;-3.7058823
6.45;0;75;0;130;20.89704383282365;-3.621951;-3.621951
6.46;0;75;0;130;20.89704383282365;-3.621951;-3.621951
6.47;0;75;0;130;20.89704383282365;-3.621951;-3.621951
6.48;0;75;0;130;20.89704383282365;-3.621951;-3.621951
6.49;0;76;0;130;20.998980632008156;-3.538835;-3.538835
6.5;0;76;0;130;20.998980632008156;-3.538835;-3.538835
6.51;0;76;0;130;20.998980632008156;-3.538835;-3.538835
6.52;0;76;0;129;20.89704383282365;-3.490244;-3.490244
6.53;0;76;0;129;20.89704383282365;-3.490244;-3.490244
6.54;0;76;0;129;20.89704383282365;-3.490244;-3.490244
6.55;0;76;0;129;20.89704383282365;-3.490244;-3.490244
6.56;0;76;0;129;20.89704383282365;-3.490244;-3.490244
6.57;0;76;0;129;20.89704383282365;-3.490244;-3.490244
6.58;0;76;0;128;20.79510703363914;-3.4411764;-3.4411764
6.59;0;76;0;128;20.79510703363914;-3.4411764;-3.4411764
6.6;0;76;0;128;20.79510703363914;-3.4411764;-3.4411764
6.61;0;76;0;128;20.79510703363914;-3.4411764;-3.4411764
6.62;0;77;0;128;20.89704383282365;-3.3585365;-3.3585365
6.63;0;77;0;128;20.89704383282365;-3.3585365;-3.3585365
6.64;0;77;0;128;20.89704383282365;-3.3585365;-3.3585365
6.65;0;77;0;128;20.89704383282365;-3.3585365;-3.3585365
6.66;0;77;0;128;20.89704383282365;-3.3585365;-3.3585365
6.67;0;77;0;128;20.89704383282365;-3.3585365;-3.3585365
6.68;0;77;0;128;20.89704383282365;-3.3585365;-3.3585365
6.69;0;77;0;128;20.89704383282365;-3.3585365;-3.3585365
6.7;0;77;0;128;20.89704383282365;-3.3585365;-3.3585365
6.71;0;77;0;128;20.89704383282365;-3.3585365;-3.3585365
6.72;0;77;0;128;20.89704383282365;-3.3585365;-3.3585365
6.73;0;77;0;128;20.89704383282365;-3.3585365;-3.3585365
6.74;0;77;0;128;20.89704383282365;-3.3585365;-3.3585365
6.75;0;77;0;128;20.89704383282365;-3.3585365;-3.3585365
6.76;0;77;0;128;20.89704383282365;-3.3585365;-3.3585365
6.77;0;77;0;128;20.89704383282365;-3.3585365;-3.3585365
6.78;0;77;0;128;20.89704383282365;-3.3585365;-3.3585365
6.79;0;77;0;128;20.89704383282365;-3.3585365;-3.3585365
6.8;0;77;0;127;20.79510703363914;-3.3088236;-3.3088236
6.81;0;77;0;127;20.79510703363914;-3.3088236;-3.3088236
6.82;0;77;0;127;20.79510703363914;-3.3088236;-3.3088236
6.83;0;76;0;127;20.693170234454637;-3.3916256;-3.3916256
6.84;0;76;0;127;20.693170234454637;-3.3916256;-3.3916256
6.85;0;76;0;127;20.693170234454637;-3.3916256;-3.3916256
6.86;0;76;0;127;20.693170234454637;-3.3916256;-3.3916256
6.87;0;76;0;127;20.693170234454637;-3.3916256;-3.3916256
6.88;0;76;0;127;20.693170234454637;-3.3916256;-3.3916256
6.89;0;76;0;127;20.693170234454637;-3.3916256;-3.3916256
6.9;0;76;0;127;20.693170234454637;-3.3916256;-3.3916256
6.91;0;76;0;127;20.693170234454637;-3.3916256;-3.3916256
6.92;0;76;0;128;20.79510703363914;-3.4411764;-3.4411764
6.93;0;76;0;128;20.79510703363914;-3.4411764;-3.4411764
6.94;0;76;0;128;20.79510703363914;-3.4411764;-3.4411764
6.95;0;76;0;128;20.79510703363914;-3.4411764;-3.4411764
6.96;0;76;0;128;20.79510703363914;-3.4411764;-3.4411764
6.97;0;76;0;128;20.79510703363914;-3.4411764;-3.4411764
6.98;0;75;0;128;20.693170234454637;-3.5246305;-3.5246305
6.99;0;75;0;128;20.693170234454637;-3.5246305;-3.5246305
7.0;0;75;0;128;20.693170234454637;-3.5246305;-3.5246305
7.01;0;75;0;128;20.693170234454637;-3.5246305;-3.5246305
7.02;0;75;0;128;20.693170234454637;-3.5246305;-3.5246305
7.03;0;75;0;128;20.693170234454637;-3.5246305;-3.5246305
7.04;0;75;0;128;20.693170234454637;-3.5246305;-3.5246305
7.05;0;75;0;128;20.693170234454637;-3.5246305;-3.5246305
7.06;0;75;0;128;20.693170234454637;-3.5246305;-3.5246305
7.07;0;75;0;128;20.693170234454637;-3.5246305;-3.5246305
7.08;0;75;0;128;20.693170234454637;-3.5246305;-3.5246305
7.09;0;75;0;128;20.693170234454637;-3.5246305;-3.5246305
7.1;0;74;0;128;20.59123343527013;-3.6089108;-3.6089108
7.11;0;74;0;128;20.59123343527013;-3.6089108;-3.6089108
7.12;0;74;0;128;20.59123343527013;-3.6089108;-3.6089108
7.13;0;74;0;129;20.693170234454637;-3.6576355;-3.6576355
7.14;0;74;0;129;20.693170234454637;-3.6576355;-3.6576355
7.15;0;74;0;129;20.693170234454637;-3.6576355;-3.6576355
7.16;0;74;0;129;20.693170234454637;-3.6576355;-3.6576355
7.17;0;74;0;129;20.693170234454637;-3.6576355;-3.6576355
7.18;0;74;0;129;20.693170234454637;-3.6576355;-3.6576355
7.19;0;74;0;129;20.693170234454637;-3.6576355;-3.6576355
7.2;0;74;0;129;20.693170234454637;-3.6576355;-3.6576355
7.21;0;74;0;128;20.59123343527013;-3.6089108;-3.6089108
7.22;0;74;0;128;20.59123343527013;-3.6089108;-3.6089108
7.23;0;74;0;128;20.59123343527013;-3.6089108;-3.6089108
7.24;0;74;0;129;20.693170234454637;-3.6576355;-3.6576355
7.25;0;74;0;129;20.693170234454637;-3.6576355;-3.6576355
7.26;0;74;0;129;20.693170234454637;-3.6576355;-3.6576355
7.27;0;74;0;129;20.693170234454637;-3.6576355;-3.6576355
7.28;0;74;0;129;20.693170234454637;-3.6576355;-3.6576355
7.29;0;74;0;129;20.693170234454637;-3.6576355;-3.6576355
7.3;0;74;0;130;20.79510703363914;-3.7058823;-3.7058823
7.31;0;74;0;130;20.79510703363914;-3.7058823;-3.7058823
7.32;0;74;0;130;20.79510703363914;-3.7058823;-3.7058823
7.33;0;74;0;130;20.79510703363914;-3.7058823;-3.7058823
7.34;0;73;0;130;20.693170234454637;-3.7906404;-3.7906404
7.35;0;73;0;130;20.693170234454637;-3.7906404;-3.7906404
7.36;0;73;0;130;20.693170234454637;-3.7906404;-3.7906404
7.37;0;73;0;130;20.693170234454637;-3.7906404;-3.7906404
7.38;0;73;0;130;20.693170234454637;-3.7906404;-3.7906404
7.39;0;73;0;130;20.693170234454637;-3.7906404;-3.7906404
7.4;0;72;0;131;20.693170234454637;-3.9236453;-3.9236453
7.41;0;72;0;131;20.693170234454637;-3.9236453;-3.9236453
7.42;0;72;0;131;20.693170234454637;-3.9236453;-3.9236453
7.43;0;72;0;132;20.79510703363914;-3.9705882;-3.9705882
7.44;0;71;0;132;20.693170234454637;-4.05665;-4.05665
7.45;0;71;0;132;20.693170234454637;-4.05665;-4.05665
7.46;0;71;0;132;20.693170234454637;-4.05665;-4.05665
7.47;0;71;0;133;20.79510703363914;-4.102941;-4.102941
7.48;0;71;0;133;20.79510703363914;-4.102941;-4.102941
7.49;0;70;0;133;20.693170234454637;-4.1896553;-4.1896553
7.5;0;70;0;133;20.693170234454637;-4.1896553;-4.1896553
7.51;0;70;0;134;20.79510703363914;-4.2352943;-4.2352943
7.52;0;70;0;134;20.79510703363914;-4.2352943;-4.2352943
7.53;0;70;0;135;20.89704383282365;-4.280488;-4.280488
7.54;0;70;0;135;20.89704383282365;-4.280488;-4.280488
7.55;0;69;0;135;20.79510703363914;-4.367647;-4.367647
7.56;0;69;0;135;20.79510703363914;-4.367647;-4.367647
7.57;0;69;0;135;20.79510703363914;-4.367647;-4.367647
7.58;0;69;0;136;20.89704383282365;-4.412195;-4.412195
7.59;0;69;0;136;20.89704383282365;-4.412195;-4.412195
7.6;0;69;0;136;20.89704383282365;-4.412195;-4.412195
7.61;0;69;0;136;20.89704383282365;-4.412195;-4.412195
7.62;0;69;0;136;20.89704383282365;-4.412195;-4.412195
7.63;0;69;0;135;20.79510703363914;-4.367647;-4.367647
7.64;0;69;0;135;20.79510703363914;-4.367647;-4.367647
7.65;0;69;0;135;20.79510703363914;-4.367647;-4.367647
7.66;0;69;0;135;20.79510703363914;-4.367647;-4.367647
7.67;0;70;0;135;20.89704383282365;-4.280488;-4.280488
7.68;0;70;0;135;20.89704383282365;-4.280488;-4.280488
7.69;0;70;0;135;20.89704383282365;-4.280488;-4.280488
7.7;0;70;0;135;20.89704383282365;-4.280488;-4.280488
7.71;0;71;0;135;20.998980632008156;-4.194175;-4.194175
7.72;0;71;0;135;20.998980632008156;-4.194175;-4.194175
7.73;0;72;0;134;20.998980632008156;-4.063107;-4.063107
7.74;0;73;0;134;21.10091743119266;-3.9782608;-3.9782608
7.75;0;73;0;134;21.10091743119266;-3.9782608;-3.9782608
7.76;0;74;0;133;21.10091743119266;-3.847826;-3.847826
7.77;0;74;0;133;21.10091743119266;-3.847826;-3.847826
7.78;0;75;0;132;21.10091743119266;-3.7173913;-3.7173913
7.79;0;75;0;132;21.10091743119266;-3.7173913;-3.7173913
7.8;0;75;0;132;21.10091743119266;-3.7173913;-3.7173913
7.81;0;76;0;132;21.202854230377167;-3.6346154;-3.6346154
7.82;0;76;0;132;21.202854230377167;-3.6346154;-3.6346154
7.83;0;76;0;132;21.202854230377167;-3.6346154;-3.6346154
7.84;0;76;0;132;21.202854230377167;-3.6346154;-3.6346154
7.85;0;76;0;132;21.202854230377167;-3.6346154;-3.6346154
7.86;0;76;0;132;21.202854230377167;-3.6346154;-3.6346154
7.87;0;75;0;132;21.10091743119266;-3.7173913;-3.7173913
7.88;0;75;0;133;21.202854230377167;-3.7644231;-3.7644231
7.89;0;75;0;133;21.202854230377167;-3.7644231;-3.7644231
7.9;0;75;0;133;21.202854230377167;-3.7644231;-3.7644231
7.91;0;75;0;133;21.202854230377167;-3.7644231;-3.7644231
7.92;0;75;0;133;21.202854230377167;-3.7644231;-3.7644231
7.93;0;74;0;133;21.10091743119266;-3.847826;-3.847826
7.94;0;74;0;134;21.202854230377167;-3.8942308;-3.8942308
7.95;0;74;0;134;21.202854230377167;-3.8942308;-3.8942308
7.96;0;74;0;134;21.202854230377167;-3.8942308;-3.8942308
7.97;0;74;0;134;21.202854230377167;-3.8942308;-3.8942308
7.98;0;74;0;134;21.202854230377167;-3.8942308;-3.8942308
7.99;0;74;0;134;21.202854230377167;-3.8942308;-3.8942308
8.0;0;73;0;134;21.10091743119266;-3.9782608;-3.9782608
8.01;0;73;0;135;21.202854230377167;-4.0240383;-4.0240383
8.02;0;73;0;135;21.202854230377167;-4.0240383;-4.0240383
8.03;0;73;0;135;21.202854230377167;-4.0240383;-4.0240383
8.04;0;73;0;135;21.202854230377167;-4.0240383;-4.0240383
8.05;0;73;0;135;21.202854230377167;-4.0240383;-4.0240383
8.06;0;73;0;135;21.202854230377167;-4.0240383;-4.0240383
8.07;0;73;0;135;21.202854230377167;-4.0240383;-4.0240383
8.08;0;72;0;136;21.202854230377167;-4.1538463;-4.1538463
8.09;0;72;0;136;21.202854230377167;-4.1538463;-4.1538463
8.1;0;72;0;136;21.202854230377167;-4.1538463;-4.1538463
8.11;0;72;0;136;21.202854230377167;-4.1538463;-4.1538463
8.12;0;72;0;136;21.202854230377167;-4.1538463;-4.1538463
8.13;0;71;0;137;21.202854230377167;-4.2836537;-4.2836537
8.14;0;71;0;137;21.202854230377167;-4.2836537;-4.2836537
8.15;0;71;0;137;21.202854230377167;-4.2836537;-4.2836537
8.16;0;71;0;137;21.202854230377167;-4.2836537;-4.2836537
8.17;0;71;0;137;21.202854230377167;-4.2836537;-4.2836537
8.18;0;71;0;137;21.202854230377167;-4.2836537;-4.2836537
8.19;0;71;0;138;21.30479102956167;-4.327751;-4.327751
8.2;0;71;0;138;21.30479102956167;-4.327751;-4.327751
8.21;0;71;0;138;21.30479102956167;-4.327751;-4.327751
8.22;0;71;0;138;21.30479102956167;-4.327751;-4.327751
8.23;0;71;0;137;21.202854230377167;-4.2836537;-4.2836537
8.24;0;71;0;137;21.202854230377167;-4.2836537;-4.2836537
8.25;0;71;0;137;21.202854230377167;-4.2836537;-4.2836537
8.26;0;71;0;137;21.202854230377167;-4.2836537;-4.2836537
8.27;0;71;0;137;21.202854230377167;-4.2836537;-4.2836537
8.28;0;71;0;137;21.202854230377167;-4.2836537;-4.2836537
8.29;0;72;0;137;21.30479102956167;-4.1985645;-4.1985645
8.3;0;72;0;137;21.30479102956167;-4.1985645;-4.1985645
8.31;0;72;0;137;21.30479102956167;-4.1985645;-4.1985645
8.32;0;72;0;137;21.30479102956167;-4.1985645;-4.1985645
8.33;0;72;0;137;21.30479102956167;-4.1985645;-4.1985645
8.34;0;72;0;137;21.30479102956167;-4.1985645;-4.1985645
8.35;0;72;0;137;21.30479102956167;-4.1985645;-4.1985645
8.36;0;72;0;138;21.406727828746178;-4.242857;-4.242857
8.37;0;72;0;138;21.406727828746178;-4.242857;-4.242857
8.38;0;72;0;138;21.406727828746178;-4.242857;-4.242857
8.39;0;72;0;138;21.406727828746178;-4.242857;-4.242857
8.4;0;72;0;138;21.406727828746178;-4.242857;-4.242857
8.41;0;72;0;138;21.406727828746178;-4.242857;-4.242857
8.42;0;72;0;138;21.406727828746178;-4.242857;-4.242857
8.43;0;72;0;139;21.50866462793068;-4.28673;-4.28673
8.44;0;72;0;139;21.50866462793068;-4.28673;-4.28673
8.45;0;72;0;139;21.50866462793068;-4.28673;-4.28673
8.46;0;72;0;139;21.50866462793068;-4.28673;-4.28673
8.47;0;72;0;138;21.406727828746178;-4.242857;-4.242857
8.48;0;72;0;138;21.406727828746178;-4.242857;-4.242857
8.49;0;72;0;138;21.406727828746178;-4.242857;-4.242857
8.5;0;72;0;138;21.406727828746178;-4.242857;-4.242857
8.51;0;73;0;137;21.406727828746178;-4.114286;-4.114286
8.52;0;73;0;137;21.406727828746178;-4.114286;-4.114286
8.53;0;73;0;137;21.406727828746178;-4.114286;-4.114286
8.54;0;73;0;137;21.406727828746178;-4.114286;-4.114286
8.55;0;73;0;137;21.406727828746178;-4.114286;-4.114286
8.56;0;73;0;137;21.406727828746178;-4.114286;-4.114286
8.57;0;73;0;137;21.406727828746178;-4.114286;-4.114286
8.58;0;73;0;137;21.406727828746178;-4.114286;-4.114286
8.59;0;73;0;137;21.406727828746178;-4.114286;-4.114286
8.6;0;74;0;137;21.50866462793068;-4.0308056;-4.0308056
8.61;0;74;0;137;21.50866462793068;-4.0308056;-4.0308056
8.62;0;74;0;137;21.50866462793068;-4.0308056;-4.0308056
8.63;0;74;0;137;21.50866462793068;-4.0308056;-4.0308056
8.64;0;74;0;136;21.406727828746178;-3.9857142;-3.9857142
8.65;0;74;0;136;21.406727828746178;-3.9857142;-3.9857142
8.66;0;74;0;136;21.406727828746178;-3.9857142;-3.9857142
8.67;0;74;0;135;21.30479102956167;-3.9401913;-3.9401913
8.68;0;74;0;135;21.30479102956167;-3.9401913;-3.9401913
8.69;0;73;0;135;21.202854230377167;-4.0240383;-4.0240383
8.7;0;73;0;135;21.202854230377167;-4.0240383;-4.0240383
8.71;0;73;0;135;21.202854230377167;-4.0240383;-4.0240383
8.72;0;73;0;134;21.10091743119266;-3.9782608;-3.9782608
8.73;0;73;0;134;21.10091743119266;-3.9782608;-3.9782608
8.74;0;73;0;134;21.10091743119266;-3.9782608;-3.9782608
8.75;0;73;0;134;21.10091743119266;-3.9782608;-3.9782608
8.76;0;73;0;134;21.10091743119266;-3.9782608;-3.9782608
8.77;0;72;0;134;20.998980632008156;-4.063107;-4.063107
8.78;0;72;0;134;20.998980632008156;-4.063107;-4.063107
8.79;0;72;0;134;20.998980632008156;-4.063107;-4.063107
8.8;0;72;0;134;20.998980632008156;-4.063107;-4.063107
8.81;0;72;0;134;20.998980632008156;-4.063107;-4.063107
8.82;0;72;0;134;20.998980632008156;-4.063107;-4.063107
8.83;0;72;0;135;21.10091743119266;-4.1086955;-4.1086955
8.84;0;72;0;135;21.10091743119266;-4.1086955;-4.1086955
8.85;0;72;0;135;21.10091743119266;-4.1086955;-4.1086955
8.86;0;72;0;135;21.10091743119266;-4.1086955;-4.1086955
8.87;0;72;0;135;21.10091743119266;-4.1086955;-4.1086955
8.88;0;72;0;135;21.10091743119266;-4.1086955;-4.1086955
8.89;0;72;0;135;21.10091743119266;-4.1086955;-4.1086955
8.9;0;72;0;135;21.10091743119266;-4.1086955;-4.1086955
8.91;0;72;0;135;21.10091743119266;-4.1086955;-4.1086955
8.92;0;72;0;135;21.10091743119266;-4.1086955;-4.1086955
8.93;0;72;0;135;21.10091743119266;-4.1086955;-4.1086955
8.94;0;72;0;135;21.10091743119266;-4.1086955;-4.1086955
8.95;0;72;0;135;21.10091743119266;-4.1086955;-4.1086955
8.96;0;72;0;135;21.10091743119266;-4.1086955;-4.1086955
8.97;0;72;0;135;21.10091743119266;-4.1086955;-4.1086955
8.98;0;73;0;135;21.202854230377167;-4.0240383;-4.0240383
8.99;0;73;0;135;21.202854230377167;-4.0240383;-4.0240383
9.0;0;73;0;135;21.202854230377167;-4.0240383;-4.0240383
9.01;0;73;0;135;21.202854230377167;-4.0240383;-4.0240383
9.02;0;73;0;135;21.202854230377167;-4.0240383;-4.0240383
9.03;0;73;0;135;21.202854230377167;-4.0240383;-4.0240383
9.04;0;73;0;135;21.202854230377167;-4.0240383;-4.0240383
9.05;0;73;0;135;21.202854230377167;-4.0240383;-4.0240383
9.06;0;74;0;135;21.30479102956167;-3.9401913;-3.9401913
9.07;0;74;0;135;21.30479102956167;-3.9401913;-3.9401913
9.08;0;74;0;135;21.30479102956167;-3.9401913;-3.9401913
9.09;0;74;0;135;21.30479102956167;-3.9401913;-3.9401913
9.1;0;74;0;135;21.30479102956167;-3.9401913;-3.9401913
9.11;0;74;0;135;21.30479102956167;-3.9401913;-3.9401913
9.12;0;74;0;135;21.30479102956167;-3.9401913;-3.9401913
9.13;0;74;0;135;21.30479102956167;-3.9401913;-3.9401913
9.14;0;74;0;135;21.30479102956167;-3.9401913;-3.9401913
9.15;0;73;0;135;21.202854230377167;-4.0240383;-4.0240383
9.16;0;73;0;135;21.202854230377167;-4.0240383;-4.0240383
9.17;0;73;0;135;21.202854230377167;-4.0240383;-4.0240383
9.18;0;73;0;135;21.202854230377167;-4.0240383;-4.0240383
9.19;0;73;0;135;21.202854230377167;-4.0240383;-4.0240383
9.2;0;73;0;135;21.202854230377167;-4.0240383;-4.0240383
9.21;0;73;0;136;21.30479102956167;-4.069378;-4.069378
9.22;0;74;0;136;21.406727828746178;-3.9857142;-3.9857142
9.23;0;74;0;136;21.406727828746178;-3.9857142;-3.9857142
9.24;0;74;0;136;21.406727828746178;-3.9857142;-3.9857142
9.25;0;74;0;136;21.406727828746178;-3.9857142;-3.9857142
9.26;0;74;0;136;21.406727828746178;-3.9857142;-3.9857142
9.27;0;75;0;136;21.50866462793068;-3.9028437;-3.9028437
9.28;0;75;0;135;21.406727828746178;-3.857143;-3.857143
9.29;0;75;0;135;21.406727828746178;-3.857143;-3.857143
9.3;0;76;0;135;21.50866462793068;-3.7748816;-3.7748816
9.31;0;76;0;135;21.50866462793068;-3.7748816;-3.7748816
9.32;0;77;0;134;21.50866462793068;-3.6469195;-3.6469195
9.33;0;78;0;134;21.61060142711519;-3.5660377;-3.5660377
9.34;0;78;0;134;21.61060142711519;-3.5660377;-3.5660377
9.35;0;79;0;133;21.61060142711519;-3.4386792;-3.4386792
9.36;0;79;0;133;21.61060142711519;-3.4386792;-3.4386792
9.37;0;80;0;132;21.61060142711519;-3.3113208;-3.3113208
9.38;0;80;0;132;21.61060142711519;-3.3113208;-3.3113208
9.39;0;80;0;131;21.50866462793068;-3.2630332;-3.2630332
9.4;0;81;0;131;21.61060142711519;-3.1839623;-3.1839623
9.41;0;81;0;131;21.61060142711519;-3.1839623;-3.1839623
9.42;0;81;0;130;21.50866462793068;-3.135071;-3.135071
9.43;0;81;0;130;21.50866462793068;-3.135071;-3.135071
9.44;0;81;0;130;21.50866462793068;-3.135071;-3.135071
9.45;0;81;0;130;21.50866462793068;-3.135071;-3.135071
9.46;0;81;0;130;21.50866462793068;-3.135071;-3.135071
9.47;0;81;0;130;21.50866462793068;-3.135071;-3.135071
9.48;0;82;0;130;21.61060142711519;-3.0566037;-3.0566037
9.49;0;82;0;130;21.61060142711519;-3.0566037;-3.0566037
9.5;0;82;0;130;21.61060142711519;-3.0566037;-3.0566037
9.51;0;82;0;130;21.61060142711519;-3.0566037;-3.0566037
9.52;0;82;0;130;21.61060142711519;-3.0566037;-3.0566037
9.53;0;82;0;130;21.61060142711519;-3.0566037;-3.0566037
9.54;0;82;0;130;21.61060142711519;-3.0566037;-3.0566037
9.55;0;81;0;130;21.50866462793068;-3.135071;-3.135071
9.56;0;81;0;130;21.50866462793068;-3.135071;-3.135071
9.57;0;81;0;130;21.50866462793068;-3.135071;-3.135071
9.58;0;81;0;130;21.50866462793068;-3.135071;-3.135071
9.59;0;81;0;130;21.50866462793068;-3.135071;-3.135071
9.6;0;81;0;130;21.50866462793068;-3.135071;-3.135071
9.61;0;81;0;130;21.50866462793068;-3.135071;-3.135071
9.62;0;81;0;130;21.50866462793068;-3.135071;-3.135071
9.63;0;81;0;130;21.50866462793068;-3.135071;-3.135071
9.64;0;82;0;130;21.61060142711519;-3.0566037;-3.0566037
9.65;0;82;0;129;21.50866462793068;-3.007109;-3.007109
9.66;0;82;0;129;21.50866462793068;-3.007109;-3.007109
9.67;0;82;0;129;21.50866462793068;-3.007109;-3.007109
9.68;0;82;0;129;21.50866462793068;-3.007109;-3.007109
9.69;0;82;0;129;21.50866462793068;-3.007109;-3.007109
9.7;0;82;0;129;21.50866462793068;-3.007109;-3.007109
9.71;0;82;0;129;21.50866462793068;-3.007109;-3.007109
9.72;0;83;0;128;21.50866462793068;-2.8791468;-2.8791468
9.73;0;83;0;128;21.50866462793068;-2.8791468;-2.8791468
9.74;0;83;0;128;21.50866462793068;-2.8791468;-2.8791468
9.75;0;83;0;127;21.406727828746178;-2.8285713;-2.8285713
9.76;0;83;0;127;21.406727828746178;-2.8285713;-2.8285713
9.77;0;83;0;126;21.30479102956167;-2.777512;-2.777512
9.78;0;83;0;126;21.30479102956167;-2.777512;-2.777512
9.79;0;83;0;126;21.30479102956167;-2.777512;-2.777512
9.8;0;83;0;126;21.30479102956167;-2.777512;-2.777512
9.81;0;83;0;125;21.202854230377167;-2.7259614;-2.7259614
9.82;0;83;0;125;21.202854230377167;-2.7259614;-2.7259614
9.83;0;83;0;125;21.202854230377167;-2.7259614;-2.7259614
9.84;0;83;0;126;21.30479102956167;-2.777512;-2.777512
9.85;0;83;0;126;21.30479102956167;-2.777512;-2.777512
9.86;0;83;0;126;21.30479102956167;-2.777512;-2.777512
9.87;0;82;0;126;21.202854230377167;-2.8557692;-2.8557692
9.88;0;82;0;126;21.202854230377167;-2.8557692;-2.8557692
9.89;0;82;0;126;21.202854230377167;-2.8557692;-2.8557692
9.9;0;82;0;126;21.202854230377167;-2.8557692;-2.8557692
9.91;0;81;0;127;21.202854230377167;-2.9855769;-2.9855769
9.92;0;81;0;127;21.202854230377167;-2.9855769;-2.9855769
9.93;0;81;0;126;21.10091743119266;-2.9347825;-2.9347825
9.94;0;81;0;126;21.10091743119266;-2.9347825;-2.9347825
9.95;0;81;0;126;21.10091743119266;-2.9347825;-2.9347825
9.96;0;81;0;126;21.10091743119266;-2.9347825;-2.9347825
9.97;0;81;0;126;21.10091743119266;-2.9347825;-2.9347825
9.98;0;81;0;126;21.10091743119266;-2.9347825;-2.9347825
9.99;0;81;0;126;21.10091743119266;-2.9347825;-2.9347825
10.0;0;80;0;126;20.998980632008156;-3.014563;-3.014563
10.01;0;80;0;126;20.998980632008156;-3.014563;-3.014563
10.02;0;80;0;126;20.998980632008156;-3.014563;-3.014563
10.03;0;80;0;126;20.998980632008156;-3.014563;-3.014563
10.04;0;80;0;126;20.998980632008156;-3.014563;-3.014563
10.05;0;80;0;126;20.998980632008156;-3.014563;-3.014563
10.06;0;79;0;126;20.89704383282365;-3.0951219;-3.0951219
10.07;0;79;0;127;20.998980632008156;-3.145631;-3.145631
10.08;0;79;0;127;20.998980632008156;-3.145631;-3.145631
10.09;0;79;0;127;20.998980632008156;-3.145631;-3.145631
10.1;0;79;0;127;20.998980632008156;-3.145631;-3.145631
10.11;0;78;0;127;20.89704383282365;-3.2268293;-3.2268293
10.12;0;78;0;127;20.89704383282365;-3.2268293;-3.2268293
10.13;0;78;0;127;20.89704383282365;-3.2268293;-3.2268293
10.14;0;78;0;127;20.89704383282365;-3.2268293;-3.2268293
10.15;0;77;0;128;20.89704383282365;-3.3585365;-3.3585365
10.16;0;77;0;128;20.89704383282365;-3.3585365;-3.3585365
10.17;0;77;0;128;20.89704383282365;-3.3585365;-3.3585365
10.18;0;77;0;128;20.89704383282365;-3.3585365;-3.3585365
10.19;0;77;0;128;20.89704383282365;-3.3585365;-3.3585365
10.2;0;77;0;128;20.89704383282365;-3.3585365;-3.3585365
10.21;0;77;0;128;20.89704383282365;-3.3585365;-3.3585365
10.22;0;77;0;128;20.89704383282365;-3.3585365;-3.3585365
10.23;0;77;0;128;20.89704383282365;-3.3585365;-3.3585365
10.24;0;77;0;128;20.89704383282365;-3.3585365;-3.3585365
10.25;0;77;0;128;20.89704383282365;-3.3585365;-3.3585365
10.26;0;77;0;129;20.998980632008156;-3.407767;-3.407767
10.27;0;77;0;129;20.998980632008156;-3.407767;-3.407767
10.28;0;77;0;129;20.998980632008156;-3.407767;-3.407767
10.29;0;77;0;129;20.998980632008156;-3.407767;-3.407767
10.3;0;77;0;129;20.998980632008156;-3.407767;-3.407767
10.31;0;77;0;129;20.998980632008156;-3.407767;-3.407767
10.32;0;77;0;128;20.89704383282365;-3.3585365;-3.3585365
10.33;0;77;0;128;20.89704383282365;-3.3585365;-3.3585365
10.34;0;77;0;128;20.89704383282365;-3.3585365;-3.3585365
10.35;0;77;0;128;20.89704383282365;-3.3585365;-3.3585365
10.36;0;77;0;128;20.89704383282365;-3.3585365;-3.3585365
10.37;0;77;0;128;20.89704383282365;-3.3585365;-3.3585365
10.38;0;77;0;128;20.89704383282365;-3.3585365;-3.3585365
10.39;0;77;0;128;20.89704383282365;-3.3585365;-3.3585365
10.4;0;77;0;127;20.79510703363914;-3.3088236;-3.3088236
10.41;0;77;0;127;20.79510703363914;-3.3088236;-3.3088236
10.42;0;77;0;127;20.79510703363914;-3.3088236;-3.3088236
10.43;0;77;0;127;20.79510703363914;-3.3088236;-3.3088236
10.44;0;77;0;127;20.79510703363914;-3.3088236;-3.3088236
10.45;0;78;0;127;20.89704383282365;-3.2268293;-3.2268293
10.46;0;78;0;128;20.998980632008156;-3.276699;-3.276699
10.47;0;78;0;128;20.998980632008156;-3.276699;-3.276699
10.48;0;78;0;128;20.998980632008156;-3.276699;-3.276699
10.49;0;78;0;128;20.998980632008156;-3.276699;-3.276699
10.5;0;78;0;128;20.998980632008156;-3.276699;-3.276699
10.51;0;78;0;128;20.998980632008156;-3.276699;-3.276699
10.52;0;78;0;128;20.998980632008156;-3.276699;-3.276699
10.53;0;78;0;128;20.998980632008156;-3.276699;-3.276699
10.54;0;78;0;128;20.998980632008156;-3.276699;-3.276699
10.55;0;78;0;128;20.998980632008156;-3.276699;-3.276699
10.56;0;78;0;128;20.998980632008156;-3.276699;-3.276699
10.57;0;78;0;128;20.998980632008156;-3.276699;-3.276699
10.58;0;78;0;128;20.998980632008156;-3.276699;-3.276699
10.59;0;78;0;128;20.998980632008156;-3.276699;-3.276699
10.6;0;78;0;128;20.998980632008156;-3.276699;-3.276699
10.61;0;78;0;128;20.998980632008156;-3.276699;-3.276699
10.62;0;78;0;128;20.998980632008156;-3.276699;-3.276699
10.63;0;78;0;128;20.998980632008156;-3.276699;-3.276699
10.64;0;78;0;128;20.998980632008156;-3.276699;-3.276699
10.65;0;78;0;128;20.998980632008156;-3.276699;-3.276699
10.66;0;78;0;128;20.998980632008156;-3.276699;-3.276699
10.67;0;78;0;128;20.998980632008156;-3.276699;-3.276699
10.68;0;78;0;128;20.998980632008156;-3.276699;-3.276699
10.69;0;78;0;128;20.998980632008156;-3.276699;-3.276699
10.7;0;78;0;128;20.998980632008156;-3.276699;-3.276699
10.71;0;78;0;128;20.998980632008156;-3.276699;-3.276699
10.72;0;78;0;129;21.10091743119266;-3.326087;-3.326087
10.73;0;78;0;129;21.10091743119266;-3.326087;-3.326087
10.74;0;78;0;129;21.10091743119266;-3.326087;-3.326087
10.75;0;78;0;129;21.10091743119266;-3.326087;-3.326087
10.76;0;77;0;129;20.998980632008156;-3.407767;-3.407767
10.77;0;77;0;129;20.998980632008156;-3.407767;-3.407767
10.78;0;77;0;129;20.998980632008156;-3.407767;-3.407767
10.79;0;77;0;129;20.998980632008156;-3.407767;-3.407767
10.8;0;77;0;129;20.998980632008156;-3.407767;-3.407767
10.81;0;77;0;129;20.998980632008156;-3.407767;-3.407767
10.82;0;77;0;129;20.998980632008156;-3.407767;-3.407767
10.83;0;77;0;129;20.998980632008156;-3.407767;-3.407767
10.84;0;78;0;128;20.998980632008156;-3.276699;-3.276699
10.85;0;78;0;128;20.998980632008156;-3.276699;-3.276699
10.86;0;78;0;128;20.998980632008156;-3.276699;-3.276699
10.87;0;78;0;128;20.998980632008156;-3.276699;-3.276699
10.88;0;78;0;128;20.998980632008156;-3.276699;-3.276699
10.89;0;78;0;128;20.998980632008156;-3.276699;-3.276699
10.9;0;78;0;128;20.998980632008156;-3.276699;-3.276699
10.91;0;78;0;128;20.998980632008156;-3.276699;-3.276699
10.92;0;78;0;128;20.998980632008156;-3.276699;-3.276699
10.93;0;78;0;128;20.998980632008156;-3.276699;-3.276699
10.94;0;78;0;128;20.998980632008156;-3.276699;-3.276699
10.95;0;78;0;128;20.998980632008156;-3.276699;-3.276699
10.96;0;78;0;128;20.998980632008156;-3.276699;-3.276699
10.97;0;79;0;128;21.10091743119266;-3.1956522;-3.1956522
10.98;0;79;0;128;21.10091743119266;-3.1956522;-3.1956522
10.99;0;79;0;128;21.10091743119266;-3.1956522;-3.1956522
11.0;0;79;0;128;21.10091743119266;-3.1956522;-3.1956522
11.01;0;79;0;128;21.10091743119266;-3.1956522;-3.1956522
11.02;0;79;0;128;21.10091743119266;-3.1956522;-3.1956522
11.03;0;79;0;127;20.998980632008156;-3.145631;-3.145631
11.04;0;79;0;127;20.998980632008156;-3.145631;-3.145631
11.05;0;79;0;127;20.998980632008156;-3.145631;-3.145631
11.06;0;79;0;127;20.998980632008156;-3.145631;-3.145631
11.07;0;79;0;127;20.998980632008156;-3.145631;-3.145631
11.08;0;79;0;127;20.998980632008156;-3.145631;-3.145631
11.09;0;79;0;127;20.998980632008156;-3.145631;-3.145631
11.1;0;79;0;127;20.998980632008156;-3.145631;-3.145631
11.11;0;79;0;127;20.998980632008156;-3.145631;-3.145631
11.12;0;79;0;127;20.998980632008156;-3.145631;-3.145631
11.13;0;79;0;128;21.10091743119266;-3.1956522;-3.1956522
11.14;0;79;0;128;21.10091743119266;-3.1956522;-3.1956522
11.15;0;79;0;128;21.10091743119266;-3.1956522;-3.1956522
11.16;0;79;0;128;21.10091743119266;-3.1956522;-3.1956522
11.17;0;79;0;128;21.10091743119266;-3.1956522;-3.1956522
11.18;0;79;0;128;21.10091743119266;-3.1956522;-3.1956522
11.19;0;79;0;128;21.10091743119266;-3.1956522;-3.1956522
11.2;0;79;0;128;21.10091743119266;-3.1956522;-3.1956522
11.21;0;78;0;128;20.998980632008156;-3.276699;-3.276699
11.22;0;78;0;128;20.998980632008156;-3.276699;-3.276699
11.23;0;78;0;129;21.10091743119266;-3.326087;-3.326087
11.24;0;78;0;129;21.10091743119266;-3.326087;-3.326087
11.25;0;78;0;129;21.10091743119266;-3.326087;-3.326087
11.26;0;78;0;129;21.10091743119266;-3.326087;-3.326087
11.27;0;78;0;129;21.10091743119266;-3.326087;-3.326087
11.28;0;78;0;129;21.10091743119266;-3.326087;-3.326087
11.29;0;78;0;129;21.10091743119266;-3.326087;-3.326087
11.3;0;78;0;129;21.10091743119266;-3.326087;-3.326087
11.31;0;78;0;130;21.202854230377167;-3.375;-3.375
11.32;0;78;0;130;21.202854230377167;-3.375;-3.375
11.33;0;77;0;130;21.10091743119266;-3.4565217;-3.4565217
11.34;0;77;0;130;21.10091743119266;-3.4565217;-3.4565217
11.35;0;77;0;130;21.10091743119266;-3.4565217;-3.4565217
11.36;0;77;0;130;21.10091743119266;-3.4565217;-3.4565217
11.37;0;77;0;130;21.10091743119266;-3.4565217;-3.4565217
11.38;0;77;0;130;21.10091743119266;-3.4565217;-3.4565217
11.39;0;77;0;131;21.202854230377167;-3.5048077;-3.5048077
11.4;0;77;0;131;21.202854230377167;-3.5048077;-3.5048077
11.41;0;77;0;131;21.202854230377167;-3.5048077;-3.5048077
11.42;0;77;0;131;21.202854230377167;-3.5048077;-3.5048077
11.43;0;77;0;131;21.202854230377167;-3.5048077;-3.5048077
11.44;0;77;0;131;21.202854230377167;-3.5048077;-3.5048077
11.45;0;77;0;131;21.202854230377167;-3.5048077;-3.5048077
11.46;0;77;0;131;21.202854230377167;-3.5048077;-3.5048077
11.47;0;77;0;131;21.202854230377167;-3.5048077;-3.5048077
11.48;0;77;0;131;21.202854230377167;-3.5048077;-3.5048077
11.49;0;77;0;131;21.202854230377167;-3.5048077;-3.5048077
11.5;0;77;0;131;21.202854230377167;-3.5048077;-3.5048077
11.51;0;77;0;131;21.202854230377167;-3.5048077;-3.5048077
11.52;0;77;0;131;21.202854230377167;-3.5048077;-3.5048077
11.53;0;77;0;131;21.202854230377167;-3.5048077;-3.5048077
11.54;0;77;0;131;21.202854230377167;-3.5048077;-3.5048077
11.55;0;77;0;131;21.202854230377167;-3.5048077;-3.5048077
11.56;0;76;0;131;21.10091743119266;-3.5869565;-3.5869565
11.57;0;76;0;131;21.10091743119266;-3.5869565;-3.5869565
11.58;0;76;0;131;21.10091743119266;-3.5869565;-3.5869565
11.59;0;76;0;132;21.202854230377167;-3.6346154;-3.6346154
11.6;0;76;0;132;21.202854230377167;-3.6346154;-3.6346154
11.61;0;76;0;132;21.202854230377167;-3.6346154;-3.6346154
11.62;0;76;0;132;21.202854230377167;-3.6346154;-3.6346154
11.63;0;76;0;132;21.202854230377167;-3.6346154;-3.6346154
11.64;0;76;0;132;21.202854230377167;-3.6346154;-3.6346154
11.65;0;76;0;132;21.202854230377167;-3.6346154;-3.6346154
11.66;0;76;0;132;21.202854230377167;-3.6346154;-3.6346154
11.67;0;76;0;132;21.202854230377167;-3.6346154;-3.6346154
11.68;0;75;0;132;21.10091743119266;-3.7173913;-3.7173913
11.69;0;75;0;132;21.10091743119266;-3.7173913;-3.7173913
11.7;0;75;0;132;21.10091743119266;-3.7173913;-3.7173913
11.71;0;75;0;132;21.10091743119266;-3.7173913;-3.7173913
11.72;0;75;0;132;21.10091743119266;-3.7173913;-3.7173913
11.73;0;75;0;131;20.998980632008156;-3.6699028;-3.6699028
11.74;0;75;0;131;20.998980632008156;-3.6699028;-3.6699028
11.75;0;75;0;132;21.10091743119266;-3.7173913;-3.7173913
11.76;0;75;0;132;21.10091743119266;-3.7173913;-3.7173913
11.77;0;75;0;132;21.10091743119266;-3.7173913;-3.7173913
11.78;0;76;0;132;21.202854230377167;-3.6346154;-3.6346154
11.79;0;76;0;132;21.202854230377167;-3.6346154;-3.6346154
11.8;0;76;0;132;21.202854230377167;-3.6346154;-3.6346154
11.81;0;76;0;132;21.202854230377167;-3.6346154;-3.6346154
11.82;0;76;0;132;21.202854230377167;-3.6346154;-3.6346154
11.83;0;76;0;132;21.202854230377167;-3.6346154;-3.6346154
11.84;0;76;0;132;21.202854230377167;-3.6346154;-3.6346154
11.85;0;77;0;132;21.30479102956167;-3.5526316;-3.5526316
11.86;0;77;0;132;21.30479102956167;-3.5526316;-3.5526316
11.87;0;77;0;132;21.30479102956167;-3.5526316;-3.5526316
11.88;0;77;0;131;21.202854230377167;-3.5048077;-3.5048077
11.89;0;77;0;131;21.202854230377167;-3.5048077;-3.5048077
11.9;0;77;0;131;21.202854230377167;-3.5048077;-3.5048077
11.91;0;77;0;131;21.202854230377167;-3.5048077;-3.5048077
11.92;0;77;0;131;21.202854230377167;-3.5048077;-3.5048077
11.93;0;77;0;131;21.202854230377167;-3.5048077;-3.5048077
11.94;0;77;0;131;21.202854230377167;-3.5048077;-3.5048077
11.95;0;77;0;131;21.202854230377167;-3.5048077;-3.5048077
11.96;0;77;0;131;21.202854230377167;-3.5048077;-3.5048077
11.97;0;77;0;131;21.202854230377167;-3.5048077;-3.5048077
11.98;0;77;0;131;21.202854230377167;-3.5048077;-3.5048077
11.99;0;77;0;131;21.202854230377167;-3.5048077;-3.5048077
12.0;0;77;0;131;21.202854230377167;-3.5048077;-3.5048077
12.01;0;77;0;131;21.202854230377167;-3.5048077;-3.5048077
12.02;0;77;0;131;21.202854230377167;-3.5048077;-3.5048077
12.03;0;76;0;132;21.202854230377167;-3.6346154;-3.6346154
12.04;0;76;0;132;21.202854230377167;-3.6346154;-3.6346154
12.05;0;76;0;132;21.202854230377167;-3.6346154;-3.6346154
12.06;0;76;0;132;21.202854230377167;-3.6346154;-3.6346154
12.07;0;76;0;132;21.202854230377167;-3.6346154;-3.6346154
12.08;0;76;0;132;21.202854230377167;-3.6346154;-3.6346154
12.09;0;76;0;132;21.202854230377167;-3.6346154;-3.6346154
12.1;0;76;0;132;21.202854230377167;-3.6346154;-3.6346154
12.11;0;76;0;132;21.202854230377167;-3.6346154;-3.6346154
12.12;0;77;0;132;21.30479102956167;-3.5526316;-3.5526316
12.13;0;77;0;132;21.30479102956167;-3.5526316;-3.5526316
12.14;0;77;0;131;21.202854230377167;-3.5048077;-3.5048077
12.15;0;77;0;131;21.202854230377167;-3.5048077;-3.5048077
12.16;0;77;0;131;21.202854230377167;-3.5048077;-3.5048077
12.17;0;77;0;131;21.202854230377167;-3.5048077;-3.5048077
12.18;0;77;0;130;21.10091743119266;-3.4565217;-3.4565217
12.19;0;77;0;130;21.10091743119266;-3.4565217;-3.4565217
12.2;0;77;0;130;21.10091743119266;-3.4565217;-3.4565217
12.21;0;78;0;130;21.202854230377167;-3.375;-3.375
12.22;0;78;0;130;21.202854230377167;-3.375;-3.375
12.23;0;78;0;130;21.202854230377167;-3.375;-3.375
12.24;0;78;0;129;21.10091743119266;-3.326087;-3.326087
12.25;0;78;0;129;21.10091743119266;-3.326087;-3.326087
12.26;0;78;0;129;21.10091743119266;-3.326087;-3.326087
12.27;0;78;0;129;21.10091743119266;-3.326087;-3.326087
12.28;0;78;0;129;21.10091743119266;-3.326087;-3.326087
12.29;0;78;0;129;21.10091743119266;-3.326087;-3.326087
12.3;0;78;0;129;21.10091743119266;-3.326087;-3.326087
12.31;0;78;0;129;21.10091743119266;-3.326087;-3.326087
12.32;0;78;0;129;21.10091743119266;-3.326087;-3.326087
12.33;0;78;0;129;21.10091743119266;-3.326087;-3.326087
12.34;0;78;0;129;21.10091743119266;-3.326087;-3.326087
12.35;0;77;0;129;20.998980632008156;-3.407767;-3.407767
12.36;0;77;0;129;20.998980632008156;-3.407767;-3.407767
12.37;0;77;0;129;20.998980632008156;-3.407767;-3.407767
12.38;0;77;0;129;20.998980632008156;-3.407767;-3.407767
12.39;0;77;0;129;20.998980632008156;-3.407767;-3.407767
12.4;0;77;0;129;20.998980632008156;-3.407767;-3.407767
12.41;0;77;0;129;20.998980632008156;-3.407767;-3.407767
12.42;0;76;0;129;20.89704383282365;-3.490244;-3.490244
12.43;0;77;0;129;20.998980632008156;-3.407767;-3.407767
12.44;0;77;0;129;20.998980632008156;-3.407767;-3.407767
12.45;0;77;0;129;20.998980632008156;-3.407767;-3.407767
12.46;0;77;0;129;20.998980632008156;-3.407767;-3.407767
12.47;0;77;0;129;20.998980632008156;-3.407767;-3.407767
12.48;0;77;0;129;20.998980632008156;-3.407767;-3.407767
12.49;0;77;0;129;20.998980632008156;-3.407767;-3.407767
12.5;0;77;0;129;20.998980632008156;-3.407767;-3.407767
12.51;0;77;0;129;20.998980632008156;-3.407767;-3.407767
12.52;0;77;0;129;20.998980632008156;-3.407767;-3.407767
12.53;0;77;0;129;20.998980632008156;-3.407767;-3.407767
12.54;0;78;0;128;20.998980632008156;-3.276699;-3.276699
12.55;0;78;0;128;20.998980632008156;-3.276699;-3.276699
12.56;0;78;0;128;20.998980632008156;-3.276699;-3.276699
12.57;0;78;0;128;20.998980632008156;-3.276699;-3.276699
12.58;0;78;0;128;20.998980632008156;-3.276699;-3.276699
12.59;0;78;0;128;20.998980632008156;-3.276699;-3.276699
12.6;0;78;0;127;20.89704383282365;-3.2268293;-3.2268293
12.61;0;78;0;127;20.89704383282365;-3.2268293;-3.2268293
12.62;0;78;0;127;20.89704383282365;-3.2268293;-3.2268293
12.63;0;78;0;127;20.89704383282365;-3.2268293;-3.2268293
12.64;0;78;0;127;20.89704383282365;-3.2268293;-3.2268293
12.65;0;78;0;127;20.89704383282365;-3.2268293;-3.2268293
12.66;0;78;0;127;20.89704383282365;-3.2268293;-3.2268293
12.67;0;78;0;127;20.89704383282365;-3.2268293;-3.2268293
12.68;0;78;0;127;20.89704383282365;-3.2268293;-3.2268293
12.69;0;78;0;127;20.89704383282365;-3.2268293;-3.2268293
12.7;0;78;0;128;20.998980632008156;-3.276699;-3.276699
12.71;0;78;0;128;20.998980632008156;-3.276699;-3.276699
12.72;0;78;0;128;20.998980632008156;-3.276699;-3.276699
12.73;0;78;0;128;20.998980632008156;-3.276699;-3.276699
12.74;0;78;0;128;20.998980632008156;-3.276699;-3.276699
12.75;0;78;0;128;20.998980632008156;-3.276699;-3.276699
12.76;0;78;0;128;20.998980632008156;-3.276699;-3.276699
12.77;0;78;0;128;20.998980632008156;-3.276699;-3.276699
12.78;0;78;0;128;20.998980632008156;-3.276699;-3.276699
12.79;0;78;0;128;20.998980632008156;-3.276699;-3.276699
12.8;0;78;0;128;20.998980632008156;-3.276699;-3.276699
12.81;0;78;0;128;20.998980632008156;-3.276699;-3.276699
12.82;0;78;0;128;20.998980632008156;-3.276699;-3.276699
12.83;0;78;0;128;20.998980632008156;-3.276699;-3.276699
12.84;0;78;0;128;20.998980632008156;-3.276699;-3.276699
12.85;0;78;0;128;20.998980632008156;-3.276699;-3.276699
12.86;0;78;0;128;20.998980632008156;-3.276699;-3.276699
12.87;0;78;0;128;20.998980632008156;-3.276699;-3.276699
12.88;0;78;0;128;20.998980632008156;-3.276699;-3.276699
12.89;0;78;0;128;20.998980632008156;-3.276699;-3.276699
12.9;0;78;0;128;20.998980632008156;-3.276699;-3.276699
12.91;0;79;0;128;21.10091743119266;-3.1956522;-3.1956522
12.92;0;79;0;127;20.998980632008156;-3.145631;-3.145631
12.93;0;79;0;127;20.998980632008156;-3.145631;-3.145631
12.94;0;79;0;127;20.998980632008156;-3.145631;-3.145631
12.95;0;80;0;127;21.10091743119266;-3.0652175;-3.0652175
12.96;0;80;0;127;21.10091743119266;-3.0652175;-3.0652175
12.97;0;80;0;127;21.10091743119266;-3.0652175;-3.0652175
12.98;0;80;0;127;21.10091743119266;-3.0652175;-3.0652175
12.99;0;80;0;127;21.10091743119266;-3.0652175;-3.0652175
13.0;0;81;0;127;21.202854230377167;-2.9855769;-2.9855769
13.01;0;81;0;126;21.10091743119266;-2.9347825;-2.9347825
13.02;0;81;0;126;21.10091743119266;-2.9347825;-2.9347825
13.03;0;81;0;126;21.10091743119266;-2.9347825;-2.9347825
13.04;0;81;0;126;21.10091743119266;-2.9347825;-2.9347825
13.05;0;81;0;126;21.10091743119266;-2.9347825;-2.9347825
13.06;0;81;0;126;21.10091743119266;-2.9347825;-2.9347825
13.07;0;82;0;126;21.202854230377167;-2.8557692;-2.8557692
13.08;0;82;0;126;21.202854230377167;-2.8557692;-2.8557692
13.09;0;82;0;126;21.202854230377167;-2.8557692;-2.8557692
13.1;0;82;0;126;21.202854230377167;-2.8557692;-2.8557692
13.11;0;83;0;126;21.30479102956167;-2.777512;-2.777512
13.12;0;83;0;126;21.30479102956167;-2.777512;-2.777512
13.13;0;83;0;126;21.30479102956167;-2.777512;-2.777512
13.14;0;83;0;126;21.30479102956167;-2.777512;-2.777512
13.15;0;83;0;125;21.202854230377167;-2.7259614;-2.7259614
13.16;0;83;0;125;21.202854230377167;-2.7259614;-2.7259614
13.17;0;83;0;125;21.202854230377167;-2.7259614;-2.7259614
13.18;0;83;0;125;21.202854230377167;-2.7259614;-2.7259614
13.19;0;82;0;125;21.10091743119266;-2.8043478;-2.8043478
13.2;0;82;0;126;21.202854230377167;-2.8557692;-2.8557692
13.21;0;82;0;126;21.202854230377167;-2.8557692;-2.8557692
13.22;0;82;0;126;21.202854230377167;-2.8557692;-2.8557692
13.23;0;81;0;127;21.202854230377167;-2.9855769;-2.9855769
13.24;0;81;0;127;21.202854230377167;-2.9855769;-2.9855769
13.25;0;81;0;127;21.202854230377167;-2.9855769;-2.9855769
13.26;0;80;0;128;21.202854230377167;-3.1153846;-3.1153846
13.27;0;80;0;128;21.202854230377167;-3.1153846;-3.1153846
13.28;0;80;0;128;21.202854230377167;-3.1153846;-3.1153846
13.29;0;79;0;128;21.10091743119266;-3.1956522;-3.1956522
13.3;0;79;0;129;21.202854230377167;-3.2451923;-3.2451923
13.31;0;79;0;129;21.202854230377167;-3.2451923;-3.2451923
13.32;0;78;0;129;21.10091743119266;-3.326087;-3.326087
13.33;0;78;0;129;21.10091743119266;-3.326087;-3.326087
13.34;0;77;0;130;21.10091743119266;-3.4565217;-3.4565217
13.35;0;77;0;130;21.10091743119266;-3.4565217;-3.4565217
13.36;0;76;0;131;21.10091743119266;-3.5869565;-3.5869565
13.37;0;76;0;131;21.10091743119266;-3.5869565;-3.5869565
13.38;0;76;0;132;21.202854230377167;-3.6346154;-3.6346154
13.39;0;75;0;132;21.10091743119266;-3.7173913;-3.7173913
13.4;0;75;0;132;21.10091743119266;-3.7173913;-3.7173913
13.41;0;74;0;133;21.10091743119266;-3.847826;-3.847826
13.42;0;74;0;133;21.10091743119266;-3.847826;-3.847826
13.43;0;74;0;133;21.10091743119266;-3.847826;-3.847826
13.44;0;74;0;133;21.10091743119266;-3.847826;-3.847826
13.45;0;74;0;133;21.10091743119266;-3.847826;-3.847826
13.46;0;74;0;133;21.10091743119266;-3.847826;-3.847826
13.47;0;74;0;134;21.202854230377167;-3.8942308;-3.8942308
13.48;0;74;0;134;21.202854230377167;-3.8942308;-3.8942308
13.49;0;74;0;134;21.202854230377167;-3.8942308;-3.8942308
13.5;0;73;0;134;21.10091743119266;-3.9782608;-3.9782608
13.51;0;73;0;135;21.202854230377167;-4.0240383;-4.0240383
13.52;0;73;0;135;21.202854230377167;-4.0240383;-4.0240383
13.53;0;73;0;135;21.202854230377167;-4.0240383;-4.0240383
13.54;0;73;0;135;21.202854230377167;-4.0240383;-4.0240383
13.55;0;73;0;135;21.202854230377167;-4.0240383;-4.0240383
13.56;0;73;0;136;21.30479102956167;-4.069378;-4.069378
13.57;0;73;0;136;21.30479102956167;-4.069378;-4.069378
13.58;0;73;0;136;21.30479102956167;-4.069378;-4.069378
13.59;0;73;0;136;21.30479102956167;-4.069378;-4.069378
13.6;0;73;0;135;21.202854230377167;-4.0240383;-4.0240383
13.61;0;73;0;135;21.202854230377167;-4.0240383;-4.0240383
13.62;0;73;0;135;21.202854230377167;-4.0240383;-4.0240383
13.63;0;73;0;135;21.202854230377167;-4.0240383;-4.0240383
13.64;0;73;0;136;21.30479102956167;-4.069378;-4.069378
13.65;0;73;0;136;21.30479102956167;-4.069378;-4.069378
13.66;0;73;0;136;21.30479102956167;-4.069378;-4.069378
13.67;0;73;0;136;21.30479102956167;-4.069378;-4.069378
13.68;0;73;0;135;21.202854230377167;-4.0240383;-4.0240383
13.69;0;73;0;135;21.202854230377167;-4.0240383;-4.0240383
13.7;0;73;0;135;21.202854230377167;-4.0240383;-4.0240383
13.71;0;73;0;135;21.202854230377167;-4.0240383;-4.0240383
13.72;0;73;0;135;21.202854230377167;-4.0240383;-4.0240383
13.73;0;73;0;135;21.202854230377167;-4.0240383;-4.0240383
13.74;0;73;0;135;21.202854230377167;-4.0240383;-4.0240383
13.75;0;73;0;135;21.202854230377167;-4.0240383;-4.0240383
13.76;0;73;0;135;21.202854230377167;-4.0240383;-4.0240383
13.77;0;73;0;136;21.30479102956167;-4.069378;-4.069378
13.78;0;73;0;136;21.30479102956167;-4.069378;-4.069378
13.79;0;73;0;136;21.30479102956167;-4.069378;-4.069378
13.8;0;73;0;136;21.30479102956167;-4.069378;-4.069378
13.81;0;73;0;136;21.30479102956167;-4.069378;-4.069378
13.82;0;73;0;136;21.30479102956167;-4.069378;-4.069378
13.83;0;74;0;136;21.406727828746178;-3.9857142;-3.9857142
13.84;0;74;0;136;21.406727828746178;-3.9857142;-3.9857142
13.85;0;74;0;136;21.406727828746178;-3.9857142;-3.9857142
13.86;0;74;0;135;21.30479102956167;-3.9401913;-3.9401913
13.87;0;74;0;135;21.30479102956167;-3.9401913;-3.9401913
13.88;0;74;0;135;21.30479102956167;-3.9401913;-3.9401913
13.89;0;74;0;135;21.30479102956167;-3.9401913;-3.9401913
13.9;0;74;0;135;21.30479102956167;-3.9401913;-3.9401913
13.91;0;74;0;135;21.30479102956167;-3.9401913;-3.9401913
13.92;0;74;0;135;21.30479102956167;-3.9401913;-3.9401913
13.93;0;74;0;135;21.30479102956167;-3.9401913;-3.9401913
13.94;0;74;0;135;21.30479102956167;-3.9401913;-3.9401913
13.95;0;74;0;135;21.30479102956167;-3.9401913;-3.9401913
13.96;0;74;0;135;21.30479102956167;-3.9401913;-3.9401913
13.97;0;74;0;135;21.30479102956167;-3.9401913;-3.9401913
13.98;0;74;0;135;21.30479102956167;-3.9401913;-3.9401913
13.99;0;74;0;135;21.30479102956167;-3.9401913;-3.9401913
14.0;0;74;0;135;21.30479102956167;-3.9401913;-3.9401913
14.01;0;74;0;135;21.30479102956167;-3.9401913;-3.9401913
14.02;0;74;0;135;21.30479102956167;-3.9401913;-3.9401913
14.03;0;74;0;135;21.30479102956167;-3.9401913;-3.9401913
14.04;0;74;0;135;21.30479102956167;-3.9401913;-3.9401913
14.05;0;73;0;135;21.202854230377167;-4.0240383;-4.0240383
14.06;0;73;0;135;21.202854230377167;-4.0240383;-4.0240383
14.07;0;73;0;136;21.30479102956167;-4.069378;-4.069378
14.08;0;73;0;136;21.30479102956167;-4.069378;-4.069378
14.09;0;73;0;136;21.30479102956167;-4.069378;-4.069378
14.1;0;73;0;136;21.30479102956167;-4.069378;-4.069378
14.11;0;73;0;136;21.30479102956167;-4.069378;-4.069378
14.12;0;73;0;136;21.30479102956167;-4.069378;-4.069378
14.13;0;73;0;136;21.30479102956167;-4.069378;-4.069378
14.14;0;73;0;136;21.30479102956167;-4.069378;-4.069378
14.15;0;73;0;136;21.30479102956167;-4.069378;-4.069378
14.16;0;73;0;136;21.30479102956167;-4.069378;-4.069378
14.17;0;73;0;136;21.30479102956167;-4.069378;-4.069378
14.18;0;73;0;136;21.30479102956167;-4.069378;-4.069378
14.19;0;73;0;136;21.30479102956167;-4.069378;-4.069378
14.2;0;73;0;136;21.30479102956167;-4.069378;-4.069378
14.21;0;73;0;135;21.202854230377167;-4.0240383;-4.0240383
14.22;0;73;0;135;21.202854230377167;-4.0240383;-4.0240383
14.23;0;73;0;135;21.202854230377167;-4.0240383;-4.0240383
14.24;0;73;0;135;21.202854230377167;-4.0240383;-4.0240383
14.25;0;73;0;135;21.202854230377167;-4.0240383;-4.0240383
14.26;0;73;0;135;21.202854230377167;-4.0240383;-4.0240383
14.27;0;73;0;135;21.202854230377167;-4.0240383;-4.0240383
14.28;0;73;0;135;21.202854230377167;-4.0240383;-4.0240383
14.29;0;73;0;135;21.202854230377167;-4.0240383;-4.0240383
14.3;0;73;0;134;21.10091743119266;-3.9782608;-3.9782608
14.31;0;73;0;134;21.10091743119266;-3.9782608;-3.9782608
14.32;0;73;0;134;21.10091743119266;-3.9782608;-3.9782608
14.33;0;73;0;134;21.10091743119266;-3.9782608;-3.9782608
14.34;0;73;0;134;21.10091743119266;-3.9782608;-3.9782608
14.35;0;73;0;134;21.10091743119266;-3.9782608;-3.9782608
14.36;0;74;0;134;21.202854230377167;-3.8942308;-3.8942308
14.37;0;74;0;133;21.10091743119266;-3.847826;-3.847826
14.38;0;74;0;133;21.10091743119266;-3.847826;-3.847826
14.39;0;74;0;133;21.10091743119266;-3.847826;-3.847826
14.4;0;74;0;132;20.998980632008156;-3.8009708;-3.8009708
14.41;0;74;0;132;20.998980632008156;-3.8009708;-3.8009708
14.42;0;75;0;131;20.998980632008156;-3.6699028;-3.6699028
14.43;0;75;0;131;20.998980632008156;-3.6699028;-3.6699028
14.44;0;75;0;131;20.998980632008156;-3.6699028;-3.6699028
14.45;0;75;0;131;20.998980632008156;-3.6699028;-3.6699028
14.46;0;75;0;131;20.998980632008156;-3.6699028;-3.6699028
14.47;0;75;0;131;20.998980632008156;-3.6699028;-3.6699028
14.48;0;75;0;131;20.998980632008156;-3.6699028;-3.6699028
14.49;0;76;0;131;21.10091743119266;-3.5869565;-3.5869565
14.5;0;76;0;131;21.10091743119266;-3.5869565;-3.5869565
14.51;0;76;0;131;21.10091743119266;-3.5869565;-3.5869565
14.52;0;76;0;131;21.10091743119266;-3.5869565;-3.5869565
14.53;0;76;0;131;21.10091743119266;-3.5869565;-3.5869565
14.54;0;76;0;131;21.10091743119266;-3.5869565;-3.5869565
14.55;0;76;0;131;21.10091743119266;-3.5869565;-3.5869565
14.56;0;76;0;131;21.10091743119266;-3.5869565;-3.5869565
14.57;0;76;0;131;21.10091743119266;-3.5869565;-3.5869565
14.58;0;76;0;131;21.10091743119266;-3.5869565;-3.5869565
14.59;0;76;0;131;21.10091743119266;-3.5869565;-3.5869565
14.6;0;76;0;131;21.10091743119266;-3.5869565;-3.5869565
14.61;0;76;0;131;21.10091743119266;-3.5869565;-3.5869565
14.62;0;76;0;131;21.10091743119266;-3.5869565;-3.5869565
14.63;0;76;0;131;21.10091743119266;-3.5869565;-3.5869565
14.64;0;76;0;131;21.10091743119266;-3.5869565;-3.5869565
14.65;0;76;0;131;21.10091743119266;-3.5869565;-3.5869565
14.66;0;76;0;131;21.10091743119266;-3.5869565;-3.5869565
14.67;0;76;0;131;21.10091743119266;-3.5869565;-3.5869565
14.68;0;76;0;132;21.202854230377167;-3.6346154;-3.6346154
14.69;0;76;0;132;21.202854230377167;-3.6346154;-3.6346154
14.7;0;76;0;132;21.202854230377167;-3.6346154;-3.6346154
14.71;0;75;0;132;21.10091743119266;-3.7173913;-3.7173913
14.72;0;75;0;132;21.10091743119266;-3.7173913;-3.7173913
14.73;0;75;0;132;21.10091743119266;-3.7173913;-3.7173913
14.74;0;75;0;132;21.10091743119266;-3.7173913;-3.7173913
14.75;0;75;0;132;21.10091743119266;-3.7173913;-3.7173913
14.76;0;75;0;132;21.10091743119266;-3.7173913;-3.7173913
14.77;0;75;0;132;21.10091743119266;-3.7173913;-3.7173913
14.78;0;75;0;132;21.10091743119266;-3.7173913;-3.7173913
14.79;0;75;0;132;21.10091743119266;-3.7173913;-3.7173913
14.8;0;75;0;132;21.10091743119266;-3.7173913;-3.7173913
14.81;0;75;0;132;21.10091743119266;-3.7173913;-3.7173913
14.82;0;73;0;134;21.10091743119266;-3.9782608;-3.9782608
14.83;0;73;0;134;21.10091743119266;-3.9782608;-3.9782608
14.84;0;73;0;134;21.10091743119266;-3.9782608;-3.9782608
14.85;0;73;0;134;21.10091743119266;-3.9782608;-3.9782608
14.86;0;74;0;134;21.202854230377167;-3.8942308;-3.8942308
14.87;0;74;0;134;21.202854230377167;-3.8942308;-3.8942308
14.88;0;74;0;134;21.202854230377167;-3.8942308;-3.8942308
14.89;0;74;0;134;21.202854230377167;-3.8942308;-3.8942308
14.9;0;74;0;133;21.10091743119266;-3.847826;-3.847826
14.91;0;74;0;133;21.10091743119266;-3.847826;-3.847826
14.92;0;74;0;133;21.10091743119266;-3.847826;-3.847826
14.93;0;74;0;133;21.10091743119266;-3.847826;-3.847826
14.94;0;75;0;133;21.202854230377167;-3.7644231;-3.7644231
14.95;0;75;0;132;21.10091743119266;-3.7173913;-3.7173913
14.96;0;75;0;132;21.10091743119266;-3.7173913;-3.7173913
14.97;0;75;0;132;21.10091743119266;-3.7173913;-3.7173913
14.98;0;75;0;132;21.10091743119266;-3.7173913;-3.7173913
14.99;0;75;0;132;21.10091743119266;-3.7173913;-3.7173913
15.0;0;75;0;132;21.10091743119266;-3.7173913;-3.7173913
15.01;0;75;0;132;21.10091743119266;-3.7173913;-3.7173913
15.02;0;76;0;132;21.202854230377167;-3.6346154;-3.6346154
15.03;0;76;0;132;21.202854230377167;-3.6346154;-3.6346154
15.04;0;76;0;132;21.202854230377167;-3.6346154;-3.6346154
15.05;0;76;0;132;21.202854230377167;-3.6346154;-3.6346154
15.06;0;76;0;132;21.202854230377167;-3.6346154;-3.6346154
15.07;0;76;0;131;21.10091743119266;-3.5869565;-3.5869565
15.08;0;76;0;131;21.10091743119266;-3.5869565;-3.5869565
15.09;0;76;0;131;21.10091743119266;-3.5869565;-3.5869565
15.1;0;76;0;130;20.998980632008156;-3.538835;-3.538835
15.11;0;76;0;130;20.998980632008156;-3.538835;-3.538835
15.12;0;76;0;130;20.998980632008156;-3.538835;-3.538835
15.13;0;76;0;130;20.998980632008156;-3.538835;-3.538835
15.14;0;76;0;130;20.998980632008156;-3.538835;-3.538835
15.15;0;76;0;130;20.998980632008156;-3.538835;-3.538835
15.16;0;76;0;130;20.998980632008156;-3.538835;-3.538835
15.17;0;77;0;130;21.10091743119266;-3.4565217;-3.4565217
15.18;0;77;0;130;21.10091743119266;-3.4565217;-3.4565217
15.19;0;77;0;130;21.10091743119266;-3.4565217;-3.4565217
15.2;0;77;0;130;21.10091743119266;-3.4565217;-3.4565217
15.21;0;77;0;130;21.10091743119266;-3.4565217;-3.4565217
15.22;0;77;0;130;21.10091743119266;-3.4565217;-3.4565217
15.23;0;77;0;130;21.10091743119266;-3.4565217;-3.4565217
15.24;0;77;0;130;21.10091743119266;-3.4565217;-3.4565217
15.25;0;77;0;130;21.10091743119266;-3.4565217;-3.4565217
15.26;0;77;0;129;20.998980632008156;-3.407767;-3.407767
15.27;0;78;0;129;21.10091743119266;-3.326087;-3.326087
15.28;0;78;0;129;21.10091743119266;-3.326087;-3.326087
15.29;0;78;0;129;21.10091743119266;-3.326087;-3.326087
15.3;0;78;0;129;21.10091743119266;-3.326087;-3.326087
15.31;0;78;0;129;21.10091743119266;-3.326087;-3.326087
15.32;0;78;0;129;21.10091743119266;-3.326087;-3.326087
15.33;0;79;0;129;21.202854230377167;-3.2451923;-3.2451923
15.34;0;79;0;129;21.202854230377167;-3.2451923;-3.2451923
15.35;0;79;0;128;21.10091743119266;-3.1956522;-3.1956522
15.36;0;79;0;128;21.10091743119266;-3.1956522;-3.1956522
15.37;0;79;0;128;21.10091743119266;-3.1956522;-3.1956522
15.38;0;79;0;128;21.10091743119266;-3.1956522;-3.1956522
15.39;0;79;0;128;21.10091743119266;-3.1956522;-3.1956522
15.4;0;79;0;128;21.10091743119266;-3.1956522;-3.1956522
15.41;0;80;0;128;21.202854230377167;-3.1153846;-3.1153846
15.42;0;80;0;128;21.202854230377167;-3.1153846;-3.1153846
15.43;0;80;0;128;21.202854230377167;-3.1153846;-3.1153846
15.44;0;80;0;128;21.202854230377167;-3.1153846;-3.1153846
15.45;0;80;0;128;21.202854230377167;-3.1153846;-3.1153846
15.46;0;80;0;128;21.202854230377167;-3.1153846;-3.1153846
15.47;0;80;0;128;21.202854230377167;-3.1153846;-3.1153846
15.48;0;80;0;128;21.202854230377167;-3.1153846;-3.1153846
15.49;0;80;0;128;21.202854230377167;-3.1153846;-3.1153846
15.5;0;80;0;128;21.202854230377167;-3.1153846;-3.1153846
15.51;0;80;0;128;21.202854230377167;-3.1153846;-3.1153846
15.52;0;80;0;128;21.202854230377167;-3.1153846;-3.1153846
15.53;0;80;0;128;21.202854230377167;-3.1153846;-3.1153846
15.54;0;79;0;128;21.10091743119266;-3.1956522;-3.1956522
15.55;0;79;0;128;21.10091743119266;-3.1956522;-3.1956522
15.56;0;79;0;128;21.10091743119266;-3.1956522;-3.1956522
15.57;0;79;0;128;21.10091743119266;-3.1956522;-3.1956522
15.58;0;80;0;128;21.202854230377167;-3.1153846;-3.1153846
15.59;0;80;0;128;21.202854230377167;-3.1153846;-3.1153846
15.6;0;80;0;129;21.30479102956167;-3.1650717;-3.1650717
15.61;0;80;0;129;21.30479102956167;-3.1650717;-3.1650717
15.62;0;79;0;129;21.202854230377167;-3.2451923;-3.2451923
15.63;0;79;0;129;21.202854230377167;-3.2451923;-3.2451923
15.64;0;79;0;129;21.202854230377167;-3.2451923;-3.2451923
15.65;0;79;0;129;21.202854230377167;-3.2451923;-3.2451923
15.66;0;79;0;129;21.202854230377167;-3.2451923;-3.2451923
15.67;0;79;0;129;21.202854230377167;-3.2451923;-3.2451923
15.68;0;79;0;129;21.202854230377167;-3.2451923;-3.2451923
15.69;0;79;0;129;21.202854230377167;-3.2451923;-3.2451923
15.7;0;79;0;129;21.202854230377167;-3.2451923;-3.2451923
15.71;0;79;0;129;21.202854230377167;-3.2451923;-3.2451923
15.72;0;80;0;129;21.30479102956167;-3.1650717;-3.1650717
15.73;0;80;0;129;21.30479102956167;-3.1650717;-3.1650717
15.74;0;80;0;129;21.30479102956167;-3.1650717;-3.1650717
15.75;0;80;0;129;21.30479102956167;-3.1650717;-3.1650717
15.76;0;80;0;129;21.30479102956167;-3.1650717;-3.1650717
15.77;0;80;0;129;21.30479102956167;-3.1650717;-3.1650717
15.78;0;80;0;129;21.30479102956167;-3.1650717;-3.1650717
15.79;0;80;0;129;21.30479102956167;-3.1650717;-3.1650717
15.8;0;80;0;130;21.406727828746178;-3.2142856;-3.2142856
15.81;0;80;0;130;21.406727828746178;-3.2142856;-3.2142856
15.82;0;79;0;130;21.30479102956167;-3.2942584;-3.2942584
15.83;0;79;0;130;21.30479102956167;-3.2942584;-3.2942584
15.84;0;79;0;130;21.30479102956167;-3.2942584;-3.2942584
15.85;0;79;0;130;21.30479102956167;-3.2942584;-3.2942584
15.86;0;79;0;130;21.30479102956167;-3.2942584;-3.2942584
15.87;0;79;0;130;21.30479102956167;-3.2942584;-3.2942584
15.88;0;79;0;130;21.30479102956167;-3.2942584;-3.2942584
15.89;0;79;0;130;21.30479102956167;-3.2942584;-3.2942584
15.9;0;79;0;131;21.406727828746178;-3.3428571;-3.3428571
15.91;0;79;0;131;21.406727828746178;-3.3428571;-3.3428571
15.92;0;79;0;131;21.406727828746178;-3.3428571;-3.3428571
15.93;0;79;0;131;21.406727828746178;-3.3428571;-3.3428571
15.94;0;79;0;132;21.50866462793068;-3.3909953;-3.3909953
15.95;0;79;0;132;21.50866462793068;-3.3909953;-3.3909953
15.96;0;79;0;132;21.50866462793068;-3.3909953;-3.3909953
15.97;0;79;0;132;21.50866462793068;-3.3909953;-3.3909953
15.98;0;79;0;132;21.50866462793068;-3.3909953;-3.3909953
15.99;0;79;0;133;21.61060142711519;-3.4386792;-3.4386792
16.0;0;78;0;133;21.50866462793068;-3.5189574;-3.5189574
16.01;0;78;0;134;21.61060142711519;-3.5660377;-3.5660377
16.02;0;78;0;135;21.712538226299692;-3.6126761;-3.6126761
16.03;0;78;0;136;21.8144750254842;-3.6588786;-3.6588786
16.04;0;77;0;136;21.712538226299692;-3.7394366;-3.7394366
16.05;0;77;0;137;21.8144750254842;-3.7850468;-3.7850468
16.06;0;77;0;138;21.916411824668703;-3.8302326;-3.8302326
16.07;0;77;0;139;22.01834862385321;-3.875;-3.875
16.08;0;76;0;140;22.01834862385321;-4.0;-4.0
16.09;0;76;0;140;22.01834862385321;-4.0;-4.0
16.1;0;76;0;141;22.120285423037714;-4.043779;-4.043779
16.11;0;76;0;142;22.22222222222222;-4.087156;-4.087156
16.12;0;76;0;142;22.22222222222222;-4.087156;-4.087156
16.13;0;76;0;143;22.324159021406725;-4.130137;-4.130137
16.14;0;76;0;144;22.426095820591232;-4.172727;-4.172727
16.15;0;76;0;144;22.426095820591232;-4.172727;-4.172727
16.16;0;76;0;145;22.52803261977574;-4.214932;-4.214932
16.17;0;76;0;145;22.52803261977574;-4.214932;-4.214932
16.18;0;76;0;145;22.52803261977574;-4.214932;-4.214932
16.19;0;76;0;146;22.629969418960243;-4.256757;-4.256757
16.2;0;76;0;146;22.629969418960243;-4.256757;-4.256757
16.21;0;76;0;146;22.629969418960243;-4.256757;-4.256757
16.22;0;76;0;146;22.629969418960243;-4.256757;-4.256757
16.23;0;77;0;146;22.73190621814475;-4.17713;-4.17713
16.24;0;77;0;146;22.73190621814475;-4.17713;-4.17713
16.25;0;78;0;146;22.833843017329254;-4.098214;-4.098214
16.26;0;79;0;145;22.833843017329254;-3.9776785;-3.9776785
16.27;0;79;0;145;22.833843017329254;-3.9776785;-3.9776785
16.28;0;80;0;144;22.833843017329254;-3.857143;-3.857143
16.29;0;80;0;144;22.833843017329254;-3.857143;-3.857143
16.3;0;81;0;143;22.833843017329254;-3.736607;-3.736607
16.31;0;81;0;143;22.833843017329254;-3.736607;-3.736607
16.32;0;81;0;143;22.833843017329254;-3.736607;-3.736607
16.33;0;82;0;142;22.833843017329254;-3.6160715;-3.6160715
16.34;0;82;0;142;22.833843017329254;-3.6160715;-3.6160715
16.35;0;82;0;141;22.73190621814475;-3.571749;-3.571749
16.36;0;82;0;140;22.629969418960243;-3.5270271;-3.5270271
16.37;0;83;0;140;22.73190621814475;-3.4506726;-3.4506726
16.38;0;83;0;139;22.629969418960243;-3.4054055;-3.4054055
16.39;0;83;0;138;22.52803261977574;-3.3597286;-3.3597286
16.4;0;83;0;138;22.52803261977574;-3.3597286;-3.3597286
16.41;0;83;0;137;22.426095820591232;-3.3136363;-3.3136363
16.42;0;84;0;135;22.324159021406725;-3.1438355;-3.1438355
16.43;0;84;0;134;22.22222222222222;-3.0963302;-3.0963302
16.44;0;84;0;132;22.01834862385321;-3.0;-3.0
16.45;0;84;0;130;21.8144750254842;-2.901869;-2.901869
16.46;0;85;0;128;21.712538226299692;-2.725352;-2.725352
16.47;0;84;0;127;21.50866462793068;-2.751185;-2.751185
16.48;0;84;0;125;21.30479102956167;-2.6483254;-2.6483254
16.49;0;84;0;123;21.10091743119266;-2.5434783;-2.5434783
16.5;0;84;0;121;20.89704383282365;-2.4365854;-2.4365854
16.51;0;84;0;119;20.693170234454637;-2.3275862;-2.3275862
16.52;0;83;0;117;20.38735983690112;-2.295;-2.295
16.53;0;82;0;115;20.081549439347604;-2.2614212;-2.2614212
16.54;0;82;0;113;19.877675840978593;-2.146154;-2.146154
16.55;0;81;0;111;19.571865443425075;-2.109375;-2.109375
16.56;0;80;0;109;19.266055045871557;-2.0714285;-2.0714285
16.57;0;79;0;108;19.062181447502546;-2.0935829;-2.0935829
16.58;0;78;0;106;18.75637104994903;-2.0543478;-2.0543478
16.59;0;77;0;105;18.55249745158002;-2.0769231;-2.0769231
16.6;0;76;0;105;18.450560652395513;-2.1629834;-2.1629834
16.61;0;76;0;104;18.34862385321101;-2.1;-2.1
16.62;0;75;0;103;18.144750254842;-2.1235955;-2.1235955
16.63;0;75;0;103;18.144750254842;-2.1235955;-2.1235955
16.64;0;74;0;103;18.04281345565749;-2.2118645;-2.2118645
16.65;0;74;0;103;18.04281345565749;-2.2118645;-2.2118645
16.66;0;74;0;103;18.04281345565749;-2.2118645;-2.2118645
16.67;0;74;0;103;18.04281345565749;-2.2118645;-2.2118645
16.68;0;74;0;103;18.04281345565749;-2.2118645;-2.2118645
16.69;0;75;0;104;18.246687054026502;-2.187151;-2.187151
16.7;0;75;0;104;18.246687054026502;-2.187151;-2.187151
16.71;0;75;0;105;18.34862385321101;-2.25;-2.25
16.72;0;76;0;105;18.450560652395513;-2.1629834;-2.1629834
16.73;0;76;0;105;18.450560652395513;-2.1629834;-2.1629834
16.74;0;77;0;105;18.55249745158002;-2.0769231;-2.0769231
16.75;0;78;0;105;18.654434250764524;-1.9918033;-1.9918033
16.76;0;78;0;105;18.654434250764524;-1.9918033;-1.9918033
16.77;0;79;0;105;18.75637104994903;-1.9076087;-1.9076087
16.78;0;80;0;104;18.75637104994903;-1.7608696;-1.7608696
16.79;0;81;0;104;18.858307849133535;-1.6783783;-1.6783783
16.8;0;82;0;103;18.858307849133535;-1.5324324;-1.5324324
16.81;0;83;0;102;18.858307849133535;-1.3864865;-1.3864865
16.82;0;83;0;102;18.858307849133535;-1.3864865;-1.3864865
16.83;0;84;0;101;18.858307849133535;-1.2405405;-1.2405405
16.84;0;84;0;100;18.75637104994903;-1.173913;-1.173913
16.85;0;85;0;100;18.858307849133535;-1.0945946;-1.0945946
16.86;0;85;0;99;18.75637104994903;-1.0271739;-1.0271739
16.87;0;86;0;98;18.75637104994903;-0.8804348;-0.8804348
16.88;0;87;0;98;18.858307849133535;-0.8027027;-0.8027027
16.89;0;88;0;97;18.858307849133535;-0.65675676;-0.65675676
16.9;0;89;0;96;18.858307849133535;-0.5108108;-0.5108108
16.91;0;90;0;95;18.858307849133535;-0.36486486;-0.36486486
16.92;0;90;0;95;18.858307849133535;-0.36486486;-0.36486486
16.93;0;91;0;94;18.858307849133535;-0.21891892;-0.21891892
16.94;0;92;0;94;18.960244648318042;-0.14516129;-0.14516129
16.95;0;93;0;93;18.960244648318042;0.0;0.0
16.96;0;94;0;93;19.062181447502546;0.07219251;0.07219251
16.97;0;95;0;92;19.062181447502546;0.21657754;0.21657754
16.98;0;97;0;91;19.164118246687053;0.43085107;0.43085107
16.99;0;99;0;90;19.266055045871557;0.64285713;0.64285713
17.0;0;101;0;89;19.367991845056064;0.85263157;0.85263157
17.01;0;103;0;87;19.367991845056064;1.1368421;1.1368421
17.02;0;105;0;86;19.46992864424057;1.342932;1.342932
17.03;0;106;0;84;19.367991845056064;1.5631579;1.5631579
17.04;0;108;0;82;19.367991845056064;1.8473685;1.8473685
17.05;0;110;0;80;19.367991845056064;2.131579;2.131579
17.06;0;111;0;78;19.266055045871557;2.357143;2.357143
17.07;0;112;0;76;19.164118246687053;2.5851064;2.5851064
17.08;0;113;0;75;19.164118246687053;2.7287233;2.7287233
17.09;0;115;0;74;19.266055045871557;2.9285715;2.9285715
17.1;0;116;0;73;19.266055045871557;3.0714285;3.0714285
17.11;0;116;0;73;19.266055045871557;3.0714285;3.0714285
17.12;0;117;0;73;19.367991845056064;3.1263158;3.1263158
17.13;0;118;0;73;19.46992864424057;3.1806283;3.1806283
17.14;0;118;0;72;19.367991845056064;3.268421;3.268421
17.15;0;119;0;72;19.46992864424057;3.3219895;3.3219895
17.16;0;119;0;71;19.367991845056064;3.4105263;3.4105263
17.17;0;119;0;70;19.266055045871557;3.5;3.5
17.18;0;119;0;70;19.266055045871557;3.5;3.5
17.19;0;120;0;69;19.266055045871557;3.642857;3.642857
17.2;0;120;0;68;19.164118246687053;3.7340426;3.7340426
17.21;0;120;0;68;19.164118246687053;3.7340426;3.7340426
17.22;0;120;0;69;19.266055045871557;3.642857;3.642857
17.23;0;120;0;69;19.266055045871557;3.642857;3.642857
17.24;0;120;0;69;19.266055045871557;3.642857;3.642857
17.25;0;120;0;70;19.367991845056064;3.5526316;3.5526316
17.26;0;120;0;70;19.367991845056064;3.5526316;3.5526316
17.27;0;119;0;70;19.266055045871557;3.5;3.5
17.28;0;118;0;70;19.164118246687053;3.4468086;3.4468086
17.29;0;118;0;70;19.164118246687053;3.4468086;3.4468086
17.3;0;117;0;70;19.062181447502546;3.393048;3.393048
17.31;0;116;0;70;18.960244648318042;3.3387096;3.3387096
17.32;0;116;0;70;18.960244648318042;3.3387096;3.3387096
17.33;0;115;0;70;18.858307849133535;3.2837837;3.2837837
17.34;0;114;0;70;18.75637104994903;3.2282608;3.2282608
17.35;0;114;0;70;18.75637104994903;3.2282608;3.2282608
17.36;0;113;0;71;18.75637104994903;3.0815217;3.0815217
17.37;0;113;0;71;18.75637104994903;3.0815217;3.0815217
17.38;0;112;0;71;18.654434250764524;3.0245903;3.0245903
17.39;0;112;0;72;18.75637104994903;2.9347825;2.9347825
17.4;0;112;0;72;18.75637104994903;2.9347825;2.9347825
17.41;0;111;0;72;18.654434250764524;2.8770492;2.8770492
17.42;0;111;0;72;18.654434250764524;2.8770492;2.8770492
17.43;0;110;0;72;18.55249745158002;2.8186812;2.8186812
17.44;0;109;0;72;18.450560652395513;2.7596686;2.7596686
17.45;0;108;0;72;18.34862385321101;2.7;2.7
17.46;0;107;0;72;18.246687054026502;2.639665;2.639665
17.47;0;106;0;72;18.144750254842;2.5786517;2.5786517
17.48;0;106;0;73;18.246687054026502;2.4888268;2.4888268
17.49;0;105;0;73;18.144750254842;2.4269662;2.4269662
17.5;0;104;0;73;18.04281345565749;2.3644068;2.3644068
17.51;0;103;0;73;17.940876656472987;2.3011363;2.3011363
17.52;0;102;0;73;17.83893985728848;2.2371428;2.2371428
17.53;0;101;0;73;17.737003058103976;2.1724138;2.1724138
17.54;0;100;0;74;17.737003058103976;2.0172415;2.0172415
17.55;0;99;0;74;17.63506625891947;1.950867;1.950867
17.56;0;98;0;74;17.533129459734962;1.8837209;1.8837209
17.57;0;97;0;74;17.431192660550458;1.8157895;1.8157895
17.58;0;96;0;75;17.431192660550458;1.6578947;1.6578947
17.59;0;95;0;75;17.32925586136595;1.5882353;1.5882353
17.6;0;94;0;75;17.227319062181447;1.5177515;1.5177515
17.61;0;93;0;75;17.12538226299694;1.4464285;1.4464285
17.62;0;92;0;76;17.12538226299694;1.2857143;1.2857143
17.63;0;91;0;76;17.023445463812436;1.2125748;1.2125748
17.64;0;90;0;77;17.023445463812436;1.0508982;1.0508982
17.65;0;89;0;77;16.92150866462793;0.97590363;0.97590363
17.66;0;88;0;77;16.819571865443425;0.9;0.9
17.67;0;87;0;78;16.819571865443425;0.73636365;0.73636365
17.68;0;86;0;78;16.717635066258918;0.6585366;0.6585366
17.69;0;85;0;77;16.513761467889907;0.6666667;0.6666667
17.7;0;83;0;77;16.309887869520896;0.50625;0.50625
17.71;0;82;0;76;16.106014271151885;0.51265824;0.51265824
17.72;0;80;0;75;15.800203873598369;0.43548387;0.43548387
17.73;0;78;0;73;15.392456676860347;0.44701988;0.44701988
17.74;0;76;0;72;15.086646279306828;0.36486486;0.36486486
17.75;0;73;0;70;14.576962283384301;0.28321677;0.28321677
17.76;0;71;0;68;14.169215086646279;0.2913669;0.2913669
17.77;0;68;0;66;13.65953109072375;0.20149253;0.20149253
17.78;0;66;0;64;13.251783893985728;0.20769231;0.20769231
17.79;0;63;0;62;12.7420998980632;0.108;0.108
17.8;0;60;0;60;12.232415902140673;0.0;0.0
17.81;0;57;0;57;11.620795107033638;0.0;0.0
17.82;0;54;0;55;11.11111111111111;-0.123853214;-0.123853214
17.83;0;52;0;53;10.703363914373089;-0.12857144;-0.12857144
17.84;0;49;0;51;10.19367991845056;-0.27;-0.27
17.85;0;46;0;49;9.683995922528032;-0.42631578;-0.42631578
17.86;0;44;0;46;9.174311926605505;-0.3;-0.3
17.87;0;41;0;44;8.664627930682975;-0.4764706;-0.4764706
17.88;0;38;0;41;8.053007135575942;-0.51265824;-0.51265824
17.89;0;36;0;39;7.6452599388379205;-0.54;-0.54
17.9;0;33;0;37;7.135575942915392;-0.7714286;-0.7714286
17.91;0;32;0;35;6.829765545361875;-0.6044776;-0.6044776
17.92;0;30;0;34;6.523955147808358;-0.84375;-0.84375
17.93;0;28;0;32;6.116207951070336;-0.9;-0.9
17.94;0;27;0;31;5.912334352701325;-0.9310345;-0.9310345
17.95;0;25;0;29;5.504587155963303;-1.0;-1.0
17.96;0;23;0;28;5.198776758409785;-1.3235294;-1.3235294
17.97;0;21;0;26;4.791029561671763;-1.4361702;-1.4361702
17.98;0;19;0;24;4.3832823649337405;-1.5697675;-1.5697675
17.99;0;17;0;22;3.9755351681957185;-1.7307693;-1.7307693
18.0;0;15;0;20;3.567787971457696;-1.9285715;-1.9285715
18.01;0;13;0;18;3.1600407747196737;-2.1774194;-2.1774194
18.02;0;11;0;16;2.7522935779816513;-2.5;-2.5
18.03;0;9;0;14;2.344546381243629;-2.9347825;-2.9347825
18.04;0;6;0;12;1.8348623853211008;-4.5;-4.5
18.05;0;4;0;10;1.4271151885830784;-5.785714;-5.785714
18.06;0;3;0;8;1.1213047910295617;-6.1363635;-6.1363635
18.07;0;1;0;7;0.8154943934760448;-10.125;-10.125
18.08;0;0;0;5;0.509683995922528;-13.5;-13.5
18.09;0;0;0;4;0.4077471967380224;-13.5;-13.5
18.1;0;0;0;4;0.4077471967380224;-13.5;-13.5
18.11;0;0;0;3;0.3058103975535168;-13.5;-13.5
18.12;0;0;0;2;0.2038735983690112;-13.5;-13.5
18.13;0;0;0;1;0.1019367991845056;-13.5;-13.5
18.14;0;0;0;0;0.0;0.0;0.0
18.15;0;0;0;0;0.0;0.0;0.0
18.16;0;0;0;0;0.0;0.0;0.0
18.17;0;0;0;0;0.0;0.0;0.0
18.18;0;0;0;0;0.0;0.0;0.0
18.19;0;0;0;0;0.0;0.0;0.0
18.2;0;0;0;0;0.0;0.0;0.0
18.21;0;0;0;0;0.0;0.0;0.0
18.22;0;0;0;0;0.0;0.0;0.0
18.23;0;0;0;0;0.0;0.0;0.0
18.24;0;0;0;0;0.0;0.0;0.0
18.25;0;0;0;0;0.0;0.0;0.0
18.26;0;0;0;0;0.0;0.0;0.0
18.27;0;0;0;0;0.0;0.0;0.0
18.28;0;0;0;0;0.0;0.0;0.0
18.29;0;0;0;0;0.0;0.0;0.0
18.3;0;0;0;0;0.0;0.0;0.0
18.31;0;0;0;0;0.0;0.0;0.0
18.32;0;0;0;0;0.0;0.0;0.0
18.33;0;0;0;0;0.0;0.0;0.0
18.34;0;0;0;0;0.0;0.0;0.0
18.35;0;0;0;0;0.0;0.0;0.0
18.36;0;0;0;0;0.0;0.0;0.0
18.37;0;0;0;0;0.0;0.0;0.0
18.38;0;0;0;0;0.0;0.0;0.0
18.39;0;0;0;0;0.0;0.0;0.0
18.4;0;0;0;0;0.0;0.0;0.0
18.41;0;0;0;0;0.0;0.0;0.0
18.42;0;0;0;0;0.0;0.0;0.0
18.43;0;0;0;0;0.0;0.0;0.0
18.44;0;0;0;0;0.0;0.0;0.0
18.45;0;0;0;0;0.0;0.0;0.0
18.46;0;0;0;0;0.0;0.0;0.0
18.47;0;0;0;0;0.0;0.0;0.0
18.48;0;0;0;0;0.0;0.0;0.0
18.49;0;0;0;0;0.0;0.0;0.0
18.5;0;0;0;0;0.0;0.0;0.0
18.51;0;0;0;0;0.0;0.0;0.0
18.52;0;0;0;0;0.0;0.0;0.0
18.53;0;0;0;0;0.0;0.0;0.0
18.54;0;0;0;0;0.0;0.0;0.0
18.55;0;0;0;0;0.0;0.0;0.0
18.56;0;0;0;0;0.0;0.0;0.0
18.57;0;0;0;0;0.0;0.0;0.0
18.58;0;0;0;0;0.0;0.0;0.0
18.59;0;0;0;0;0.0;0.0;0.0
18.6;0;0;0;0;0.0;0.0;0.0
18.61;0;0;0;0;0.0;0.0;0.0
18.62;0;0;0;0;0.0;0.0;0.0
18.63;0;0;0;0;0.0;0.0;0.0
18.64;0;0;0;0;0.0;0.0;0.0
18.65;0;0;0;0;0.0;0.0;0.0
18.66;0;0;0;0;0.0;0.0;0.0
18.67;0;0;0;0;0.0;0.0;0.0
18.68;0;0;0;0;0.0;0.0;0.0
18.69;0;0;0;0;0.0;0.0;0.0
18.7;0;0;0;0;0.0;0.0;0.0
18.71;0;0;0;0;0.0;0.0;0.0
18.72;0;0;0;0;0.0;0.0;0.0
18.73;0;0;0;0;0.0;0.0;0.0
18.74;0;0;0;0;0.0;0.0;0.0
18.75;0;0;0;0;0.0;0.0;0.0
18.76;0;0;0;0;0.0;0.0;0.0
18.77;0;0;0;0;0.0;0.0;0.0
18.78;0;0;0;0;0.0;0.0;0.0
18.79;0;0;0;0;0.0;0.0;0.0
18.8;0;0;0;0;0.0;0.0;0.0
18.81;0;0;0;0;0.0;0.0;0.0
18.82;0;0;0;0;0.0;0.0;0.0
18.83;0;0;0;0;0.0;0.0;0.0
18.84;0;0;0;0;0.0;0.0;0.0
18.85;0;0;0;0;0.0;0.0;0.0
18.86;0;0;0;0;0.0;0.0;0.0
18.87;0;0;0;0;0.0;0.0;0.0
18.88;0;0;0;0;0.0;0.0;0.0
18.89;0;0;0;0;0.0;0.0;0.0
18.9;0;0;0;0;0.0;0.0;0.0
18.91;0;0;0;0;0.0;0.0;0.0
18.92;0;0;0;0;0.0;0.0;0.0
18.93;0;0;0;0;0.0;0.0;0.0
18.94;0;0;0;0;0.0;0.0;0.0
18.95;0;0;0;0;0.0;0.0;0.0
18.96;0;0;0;0;0.0;0.0;0.0
18.97;0;0;0;0;0.0;0.0;0.0
18.98;0;0;0;0;0.0;0.0;0.0
18.99;0;0;0;0;0.0;0.0;0.0
19.0;0;0;0;0;0.0;0.0;0.0
19.01;0;0;0;0;0.0;0.0;0.0
19.02;0;0;0;0;0.0;0.0;0.0
19.03;0;0;0;0;0.0;0.0;0.0
19.04;0;0;0;0;0.0;0.0;0.0
19.05;0;0;0;0;0.0;0.0;0.0
19.06;0;0;0;0;0.0;0.0;0.0
19.07;0;0;0;0;0.0;0.0;0.0
19.08;0;0;0;0;0.0;0.0;0.0
19.09;0;0;0;0;0.0;0.0;0.0
19.1;0;0;0;0;0.0;0.0;0.0
19.11;0;0;0;0;0.0;0.0;0.0
19.12;0;0;0;0;0.0;0.0;0.0
19.13;0;0;0;0;0.0;0.0;0.0
19.14;0;0;0;0;0.0;0.0;0.0
19.15;0;0;0;0;0.0;0.0;0.0
19.16;0;0;0;0;0.0;0.0;0.0
19.17;0;0;0;0;0.0;0.0;0.0
19.18;0;0;0;0;0.0;0.0;0.0
19.19;0;0;0;0;0.0;0.0;0.0
19.2;0;0;0;0;0.0;0.0;0.0
19.21;0;0;0;0;0.0;0.0;0.0
19.22;0;0;0;0;0.0;0.0;0.0
19.23;0;0;0;0;0.0;0.0;0.0
19.24;0;0;0;0;0.0;0.0;0.0
19.25;0;0;0;0;0.0;0.0;0.0
19.26;0;0;0;0;0.0;0.0;0.0
19.27;0;0;0;0;0.0;0.0;0.0
19.28;0;0;0;0;0.0;0.0;0.0
19.29;0;0;0;0;0.0;0.0;0.0
19.3;0;0;0;0;0.0;0.0;0.0
19.31;0;0;0;0;0.0;0.0;0.0
19.32;0;0;0;0;0.0;0.0;0.0
19.33;0;0;0;0;0.0;0.0;0.0
19.34;0;0;0;0;0.0;0.0;0.0
19.35;0;0;0;0;0.0;0.0;0.0
19.36;0;0;0;0;0.0;0.0;0.0
19.37;0;0;0;0;0.0;0.0;0.0
19.38;0;0;0;0;0.0;0.0;0.0
19.39;0;0;0;0;0.0;0.0;0.0
19.4;0;0;0;0;0.0;0.0;0.0
19.41;0;0;0;0;0.0;0.0;0.0
19.42;0;0;0;0;0.0;0.0;0.0
19.43;0;0;0;0;0.0;0.0;0.0
19.44;0;0;0;0;0.0;0.0;0.0
19.45;0;0;0;0;0.0;0.0;0.0
19.46;0;0;0;0;0.0;0.0;0.0
19.47;0;0;0;0;0.0;0.0;0.0
19.48;0;0;0;0;0.0;0.0;0.0
19.49;0;0;0;0;0.0;0.0;0.0
19.5;0;0;0;0;0.0;0.0;0.0
19.51;0;0;0;0;0.0;0.0;0.0
19.52;0;0;0;0;0.0;0.0;0.0
19.53;0;0;0;0;0.0;0.0;0.0
19.54;0;0;0;0;0.0;0.0;0.0
19.55;0;0;0;0;0.0;0.0;0.0
19.56;0;0;0;0;0.0;0.0;0.0
19.57;0;0;0;0;0.0;0.0;0.0
19.58;0;0;0;0;0.0;0.0;0.0
19.59;0;0;0;0;0.0;0.0;0.0
19.6;0;0;0;0;0.0;0.0;0.0
19.61;0;0;0;0;0.0;0.0;0.0
19.62;0;0;0;0;0.0;0.0;0.0
19.63;0;0;0;0;0.0;0.0;0.0
19.64;0;0;0;0;0.0;0.0;0.0
19.65;0;0;0;0;0.0;0.0;0.0
19.66;0;0;0;0;0.0;0.0;0.0
19.67;0;0;0;0;0.0;0.0;0.0
19.68;0;0;0;0;0.0;0.0;0.0
19.69;0;0;0;0;0.0;0.0;0.0
19.7;0;0;0;0;0.0;0.0;0.0
19.71;0;0;0;0;0.0;0.0;0.0
19.72;0;0;0;0;0.0;0.0;0.0
19.73;0;0;0;0;0.0;0.0;0.0
19.74;0;0;0;0;0.0;0.0;0.0
19.75;0;0;0;0;0.0;0.0;0.0
19.76;0;0;0;0;0.0;0.0;0.0
19.77;0;0;0;0;0.0;0.0;0.0
19.78;0;0;0;0;0.0;0.0;0.0
19.79;0;0;0;0;0.0;0.0;0.0
19.8;0;0;0;0;0.0;0.0;0.0
19.81;0;0;0;0;0.0;0.0;0.0
19.82;0;0;0;0;0.0;0.0;0.0
19.83;0;0;0;0;0.0;0.0;0.0
19.84;0;0;0;0;0.0;0.0;0.0
19.85;0;0;0;0;0.0;0.0;0.0
19.86;0;0;0;0;0.0;0.0;0.0
19.87;0;0;0;0;0.0;0.0;0.0
19.88;0;0;0;0;0.0;0.0;0.0
19.89;0;0;0;0;0.0;0.0;0.0
19.9;0;0;0;0;0.0;0.0;0.0
19.91;0;0;0;0;0.0;0.0;0.0
19.92;0;0;0;0;0.0;0.0;0.0
19.93;0;0;0;0;0.0;0.0;0.0
19.94;0;0;0;0;0.0;0.0;0.0
19.95;0;0;0;0;0.0;0.0;0.0
19.96;0;0;0;0;0.0;0.0;0.0
19.97;0;0;0;0;0.0;0.0;0.0
19.98;0;0;0;0;0.0;0.0;0.0
19.99;0;0;0;0;0.0;0.0;0.0
20.0;0;0;0;0;0.0;0.0;0.0
20.01;0;0;0;0;0.0;0.0;0.0
20.02;0;0;0;0;0.0;0.0;0.0
20.03;0;0;0;0;0.0;0.0;0.0
20.04;0;0;0;0;0.0;0.0;0.0
20.05;0;0;0;0;0.0;0.0;0.0
20.06;0;0;0;0;0.0;0.0;0.0
20.07;0;0;0;0;0.0;0.0;0.0
20.08;0;0;0;0;0.0;0.0;0.0
