 Height:  Visitor ;  Weight:  Visitor ;  Age:  -1 ;  Gender:  Visitor; name: hasan; color: pink; situation: normal
0.01;0;0;0;0;0.0;0.0;0.0;37.51274209989806;14.13;9;0;1;4;4; 58.96344266554733; 8.722484509951038; 1.114644496544959; 1.1100991230937245
0.01;0;0;0;0;0.0;0.0;0.0;37.51274209989806;14.13;9;0;1;4;4; 58.96344266554733; 8.722484509951038; 1.114644496544959; 1.1100991230937245
0.02;0;0;0;0;0.0;0.0;0.0
0.03;0;0;0;0;0.0;0.0;0.0
0.04;0;0;0;0;0.0;0.0;0.0
0.05;0;0;0;0;0.0;0.0;0.0
0.06;0;0;0;0;0.0;0.0;0.0
0.07;0;0;0;0;0.0;0.0;0.0
0.08;0;0;0;0;0.0;0.0;0.0
0.09;0;0;0;0;0.0;0.0;0.0
0.1;0;0;0;0;0.0;0.0;0.0
0.11;0;0;0;0;0.0;0.0;0.0
0.12;0;0;0;0;0.0;0.0;0.0
0.13;0;0;0;0;0.0;0.0;0.0
0.14;0;0;0;0;0.0;0.0;0.0
0.15;0;0;0;0;0.0;0.0;0.0
0.16;0;0;0;0;0.0;0.0;0.0
0.17;0;0;0;0;0.0;0.0;0.0
0.18;0;0;0;0;0.0;0.0;0.0
0.19;0;0;0;0;0.0;0.0;0.0
0.2;0;0;0;0;0.0;0.0;0.0
0.21;0;0;0;0;0.0;0.0;0.0
0.22;0;0;0;0;0.0;0.0;0.0
0.23;0;0;0;0;0.0;0.0;0.0
0.24;0;0;0;0;0.0;0.0;0.0
0.25;0;0;0;0;0.0;0.0;0.0
0.26;0;0;0;0;0.0;0.0;0.0
0.27;0;0;0;0;0.0;0.0;0.0
0.28;0;0;0;0;0.0;0.0;0.0
0.29;0;0;0;0;0.0;0.0;0.0
0.3;0;0;0;0;0.0;0.0;0.0
0.31;0;0;0;0;0.0;0.0;0.0
0.32;0;0;0;0;0.0;0.0;0.0
0.33;0;0;0;0;0.0;0.0;0.0
0.34;0;0;0;0;0.0;0.0;0.0
0.35;0;0;0;0;0.0;0.0;0.0
0.36;0;0;0;0;0.0;0.0;0.0
0.37;0;0;0;0;0.0;0.0;0.0
0.38;0;0;0;0;0.0;0.0;0.0
0.39;0;0;0;0;0.0;0.0;0.0
0.4;0;0;0;0;0.0;0.0;0.0
0.41;0;0;0;0;0.0;0.0;0.0
0.42;0;0;0;0;0.0;0.0;0.0
0.43;0;0;0;0;0.0;0.0;0.0
0.44;0;0;0;0;0.0;0.0;0.0
0.45;0;0;0;0;0.0;0.0;0.0
0.46;0;0;0;0;0.0;0.0;0.0
0.47;0;0;0;0;0.0;0.0;0.0
0.48;0;0;0;0;0.0;0.0;0.0
0.49;0;0;0;0;0.0;0.0;0.0
0.5;0;0;0;0;0.0;0.0;0.0
0.51;0;0;0;0;0.0;0.0;0.0
0.52;0;0;0;0;0.0;0.0;0.0
0.53;0;0;0;0;0.0;0.0;0.0
0.54;0;0;0;0;0.0;0.0;0.0
0.55;0;0;0;0;0.0;0.0;0.0
0.56;0;0;0;0;0.0;0.0;0.0
0.57;0;0;0;0;0.0;0.0;0.0
0.58;0;0;0;0;0.0;0.0;0.0
0.59;0;0;0;0;0.0;0.0;0.0
0.6;0;0;0;0;0.0;0.0;0.0
0.61;0;0;0;0;0.0;0.0;0.0
0.62;0;0;0;0;0.0;0.0;0.0
0.63;0;0;0;0;0.0;0.0;0.0
0.64;0;0;0;0;0.0;0.0;0.0
0.65;0;0;0;0;0.0;0.0;0.0
0.66;0;0;0;0;0.0;0.0;0.0
0.67;0;0;0;0;0.0;0.0;0.0
0.68;0;0;0;0;0.0;0.0;0.0
0.69;0;0;0;0;0.0;0.0;0.0
0.7;0;0;0;0;0.0;0.0;0.0
0.71;0;0;0;0;0.0;0.0;0.0
0.72;0;0;0;0;0.0;0.0;0.0
0.73;0;0;0;0;0.0;0.0;0.0
0.74;0;0;0;0;0.0;0.0;0.0
0.75;0;0;0;0;0.0;0.0;0.0
0.76;0;0;0;0;0.0;0.0;0.0
0.77;0;0;0;0;0.0;0.0;0.0
0.78;0;0;0;0;0.0;0.0;0.0
0.79;0;0;0;0;0.0;0.0;0.0
0.8;0;0;0;0;0.0;0.0;0.0
0.81;0;0;0;0;0.0;0.0;0.0
0.82;0;0;0;0;0.0;0.0;0.0
0.83;0;0;0;0;0.0;0.0;0.0
0.84;0;0;0;0;0.0;0.0;0.0
0.85;0;0;0;0;0.0;0.0;0.0
0.86;0;0;0;0;0.0;0.0;0.0
0.87;0;0;0;0;0.0;0.0;0.0
0.88;0;0;0;0;0.0;0.0;0.0
0.89;0;0;0;0;0.0;0.0;0.0
0.9;0;0;0;0;0.0;0.0;0.0
0.91;0;0;0;0;0.0;0.0;0.0
0.92;0;0;0;0;0.0;0.0;0.0
0.93;0;0;0;0;0.0;0.0;0.0
0.94;0;0;0;0;0.0;0.0;0.0
0.95;0;0;0;0;0.0;0.0;0.0
0.96;0;0;0;0;0.0;0.0;0.0
0.97;0;0;0;0;0.0;0.0;0.0
0.98;0;0;0;0;0.0;0.0;0.0
0.99;0;0;0;0;0.0;0.0;0.0
1.0;0;0;0;0;0.0;0.0;0.0
1.01;0;0;0;0;0.0;0.0;0.0
1.02;0;0;0;0;0.0;0.0;0.0
1.03;0;0;0;0;0.0;0.0;0.0
1.04;0;0;0;0;0.0;0.0;0.0
1.05;0;0;0;0;0.0;0.0;0.0
1.06;0;0;0;0;0.0;0.0;0.0
1.07;0;0;0;0;0.0;0.0;0.0
1.08;0;0;0;0;0.0;0.0;0.0
1.09;0;0;0;0;0.0;0.0;0.0
1.1;0;0;0;0;0.0;0.0;0.0
1.11;0;0;0;0;0.0;0.0;0.0
1.12;0;0;0;0;0.0;0.0;0.0
1.13;0;0;0;0;0.0;0.0;0.0
1.14;0;0;0;0;0.0;0.0;0.0
1.15;0;0;0;0;0.0;0.0;0.0
1.16;0;0;0;0;0.0;0.0;0.0
1.17;0;0;0;0;0.0;0.0;0.0
1.18;0;0;0;0;0.0;0.0;0.0
1.19;0;0;0;0;0.0;0.0;0.0
1.2;0;0;0;0;0.0;0.0;0.0
1.21;0;0;0;0;0.0;0.0;0.0
1.22;0;0;0;0;0.0;0.0;0.0
1.23;0;0;0;0;0.0;0.0;0.0
1.24;0;0;0;0;0.0;0.0;0.0
1.25;0;0;0;0;0.0;0.0;0.0
1.26;0;0;0;0;0.0;0.0;0.0
1.27;0;0;0;0;0.0;0.0;0.0
1.28;0;0;0;0;0.0;0.0;0.0
1.29;0;0;0;0;0.0;0.0;0.0
1.3;0;0;0;0;0.0;0.0;0.0
1.31;0;0;0;0;0.0;0.0;0.0
1.32;0;0;0;0;0.0;0.0;0.0
1.33;0;0;0;0;0.0;0.0;0.0
1.34;0;0;0;0;0.0;0.0;0.0
1.35;0;0;0;0;0.0;0.0;0.0
1.36;0;0;0;0;0.0;0.0;0.0
1.37;0;0;0;0;0.0;0.0;0.0
1.38;0;0;0;0;0.0;0.0;0.0
1.39;0;0;0;0;0.0;0.0;0.0
1.4;0;0;0;0;0.0;0.0;0.0
1.41;0;0;0;0;0.0;0.0;0.0
1.42;0;0;0;0;0.0;0.0;0.0
1.43;0;0;0;0;0.0;0.0;0.0
1.44;0;0;0;0;0.0;0.0;0.0
1.45;0;0;0;0;0.0;0.0;0.0
1.46;0;0;0;0;0.0;0.0;0.0
1.47;0;0;0;0;0.0;0.0;0.0
1.48;0;0;0;0;0.0;0.0;0.0
1.49;0;0;0;0;0.0;0.0;0.0
1.5;0;0;0;0;0.0;0.0;0.0
1.51;0;0;0;0;0.0;0.0;0.0
1.52;0;0;0;0;0.0;0.0;0.0
1.53;0;0;0;0;0.0;0.0;0.0
1.54;0;0;0;0;0.0;0.0;0.0
1.55;0;0;0;0;0.0;0.0;0.0
1.56;0;0;0;0;0.0;0.0;0.0
1.57;0;0;0;0;0.0;0.0;0.0
1.58;0;0;0;0;0.0;0.0;0.0
1.59;0;0;0;0;0.0;0.0;0.0
1.6;0;0;0;0;0.0;0.0;0.0
1.61;0;0;0;0;0.0;0.0;0.0
1.62;0;0;0;0;0.0;0.0;0.0
1.63;0;0;0;0;0.0;0.0;0.0
1.64;0;0;0;0;0.0;0.0;0.0
1.65;0;0;0;0;0.0;0.0;0.0
1.66;0;0;0;0;0.0;0.0;0.0
1.67;0;0;0;0;0.0;0.0;0.0
1.68;0;0;0;0;0.0;0.0;0.0
1.69;0;0;0;0;0.0;0.0;0.0
1.7;0;0;0;0;0.0;0.0;0.0
1.71;0;0;0;0;0.0;0.0;0.0
1.72;0;0;0;0;0.0;0.0;0.0
1.73;0;0;0;0;0.0;0.0;0.0
1.74;0;0;0;0;0.0;0.0;0.0
1.75;0;0;0;0;0.0;0.0;0.0
1.76;0;0;0;0;0.0;0.0;0.0
1.77;0;0;0;0;0.0;0.0;0.0
1.78;0;0;0;0;0.0;0.0;0.0
1.79;0;0;0;0;0.0;0.0;0.0
1.8;0;0;0;0;0.0;0.0;0.0
1.81;0;0;0;0;0.0;0.0;0.0
1.82;0;0;0;0;0.0;0.0;0.0
1.83;0;0;0;0;0.0;0.0;0.0
1.84;0;0;0;0;0.0;0.0;0.0
1.85;0;0;0;0;0.0;0.0;0.0
1.86;0;0;0;0;0.0;0.0;0.0
1.87;0;0;0;0;0.0;0.0;0.0
1.88;0;0;0;0;0.0;0.0;0.0
1.89;0;0;0;0;0.0;0.0;0.0
1.9;0;0;0;0;0.0;0.0;0.0
1.91;0;0;0;0;0.0;0.0;0.0
1.92;0;0;0;0;0.0;0.0;0.0
1.93;0;0;0;0;0.0;0.0;0.0
1.94;0;0;0;0;0.0;0.0;0.0
1.95;0;0;0;0;0.0;0.0;0.0
1.96;0;0;0;0;0.0;0.0;0.0
1.97;0;0;0;0;0.0;0.0;0.0
1.98;0;0;0;0;0.0;0.0;0.0
1.99;0;0;0;0;0.0;0.0;0.0
2.0;0;5;0;1;0.6116207951070336;9.0;9.0
2.01;0;10;0;2;1.2232415902140672;9.0;9.0
2.02;0;11;0;2;1.325178389398573;9.346154;9.346154
2.03;0;14;0;3;1.7329255861365953;8.735294;8.735294
2.04;0;18;0;6;2.4464831804281344;6.75;6.75
2.05;0;21;0;8;2.9561671763506623;6.051724;6.051724
2.06;0;24;0;10;3.4658511722731906;5.5588236;5.5588236
2.07;0;27;0;11;3.873598369011213;5.6842103;5.6842103
2.08;0;31;0;11;4.281345565749235;6.428571;6.428571
2.09;0;33;0;11;4.485219164118247;6.75;6.75
2.1;0;35;0;11;4.689092762487258;7.0434785;7.0434785
2.11;0;35;0;11;4.689092762487258;7.0434785;7.0434785
2.12;0;36;0;11;4.791029561671763;7.180851;7.180851
2.13;0;37;0;11;4.892966360856269;7.3125;7.3125
2.14;0;38;0;12;5.09683995922528;7.02;7.02
2.15;0;40;0;14;5.504587155963303;6.5;6.5
2.16;0;42;0;17;6.01427115188583;5.720339;5.720339
2.17;0;46;0;21;6.829765545361875;5.0373135;5.0373135
2.18;0;51;0;26;7.8491335372069315;4.3831167;4.3831167
2.19;0;58;0;31;9.072375127421;4.0955057;4.0955057
2.2;0;67;0;36;10.499490316004078;4.063107;4.063107
2.21;0;77;0;41;12.02854230377166;4.118644;4.118644
2.22;0;88;0;46;13.65953109072375;4.2313433;4.2313433
2.23;0;98;0;51;15.188583078491334;4.2583895;4.2583895
2.24;0;109;0;56;16.819571865443425;4.336364;4.336364
2.25;0;119;0;60;18.246687054026502;4.449721;4.449721
2.26;0;130;0;65;19.877675840978593;4.5;4.5
2.27;0;140;0;69;21.30479102956167;4.5861244;4.5861244
2.28;0;150;0;73;22.73190621814475;4.661435;4.661435
2.29;0;160;0;77;24.159021406727827;4.727848;4.727848
2.3;0;170;0;82;25.68807339449541;4.714286;4.714286
2.31;0;181;0;86;27.217125382262996;4.803371;4.803371
2.32;0;190;0;91;28.644240570846073;4.756228;4.756228
2.33;0;199;0;95;29.969418960244646;4.7755103;4.7755103
2.34;0;207;0;97;30.988786952089704;4.8848686;4.8848686
2.35;0;213;0;99;31.804281345565748;4.9326925;4.9326925
2.36;0;218;0;100;32.415902140672785;5.0094337;5.0094337
2.37;0;221;0;100;32.7217125382263;5.088785;5.088785
2.38;0;222;0;98;32.61977573904179;5.23125;5.23125
2.39;0;222;0;96;32.415902140672785;5.3490567;5.3490567
2.4;0;221;0;94;32.11009174311926;5.4428573;5.4428573
2.41;0;221;0;91;31.804281345565748;5.625;5.625
2.42;0;220;0;89;31.49847094801223;5.723301;5.723301
2.43;0;220;0;86;31.192660550458715;5.9117646;5.9117646
2.44;0;220;0;84;30.988786952089704;6.0394735;6.0394735
2.45;0;221;0;83;30.988786952089704;6.1282897;6.1282897
2.46;0;222;0;81;30.886850152905197;6.2821784;6.2821784
2.47;0;224;0;80;30.988786952089704;6.394737;6.394737
2.48;0;226;0;79;31.090723751274208;6.5065575;6.5065575
2.49;0;229;0;79;31.396534148827726;6.5746756;6.5746756
2.5;0;233;0;78;31.70234454638124;6.728296;6.728296
2.51;0;236;0;78;32.008154943934755;6.7929935;6.7929935
2.52;0;239;0;77;32.21202854230377;6.920886;6.920886
2.53;0;242;0;77;32.517838939857285;6.9827585;6.9827585
2.54;0;245;0;77;32.82364933741081;7.0434785;7.0434785
2.55;0;248;0;77;33.12945973496432;7.103077;7.103077
2.56;0;251;0;77;33.435270132517836;7.1615853;7.1615853
2.57;0;253;0;77;33.63914373088685;7.2;7.2
2.58;0;256;0;77;33.944954128440365;7.256757;7.256757
2.59;0;259;0;77;34.25076452599388;7.3125;7.3125
2.6;0;261;0;77;34.454638124362894;7.3491125;7.3491125
2.61;0;263;0;77;34.6585117227319;7.385294;7.385294
2.62;0;264;0;77;34.76044852191641;7.403226;7.403226
2.63;0;265;0;78;34.96432212028542;7.3600583;7.3600583
2.64;0;265;0;78;34.96432212028542;7.3600583;7.3600583
2.65;0;266;0;78;35.066258919469924;7.377907;7.377907
2.66;0;265;0;79;35.066258919469924;7.2994184;7.2994184
2.67;0;265;0;79;35.066258919469924;7.2994184;7.2994184
2.68;0;263;0;80;34.96432212028542;7.202624;7.202624
2.69;0;261;0;81;34.862385321100916;7.105263;7.105263
2.7;0;259;0;82;34.76044852191641;7.0073314;7.0073314
2.71;0;257;0;83;34.6585117227319;6.9088235;6.9088235
2.72;0;255;0;84;34.5565749235474;6.8097343;6.8097343
2.73;0;253;0;85;34.454638124362894;6.710059;6.710059
2.74;0;251;0;89;34.6585117227319;6.432353;6.432353
2.75;0;250;0;92;34.862385321100916;6.236842;6.236842
2.76;0;249;0;94;34.96432212028542;6.100583;6.100583
2.77;0;248;0;94;34.862385321100916;6.0789475;6.0789475
2.78;0;245;0;94;34.5565749235474;6.013274;6.013274
2.79;0;242;0;96;34.454638124362894;5.831361;5.831361
2.8;0;238;0;98;34.25076452599388;5.625;5.625
2.81;0;235;0;101;34.25076452599388;5.383929;5.383929
2.82;0;232;0;105;34.35270132517839;5.0875373;5.0875373
2.83;0;228;0;109;34.35270132517839;4.767062;4.767062
2.84;0;225;0;113;34.454638124362894;4.473373;4.473373
2.85;0;220;0;118;34.454638124362894;4.0739646;4.0739646
2.86;0;215;0;123;34.454638124362894;3.6745563;3.6745563
2.87;0;210;0;130;34.6585117227319;3.1764705;3.1764705
2.88;0;205;0;136;34.76044852191641;2.7316716;2.7316716
2.89;0;200;0;142;34.862385321100916;2.2894738;2.2894738
2.9;0;195;0;148;34.96432212028542;1.8498542;1.8498542
2.91;0;191;0;152;34.96432212028542;1.5349854;1.5349854
2.92;0;187;0;156;34.96432212028542;1.2201166;1.2201166
2.93;0;184;0;159;34.96432212028542;0.98396504;0.98396504
2.94;0;182;0;161;34.96432212028542;0.82653064;0.82653064
2.95;0;181;0;163;35.066258919469924;0.7063953;0.7063953
2.96;0;180;0;165;35.16819571865443;0.5869565;0.5869565
2.97;0;180;0;166;35.27013251783894;0.5462428;0.5462428
2.98;0;179;0;167;35.27013251783894;0.4682081;0.4682081
2.99;0;178;0;169;35.372069317023445;0.3501441;0.3501441
3.0;0;178;0;172;35.67787971457696;0.23142858;0.23142858
3.01;0;177;0;175;35.881753312945975;0.07670455;0.07670455
3.02;0;176;0;179;36.18756371049949;-0.114084505;-0.114084505
3.03;0;176;0;183;36.59531090723751;-0.2632312;-0.2632312
3.04;0;175;0;187;36.901121304791026;-0.44751382;-0.44751382
3.05;0;174;0;190;37.10499490316004;-0.5934066;-0.5934066
3.06;0;174;0;193;37.410805300713555;-0.69891006;-0.69891006
3.07;0;173;0;196;37.61467889908257;-0.8414634;-0.8414634
3.08;0;172;0;198;37.71661569826707;-0.94864863;-0.94864863
3.09;0;171;0;200;37.81855249745158;-1.055256;-1.055256
3.1;0;171;0;201;37.920489296636084;-1.0887097;-1.0887097
3.11;0;170;0;202;37.920489296636084;-1.1612903;-1.1612903
3.12;0;169;0;203;37.920489296636084;-1.233871;-1.233871
3.13;0;168;0;204;37.920489296636084;-1.3064516;-1.3064516
3.14;0;167;0;205;37.920489296636084;-1.3790323;-1.3790323
3.15;0;165;0;206;37.81855249745158;-1.4919138;-1.4919138
3.16;0;163;0;207;37.71661569826707;-1.6054054;-1.6054054
3.17;0;161;0;209;37.71661569826707;-1.7513514;-1.7513514
3.18;0;159;0;211;37.71661569826707;-1.8972973;-1.8972973
3.19;0;157;0;213;37.71661569826707;-2.0432432;-2.0432432
3.2;0;155;0;215;37.71661569826707;-2.1891892;-2.1891892
3.21;0;154;0;217;37.81855249745158;-2.2924528;-2.2924528
3.22;0;152;0;220;37.920489296636084;-2.467742;-2.467742
3.23;0;151;0;222;38.02242609582059;-2.569705;-2.569705
3.24;0;150;0;224;38.12436289500509;-2.671123;-2.671123
3.25;0;148;0;226;38.12436289500509;-2.8155081;-2.8155081
3.26;0;147;0;228;38.2262996941896;-2.916;-2.916
3.27;0;146;0;230;38.328236493374106;-3.0159574;-3.0159574
3.28;0;144;0;232;38.328236493374106;-3.1595745;-3.1595745
3.29;0;143;0;234;38.430173292558614;-3.2586207;-3.2586207
3.3;0;142;0;235;38.430173292558614;-3.3302388;-3.3302388
3.31;0;140;0;237;38.430173292558614;-3.4734747;-3.4734747
3.32;0;139;0;238;38.430173292558614;-3.5450928;-3.5450928
3.33;0;138;0;239;38.430173292558614;-3.616711;-3.616711
3.34;0;138;0;240;38.532110091743114;-3.642857;-3.642857
3.35;0;137;0;241;38.532110091743114;-3.7142856;-3.7142856
3.36;0;137;0;241;38.532110091743114;-3.7142856;-3.7142856
3.37;0;136;0;242;38.532110091743114;-3.7857144;-3.7857144
3.38;0;136;0;242;38.532110091743114;-3.7857144;-3.7857144
3.39;0;135;0;242;38.430173292558614;-3.831565;-3.831565
3.4;0;135;0;243;38.532110091743114;-3.857143;-3.857143
3.41;0;135;0;244;38.63404689092762;-3.8825858;-3.8825858
3.42;0;134;0;244;38.532110091743114;-3.9285715;-3.9285715
3.43;0;134;0;245;38.63404689092762;-3.953826;-3.953826
3.44;0;133;0;245;38.532110091743114;-4.0;-4.0
3.45;0;133;0;246;38.63404689092762;-4.025066;-4.025066
3.46;0;132;0;246;38.532110091743114;-4.071429;-4.071429
3.47;0;132;0;247;38.63404689092762;-4.096306;-4.096306
3.48;0;131;0;248;38.63404689092762;-4.1675463;-4.1675463
3.49;0;131;0;249;38.73598369011213;-4.1921053;-4.1921053
3.5;0;131;0;250;38.837920489296636;-4.2165356;-4.2165356
3.51;0;130;0;250;38.73598369011213;-4.263158;-4.263158
3.52;0;130;0;251;38.837920489296636;-4.2874017;-4.2874017
3.53;0;129;0;251;38.73598369011213;-4.3342104;-4.3342104
3.54;0;129;0;251;38.73598369011213;-4.3342104;-4.3342104
3.55;0;128;0;251;38.63404689092762;-4.3812666;-4.3812666
3.56;0;128;0;252;38.73598369011213;-4.405263;-4.405263
3.57;0;127;0;252;38.63404689092762;-4.4525065;-4.4525065
3.58;0;127;0;253;38.73598369011213;-4.476316;-4.476316
3.59;0;126;0;253;38.63404689092762;-4.5237465;-4.5237465
3.6;0;125;0;254;38.63404689092762;-4.594987;-4.594987
3.61;0;125;0;255;38.73598369011213;-4.618421;-4.618421
3.62;0;124;0;255;38.63404689092762;-4.666227;-4.666227
3.63;0;124;0;256;38.73598369011213;-4.6894736;-4.6894736
3.64;0;124;0;256;38.73598369011213;-4.6894736;-4.6894736
3.65;0;123;0;256;38.63404689092762;-4.737467;-4.737467
3.66;0;123;0;256;38.63404689092762;-4.737467;-4.737467
3.67;0;122;0;257;38.63404689092762;-4.808707;-4.808707
3.68;0;122;0;257;38.63404689092762;-4.808707;-4.808707
3.69;0;122;0;257;38.63404689092762;-4.808707;-4.808707
3.7;0;122;0;258;38.73598369011213;-4.8315787;-4.8315787
3.71;0;122;0;258;38.73598369011213;-4.8315787;-4.8315787
3.72;0;122;0;258;38.73598369011213;-4.8315787;-4.8315787
3.73;0;121;0;258;38.63404689092762;-4.879947;-4.879947
3.74;0;121;0;258;38.63404689092762;-4.879947;-4.879947
3.75;0;121;0;258;38.63404689092762;-4.879947;-4.879947
3.76;0;121;0;258;38.63404689092762;-4.879947;-4.879947
3.77;0;121;0;259;38.73598369011213;-4.9026318;-4.9026318
3.78;0;120;0;259;38.63404689092762;-4.951187;-4.951187
3.79;0;120;0;259;38.63404689092762;-4.951187;-4.951187
3.8;0;120;0;259;38.63404689092762;-4.951187;-4.951187
3.81;0;120;0;259;38.63404689092762;-4.951187;-4.951187
3.82;0;120;0;259;38.63404689092762;-4.951187;-4.951187
3.83;0;120;0;259;38.63404689092762;-4.951187;-4.951187
3.84;0;120;0;259;38.63404689092762;-4.951187;-4.951187
3.85;0;120;0;259;38.63404689092762;-4.951187;-4.951187
3.86;0;120;0;259;38.63404689092762;-4.951187;-4.951187
3.87;0;120;0;259;38.63404689092762;-4.951187;-4.951187
3.88;0;120;0;258;38.532110091743114;-4.928571;-4.928571
3.89;0;120;0;258;38.532110091743114;-4.928571;-4.928571
3.9;0;120;0;258;38.532110091743114;-4.928571;-4.928571
3.91;0;120;0;258;38.532110091743114;-4.928571;-4.928571
3.92;0;120;0;258;38.532110091743114;-4.928571;-4.928571
3.93;0;120;0;258;38.532110091743114;-4.928571;-4.928571
3.94;0;120;0;258;38.532110091743114;-4.928571;-4.928571
3.95;0;120;0;258;38.532110091743114;-4.928571;-4.928571
3.96;0;120;0;258;38.532110091743114;-4.928571;-4.928571
3.97;0;120;0;258;38.532110091743114;-4.928571;-4.928571
3.98;0;120;0;258;38.532110091743114;-4.928571;-4.928571
3.99;0;120;0;257;38.430173292558614;-4.9058356;-4.9058356
4.0;0;120;0;257;38.430173292558614;-4.9058356;-4.9058356
4.01;0;120;0;257;38.430173292558614;-4.9058356;-4.9058356
4.02;0;120;0;256;38.328236493374106;-4.882979;-4.882979
4.03;0;120;0;256;38.328236493374106;-4.882979;-4.882979
4.04;0;120;0;256;38.328236493374106;-4.882979;-4.882979
4.05;0;120;0;256;38.328236493374106;-4.882979;-4.882979
4.06;0;120;0;256;38.328236493374106;-4.882979;-4.882979
4.07;0;120;0;257;38.430173292558614;-4.9058356;-4.9058356
4.08;0;120;0;257;38.430173292558614;-4.9058356;-4.9058356
4.09;0;120;0;257;38.430173292558614;-4.9058356;-4.9058356
4.1;0;120;0;257;38.430173292558614;-4.9058356;-4.9058356
4.11;0;120;0;256;38.328236493374106;-4.882979;-4.882979
4.12;0;120;0;256;38.328236493374106;-4.882979;-4.882979
4.13;0;120;0;256;38.328236493374106;-4.882979;-4.882979
4.14;0;120;0;256;38.328236493374106;-4.882979;-4.882979
4.15;0;120;0;256;38.328236493374106;-4.882979;-4.882979
4.16;0;120;0;256;38.328236493374106;-4.882979;-4.882979
4.17;0;120;0;256;38.328236493374106;-4.882979;-4.882979
4.18;0;120;0;256;38.328236493374106;-4.882979;-4.882979
4.19;0;120;0;256;38.328236493374106;-4.882979;-4.882979
4.2;0;120;0;256;38.328236493374106;-4.882979;-4.882979
4.21;0;120;0;256;38.328236493374106;-4.882979;-4.882979
4.22;0;120;0;256;38.328236493374106;-4.882979;-4.882979
4.23;0;120;0;256;38.328236493374106;-4.882979;-4.882979
4.24;0;120;0;256;38.328236493374106;-4.882979;-4.882979
4.25;0;120;0;256;38.328236493374106;-4.882979;-4.882979
4.26;0;120;0;256;38.328236493374106;-4.882979;-4.882979
4.27;0;120;0;255;38.2262996941896;-4.86;-4.86
4.28;0;120;0;255;38.2262996941896;-4.86;-4.86
4.29;0;120;0;255;38.2262996941896;-4.86;-4.86
4.3;0;120;0;255;38.2262996941896;-4.86;-4.86
4.31;0;120;0;254;38.12436289500509;-4.8368983;-4.8368983
4.32;0;120;0;254;38.12436289500509;-4.8368983;-4.8368983
4.33;0;120;0;254;38.12436289500509;-4.8368983;-4.8368983
4.34;0;120;0;253;38.02242609582059;-4.813673;-4.813673
4.35;0;120;0;253;38.02242609582059;-4.813673;-4.813673
4.36;0;120;0;253;38.02242609582059;-4.813673;-4.813673
4.37;0;121;0;253;38.12436289500509;-4.7647057;-4.7647057
4.38;0;121;0;253;38.12436289500509;-4.7647057;-4.7647057
4.39;0;121;0;252;38.02242609582059;-4.7412868;-4.7412868
4.4;0;121;0;252;38.02242609582059;-4.7412868;-4.7412868
4.41;0;121;0;252;38.02242609582059;-4.7412868;-4.7412868
4.42;0;122;0;252;38.12436289500509;-4.6925135;-4.6925135
4.43;0;122;0;251;38.02242609582059;-4.668901;-4.668901
4.44;0;122;0;251;38.02242609582059;-4.668901;-4.668901
4.45;0;122;0;251;38.02242609582059;-4.668901;-4.668901
4.46;0;122;0;250;37.920489296636084;-4.645161;-4.645161
4.47;0;122;0;250;37.920489296636084;-4.645161;-4.645161
4.48;0;123;0;249;37.920489296636084;-4.572581;-4.572581
4.49;0;123;0;249;37.920489296636084;-4.572581;-4.572581
4.5;0;123;0;249;37.920489296636084;-4.572581;-4.572581
4.51;0;123;0;248;37.81855249745158;-4.5485177;-4.5485177
4.52;0;123;0;248;37.81855249745158;-4.5485177;-4.5485177
4.53;0;124;0;248;37.920489296636084;-4.5;-4.5
4.54;0;124;0;247;37.81855249745158;-4.4757414;-4.4757414
4.55;0;124;0;247;37.81855249745158;-4.4757414;-4.4757414
4.56;0;125;0;247;37.920489296636084;-4.427419;-4.427419
4.57;0;125;0;246;37.81855249745158;-4.402965;-4.402965
4.58;0;125;0;246;37.81855249745158;-4.402965;-4.402965
4.59;0;126;0;246;37.920489296636084;-4.354839;-4.354839
4.6;0;126;0;246;37.920489296636084;-4.354839;-4.354839
4.61;0;127;0;245;37.920489296636084;-4.282258;-4.282258
4.62;0;127;0;245;37.920489296636084;-4.282258;-4.282258
4.63;0;127;0;244;37.81855249745158;-4.2574124;-4.2574124
4.64;0;128;0;243;37.81855249745158;-4.184636;-4.184636
4.65;0;128;0;243;37.81855249745158;-4.184636;-4.184636
4.66;0;129;0;242;37.81855249745158;-4.11186;-4.11186
4.67;0;129;0;242;37.81855249745158;-4.11186;-4.11186
4.68;0;129;0;241;37.71661569826707;-4.0864863;-4.0864863
4.69;0;130;0;241;37.81855249745158;-4.0390835;-4.0390835
4.7;0;130;0;241;37.81855249745158;-4.0390835;-4.0390835
4.71;0;130;0;241;37.81855249745158;-4.0390835;-4.0390835
4.72;0;130;0;241;37.81855249745158;-4.0390835;-4.0390835
4.73;0;131;0;240;37.81855249745158;-3.9663072;-3.9663072
4.74;0;131;0;240;37.81855249745158;-3.9663072;-3.9663072
4.75;0;131;0;239;37.71661569826707;-3.9405406;-3.9405406
4.76;0;131;0;239;37.71661569826707;-3.9405406;-3.9405406
4.77;0;131;0;238;37.61467889908257;-3.9146342;-3.9146342
4.78;0;132;0;237;37.61467889908257;-3.8414633;-3.8414633
4.79;0;132;0;237;37.61467889908257;-3.8414633;-3.8414633
4.8;0;132;0;236;37.51274209989806;-3.8152175;-3.8152175
4.81;0;133;0;235;37.51274209989806;-3.7418478;-3.7418478
4.82;0;133;0;235;37.51274209989806;-3.7418478;-3.7418478
4.83;0;133;0;235;37.51274209989806;-3.7418478;-3.7418478
4.84;0;134;0;234;37.51274209989806;-3.6684783;-3.6684783
4.85;0;134;0;234;37.51274209989806;-3.6684783;-3.6684783
4.86;0;134;0;234;37.51274209989806;-3.6684783;-3.6684783
4.87;0;135;0;234;37.61467889908257;-3.621951;-3.621951
4.88;0;135;0;234;37.61467889908257;-3.621951;-3.621951
4.89;0;135;0;233;37.51274209989806;-3.5951087;-3.5951087
4.9;0;136;0;233;37.61467889908257;-3.5487804;-3.5487804
4.91;0;136;0;232;37.51274209989806;-3.5217392;-3.5217392
4.92;0;136;0;232;37.51274209989806;-3.5217392;-3.5217392
4.93;0;136;0;231;37.410805300713555;-3.4945505;-3.4945505
4.94;0;137;0;231;37.51274209989806;-3.4483695;-3.4483695
4.95;0;137;0;230;37.410805300713555;-3.420981;-3.420981
4.96;0;137;0;230;37.410805300713555;-3.420981;-3.420981
4.97;0;137;0;230;37.410805300713555;-3.420981;-3.420981
4.98;0;137;0;229;37.30886850152905;-3.3934426;-3.3934426
4.99;0;138;0;229;37.410805300713555;-3.3474114;-3.3474114
5.0;0;138;0;229;37.410805300713555;-3.3474114;-3.3474114
5.01;0;138;0;229;37.410805300713555;-3.3474114;-3.3474114
5.02;0;138;0;229;37.410805300713555;-3.3474114;-3.3474114
5.03;0;138;0;229;37.410805300713555;-3.3474114;-3.3474114
5.04;0;138;0;229;37.410805300713555;-3.3474114;-3.3474114
5.05;0;138;0;228;37.30886850152905;-3.319672;-3.319672
5.06;0;138;0;228;37.30886850152905;-3.319672;-3.319672
5.07;0;139;0;228;37.410805300713555;-3.2738419;-3.2738419
5.08;0;139;0;228;37.410805300713555;-3.2738419;-3.2738419
5.09;0;139;0;227;37.30886850152905;-3.2459016;-3.2459016
5.1;0;139;0;227;37.30886850152905;-3.2459016;-3.2459016
5.11;0;139;0;227;37.30886850152905;-3.2459016;-3.2459016
5.12;0;139;0;227;37.30886850152905;-3.2459016;-3.2459016
5.13;0;140;0;227;37.410805300713555;-3.2002726;-3.2002726
5.14;0;140;0;227;37.410805300713555;-3.2002726;-3.2002726
5.15;0;140;0;227;37.410805300713555;-3.2002726;-3.2002726
5.16;0;139;0;227;37.30886850152905;-3.2459016;-3.2459016
5.17;0;139;0;227;37.30886850152905;-3.2459016;-3.2459016
5.18;0;139;0;227;37.30886850152905;-3.2459016;-3.2459016
5.19;0;139;0;227;37.30886850152905;-3.2459016;-3.2459016
5.2;0;139;0;227;37.30886850152905;-3.2459016;-3.2459016
5.21;0;139;0;228;37.410805300713555;-3.2738419;-3.2738419
5.22;0;139;0;228;37.410805300713555;-3.2738419;-3.2738419
5.23;0;139;0;228;37.410805300713555;-3.2738419;-3.2738419
5.24;0;139;0;228;37.410805300713555;-3.2738419;-3.2738419
5.25;0;139;0;228;37.410805300713555;-3.2738419;-3.2738419
5.26;0;139;0;228;37.410805300713555;-3.2738419;-3.2738419
5.27;0;139;0;228;37.410805300713555;-3.2738419;-3.2738419
5.28;0;139;0;228;37.410805300713555;-3.2738419;-3.2738419
5.29;0;139;0;228;37.410805300713555;-3.2738419;-3.2738419
5.3;0;139;0;228;37.410805300713555;-3.2738419;-3.2738419
5.31;0;138;0;228;37.30886850152905;-3.319672;-3.319672
5.32;0;138;0;228;37.30886850152905;-3.319672;-3.319672
5.33;0;138;0;229;37.410805300713555;-3.3474114;-3.3474114
5.34;0;138;0;229;37.410805300713555;-3.3474114;-3.3474114
5.35;0;138;0;229;37.410805300713555;-3.3474114;-3.3474114
5.36;0;138;0;229;37.410805300713555;-3.3474114;-3.3474114
5.37;0;138;0;229;37.410805300713555;-3.3474114;-3.3474114
5.38;0;137;0;229;37.30886850152905;-3.3934426;-3.3934426
5.39;0;137;0;229;37.30886850152905;-3.3934426;-3.3934426
5.4;0;137;0;229;37.30886850152905;-3.3934426;-3.3934426
5.41;0;137;0;229;37.30886850152905;-3.3934426;-3.3934426
5.42;0;137;0;229;37.30886850152905;-3.3934426;-3.3934426
5.43;0;137;0;229;37.30886850152905;-3.3934426;-3.3934426
5.44;0;137;0;229;37.30886850152905;-3.3934426;-3.3934426
5.45;0;137;0;229;37.30886850152905;-3.3934426;-3.3934426
5.46;0;137;0;230;37.410805300713555;-3.420981;-3.420981
5.47;0;137;0;230;37.410805300713555;-3.420981;-3.420981
5.48;0;137;0;230;37.410805300713555;-3.420981;-3.420981
5.49;0;137;0;230;37.410805300713555;-3.420981;-3.420981
5.5;0;136;0;230;37.30886850152905;-3.4672132;-3.4672132
5.51;0;136;0;231;37.410805300713555;-3.4945505;-3.4945505
5.52;0;136;0;231;37.410805300713555;-3.4945505;-3.4945505
5.53;0;136;0;231;37.410805300713555;-3.4945505;-3.4945505
5.54;0;136;0;231;37.410805300713555;-3.4945505;-3.4945505
5.55;0;136;0;231;37.410805300713555;-3.4945505;-3.4945505
5.56;0;136;0;230;37.30886850152905;-3.4672132;-3.4672132
5.57;0;135;0;230;37.20693170234455;-3.5136986;-3.5136986
5.58;0;135;0;230;37.20693170234455;-3.5136986;-3.5136986
5.59;0;135;0;230;37.20693170234455;-3.5136986;-3.5136986
5.6;0;135;0;231;37.30886850152905;-3.5409837;-3.5409837
5.61;0;135;0;231;37.30886850152905;-3.5409837;-3.5409837
5.62;0;135;0;231;37.30886850152905;-3.5409837;-3.5409837
5.63;0;135;0;231;37.30886850152905;-3.5409837;-3.5409837
5.64;0;135;0;232;37.410805300713555;-3.56812;-3.56812
5.65;0;135;0;232;37.410805300713555;-3.56812;-3.56812
5.66;0;135;0;232;37.410805300713555;-3.56812;-3.56812
5.67;0;134;0;232;37.30886850152905;-3.6147542;-3.6147542
5.68;0;134;0;232;37.30886850152905;-3.6147542;-3.6147542
5.69;0;134;0;232;37.30886850152905;-3.6147542;-3.6147542
5.7;0;134;0;232;37.30886850152905;-3.6147542;-3.6147542
5.71;0;134;0;232;37.30886850152905;-3.6147542;-3.6147542
5.72;0;134;0;232;37.30886850152905;-3.6147542;-3.6147542
5.73;0;134;0;232;37.30886850152905;-3.6147542;-3.6147542
5.74;0;133;0;233;37.30886850152905;-3.6885245;-3.6885245
5.75;0;133;0;233;37.30886850152905;-3.6885245;-3.6885245
5.76;0;133;0;233;37.30886850152905;-3.6885245;-3.6885245
5.77;0;133;0;233;37.30886850152905;-3.6885245;-3.6885245
5.78;0;133;0;233;37.30886850152905;-3.6885245;-3.6885245
5.79;0;132;0;233;37.20693170234455;-3.7356164;-3.7356164
5.8;0;132;0;234;37.30886850152905;-3.762295;-3.762295
5.81;0;132;0;234;37.30886850152905;-3.762295;-3.762295
5.82;0;132;0;234;37.30886850152905;-3.762295;-3.762295
5.83;0;131;0;234;37.20693170234455;-3.8095891;-3.8095891
5.84;0;131;0;234;37.20693170234455;-3.8095891;-3.8095891
5.85;0;131;0;235;37.30886850152905;-3.8360655;-3.8360655
5.86;0;130;0;235;37.20693170234455;-3.8835616;-3.8835616
5.87;0;130;0;235;37.20693170234455;-3.8835616;-3.8835616
5.88;0;130;0;235;37.20693170234455;-3.8835616;-3.8835616
5.89;0;130;0;235;37.20693170234455;-3.8835616;-3.8835616
5.9;0;129;0;236;37.20693170234455;-3.9575343;-3.9575343
5.91;0;129;0;236;37.20693170234455;-3.9575343;-3.9575343
5.92;0;129;0;236;37.20693170234455;-3.9575343;-3.9575343
5.93;0;128;0;236;37.10499490316004;-4.0054946;-4.0054946
5.94;0;128;0;237;37.20693170234455;-4.031507;-4.031507
5.95;0;128;0;237;37.20693170234455;-4.031507;-4.031507
5.96;0;128;0;237;37.20693170234455;-4.031507;-4.031507
5.97;0;127;0;237;37.10499490316004;-4.0796704;-4.0796704
5.98;0;127;0;238;37.20693170234455;-4.1054792;-4.1054792
5.99;0;127;0;238;37.20693170234455;-4.1054792;-4.1054792
6.0;0;126;0;238;37.10499490316004;-4.1538463;-4.1538463
6.01;0;126;0;238;37.10499490316004;-4.1538463;-4.1538463
6.02;0;126;0;238;37.10499490316004;-4.1538463;-4.1538463
6.03;0;126;0;238;37.10499490316004;-4.1538463;-4.1538463
6.04;0;125;0;239;37.10499490316004;-4.228022;-4.228022
6.05;0;125;0;239;37.10499490316004;-4.228022;-4.228022
6.06;0;125;0;239;37.10499490316004;-4.228022;-4.228022
6.07;0;125;0;239;37.10499490316004;-4.228022;-4.228022
6.08;0;125;0;239;37.10499490316004;-4.228022;-4.228022
6.09;0;124;0;239;37.00305810397553;-4.2768593;-4.2768593
6.1;0;124;0;239;37.00305810397553;-4.2768593;-4.2768593
6.11;0;124;0;239;37.00305810397553;-4.2768593;-4.2768593
6.12;0;124;0;239;37.00305810397553;-4.2768593;-4.2768593
6.13;0;124;0;239;37.00305810397553;-4.2768593;-4.2768593
6.14;0;124;0;239;37.00305810397553;-4.2768593;-4.2768593
6.15;0;124;0;239;37.00305810397553;-4.2768593;-4.2768593
6.16;0;124;0;239;37.00305810397553;-4.2768593;-4.2768593
6.17;0;124;0;240;37.10499490316004;-4.302198;-4.302198
6.18;0;124;0;240;37.10499490316004;-4.302198;-4.302198
6.19;0;124;0;240;37.10499490316004;-4.302198;-4.302198
6.2;0;124;0;240;37.10499490316004;-4.302198;-4.302198
6.21;0;124;0;240;37.10499490316004;-4.302198;-4.302198
6.22;0;124;0;240;37.10499490316004;-4.302198;-4.302198
6.23;0;124;0;239;37.00305810397553;-4.2768593;-4.2768593
6.24;0;124;0;239;37.00305810397553;-4.2768593;-4.2768593
6.25;0;124;0;239;37.00305810397553;-4.2768593;-4.2768593
6.26;0;124;0;239;37.00305810397553;-4.2768593;-4.2768593
6.27;0;124;0;239;37.00305810397553;-4.2768593;-4.2768593
6.28;0;124;0;239;37.00305810397553;-4.2768593;-4.2768593
6.29;0;124;0;239;37.00305810397553;-4.2768593;-4.2768593
6.3;0;125;0;239;37.10499490316004;-4.228022;-4.228022
6.31;0;125;0;239;37.10499490316004;-4.228022;-4.228022
6.32;0;125;0;239;37.10499490316004;-4.228022;-4.228022
6.33;0;125;0;239;37.10499490316004;-4.228022;-4.228022
6.34;0;125;0;238;37.00305810397553;-4.2024794;-4.2024794
6.35;0;125;0;238;37.00305810397553;-4.2024794;-4.2024794
6.36;0;125;0;238;37.00305810397553;-4.2024794;-4.2024794
6.37;0;125;0;238;37.00305810397553;-4.2024794;-4.2024794
6.38;0;126;0;238;37.10499490316004;-4.1538463;-4.1538463
6.39;0;126;0;237;37.00305810397553;-4.128099;-4.128099
6.4;0;126;0;237;37.00305810397553;-4.128099;-4.128099
6.41;0;127;0;237;37.10499490316004;-4.0796704;-4.0796704
6.42;0;127;0;237;37.10499490316004;-4.0796704;-4.0796704
6.43;0;127;0;237;37.10499490316004;-4.0796704;-4.0796704
6.44;0;127;0;237;37.10499490316004;-4.0796704;-4.0796704
6.45;0;128;0;237;37.20693170234455;-4.031507;-4.031507
6.46;0;128;0;237;37.20693170234455;-4.031507;-4.031507
6.47;0;128;0;236;37.10499490316004;-4.0054946;-4.0054946
6.48;0;128;0;236;37.10499490316004;-4.0054946;-4.0054946
6.49;0;129;0;236;37.20693170234455;-3.9575343;-3.9575343
6.5;0;129;0;236;37.20693170234455;-3.9575343;-3.9575343
6.51;0;129;0;236;37.20693170234455;-3.9575343;-3.9575343
6.52;0;130;0;236;37.30886850152905;-3.909836;-3.909836
6.53;0;130;0;236;37.30886850152905;-3.909836;-3.909836
6.54;0;130;0;235;37.20693170234455;-3.8835616;-3.8835616
6.55;0;130;0;235;37.20693170234455;-3.8835616;-3.8835616
6.56;0;130;0;235;37.20693170234455;-3.8835616;-3.8835616
6.57;0;130;0;235;37.20693170234455;-3.8835616;-3.8835616
6.58;0;131;0;235;37.30886850152905;-3.8360655;-3.8360655
6.59;0;131;0;235;37.30886850152905;-3.8360655;-3.8360655
6.6;0;131;0;235;37.30886850152905;-3.8360655;-3.8360655
6.61;0;132;0;234;37.30886850152905;-3.762295;-3.762295
6.62;0;132;0;234;37.30886850152905;-3.762295;-3.762295
6.63;0;132;0;234;37.30886850152905;-3.762295;-3.762295
6.64;0;132;0;234;37.30886850152905;-3.762295;-3.762295
6.65;0;132;0;234;37.30886850152905;-3.762295;-3.762295
6.66;0;132;0;234;37.30886850152905;-3.762295;-3.762295
6.67;0;132;0;234;37.30886850152905;-3.762295;-3.762295
6.68;0;132;0;233;37.20693170234455;-3.7356164;-3.7356164
6.69;0;133;0;233;37.30886850152905;-3.6885245;-3.6885245
6.7;0;133;0;233;37.30886850152905;-3.6885245;-3.6885245
6.71;0;133;0;233;37.30886850152905;-3.6885245;-3.6885245
6.72;0;133;0;233;37.30886850152905;-3.6885245;-3.6885245
6.73;0;134;0;233;37.410805300713555;-3.6416893;-3.6416893
6.74;0;134;0;233;37.410805300713555;-3.6416893;-3.6416893
6.75;0;134;0;233;37.410805300713555;-3.6416893;-3.6416893
6.76;0;134;0;233;37.410805300713555;-3.6416893;-3.6416893
6.77;0;134;0;233;37.410805300713555;-3.6416893;-3.6416893
6.78;0;134;0;233;37.410805300713555;-3.6416893;-3.6416893
6.79;0;134;0;233;37.410805300713555;-3.6416893;-3.6416893
6.8;0;134;0;233;37.410805300713555;-3.6416893;-3.6416893
6.81;0;135;0;233;37.51274209989806;-3.5951087;-3.5951087
6.82;0;135;0;232;37.410805300713555;-3.56812;-3.56812
6.83;0;135;0;232;37.410805300713555;-3.56812;-3.56812
6.84;0;135;0;232;37.410805300713555;-3.56812;-3.56812
6.85;0;135;0;232;37.410805300713555;-3.56812;-3.56812
6.86;0;135;0;233;37.51274209989806;-3.5951087;-3.5951087
6.87;0;135;0;233;37.51274209989806;-3.5951087;-3.5951087
6.88;0;135;0;233;37.51274209989806;-3.5951087;-3.5951087
6.89;0;135;0;233;37.51274209989806;-3.5951087;-3.5951087
6.9;0;136;0;233;37.61467889908257;-3.5487804;-3.5487804
6.91;0;136;0;233;37.61467889908257;-3.5487804;-3.5487804
6.92;0;136;0;232;37.51274209989806;-3.5217392;-3.5217392
6.93;0;136;0;232;37.51274209989806;-3.5217392;-3.5217392
6.94;0;136;0;232;37.51274209989806;-3.5217392;-3.5217392
6.95;0;136;0;232;37.51274209989806;-3.5217392;-3.5217392
6.96;0;137;0;232;37.61467889908257;-3.4756098;-3.4756098
6.97;0;137;0;232;37.61467889908257;-3.4756098;-3.4756098
6.98;0;137;0;232;37.61467889908257;-3.4756098;-3.4756098
6.99;0;137;0;232;37.61467889908257;-3.4756098;-3.4756098
7.0;0;138;0;232;37.71661569826707;-3.4297297;-3.4297297
7.01;0;138;0;232;37.71661569826707;-3.4297297;-3.4297297
7.02;0;138;0;232;37.71661569826707;-3.4297297;-3.4297297
7.03;0;138;0;232;37.71661569826707;-3.4297297;-3.4297297
7.04;0;138;0;232;37.71661569826707;-3.4297297;-3.4297297
7.05;0;138;0;231;37.61467889908257;-3.402439;-3.402439
7.06;0;139;0;231;37.71661569826707;-3.3567567;-3.3567567
7.07;0;139;0;231;37.71661569826707;-3.3567567;-3.3567567
7.08;0;139;0;231;37.71661569826707;-3.3567567;-3.3567567
7.09;0;140;0;231;37.81855249745158;-3.3113208;-3.3113208
7.1;0;140;0;231;37.81855249745158;-3.3113208;-3.3113208
7.11;0;140;0;231;37.81855249745158;-3.3113208;-3.3113208
7.12;0;140;0;231;37.81855249745158;-3.3113208;-3.3113208
7.13;0;141;0;231;37.920489296636084;-3.266129;-3.266129
7.14;0;141;0;231;37.920489296636084;-3.266129;-3.266129
7.15;0;141;0;230;37.81855249745158;-3.2385445;-3.2385445
7.16;0;141;0;230;37.81855249745158;-3.2385445;-3.2385445
7.17;0;141;0;230;37.81855249745158;-3.2385445;-3.2385445
7.18;0;142;0;230;37.920489296636084;-3.1935484;-3.1935484
7.19;0;142;0;230;37.920489296636084;-3.1935484;-3.1935484
7.2;0;142;0;230;37.920489296636084;-3.1935484;-3.1935484
7.21;0;142;0;230;37.920489296636084;-3.1935484;-3.1935484
7.22;0;142;0;230;37.920489296636084;-3.1935484;-3.1935484
7.23;0;142;0;230;37.920489296636084;-3.1935484;-3.1935484
7.24;0;142;0;230;37.920489296636084;-3.1935484;-3.1935484
7.25;0;142;0;230;37.920489296636084;-3.1935484;-3.1935484
7.26;0;142;0;230;37.920489296636084;-3.1935484;-3.1935484
7.27;0;143;0;230;38.02242609582059;-3.1487935;-3.1487935
7.28;0;143;0;230;38.02242609582059;-3.1487935;-3.1487935
7.29;0;143;0;230;38.02242609582059;-3.1487935;-3.1487935
7.3;0;143;0;230;38.02242609582059;-3.1487935;-3.1487935
7.31;0;144;0;229;38.02242609582059;-3.0764074;-3.0764074
7.32;0;144;0;229;38.02242609582059;-3.0764074;-3.0764074
7.33;0;144;0;229;38.02242609582059;-3.0764074;-3.0764074
7.34;0;144;0;229;38.02242609582059;-3.0764074;-3.0764074
7.35;0;144;0;228;37.920489296636084;-3.048387;-3.048387
7.36;0;144;0;228;37.920489296636084;-3.048387;-3.048387
7.37;0;144;0;228;37.920489296636084;-3.048387;-3.048387
7.38;0;144;0;228;37.920489296636084;-3.048387;-3.048387
7.39;0;144;0;228;37.920489296636084;-3.048387;-3.048387
7.4;0;144;0;228;37.920489296636084;-3.048387;-3.048387
7.41;0;144;0;228;37.920489296636084;-3.048387;-3.048387
7.42;0;145;0;229;38.12436289500509;-3.0320857;-3.0320857
7.43;0;145;0;229;38.12436289500509;-3.0320857;-3.0320857
7.44;0;145;0;229;38.12436289500509;-3.0320857;-3.0320857
7.45;0;145;0;229;38.12436289500509;-3.0320857;-3.0320857
7.46;0;145;0;229;38.12436289500509;-3.0320857;-3.0320857
7.47;0;145;0;229;38.12436289500509;-3.0320857;-3.0320857
7.48;0;145;0;228;38.02242609582059;-3.0040214;-3.0040214
7.49;0;145;0;228;38.02242609582059;-3.0040214;-3.0040214
7.5;0;145;0;228;38.02242609582059;-3.0040214;-3.0040214
7.51;0;145;0;228;38.02242609582059;-3.0040214;-3.0040214
7.52;0;145;0;228;38.02242609582059;-3.0040214;-3.0040214
7.53;0;145;0;228;38.02242609582059;-3.0040214;-3.0040214
7.54;0;145;0;228;38.02242609582059;-3.0040214;-3.0040214
7.55;0;145;0;228;38.02242609582059;-3.0040214;-3.0040214
7.56;0;145;0;228;38.02242609582059;-3.0040214;-3.0040214
7.57;0;145;0;228;38.02242609582059;-3.0040214;-3.0040214
7.58;0;145;0;228;38.02242609582059;-3.0040214;-3.0040214
7.59;0;145;0;228;38.02242609582059;-3.0040214;-3.0040214
7.6;0;145;0;228;38.02242609582059;-3.0040214;-3.0040214
7.61;0;145;0;228;38.02242609582059;-3.0040214;-3.0040214
7.62;0;145;0;228;38.02242609582059;-3.0040214;-3.0040214
7.63;0;145;0;228;38.02242609582059;-3.0040214;-3.0040214
7.64;0;145;0;228;38.02242609582059;-3.0040214;-3.0040214
7.65;0;146;0;228;38.12436289500509;-2.959893;-2.959893
7.66;0;146;0;228;38.12436289500509;-2.959893;-2.959893
7.67;0;146;0;228;38.12436289500509;-2.959893;-2.959893
7.68;0;146;0;228;38.12436289500509;-2.959893;-2.959893
7.69;0;146;0;228;38.12436289500509;-2.959893;-2.959893
7.7;0;146;0;228;38.12436289500509;-2.959893;-2.959893
7.71;0;146;0;228;38.12436289500509;-2.959893;-2.959893
7.72;0;146;0;228;38.12436289500509;-2.959893;-2.959893
7.73;0;146;0;228;38.12436289500509;-2.959893;-2.959893
7.74;0;146;0;228;38.12436289500509;-2.959893;-2.959893
7.75;0;146;0;228;38.12436289500509;-2.959893;-2.959893
7.76;0;146;0;228;38.12436289500509;-2.959893;-2.959893
7.77;0;146;0;228;38.12436289500509;-2.959893;-2.959893
7.78;0;146;0;227;38.02242609582059;-2.9316354;-2.9316354
7.79;0;146;0;227;38.02242609582059;-2.9316354;-2.9316354
7.8;0;146;0;227;38.02242609582059;-2.9316354;-2.9316354
7.81;0;146;0;227;38.02242609582059;-2.9316354;-2.9316354
7.82;0;146;0;227;38.02242609582059;-2.9316354;-2.9316354
7.83;0;146;0;227;38.02242609582059;-2.9316354;-2.9316354
7.84;0;146;0;227;38.02242609582059;-2.9316354;-2.9316354
7.85;0;146;0;228;38.12436289500509;-2.959893;-2.959893
7.86;0;146;0;228;38.12436289500509;-2.959893;-2.959893
7.87;0;146;0;228;38.12436289500509;-2.959893;-2.959893
7.88;0;146;0;228;38.12436289500509;-2.959893;-2.959893
7.89;0;146;0;227;38.02242609582059;-2.9316354;-2.9316354
7.9;0;146;0;227;38.02242609582059;-2.9316354;-2.9316354
7.91;0;146;0;227;38.02242609582059;-2.9316354;-2.9316354
7.92;0;146;0;227;38.02242609582059;-2.9316354;-2.9316354
7.93;0;147;0;227;38.12436289500509;-2.8877006;-2.8877006
7.94;0;147;0;227;38.12436289500509;-2.8877006;-2.8877006
7.95;0;147;0;227;38.12436289500509;-2.8877006;-2.8877006
7.96;0;147;0;227;38.12436289500509;-2.8877006;-2.8877006
7.97;0;147;0;227;38.12436289500509;-2.8877006;-2.8877006
7.98;0;147;0;227;38.12436289500509;-2.8877006;-2.8877006
7.99;0;147;0;227;38.12436289500509;-2.8877006;-2.8877006
8.0;0;147;0;227;38.12436289500509;-2.8877006;-2.8877006
8.01;0;147;0;226;38.02242609582059;-2.8592494;-2.8592494
8.02;0;147;0;226;38.02242609582059;-2.8592494;-2.8592494
8.03;0;147;0;226;38.02242609582059;-2.8592494;-2.8592494
8.04;0;147;0;226;38.02242609582059;-2.8592494;-2.8592494
8.05;0;147;0;226;38.02242609582059;-2.8592494;-2.8592494
8.06;0;147;0;226;38.02242609582059;-2.8592494;-2.8592494
8.07;0;147;0;226;38.02242609582059;-2.8592494;-2.8592494
8.08;0;147;0;226;38.02242609582059;-2.8592494;-2.8592494
8.09;0;147;0;227;38.12436289500509;-2.8877006;-2.8877006
8.1;0;147;0;227;38.12436289500509;-2.8877006;-2.8877006
8.11;0;147;0;227;38.12436289500509;-2.8877006;-2.8877006
8.12;0;147;0;227;38.12436289500509;-2.8877006;-2.8877006
8.13;0;147;0;227;38.12436289500509;-2.8877006;-2.8877006
8.14;0;147;0;227;38.12436289500509;-2.8877006;-2.8877006
8.15;0;147;0;227;38.12436289500509;-2.8877006;-2.8877006
8.16;0;147;0;226;38.02242609582059;-2.8592494;-2.8592494
8.17;0;147;0;226;38.02242609582059;-2.8592494;-2.8592494
8.18;0;148;0;226;38.12436289500509;-2.8155081;-2.8155081
8.19;0;148;0;226;38.12436289500509;-2.8155081;-2.8155081
8.2;0;148;0;226;38.12436289500509;-2.8155081;-2.8155081
8.21;0;148;0;226;38.12436289500509;-2.8155081;-2.8155081
8.22;0;148;0;226;38.12436289500509;-2.8155081;-2.8155081
8.23;0;148;0;226;38.12436289500509;-2.8155081;-2.8155081
8.24;0;148;0;226;38.12436289500509;-2.8155081;-2.8155081
8.25;0;148;0;226;38.12436289500509;-2.8155081;-2.8155081
8.26;0;148;0;226;38.12436289500509;-2.8155081;-2.8155081
8.27;0;148;0;226;38.12436289500509;-2.8155081;-2.8155081
8.28;0;148;0;226;38.12436289500509;-2.8155081;-2.8155081
8.29;0;148;0;226;38.12436289500509;-2.8155081;-2.8155081
8.3;0;148;0;226;38.12436289500509;-2.8155081;-2.8155081
8.31;0;148;0;226;38.12436289500509;-2.8155081;-2.8155081
8.32;0;148;0;226;38.12436289500509;-2.8155081;-2.8155081
8.33;0;148;0;226;38.12436289500509;-2.8155081;-2.8155081
8.34;0;148;0;226;38.12436289500509;-2.8155081;-2.8155081
8.35;0;148;0;226;38.12436289500509;-2.8155081;-2.8155081
8.36;0;148;0;226;38.12436289500509;-2.8155081;-2.8155081
8.37;0;148;0;226;38.12436289500509;-2.8155081;-2.8155081
8.38;0;148;0;226;38.12436289500509;-2.8155081;-2.8155081
8.39;0;148;0;226;38.12436289500509;-2.8155081;-2.8155081
8.4;0;148;0;226;38.12436289500509;-2.8155081;-2.8155081
8.41;0;148;0;226;38.12436289500509;-2.8155081;-2.8155081
8.42;0;148;0;226;38.12436289500509;-2.8155081;-2.8155081
8.43;0;148;0;226;38.12436289500509;-2.8155081;-2.8155081
8.44;0;148;0;226;38.12436289500509;-2.8155081;-2.8155081
8.45;0;148;0;225;38.02242609582059;-2.7868633;-2.7868633
8.46;0;148;0;225;38.02242609582059;-2.7868633;-2.7868633
8.47;0;148;0;225;38.02242609582059;-2.7868633;-2.7868633
8.48;0;148;0;225;38.02242609582059;-2.7868633;-2.7868633
8.49;0;148;0;225;38.02242609582059;-2.7868633;-2.7868633
8.5;0;148;0;225;38.02242609582059;-2.7868633;-2.7868633
8.51;0;148;0;225;38.02242609582059;-2.7868633;-2.7868633
8.52;0;148;0;225;38.02242609582059;-2.7868633;-2.7868633
8.53;0;149;0;225;38.12436289500509;-2.7433155;-2.7433155
8.54;0;149;0;225;38.12436289500509;-2.7433155;-2.7433155
8.55;0;148;0;225;38.02242609582059;-2.7868633;-2.7868633
8.56;0;148;0;225;38.02242609582059;-2.7868633;-2.7868633
8.57;0;148;0;225;38.02242609582059;-2.7868633;-2.7868633
8.58;0;148;0;225;38.02242609582059;-2.7868633;-2.7868633
8.59;0;148;0;225;38.02242609582059;-2.7868633;-2.7868633
8.6;0;148;0;225;38.02242609582059;-2.7868633;-2.7868633
8.61;0;148;0;225;38.02242609582059;-2.7868633;-2.7868633
8.62;0;148;0;225;38.02242609582059;-2.7868633;-2.7868633
8.63;0;148;0;225;38.02242609582059;-2.7868633;-2.7868633
8.64;0;148;0;225;38.02242609582059;-2.7868633;-2.7868633
8.65;0;148;0;225;38.02242609582059;-2.7868633;-2.7868633
8.66;0;148;0;225;38.02242609582059;-2.7868633;-2.7868633
8.67;0;148;0;225;38.02242609582059;-2.7868633;-2.7868633
8.68;0;148;0;225;38.02242609582059;-2.7868633;-2.7868633
8.69;0;148;0;225;38.02242609582059;-2.7868633;-2.7868633
8.7;0;148;0;225;38.02242609582059;-2.7868633;-2.7868633
8.71;0;148;0;225;38.02242609582059;-2.7868633;-2.7868633
8.72;0;148;0;225;38.02242609582059;-2.7868633;-2.7868633
8.73;0;148;0;225;38.02242609582059;-2.7868633;-2.7868633
8.74;0;148;0;225;38.02242609582059;-2.7868633;-2.7868633
8.75;0;148;0;225;38.02242609582059;-2.7868633;-2.7868633
8.76;0;148;0;225;38.02242609582059;-2.7868633;-2.7868633
8.77;0;148;0;226;38.12436289500509;-2.8155081;-2.8155081
8.78;0;148;0;226;38.12436289500509;-2.8155081;-2.8155081
8.79;0;148;0;226;38.12436289500509;-2.8155081;-2.8155081
8.8;0;148;0;226;38.12436289500509;-2.8155081;-2.8155081
8.81;0;148;0;226;38.12436289500509;-2.8155081;-2.8155081
8.82;0;147;0;226;38.02242609582059;-2.8592494;-2.8592494
8.83;0;147;0;226;38.02242609582059;-2.8592494;-2.8592494
8.84;0;147;0;225;37.920489296636084;-2.830645;-2.830645
8.85;0;147;0;225;37.920489296636084;-2.830645;-2.830645
8.86;0;147;0;225;37.920489296636084;-2.830645;-2.830645
8.87;0;147;0;225;37.920489296636084;-2.830645;-2.830645
8.88;0;147;0;225;37.920489296636084;-2.830645;-2.830645
8.89;0;147;0;225;37.920489296636084;-2.830645;-2.830645
8.9;0;147;0;226;38.02242609582059;-2.8592494;-2.8592494
8.91;0;147;0;226;38.02242609582059;-2.8592494;-2.8592494
8.92;0;147;0;226;38.02242609582059;-2.8592494;-2.8592494
8.93;0;147;0;226;38.02242609582059;-2.8592494;-2.8592494
8.94;0;147;0;226;38.02242609582059;-2.8592494;-2.8592494
8.95;0;147;0;226;38.02242609582059;-2.8592494;-2.8592494
8.96;0;147;0;226;38.02242609582059;-2.8592494;-2.8592494
8.97;0;147;0;226;38.02242609582059;-2.8592494;-2.8592494
8.98;0;147;0;226;38.02242609582059;-2.8592494;-2.8592494
8.99;0;147;0;226;38.02242609582059;-2.8592494;-2.8592494
9.0;0;147;0;226;38.02242609582059;-2.8592494;-2.8592494
9.01;0;147;0;226;38.02242609582059;-2.8592494;-2.8592494
9.02;0;147;0;226;38.02242609582059;-2.8592494;-2.8592494
9.03;0;147;0;226;38.02242609582059;-2.8592494;-2.8592494
9.04;0;147;0;226;38.02242609582059;-2.8592494;-2.8592494
9.05;0;147;0;226;38.02242609582059;-2.8592494;-2.8592494
9.06;0;147;0;226;38.02242609582059;-2.8592494;-2.8592494
9.07;0;147;0;226;38.02242609582059;-2.8592494;-2.8592494
9.08;0;147;0;226;38.02242609582059;-2.8592494;-2.8592494
9.09;0;147;0;226;38.02242609582059;-2.8592494;-2.8592494
9.1;0;147;0;226;38.02242609582059;-2.8592494;-2.8592494
9.11;0;147;0;226;38.02242609582059;-2.8592494;-2.8592494
9.12;0;147;0;226;38.02242609582059;-2.8592494;-2.8592494
9.13;0;146;0;226;37.920489296636084;-2.903226;-2.903226
9.14;0;146;0;226;37.920489296636084;-2.903226;-2.903226
9.15;0;146;0;226;37.920489296636084;-2.903226;-2.903226
9.16;0;146;0;226;37.920489296636084;-2.903226;-2.903226
9.17;0;146;0;226;37.920489296636084;-2.903226;-2.903226
9.18;0;146;0;226;37.920489296636084;-2.903226;-2.903226
9.19;0;146;0;226;37.920489296636084;-2.903226;-2.903226
9.2;0;146;0;226;37.920489296636084;-2.903226;-2.903226
9.21;0;146;0;226;37.920489296636084;-2.903226;-2.903226
9.22;0;146;0;226;37.920489296636084;-2.903226;-2.903226
9.23;0;146;0;226;37.920489296636084;-2.903226;-2.903226
9.24;0;146;0;226;37.920489296636084;-2.903226;-2.903226
9.25;0;146;0;226;37.920489296636084;-2.903226;-2.903226
9.26;0;146;0;226;37.920489296636084;-2.903226;-2.903226
9.27;0;145;0;226;37.81855249745158;-2.9474394;-2.9474394
9.28;0;145;0;226;37.81855249745158;-2.9474394;-2.9474394
9.29;0;145;0;227;37.920489296636084;-2.9758065;-2.9758065
9.3;0;145;0;227;37.920489296636084;-2.9758065;-2.9758065
9.31;0;145;0;227;37.920489296636084;-2.9758065;-2.9758065
9.32;0;145;0;227;37.920489296636084;-2.9758065;-2.9758065
9.33;0;145;0;227;37.920489296636084;-2.9758065;-2.9758065
9.34;0;145;0;227;37.920489296636084;-2.9758065;-2.9758065
9.35;0;144;0;227;37.81855249745158;-3.0202157;-3.0202157
9.36;0;144;0;228;37.920489296636084;-3.048387;-3.048387
9.37;0;144;0;228;37.920489296636084;-3.048387;-3.048387
9.38;0;144;0;228;37.920489296636084;-3.048387;-3.048387
9.39;0;144;0;228;37.920489296636084;-3.048387;-3.048387
9.4;0;144;0;228;37.920489296636084;-3.048387;-3.048387
9.41;0;144;0;228;37.920489296636084;-3.048387;-3.048387
9.42;0;144;0;228;37.920489296636084;-3.048387;-3.048387
9.43;0;144;0;228;37.920489296636084;-3.048387;-3.048387
9.44;0;143;0;228;37.81855249745158;-3.0929918;-3.0929918
9.45;0;143;0;229;37.920489296636084;-3.1209676;-3.1209676
9.46;0;143;0;229;37.920489296636084;-3.1209676;-3.1209676
9.47;0;143;0;229;37.920489296636084;-3.1209676;-3.1209676
9.48;0;143;0;229;37.920489296636084;-3.1209676;-3.1209676
9.49;0;143;0;229;37.920489296636084;-3.1209676;-3.1209676
9.5;0;142;0;229;37.81855249745158;-3.1657681;-3.1657681
9.51;0;142;0;230;37.920489296636084;-3.1935484;-3.1935484
9.52;0;142;0;230;37.920489296636084;-3.1935484;-3.1935484
9.53;0;142;0;230;37.920489296636084;-3.1935484;-3.1935484
9.54;0;142;0;230;37.920489296636084;-3.1935484;-3.1935484
9.55;0;141;0;230;37.81855249745158;-3.2385445;-3.2385445
9.56;0;141;0;230;37.81855249745158;-3.2385445;-3.2385445
9.57;0;141;0;230;37.81855249745158;-3.2385445;-3.2385445
9.58;0;141;0;230;37.81855249745158;-3.2385445;-3.2385445
9.59;0;141;0;231;37.920489296636084;-3.266129;-3.266129
9.6;0;141;0;231;37.920489296636084;-3.266129;-3.266129
9.61;0;141;0;231;37.920489296636084;-3.266129;-3.266129
9.62;0;140;0;231;37.81855249745158;-3.3113208;-3.3113208
9.63;0;140;0;231;37.81855249745158;-3.3113208;-3.3113208
9.64;0;140;0;231;37.81855249745158;-3.3113208;-3.3113208
9.65;0;140;0;231;37.81855249745158;-3.3113208;-3.3113208
9.66;0;140;0;231;37.81855249745158;-3.3113208;-3.3113208
9.67;0;140;0;231;37.81855249745158;-3.3113208;-3.3113208
9.68;0;140;0;231;37.81855249745158;-3.3113208;-3.3113208
9.69;0;140;0;231;37.81855249745158;-3.3113208;-3.3113208
9.7;0;139;0;231;37.71661569826707;-3.3567567;-3.3567567
9.71;0;139;0;230;37.61467889908257;-3.3292682;-3.3292682
9.72;0;139;0;231;37.71661569826707;-3.3567567;-3.3567567
9.73;0;139;0;231;37.71661569826707;-3.3567567;-3.3567567
9.74;0;139;0;231;37.71661569826707;-3.3567567;-3.3567567
9.75;0;139;0;231;37.71661569826707;-3.3567567;-3.3567567
9.76;0;139;0;231;37.71661569826707;-3.3567567;-3.3567567
9.77;0;139;0;231;37.71661569826707;-3.3567567;-3.3567567
9.78;0;139;0;231;37.71661569826707;-3.3567567;-3.3567567
9.79;0;139;0;231;37.71661569826707;-3.3567567;-3.3567567
9.8;0;140;0;231;37.81855249745158;-3.3113208;-3.3113208
9.81;0;140;0;231;37.81855249745158;-3.3113208;-3.3113208
9.82;0;140;0;230;37.71661569826707;-3.2837837;-3.2837837
9.83;0;140;0;230;37.71661569826707;-3.2837837;-3.2837837
9.84;0;140;0;230;37.71661569826707;-3.2837837;-3.2837837
9.85;0;140;0;230;37.71661569826707;-3.2837837;-3.2837837
9.86;0;140;0;230;37.71661569826707;-3.2837837;-3.2837837
9.87;0;140;0;230;37.71661569826707;-3.2837837;-3.2837837
9.88;0;140;0;230;37.71661569826707;-3.2837837;-3.2837837
9.89;0;140;0;230;37.71661569826707;-3.2837837;-3.2837837
9.9;0;140;0;230;37.71661569826707;-3.2837837;-3.2837837
9.91;0;140;0;230;37.71661569826707;-3.2837837;-3.2837837
9.92;0;140;0;230;37.71661569826707;-3.2837837;-3.2837837
9.93;0;140;0;230;37.71661569826707;-3.2837837;-3.2837837
9.94;0;140;0;229;37.61467889908257;-3.2560976;-3.2560976
9.95;0;140;0;229;37.61467889908257;-3.2560976;-3.2560976
9.96;0;140;0;229;37.61467889908257;-3.2560976;-3.2560976
9.97;0;140;0;229;37.61467889908257;-3.2560976;-3.2560976
9.98;0;140;0;229;37.61467889908257;-3.2560976;-3.2560976
9.99;0;140;0;229;37.61467889908257;-3.2560976;-3.2560976
10.0;0;140;0;229;37.61467889908257;-3.2560976;-3.2560976
10.01;0;140;0;229;37.61467889908257;-3.2560976;-3.2560976
10.02;0;140;0;229;37.61467889908257;-3.2560976;-3.2560976
10.03;0;141;0;229;37.71661569826707;-3.210811;-3.210811
10.04;0;141;0;229;37.71661569826707;-3.210811;-3.210811
10.05;0;141;0;228;37.61467889908257;-3.182927;-3.182927
10.06;0;141;0;228;37.61467889908257;-3.182927;-3.182927
10.07;0;141;0;228;37.61467889908257;-3.182927;-3.182927
10.08;0;141;0;228;37.61467889908257;-3.182927;-3.182927
10.09;0;141;0;228;37.61467889908257;-3.182927;-3.182927
10.1;0;141;0;228;37.61467889908257;-3.182927;-3.182927
10.11;0;141;0;228;37.61467889908257;-3.182927;-3.182927
10.12;0;141;0;227;37.51274209989806;-3.1548913;-3.1548913
10.13;0;141;0;227;37.51274209989806;-3.1548913;-3.1548913
10.14;0;141;0;227;37.51274209989806;-3.1548913;-3.1548913
10.15;0;142;0;227;37.61467889908257;-3.109756;-3.109756
10.16;0;142;0;227;37.61467889908257;-3.109756;-3.109756
10.17;0;142;0;227;37.61467889908257;-3.109756;-3.109756
10.18;0;142;0;227;37.61467889908257;-3.109756;-3.109756
10.19;0;142;0;227;37.61467889908257;-3.109756;-3.109756
10.2;0;142;0;226;37.51274209989806;-3.0815217;-3.0815217
10.21;0;143;0;226;37.61467889908257;-3.0365853;-3.0365853
10.22;0;143;0;226;37.61467889908257;-3.0365853;-3.0365853
10.23;0;143;0;226;37.61467889908257;-3.0365853;-3.0365853
10.24;0;143;0;226;37.61467889908257;-3.0365853;-3.0365853
10.25;0;143;0;225;37.51274209989806;-3.0081522;-3.0081522
10.26;0;144;0;225;37.61467889908257;-2.9634147;-2.9634147
10.27;0;144;0;225;37.61467889908257;-2.9634147;-2.9634147
10.28;0;144;0;225;37.61467889908257;-2.9634147;-2.9634147
10.29;0;144;0;225;37.61467889908257;-2.9634147;-2.9634147
10.3;0;144;0;225;37.61467889908257;-2.9634147;-2.9634147
10.31;0;144;0;225;37.61467889908257;-2.9634147;-2.9634147
10.32;0;144;0;225;37.61467889908257;-2.9634147;-2.9634147
10.33;0;145;0;224;37.61467889908257;-2.890244;-2.890244
10.34;0;145;0;224;37.61467889908257;-2.890244;-2.890244
10.35;0;145;0;224;37.61467889908257;-2.890244;-2.890244
10.36;0;145;0;224;37.61467889908257;-2.890244;-2.890244
10.37;0;145;0;224;37.61467889908257;-2.890244;-2.890244
10.38;0;145;0;223;37.51274209989806;-2.861413;-2.861413
10.39;0;145;0;223;37.51274209989806;-2.861413;-2.861413
10.4;0;145;0;223;37.51274209989806;-2.861413;-2.861413
10.41;0;145;0;223;37.51274209989806;-2.861413;-2.861413
10.42;0;145;0;224;37.61467889908257;-2.890244;-2.890244
10.43;0;145;0;224;37.61467889908257;-2.890244;-2.890244
10.44;0;146;0;224;37.71661569826707;-2.8459458;-2.8459458
10.45;0;146;0;224;37.71661569826707;-2.8459458;-2.8459458
10.46;0;146;0;224;37.71661569826707;-2.8459458;-2.8459458
10.47;0;146;0;224;37.71661569826707;-2.8459458;-2.8459458
10.48;0;146;0;223;37.61467889908257;-2.817073;-2.817073
10.49;0;146;0;223;37.61467889908257;-2.817073;-2.817073
10.5;0;146;0;223;37.61467889908257;-2.817073;-2.817073
10.51;0;146;0;222;37.51274209989806;-2.7880435;-2.7880435
10.52;0;146;0;222;37.51274209989806;-2.7880435;-2.7880435
10.53;0;146;0;222;37.51274209989806;-2.7880435;-2.7880435
10.54;0;146;0;222;37.51274209989806;-2.7880435;-2.7880435
10.55;0;146;0;222;37.51274209989806;-2.7880435;-2.7880435
10.56;0;146;0;222;37.51274209989806;-2.7880435;-2.7880435
10.57;0;146;0;222;37.51274209989806;-2.7880435;-2.7880435
10.58;0;146;0;222;37.51274209989806;-2.7880435;-2.7880435
10.59;0;146;0;222;37.51274209989806;-2.7880435;-2.7880435
10.6;0;147;0;222;37.61467889908257;-2.7439024;-2.7439024
10.61;0;147;0;222;37.61467889908257;-2.7439024;-2.7439024
10.62;0;147;0;222;37.61467889908257;-2.7439024;-2.7439024
10.63;0;147;0;221;37.51274209989806;-2.714674;-2.714674
10.64;0;147;0;221;37.51274209989806;-2.714674;-2.714674
10.65;0;147;0;221;37.51274209989806;-2.714674;-2.714674
10.66;0;147;0;221;37.51274209989806;-2.714674;-2.714674
10.67;0;147;0;221;37.51274209989806;-2.714674;-2.714674
10.68;0;147;0;221;37.51274209989806;-2.714674;-2.714674
10.69;0;147;0;220;37.410805300713555;-2.685286;-2.685286
10.7;0;147;0;220;37.410805300713555;-2.685286;-2.685286
10.71;0;147;0;220;37.410805300713555;-2.685286;-2.685286
10.72;0;148;0;220;37.51274209989806;-2.6413043;-2.6413043
10.73;0;148;0;220;37.51274209989806;-2.6413043;-2.6413043
10.74;0;148;0;220;37.51274209989806;-2.6413043;-2.6413043
10.75;0;148;0;220;37.51274209989806;-2.6413043;-2.6413043
10.76;0;147;0;220;37.410805300713555;-2.685286;-2.685286
10.77;0;147;0;220;37.410805300713555;-2.685286;-2.685286
10.78;0;147;0;220;37.410805300713555;-2.685286;-2.685286
10.79;0;147;0;220;37.410805300713555;-2.685286;-2.685286
10.8;0;147;0;220;37.410805300713555;-2.685286;-2.685286
10.81;0;148;0;220;37.51274209989806;-2.6413043;-2.6413043
10.82;0;148;0;220;37.51274209989806;-2.6413043;-2.6413043
10.83;0;148;0;220;37.51274209989806;-2.6413043;-2.6413043
10.84;0;148;0;220;37.51274209989806;-2.6413043;-2.6413043
10.85;0;148;0;220;37.51274209989806;-2.6413043;-2.6413043
10.86;0;148;0;220;37.51274209989806;-2.6413043;-2.6413043
10.87;0;148;0;220;37.51274209989806;-2.6413043;-2.6413043
10.88;0;148;0;220;37.51274209989806;-2.6413043;-2.6413043
10.89;0;148;0;220;37.51274209989806;-2.6413043;-2.6413043
10.9;0;148;0;219;37.410805300713555;-2.6117165;-2.6117165
10.91;0;148;0;219;37.410805300713555;-2.6117165;-2.6117165
10.92;0;148;0;219;37.410805300713555;-2.6117165;-2.6117165
10.93;0;148;0;219;37.410805300713555;-2.6117165;-2.6117165
10.94;0;148;0;219;37.410805300713555;-2.6117165;-2.6117165
10.95;0;148;0;219;37.410805300713555;-2.6117165;-2.6117165
10.96;0;148;0;219;37.410805300713555;-2.6117165;-2.6117165
10.97;0;148;0;219;37.410805300713555;-2.6117165;-2.6117165
10.98;0;148;0;218;37.30886850152905;-2.581967;-2.581967
10.99;0;148;0;218;37.30886850152905;-2.581967;-2.581967
11.0;0;148;0;218;37.30886850152905;-2.581967;-2.581967
11.01;0;148;0;218;37.30886850152905;-2.581967;-2.581967
11.02;0;148;0;218;37.30886850152905;-2.581967;-2.581967
11.03;0;148;0;218;37.30886850152905;-2.581967;-2.581967
11.04;0;148;0;218;37.30886850152905;-2.581967;-2.581967
11.05;0;148;0;218;37.30886850152905;-2.581967;-2.581967
11.06;0;148;0;218;37.30886850152905;-2.581967;-2.581967
11.07;0;148;0;218;37.30886850152905;-2.581967;-2.581967
11.08;0;148;0;218;37.30886850152905;-2.581967;-2.581967
11.09;0;148;0;218;37.30886850152905;-2.581967;-2.581967
11.1;0;148;0;217;37.20693170234455;-2.552055;-2.552055
11.11;0;148;0;217;37.20693170234455;-2.552055;-2.552055
11.12;0;148;0;217;37.20693170234455;-2.552055;-2.552055
11.13;0;148;0;217;37.20693170234455;-2.552055;-2.552055
11.14;0;148;0;217;37.20693170234455;-2.552055;-2.552055
11.15;0;148;0;217;37.20693170234455;-2.552055;-2.552055
11.16;0;148;0;217;37.20693170234455;-2.552055;-2.552055
11.17;0;148;0;217;37.20693170234455;-2.552055;-2.552055
11.18;0;148;0;217;37.20693170234455;-2.552055;-2.552055
11.19;0;148;0;217;37.20693170234455;-2.552055;-2.552055
11.2;0;148;0;217;37.20693170234455;-2.552055;-2.552055
11.21;0;148;0;217;37.20693170234455;-2.552055;-2.552055
11.22;0;148;0;217;37.20693170234455;-2.552055;-2.552055
11.23;0;148;0;217;37.20693170234455;-2.552055;-2.552055
11.24;0;148;0;217;37.20693170234455;-2.552055;-2.552055
11.25;0;148;0;217;37.20693170234455;-2.552055;-2.552055
11.26;0;148;0;217;37.20693170234455;-2.552055;-2.552055
11.27;0;148;0;217;37.20693170234455;-2.552055;-2.552055
11.28;0;148;0;216;37.10499490316004;-2.5219781;-2.5219781
11.29;0;148;0;216;37.10499490316004;-2.5219781;-2.5219781
11.3;0;148;0;216;37.10499490316004;-2.5219781;-2.5219781
11.31;0;148;0;216;37.10499490316004;-2.5219781;-2.5219781
11.32;0;148;0;216;37.10499490316004;-2.5219781;-2.5219781
11.33;0;148;0;216;37.10499490316004;-2.5219781;-2.5219781
11.34;0;148;0;216;37.10499490316004;-2.5219781;-2.5219781
11.35;0;148;0;216;37.10499490316004;-2.5219781;-2.5219781
11.36;0;148;0;216;37.10499490316004;-2.5219781;-2.5219781
11.37;0;148;0;216;37.10499490316004;-2.5219781;-2.5219781
11.38;0;148;0;216;37.10499490316004;-2.5219781;-2.5219781
11.39;0;148;0;216;37.10499490316004;-2.5219781;-2.5219781
11.4;0;149;0;216;37.20693170234455;-2.4780822;-2.4780822
11.41;0;149;0;216;37.20693170234455;-2.4780822;-2.4780822
11.42;0;149;0;215;37.10499490316004;-2.4478023;-2.4478023
11.43;0;149;0;215;37.10499490316004;-2.4478023;-2.4478023
11.44;0;149;0;215;37.10499490316004;-2.4478023;-2.4478023
11.45;0;149;0;215;37.10499490316004;-2.4478023;-2.4478023
11.46;0;149;0;215;37.10499490316004;-2.4478023;-2.4478023
11.47;0;149;0;215;37.10499490316004;-2.4478023;-2.4478023
11.48;0;149;0;215;37.10499490316004;-2.4478023;-2.4478023
11.49;0;149;0;215;37.10499490316004;-2.4478023;-2.4478023
11.5;0;149;0;215;37.10499490316004;-2.4478023;-2.4478023
11.51;0;149;0;215;37.10499490316004;-2.4478023;-2.4478023
11.52;0;149;0;215;37.10499490316004;-2.4478023;-2.4478023
11.53;0;149;0;215;37.10499490316004;-2.4478023;-2.4478023
11.54;0;149;0;214;37.00305810397553;-2.4173553;-2.4173553
11.55;0;149;0;214;37.00305810397553;-2.4173553;-2.4173553
11.56;0;149;0;214;37.00305810397553;-2.4173553;-2.4173553
11.57;0;149;0;214;37.00305810397553;-2.4173553;-2.4173553
11.58;0;149;0;214;37.00305810397553;-2.4173553;-2.4173553
11.59;0;149;0;214;37.00305810397553;-2.4173553;-2.4173553
11.6;0;149;0;214;37.00305810397553;-2.4173553;-2.4173553
11.61;0;149;0;214;37.00305810397553;-2.4173553;-2.4173553
11.62;0;150;0;214;37.10499490316004;-2.3736265;-2.3736265
11.63;0;150;0;214;37.10499490316004;-2.3736265;-2.3736265
11.64;0;150;0;214;37.10499490316004;-2.3736265;-2.3736265
11.65;0;150;0;214;37.10499490316004;-2.3736265;-2.3736265
11.66;0;150;0;213;37.00305810397553;-2.3429751;-2.3429751
11.67;0;150;0;213;37.00305810397553;-2.3429751;-2.3429751
11.68;0;151;0;213;37.10499490316004;-2.2994506;-2.2994506
11.69;0;151;0;213;37.10499490316004;-2.2994506;-2.2994506
11.7;0;151;0;213;37.10499490316004;-2.2994506;-2.2994506
11.71;0;151;0;213;37.10499490316004;-2.2994506;-2.2994506
11.72;0;151;0;213;37.10499490316004;-2.2994506;-2.2994506
11.73;0;151;0;212;37.00305810397553;-2.268595;-2.268595
11.74;0;152;0;212;37.10499490316004;-2.2252748;-2.2252748
11.75;0;152;0;212;37.10499490316004;-2.2252748;-2.2252748
11.76;0;152;0;212;37.10499490316004;-2.2252748;-2.2252748
11.77;0;152;0;212;37.10499490316004;-2.2252748;-2.2252748
11.78;0;152;0;212;37.10499490316004;-2.2252748;-2.2252748
11.79;0;153;0;211;37.10499490316004;-2.151099;-2.151099
11.8;0;153;0;211;37.10499490316004;-2.151099;-2.151099
11.81;0;153;0;211;37.10499490316004;-2.151099;-2.151099
11.82;0;154;0;211;37.20693170234455;-2.1082191;-2.1082191
11.83;0;154;0;210;37.10499490316004;-2.0769231;-2.0769231
11.84;0;155;0;210;37.20693170234455;-2.0342467;-2.0342467
11.85;0;155;0;210;37.20693170234455;-2.0342467;-2.0342467
11.86;0;156;0;209;37.20693170234455;-1.960274;-1.960274
11.87;0;156;0;209;37.20693170234455;-1.960274;-1.960274
11.88;0;157;0;208;37.20693170234455;-1.8863014;-1.8863014
11.89;0;158;0;208;37.30886850152905;-1.8442622;-1.8442622
11.9;0;158;0;207;37.20693170234455;-1.8123288;-1.8123288
11.91;0;159;0;207;37.30886850152905;-1.7704918;-1.7704918
11.92;0;159;0;207;37.30886850152905;-1.7704918;-1.7704918
11.93;0;160;0;206;37.30886850152905;-1.6967213;-1.6967213
11.94;0;160;0;206;37.30886850152905;-1.6967213;-1.6967213
11.95;0;160;0;206;37.30886850152905;-1.6967213;-1.6967213
11.96;0;160;0;205;37.20693170234455;-1.6643835;-1.6643835
11.97;0;161;0;205;37.30886850152905;-1.6229508;-1.6229508
11.98;0;161;0;205;37.30886850152905;-1.6229508;-1.6229508
11.99;0;161;0;205;37.30886850152905;-1.6229508;-1.6229508
12.0;0;161;0;205;37.30886850152905;-1.6229508;-1.6229508
12.01;0;162;0;205;37.410805300713555;-1.5817438;-1.5817438
12.02;0;162;0;205;37.410805300713555;-1.5817438;-1.5817438
12.03;0;162;0;205;37.410805300713555;-1.5817438;-1.5817438
12.04;0;162;0;205;37.410805300713555;-1.5817438;-1.5817438
12.05;0;162;0;205;37.410805300713555;-1.5817438;-1.5817438
12.06;0;163;0;205;37.51274209989806;-1.5407609;-1.5407609
12.07;0;163;0;205;37.51274209989806;-1.5407609;-1.5407609
12.08;0;163;0;205;37.51274209989806;-1.5407609;-1.5407609
12.09;0;163;0;204;37.410805300713555;-1.5081744;-1.5081744
12.1;0;162;0;204;37.30886850152905;-1.5491803;-1.5491803
12.11;0;162;0;204;37.30886850152905;-1.5491803;-1.5491803
12.12;0;162;0;204;37.30886850152905;-1.5491803;-1.5491803
12.13;0;162;0;204;37.30886850152905;-1.5491803;-1.5491803
12.14;0;162;0;205;37.410805300713555;-1.5817438;-1.5817438
12.15;0;162;0;205;37.410805300713555;-1.5817438;-1.5817438
12.16;0;162;0;205;37.410805300713555;-1.5817438;-1.5817438
12.17;0;162;0;205;37.410805300713555;-1.5817438;-1.5817438
12.18;0;162;0;205;37.410805300713555;-1.5817438;-1.5817438
12.19;0;162;0;206;37.51274209989806;-1.6141304;-1.6141304
12.2;0;162;0;206;37.51274209989806;-1.6141304;-1.6141304
12.21;0;162;0;206;37.51274209989806;-1.6141304;-1.6141304
12.22;0;162;0;205;37.410805300713555;-1.5817438;-1.5817438
12.23;0;162;0;205;37.410805300713555;-1.5817438;-1.5817438
12.24;0;162;0;205;37.410805300713555;-1.5817438;-1.5817438
12.25;0;163;0;205;37.51274209989806;-1.5407609;-1.5407609
12.26;0;163;0;205;37.51274209989806;-1.5407609;-1.5407609
12.27;0;163;0;205;37.51274209989806;-1.5407609;-1.5407609
12.28;0;163;0;205;37.51274209989806;-1.5407609;-1.5407609
12.29;0;163;0;205;37.51274209989806;-1.5407609;-1.5407609
12.3;0;163;0;205;37.51274209989806;-1.5407609;-1.5407609
12.31;0;162;0;205;37.410805300713555;-1.5817438;-1.5817438
12.32;0;162;0;205;37.410805300713555;-1.5817438;-1.5817438
12.33;0;162;0;205;37.410805300713555;-1.5817438;-1.5817438
12.34;0;162;0;205;37.410805300713555;-1.5817438;-1.5817438
12.35;0;162;0;206;37.51274209989806;-1.6141304;-1.6141304
12.36;0;162;0;206;37.51274209989806;-1.6141304;-1.6141304
12.37;0;162;0;206;37.51274209989806;-1.6141304;-1.6141304
12.38;0;162;0;206;37.51274209989806;-1.6141304;-1.6141304
12.39;0;162;0;206;37.51274209989806;-1.6141304;-1.6141304
12.4;0;162;0;206;37.51274209989806;-1.6141304;-1.6141304
12.41;0;162;0;206;37.51274209989806;-1.6141304;-1.6141304
12.42;0;162;0;206;37.51274209989806;-1.6141304;-1.6141304
12.43;0;162;0;206;37.51274209989806;-1.6141304;-1.6141304
12.44;0;162;0;206;37.51274209989806;-1.6141304;-1.6141304
12.45;0;162;0;206;37.51274209989806;-1.6141304;-1.6141304
12.46;0;162;0;206;37.51274209989806;-1.6141304;-1.6141304
12.47;0;162;0;206;37.51274209989806;-1.6141304;-1.6141304
12.48;0;162;0;206;37.51274209989806;-1.6141304;-1.6141304
12.49;0;162;0;206;37.51274209989806;-1.6141304;-1.6141304
12.5;0;162;0;206;37.51274209989806;-1.6141304;-1.6141304
12.51;0;162;0;206;37.51274209989806;-1.6141304;-1.6141304
12.52;0;162;0;206;37.51274209989806;-1.6141304;-1.6141304
12.53;0;162;0;206;37.51274209989806;-1.6141304;-1.6141304
12.54;0;162;0;205;37.410805300713555;-1.5817438;-1.5817438
12.55;0;162;0;205;37.410805300713555;-1.5817438;-1.5817438
12.56;0;162;0;205;37.410805300713555;-1.5817438;-1.5817438
12.57;0;162;0;205;37.410805300713555;-1.5817438;-1.5817438
12.58;0;162;0;205;37.410805300713555;-1.5817438;-1.5817438
12.59;0;162;0;205;37.410805300713555;-1.5817438;-1.5817438
12.6;0;162;0;205;37.410805300713555;-1.5817438;-1.5817438
12.61;0;162;0;205;37.410805300713555;-1.5817438;-1.5817438
12.62;0;162;0;205;37.410805300713555;-1.5817438;-1.5817438
12.63;0;162;0;205;37.410805300713555;-1.5817438;-1.5817438
12.64;0;162;0;206;37.51274209989806;-1.6141304;-1.6141304
12.65;0;162;0;206;37.51274209989806;-1.6141304;-1.6141304
12.66;0;162;0;206;37.51274209989806;-1.6141304;-1.6141304
12.67;0;162;0;206;37.51274209989806;-1.6141304;-1.6141304
12.68;0;162;0;206;37.51274209989806;-1.6141304;-1.6141304
12.69;0;162;0;206;37.51274209989806;-1.6141304;-1.6141304
12.7;0;162;0;206;37.51274209989806;-1.6141304;-1.6141304
12.71;0;162;0;206;37.51274209989806;-1.6141304;-1.6141304
12.72;0;162;0;206;37.51274209989806;-1.6141304;-1.6141304
12.73;0;162;0;206;37.51274209989806;-1.6141304;-1.6141304
12.74;0;162;0;206;37.51274209989806;-1.6141304;-1.6141304
12.75;0;162;0;206;37.51274209989806;-1.6141304;-1.6141304
12.76;0;162;0;205;37.410805300713555;-1.5817438;-1.5817438
12.77;0;162;0;205;37.410805300713555;-1.5817438;-1.5817438
12.78;0;162;0;205;37.410805300713555;-1.5817438;-1.5817438
12.79;0;163;0;205;37.51274209989806;-1.5407609;-1.5407609
12.8;0;163;0;205;37.51274209989806;-1.5407609;-1.5407609
12.81;0;163;0;205;37.51274209989806;-1.5407609;-1.5407609
12.82;0;163;0;205;37.51274209989806;-1.5407609;-1.5407609
12.83;0;163;0;205;37.51274209989806;-1.5407609;-1.5407609
12.84;0;163;0;205;37.51274209989806;-1.5407609;-1.5407609
12.85;0;164;0;205;37.61467889908257;-1.5;-1.5
12.86;0;164;0;205;37.61467889908257;-1.5;-1.5
12.87;0;164;0;205;37.61467889908257;-1.5;-1.5
12.88;0;164;0;204;37.51274209989806;-1.4673913;-1.4673913
12.89;0;164;0;204;37.51274209989806;-1.4673913;-1.4673913
12.9;0;164;0;204;37.51274209989806;-1.4673913;-1.4673913
12.91;0;164;0;204;37.51274209989806;-1.4673913;-1.4673913
12.92;0;164;0;204;37.51274209989806;-1.4673913;-1.4673913
12.93;0;164;0;204;37.51274209989806;-1.4673913;-1.4673913
12.94;0;164;0;204;37.51274209989806;-1.4673913;-1.4673913
12.95;0;164;0;204;37.51274209989806;-1.4673913;-1.4673913
12.96;0;164;0;204;37.51274209989806;-1.4673913;-1.4673913
12.97;0;164;0;204;37.51274209989806;-1.4673913;-1.4673913
12.98;0;164;0;204;37.51274209989806;-1.4673913;-1.4673913
12.99;0;164;0;204;37.51274209989806;-1.4673913;-1.4673913
13.0;0;164;0;204;37.51274209989806;-1.4673913;-1.4673913
13.01;0;165;0;204;37.61467889908257;-1.4268292;-1.4268292
13.02;0;165;0;204;37.61467889908257;-1.4268292;-1.4268292
13.03;0;165;0;204;37.61467889908257;-1.4268292;-1.4268292
13.04;0;165;0;204;37.61467889908257;-1.4268292;-1.4268292
13.05;0;165;0;204;37.61467889908257;-1.4268292;-1.4268292
13.06;0;165;0;204;37.61467889908257;-1.4268292;-1.4268292
13.07;0;165;0;204;37.61467889908257;-1.4268292;-1.4268292
13.08;0;165;0;203;37.51274209989806;-1.3940217;-1.3940217
13.09;0;165;0;203;37.51274209989806;-1.3940217;-1.3940217
13.1;0;165;0;204;37.61467889908257;-1.4268292;-1.4268292
13.11;0;165;0;204;37.61467889908257;-1.4268292;-1.4268292
13.12;0;165;0;204;37.61467889908257;-1.4268292;-1.4268292
13.13;0;165;0;204;37.61467889908257;-1.4268292;-1.4268292
13.14;0;165;0;204;37.61467889908257;-1.4268292;-1.4268292
13.15;0;165;0;204;37.61467889908257;-1.4268292;-1.4268292
13.16;0;165;0;204;37.61467889908257;-1.4268292;-1.4268292
13.17;0;165;0;204;37.61467889908257;-1.4268292;-1.4268292
13.18;0;165;0;204;37.61467889908257;-1.4268292;-1.4268292
13.19;0;165;0;204;37.61467889908257;-1.4268292;-1.4268292
13.2;0;165;0;204;37.61467889908257;-1.4268292;-1.4268292
13.21;0;165;0;204;37.61467889908257;-1.4268292;-1.4268292
13.22;0;165;0;204;37.61467889908257;-1.4268292;-1.4268292
13.23;0;165;0;204;37.61467889908257;-1.4268292;-1.4268292
13.24;0;165;0;204;37.61467889908257;-1.4268292;-1.4268292
13.25;0;165;0;204;37.61467889908257;-1.4268292;-1.4268292
13.26;0;165;0;204;37.61467889908257;-1.4268292;-1.4268292
13.27;0;165;0;204;37.61467889908257;-1.4268292;-1.4268292
13.28;0;165;0;204;37.61467889908257;-1.4268292;-1.4268292
13.29;0;165;0;204;37.61467889908257;-1.4268292;-1.4268292
13.3;0;165;0;204;37.61467889908257;-1.4268292;-1.4268292
13.31;0;165;0;203;37.51274209989806;-1.3940217;-1.3940217
13.32;0;166;0;203;37.61467889908257;-1.3536586;-1.3536586
13.33;0;166;0;203;37.61467889908257;-1.3536586;-1.3536586
13.34;0;166;0;203;37.61467889908257;-1.3536586;-1.3536586
13.35;0;166;0;203;37.61467889908257;-1.3536586;-1.3536586
13.36;0;166;0;203;37.61467889908257;-1.3536586;-1.3536586
13.37;0;166;0;202;37.51274209989806;-1.3206521;-1.3206521
13.38;0;166;0;202;37.51274209989806;-1.3206521;-1.3206521
13.39;0;167;0;202;37.61467889908257;-1.2804878;-1.2804878
13.4;0;167;0;202;37.61467889908257;-1.2804878;-1.2804878
13.41;0;167;0;202;37.61467889908257;-1.2804878;-1.2804878
13.42;0;167;0;202;37.61467889908257;-1.2804878;-1.2804878
13.43;0;167;0;202;37.61467889908257;-1.2804878;-1.2804878
13.44;0;167;0;202;37.61467889908257;-1.2804878;-1.2804878
13.45;0;167;0;201;37.51274209989806;-1.2472826;-1.2472826
13.46;0;168;0;201;37.61467889908257;-1.2073171;-1.2073171
13.47;0;168;0;201;37.61467889908257;-1.2073171;-1.2073171
13.48;0;168;0;201;37.61467889908257;-1.2073171;-1.2073171
13.49;0;168;0;201;37.61467889908257;-1.2073171;-1.2073171
13.5;0;167;0;201;37.51274209989806;-1.2472826;-1.2472826
13.51;0;167;0;201;37.51274209989806;-1.2472826;-1.2472826
13.52;0;167;0;201;37.51274209989806;-1.2472826;-1.2472826
13.53;0;168;0;201;37.61467889908257;-1.2073171;-1.2073171
13.54;0;168;0;201;37.61467889908257;-1.2073171;-1.2073171
13.55;0;167;0;201;37.51274209989806;-1.2472826;-1.2472826
13.56;0;167;0;201;37.51274209989806;-1.2472826;-1.2472826
13.57;0;167;0;201;37.51274209989806;-1.2472826;-1.2472826
13.58;0;167;0;201;37.51274209989806;-1.2472826;-1.2472826
13.59;0;167;0;201;37.51274209989806;-1.2472826;-1.2472826
13.6;0;167;0;201;37.51274209989806;-1.2472826;-1.2472826
13.61;0;168;0;201;37.61467889908257;-1.2073171;-1.2073171
13.62;0;168;0;201;37.61467889908257;-1.2073171;-1.2073171
13.63;0;168;0;201;37.61467889908257;-1.2073171;-1.2073171
13.64;0;168;0;201;37.61467889908257;-1.2073171;-1.2073171
13.65;0;168;0;201;37.61467889908257;-1.2073171;-1.2073171
13.66;0;168;0;201;37.61467889908257;-1.2073171;-1.2073171
13.67;0;168;0;201;37.61467889908257;-1.2073171;-1.2073171
13.68;0;168;0;201;37.61467889908257;-1.2073171;-1.2073171
13.69;0;168;0;200;37.51274209989806;-1.173913;-1.173913
13.7;0;167;0;200;37.410805300713555;-1.2138965;-1.2138965
13.71;0;167;0;200;37.410805300713555;-1.2138965;-1.2138965
13.72;0;167;0;200;37.410805300713555;-1.2138965;-1.2138965
13.73;0;167;0;200;37.410805300713555;-1.2138965;-1.2138965
13.74;0;167;0;200;37.410805300713555;-1.2138965;-1.2138965
13.75;0;167;0;201;37.51274209989806;-1.2472826;-1.2472826
13.76;0;167;0;201;37.51274209989806;-1.2472826;-1.2472826
13.77;0;167;0;201;37.51274209989806;-1.2472826;-1.2472826
13.78;0;167;0;201;37.51274209989806;-1.2472826;-1.2472826
13.79;0;167;0;202;37.61467889908257;-1.2804878;-1.2804878
13.8;0;167;0;202;37.61467889908257;-1.2804878;-1.2804878
13.81;0;167;0;202;37.61467889908257;-1.2804878;-1.2804878
13.82;0;167;0;202;37.61467889908257;-1.2804878;-1.2804878
13.83;0;166;0;202;37.51274209989806;-1.3206521;-1.3206521
13.84;0;166;0;202;37.51274209989806;-1.3206521;-1.3206521
13.85;0;166;0;202;37.51274209989806;-1.3206521;-1.3206521
13.86;0;166;0;202;37.51274209989806;-1.3206521;-1.3206521
13.87;0;166;0;202;37.51274209989806;-1.3206521;-1.3206521
13.88;0;165;0;203;37.51274209989806;-1.3940217;-1.3940217
13.89;0;165;0;203;37.51274209989806;-1.3940217;-1.3940217
13.9;0;165;0;203;37.51274209989806;-1.3940217;-1.3940217
13.91;0;165;0;203;37.51274209989806;-1.3940217;-1.3940217
13.92;0;165;0;204;37.61467889908257;-1.4268292;-1.4268292
13.93;0;164;0;204;37.51274209989806;-1.4673913;-1.4673913
13.94;0;164;0;204;37.51274209989806;-1.4673913;-1.4673913
13.95;0;164;0;204;37.51274209989806;-1.4673913;-1.4673913
13.96;0;163;0;204;37.410805300713555;-1.5081744;-1.5081744
13.97;0;163;0;204;37.410805300713555;-1.5081744;-1.5081744
13.98;0;163;0;204;37.410805300713555;-1.5081744;-1.5081744
13.99;0;163;0;205;37.51274209989806;-1.5407609;-1.5407609
14.0;0;163;0;205;37.51274209989806;-1.5407609;-1.5407609
14.01;0;162;0;205;37.410805300713555;-1.5817438;-1.5817438
14.02;0;162;0;205;37.410805300713555;-1.5817438;-1.5817438
14.03;0;162;0;205;37.410805300713555;-1.5817438;-1.5817438
14.04;0;162;0;206;37.51274209989806;-1.6141304;-1.6141304
14.05;0;162;0;206;37.51274209989806;-1.6141304;-1.6141304
14.06;0;162;0;206;37.51274209989806;-1.6141304;-1.6141304
14.07;0;162;0;206;37.51274209989806;-1.6141304;-1.6141304
14.08;0;162;0;206;37.51274209989806;-1.6141304;-1.6141304
14.09;0;161;0;206;37.410805300713555;-1.6553134;-1.6553134
14.1;0;161;0;206;37.410805300713555;-1.6553134;-1.6553134
14.11;0;161;0;206;37.410805300713555;-1.6553134;-1.6553134
14.12;0;161;0;206;37.410805300713555;-1.6553134;-1.6553134
14.13;0;161;0;206;37.410805300713555;-1.6553134;-1.6553134
14.14;0;160;0;211;37.81855249745158;-1.8557951;-1.8557951
14.15;0;160;0;211;37.81855249745158;-1.8557951;-1.8557951
14.16;0;160;0;211;37.81855249745158;-1.8557951;-1.8557951
14.17;0;160;0;211;37.81855249745158;-1.8557951;-1.8557951
14.18;0;160;0;211;37.81855249745158;-1.8557951;-1.8557951
14.19;0;160;0;211;37.81855249745158;-1.8557951;-1.8557951
14.2;0;160;0;211;37.81855249745158;-1.8557951;-1.8557951
14.21;0;160;0;211;37.81855249745158;-1.8557951;-1.8557951
14.22;0;160;0;211;37.81855249745158;-1.8557951;-1.8557951
14.23;0;160;0;211;37.81855249745158;-1.8557951;-1.8557951
14.24;0;160;0;210;37.71661569826707;-1.8243244;-1.8243244
14.25;0;160;0;210;37.71661569826707;-1.8243244;-1.8243244
14.26;0;160;0;210;37.71661569826707;-1.8243244;-1.8243244
14.27;0;160;0;210;37.71661569826707;-1.8243244;-1.8243244
14.28;0;161;0;210;37.81855249745158;-1.7830188;-1.7830188
14.29;0;161;0;210;37.81855249745158;-1.7830188;-1.7830188
14.3;0;161;0;210;37.81855249745158;-1.7830188;-1.7830188
14.31;0;161;0;210;37.81855249745158;-1.7830188;-1.7830188
14.32;0;161;0;210;37.81855249745158;-1.7830188;-1.7830188
14.33;0;161;0;209;37.71661569826707;-1.7513514;-1.7513514
14.34;0;161;0;209;37.71661569826707;-1.7513514;-1.7513514
14.35;0;162;0;209;37.81855249745158;-1.7102426;-1.7102426
14.36;0;162;0;209;37.81855249745158;-1.7102426;-1.7102426
14.37;0;162;0;209;37.81855249745158;-1.7102426;-1.7102426
14.38;0;162;0;208;37.71661569826707;-1.6783783;-1.6783783
14.39;0;162;0;208;37.71661569826707;-1.6783783;-1.6783783
14.4;0;162;0;208;37.71661569826707;-1.6783783;-1.6783783
14.41;0;162;0;209;37.81855249745158;-1.7102426;-1.7102426
14.42;0;162;0;209;37.81855249745158;-1.7102426;-1.7102426
14.43;0;162;0;209;37.81855249745158;-1.7102426;-1.7102426
14.44;0;162;0;209;37.81855249745158;-1.7102426;-1.7102426
14.45;0;162;0;209;37.81855249745158;-1.7102426;-1.7102426
14.46;0;162;0;209;37.81855249745158;-1.7102426;-1.7102426
14.47;0;162;0;209;37.81855249745158;-1.7102426;-1.7102426
14.48;0;162;0;208;37.71661569826707;-1.6783783;-1.6783783
14.49;0;162;0;208;37.71661569826707;-1.6783783;-1.6783783
14.5;0;162;0;208;37.71661569826707;-1.6783783;-1.6783783
14.51;0;162;0;208;37.71661569826707;-1.6783783;-1.6783783
14.52;0;162;0;208;37.71661569826707;-1.6783783;-1.6783783
14.53;0;162;0;208;37.71661569826707;-1.6783783;-1.6783783
14.54;0;162;0;208;37.71661569826707;-1.6783783;-1.6783783
14.55;0;162;0;209;37.81855249745158;-1.7102426;-1.7102426
14.56;0;162;0;209;37.81855249745158;-1.7102426;-1.7102426
14.57;0;162;0;209;37.81855249745158;-1.7102426;-1.7102426
14.58;0;162;0;209;37.81855249745158;-1.7102426;-1.7102426
14.59;0;162;0;209;37.81855249745158;-1.7102426;-1.7102426
14.6;0;162;0;208;37.71661569826707;-1.6783783;-1.6783783
14.61;0;162;0;208;37.71661569826707;-1.6783783;-1.6783783
14.62;0;162;0;208;37.71661569826707;-1.6783783;-1.6783783
14.63;0;162;0;207;37.61467889908257;-1.6463414;-1.6463414
14.64;0;162;0;207;37.61467889908257;-1.6463414;-1.6463414
14.65;0;162;0;207;37.61467889908257;-1.6463414;-1.6463414
14.66;0;162;0;206;37.51274209989806;-1.6141304;-1.6141304
14.67;0;162;0;206;37.51274209989806;-1.6141304;-1.6141304
14.68;0;162;0;206;37.51274209989806;-1.6141304;-1.6141304
14.69;0;162;0;206;37.51274209989806;-1.6141304;-1.6141304
14.7;0;162;0;206;37.51274209989806;-1.6141304;-1.6141304
14.71;0;162;0;206;37.51274209989806;-1.6141304;-1.6141304
14.72;0;162;0;206;37.51274209989806;-1.6141304;-1.6141304
14.73;0;162;0;205;37.410805300713555;-1.5817438;-1.5817438
14.74;0;162;0;205;37.410805300713555;-1.5817438;-1.5817438
14.75;0;163;0;204;37.410805300713555;-1.5081744;-1.5081744
14.76;0;163;0;204;37.410805300713555;-1.5081744;-1.5081744
14.77;0;163;0;203;37.30886850152905;-1.4754099;-1.4754099
14.78;0;163;0;202;37.20693170234455;-1.4424658;-1.4424658
14.79;0;163;0;202;37.20693170234455;-1.4424658;-1.4424658
14.8;0;163;0;201;37.10499490316004;-1.4093406;-1.4093406
14.81;0;163;0;201;37.10499490316004;-1.4093406;-1.4093406
14.82;0;163;0;201;37.10499490316004;-1.4093406;-1.4093406
14.83;0;164;0;200;37.10499490316004;-1.3351648;-1.3351648
14.84;0;164;0;200;37.10499490316004;-1.3351648;-1.3351648
14.85;0;164;0;199;37.00305810397553;-1.3016529;-1.3016529
14.86;0;164;0;199;37.00305810397553;-1.3016529;-1.3016529
14.87;0;164;0;199;37.00305810397553;-1.3016529;-1.3016529
14.88;0;164;0;198;36.901121304791026;-1.2679558;-1.2679558
14.89;0;164;0;198;36.901121304791026;-1.2679558;-1.2679558
14.9;0;164;0;198;36.901121304791026;-1.2679558;-1.2679558
14.91;0;164;0;198;36.901121304791026;-1.2679558;-1.2679558
14.92;0;164;0;197;36.79918450560652;-1.234072;-1.234072
14.93;0;165;0;197;36.901121304791026;-1.1933702;-1.1933702
14.94;0;165;0;197;36.901121304791026;-1.1933702;-1.1933702
14.95;0;165;0;196;36.79918450560652;-1.1592798;-1.1592798
14.96;0;166;0;196;36.901121304791026;-1.1187845;-1.1187845
14.97;0;166;0;195;36.79918450560652;-1.0844876;-1.0844876
14.98;0;166;0;194;36.69724770642202;-1.05;-1.05
14.99;0;166;0;193;36.59531090723751;-1.0153203;-1.0153203
15.0;0;167;0;192;36.59531090723751;-0.9401114;-0.9401114
15.01;0;167;0;192;36.59531090723751;-0.9401114;-0.9401114
15.02;0;167;0;191;36.493374108053004;-0.9050279;-0.9050279
15.03;0;168;0;190;36.493374108053004;-0.8296089;-0.8296089
15.04;0;168;0;189;36.3914373088685;-0.7941176;-0.7941176
15.05;0;169;0;189;36.493374108053004;-0.75418997;-0.75418997
15.06;0;169;0;188;36.3914373088685;-0.7184874;-0.7184874
15.07;0;169;0;188;36.3914373088685;-0.7184874;-0.7184874
15.08;0;170;0;188;36.493374108053004;-0.67877096;-0.67877096
15.09;0;170;0;188;36.493374108053004;-0.67877096;-0.67877096
15.1;0;170;0;187;36.3914373088685;-0.64285713;-0.64285713
15.11;0;170;0;187;36.3914373088685;-0.64285713;-0.64285713
15.12;0;170;0;187;36.3914373088685;-0.64285713;-0.64285713
15.13;0;170;0;187;36.3914373088685;-0.64285713;-0.64285713
15.14;0;169;0;187;36.289500509684;-0.6825843;-0.6825843
15.15;0;169;0;187;36.289500509684;-0.6825843;-0.6825843
15.16;0;169;0;187;36.289500509684;-0.6825843;-0.6825843
15.17;0;169;0;187;36.289500509684;-0.6825843;-0.6825843
15.18;0;168;0;187;36.18756371049949;-0.7225352;-0.7225352
15.19;0;168;0;187;36.18756371049949;-0.7225352;-0.7225352
15.2;0;167;0;186;35.983690112130475;-0.7266289;-0.7266289
15.21;0;167;0;186;35.983690112130475;-0.7266289;-0.7266289
15.22;0;166;0;185;35.77981651376147;-0.7307692;-0.7307692
15.23;0;166;0;184;35.67787971457696;-0.6942857;-0.6942857
15.24;0;165;0;184;35.57594291539245;-0.73495704;-0.73495704
15.25;0;164;0;184;35.47400611620795;-0.7758621;-0.7758621
15.26;0;164;0;184;35.47400611620795;-0.7758621;-0.7758621
15.27;0;164;0;184;35.47400611620795;-0.7758621;-0.7758621
15.28;0;163;0;184;35.372069317023445;-0.8170029;-0.8170029
15.29;0;163;0;184;35.372069317023445;-0.8170029;-0.8170029
15.3;0;163;0;184;35.372069317023445;-0.8170029;-0.8170029
15.31;0;163;0;184;35.372069317023445;-0.8170029;-0.8170029
15.32;0;163;0;183;35.27013251783894;-0.7803468;-0.7803468
15.33;0;164;0;182;35.27013251783894;-0.7023121;-0.7023121
15.34;0;164;0;180;35.066258919469924;-0.627907;-0.627907
15.35;0;165;0;178;34.96432212028542;-0.5116618;-0.5116618
15.36;0;165;0;175;34.6585117227319;-0.3970588;-0.3970588
15.37;0;166;0;172;34.454638124362894;-0.23964497;-0.23964497
15.38;0;167;0;169;34.25076452599388;-0.08035714;-0.08035714
15.39;0;168;0;166;34.04689092762487;0.08083832;0.08083832
15.4;0;170;0;162;33.84301732925586;0.3253012;0.3253012
15.41;0;171;0;159;33.63914373088685;0.4909091;0.4909091
15.42;0;174;0;155;33.53720693170234;0.77963525;0.77963525
15.43;0;177;0;151;33.435270132517836;1.070122;1.070122
15.44;0;180;0;146;33.23139653414883;1.4079754;1.4079754
15.45;0;183;0;142;33.12945973496432;1.703077;1.703077
15.46;0;186;0;137;32.92558613659531;2.0479877;2.0479877
15.47;0;190;0;133;32.92558613659531;2.3823528;2.3823528
15.48;0;194;0;128;32.82364933741081;2.7670808;2.7670808
15.49;0;198;0;124;32.82364933741081;3.1024845;3.1024845
15.5;0;203;0;120;32.92558613659531;3.4690402;3.4690402
15.51;0;207;0;116;32.92558613659531;3.8034055;3.8034055
15.52;0;212;0;112;33.027522935779814;4.1666665;4.1666665
15.53;0;216;0;108;33.027522935779814;4.5;4.5
15.54;0;220;0;105;33.12945973496432;4.776923;4.776923
15.55;0;223;0;101;33.027522935779814;5.0833335;5.0833335
15.56;0;226;0;97;32.92558613659531;5.3916407;5.3916407
15.57;0;228;0;94;32.82364933741081;5.6180124;5.6180124
15.58;0;231;0;92;32.92558613659531;5.8095975;5.8095975
15.59;0;233;0;90;32.92558613659531;5.9767804;5.9767804
15.6;0;236;0;89;33.12945973496432;6.106154;6.106154
15.61;0;239;0;89;33.435270132517836;6.1737804;6.1737804
15.62;0;242;0;90;33.84301732925586;6.1807227;6.1807227
15.63;0;244;0;91;34.14882772680938;6.165672;6.165672
15.64;0;245;0;92;34.35270132517839;6.1290803;6.1290803
15.65;0;246;0;92;34.454638124362894;6.1508875;6.1508875
15.66;0;245;0;92;34.35270132517839;6.1290803;6.1290803
15.67;0;244;0;91;34.14882772680938;6.165672;6.165672
15.68;0;243;0;91;34.04689092762487;6.1437125;6.1437125
15.69;0;242;0;90;33.84301732925586;6.1807227;6.1807227
15.7;0;240;0;90;33.63914373088685;6.1363635;6.1363635
15.71;0;238;0;90;33.435270132517836;6.0914636;6.0914636
15.72;0;236;0;90;33.23139653414883;6.0460124;6.0460124
15.73;0;233;0;90;32.92558613659531;5.9767804;5.9767804
15.74;0;230;0;90;32.61977573904179;5.90625;5.90625
15.75;0;227;0;91;32.415902140672785;5.773585;5.773585
15.76;0;224;0;91;32.11009174311926;5.7;5.7
15.77;0;221;0;91;31.804281345565748;5.625;5.625
15.78;0;219;0;92;31.70234454638124;5.5128617;5.5128617
15.79;0;217;0;91;31.396534148827726;5.5227275;5.5227275
15.8;0;215;0;91;31.192660550458715;5.470588;5.470588
15.81;0;213;0;91;30.988786952089704;5.417763;5.417763
15.82;0;212;0;91;30.886850152905197;5.391089;5.391089
15.83;0;210;0;90;30.581039755351682;5.4;5.4
15.84;0;209;0;90;30.479102956167175;5.3729095;5.3729095
15.85;0;207;0;90;30.275229357798164;5.318182;5.318182
15.86;0;206;0;90;30.173292558613657;5.2905407;5.2905407
15.87;0;204;0;89;29.867482161060142;5.298635;5.298635
15.88;0;203;0;89;29.765545361875635;5.270548;5.270548
15.89;0;201;0;89;29.561671763506624;5.2137933;5.2137933
15.9;0;200;0;89;29.45973496432212;5.185121;5.185121
15.91;0;199;0;89;29.357798165137613;5.15625;5.15625
15.92;0;198;0;89;29.25586136595311;5.1271777;5.1271777
15.93;0;197;0;90;29.25586136595311;5.033101;5.033101
15.94;0;196;0;90;29.153924566768602;5.0034966;5.0034966
15.95;0;195;0;90;29.051987767584098;4.9736843;4.9736843
15.96;0;194;0;91;29.051987767584098;4.8789473;4.8789473
15.97;0;194;0;91;29.051987767584098;4.8789473;4.8789473
15.98;0;194;0;91;29.051987767584098;4.8789473;4.8789473
15.99;0;194;0;91;29.051987767584098;4.8789473;4.8789473
16.0;0;193;0;91;28.95005096839959;4.8485913;4.8485913
16.01;0;193;0;90;28.848114169215084;4.9134274;4.9134274
16.02;0;192;0;90;28.74617737003058;4.882979;4.882979
16.03;0;192;0;89;28.644240570846073;4.9483986;4.9483986
16.04;0;192;0;89;28.644240570846073;4.9483986;4.9483986
16.05;0;193;0;88;28.644240570846073;5.044484;5.044484
16.06;0;193;0;87;28.54230377166157;5.1107144;5.1107144
16.07;0;194;0;85;28.44036697247706;5.274194;5.274194
16.08;0;193;0;83;28.134556574923547;5.380435;5.380435
16.09;0;192;0;81;27.82874617737003;5.489011;5.489011
16.1;0;190;0;78;27.3190621814475;5.641791;5.641791
16.11;0;188;0;76;26.911314984709477;5.7272725;5.7272725
16.12;0;186;0;73;26.401630988786952;5.8899612;5.8899612
16.13;0;182;0;71;25.79001019367992;5.922925;5.922925
16.14;0;178;0;68;25.07645259938838;6.0365853;6.0365853
16.15;0;173;0;66;24.36289500509684;6.043933;6.043933
16.16;0;168;0;63;23.547400611620795;6.1363635;6.1363635
16.17;0;163;0;60;22.73190621814475;6.235426;6.235426
16.18;0;157;0;56;21.712538226299692;6.4014087;6.4014087
16.19;0;151;0;52;20.693170234454637;6.583744;6.583744
16.2;0;146;0;46;19.571865443425075;7.03125;7.03125
16.21;0;140;0;41;18.450560652395513;7.383978;7.383978
16.22;0;134;0;35;17.227319062181447;7.908284;7.908284
16.23;0;129;0;30;16.207951070336392;8.405661;8.405661
16.24;0;124;0;25;15.188583078491334;8.969799;8.969799
16.25;0;120;0;21;14.37308868501529;9.478724;9.478724
16.26;0;116;0;17;13.557594291539244;10.048872;10.048872
16.27;0;112;0;14;12.844036697247706;10.5;10.5
16.28;0;108;0;11;12.130479102956167;11.004202;11.004202
16.29;0;103;0;10;11.518858307849133;11.11062;11.11062
16.3;0;99;0;9;11.009174311926605;11.25;11.25
16.31;0;94;0;8;10.39755351681957;11.382353;11.382353
16.32;0;88;0;8;9.785932721712538;11.25;11.25
16.33;0;81;0;7;8.970438328236494;11.352273;11.352273
16.34;0;74;0;6;8.154943934760448;11.475;11.475
16.35;0;66;0;5;7.237512742099898;11.598592;11.598592
16.36;0;57;0;4;6.218144750254842;11.729508;11.729508
16.37;0;48;0;4;5.300713557594292;11.423077;11.423077
16.38;0;40;0;3;4.3832823649337405;11.616279;11.616279
16.39;0;33;0;3;3.6697247706422016;11.25;11.25
16.4;0;26;0;3;2.9561671763506623;10.706897;10.706897
16.41;0;20;0;3;2.344546381243629;9.978261;9.978261
16.42;0;14;0;2;1.6309887869520896;10.125;10.125
16.43;0;9;0;2;1.1213047910295617;8.590909;8.590909
16.44;0;5;0;2;0.7135575942915392;5.785714;5.785714
16.45;0;3;0;2;0.509683995922528;2.7;2.7
16.46;0;2;0;2;0.4077471967380224;0.0;0.0
16.47;0;2;0;2;0.4077471967380224;0.0;0.0
16.48;0;2;0;2;0.4077471967380224;0.0;0.0
16.49;0;2;0;2;0.4077471967380224;0.0;0.0
16.5;0;2;0;2;0.4077471967380224;0.0;0.0
16.51;0;2;0;2;0.4077471967380224;0.0;0.0
16.52;0;2;0;2;0.4077471967380224;0.0;0.0
16.53;0;2;0;2;0.4077471967380224;0.0;0.0
16.54;0;2;0;2;0.4077471967380224;0.0;0.0
16.55;0;2;0;2;0.4077471967380224;0.0;0.0
16.56;0;2;0;2;0.4077471967380224;0.0;0.0
16.57;0;2;0;2;0.4077471967380224;0.0;0.0
16.58;0;2;0;2;0.4077471967380224;0.0;0.0
16.59;0;2;0;2;0.4077471967380224;0.0;0.0
16.6;0;2;0;2;0.4077471967380224;0.0;0.0
16.61;0;2;0;2;0.4077471967380224;0.0;0.0
16.62;0;2;0;2;0.4077471967380224;0.0;0.0
16.63;0;2;0;2;0.4077471967380224;0.0;0.0
16.64;0;2;0;1;0.3058103975535168;4.5;4.5
16.65;0;2;0;1;0.3058103975535168;4.5;4.5
16.66;0;2;0;1;0.3058103975535168;4.5;4.5
16.67;0;2;0;1;0.3058103975535168;4.5;4.5
16.68;0;2;0;1;0.3058103975535168;4.5;4.5
16.69;0;2;0;1;0.3058103975535168;4.5;4.5
16.7;0;2;0;1;0.3058103975535168;4.5;4.5
16.71;0;2;0;1;0.3058103975535168;4.5;4.5
16.72;0;2;0;1;0.3058103975535168;4.5;4.5
16.73;0;2;0;1;0.3058103975535168;4.5;4.5
16.74;0;2;0;1;0.3058103975535168;4.5;4.5
16.75;0;2;0;1;0.3058103975535168;4.5;4.5
16.76;0;2;0;1;0.3058103975535168;4.5;4.5
16.77;0;2;0;1;0.3058103975535168;4.5;4.5
16.78;0;2;0;1;0.3058103975535168;4.5;4.5
16.79;0;2;0;1;0.3058103975535168;4.5;4.5
16.8;0;2;0;1;0.3058103975535168;4.5;4.5
16.81;0;2;0;1;0.3058103975535168;4.5;4.5
16.82;0;2;0;1;0.3058103975535168;4.5;4.5
16.83;0;2;0;1;0.3058103975535168;4.5;4.5
16.84;0;2;0;1;0.3058103975535168;4.5;4.5
16.85;0;2;0;1;0.3058103975535168;4.5;4.5
16.86;0;2;0;1;0.3058103975535168;4.5;4.5
16.87;0;2;0;1;0.3058103975535168;4.5;4.5
16.88;0;2;0;1;0.3058103975535168;4.5;4.5
16.89;0;2;0;1;0.3058103975535168;4.5;4.5
16.9;0;2;0;1;0.3058103975535168;4.5;4.5
16.91;0;2;0;1;0.3058103975535168;4.5;4.5
16.92;0;2;0;1;0.3058103975535168;4.5;4.5
16.93;0;2;0;1;0.3058103975535168;4.5;4.5
16.94;0;2;0;1;0.3058103975535168;4.5;4.5
16.95;0;2;0;1;0.3058103975535168;4.5;4.5
16.96;0;2;0;1;0.3058103975535168;4.5;4.5
16.97;0;2;0;1;0.3058103975535168;4.5;4.5
16.98;0;2;0;1;0.3058103975535168;4.5;4.5
16.99;0;2;0;1;0.3058103975535168;4.5;4.5
17.0;0;2;0;1;0.3058103975535168;4.5;4.5
17.01;0;2;0;1;0.3058103975535168;4.5;4.5
17.02;0;2;0;1;0.3058103975535168;4.5;4.5
17.03;0;2;0;1;0.3058103975535168;4.5;4.5
17.04;0;2;0;1;0.3058103975535168;4.5;4.5
17.05;0;2;0;1;0.3058103975535168;4.5;4.5
17.06;0;2;0;1;0.3058103975535168;4.5;4.5
17.07;0;2;0;1;0.3058103975535168;4.5;4.5
17.08;0;2;0;1;0.3058103975535168;4.5;4.5
17.09;0;2;0;1;0.3058103975535168;4.5;4.5
17.1;0;2;0;1;0.3058103975535168;4.5;4.5
17.11;0;2;0;1;0.3058103975535168;4.5;4.5
17.12;0;2;0;1;0.3058103975535168;4.5;4.5
17.13;0;2;0;1;0.3058103975535168;4.5;4.5
17.14;0;2;0;1;0.3058103975535168;4.5;4.5
17.15;0;2;0;1;0.3058103975535168;4.5;4.5
17.16;0;2;0;1;0.3058103975535168;4.5;4.5
17.17;0;2;0;1;0.3058103975535168;4.5;4.5
17.18;0;2;0;1;0.3058103975535168;4.5;4.5
17.19;0;2;0;1;0.3058103975535168;4.5;4.5
17.2;0;2;0;1;0.3058103975535168;4.5;4.5
17.21;0;2;0;1;0.3058103975535168;4.5;4.5
17.22;0;2;0;1;0.3058103975535168;4.5;4.5
17.23;0;2;0;1;0.3058103975535168;4.5;4.5
17.24;0;2;0;1;0.3058103975535168;4.5;4.5
17.25;0;2;0;1;0.3058103975535168;4.5;4.5
17.26;0;2;0;1;0.3058103975535168;4.5;4.5
17.27;0;2;0;1;0.3058103975535168;4.5;4.5
17.28;0;2;0;1;0.3058103975535168;4.5;4.5
17.29;0;2;0;1;0.3058103975535168;4.5;4.5
17.3;0;2;0;1;0.3058103975535168;4.5;4.5
17.31;0;2;0;1;0.3058103975535168;4.5;4.5
17.32;0;2;0;1;0.3058103975535168;4.5;4.5
17.33;0;2;0;1;0.3058103975535168;4.5;4.5
17.34;0;2;0;1;0.3058103975535168;4.5;4.5
17.35;0;2;0;1;0.3058103975535168;4.5;4.5
17.36;0;2;0;1;0.3058103975535168;4.5;4.5
17.37;0;2;0;1;0.3058103975535168;4.5;4.5
17.38;0;2;0;1;0.3058103975535168;4.5;4.5
17.39;0;2;0;1;0.3058103975535168;4.5;4.5
17.4;0;2;0;1;0.3058103975535168;4.5;4.5
17.41;0;2;0;1;0.3058103975535168;4.5;4.5
17.42;0;2;0;1;0.3058103975535168;4.5;4.5
17.43;0;2;0;1;0.3058103975535168;4.5;4.5
17.44;0;2;0;1;0.3058103975535168;4.5;4.5
17.45;0;2;0;1;0.3058103975535168;4.5;4.5
17.46;0;2;0;1;0.3058103975535168;4.5;4.5
17.47;0;2;0;1;0.3058103975535168;4.5;4.5
17.48;0;2;0;1;0.3058103975535168;4.5;4.5
17.49;0;2;0;1;0.3058103975535168;4.5;4.5
17.5;0;2;0;1;0.3058103975535168;4.5;4.5
17.51;0;2;0;1;0.3058103975535168;4.5;4.5
17.52;0;2;0;1;0.3058103975535168;4.5;4.5
17.53;0;2;0;1;0.3058103975535168;4.5;4.5
17.54;0;2;0;1;0.3058103975535168;4.5;4.5
17.55;0;2;0;1;0.3058103975535168;4.5;4.5
17.56;0;2;0;1;0.3058103975535168;4.5;4.5
17.57;0;2;0;1;0.3058103975535168;4.5;4.5
17.58;0;2;0;1;0.3058103975535168;4.5;4.5
17.59;0;2;0;1;0.3058103975535168;4.5;4.5
17.6;0;2;0;1;0.3058103975535168;4.5;4.5
17.61;0;2;0;1;0.3058103975535168;4.5;4.5
17.62;0;2;0;1;0.3058103975535168;4.5;4.5
17.63;0;2;0;1;0.3058103975535168;4.5;4.5
17.64;0;2;0;1;0.3058103975535168;4.5;4.5
17.65;0;2;0;1;0.3058103975535168;4.5;4.5
17.66;0;2;0;1;0.3058103975535168;4.5;4.5
17.67;0;2;0;1;0.3058103975535168;4.5;4.5
17.68;0;2;0;1;0.3058103975535168;4.5;4.5
17.69;0;2;0;1;0.3058103975535168;4.5;4.5
17.7;0;2;0;1;0.3058103975535168;4.5;4.5
17.71;0;2;0;1;0.3058103975535168;4.5;4.5
17.72;0;2;0;1;0.3058103975535168;4.5;4.5
17.73;0;2;0;1;0.3058103975535168;4.5;4.5
17.74;0;2;0;1;0.3058103975535168;4.5;4.5
17.75;0;2;0;1;0.3058103975535168;4.5;4.5
17.76;0;2;0;1;0.3058103975535168;4.5;4.5
17.77;0;2;0;1;0.3058103975535168;4.5;4.5
17.78;0;2;0;1;0.3058103975535168;4.5;4.5
17.79;0;2;0;1;0.3058103975535168;4.5;4.5
17.8;0;2;0;1;0.3058103975535168;4.5;4.5
17.81;0;2;0;1;0.3058103975535168;4.5;4.5
17.82;0;2;0;1;0.3058103975535168;4.5;4.5
17.83;0;2;0;1;0.3058103975535168;4.5;4.5
17.84;0;2;0;1;0.3058103975535168;4.5;4.5
17.85;0;2;0;1;0.3058103975535168;4.5;4.5
17.86;0;2;0;1;0.3058103975535168;4.5;4.5
17.87;0;2;0;1;0.3058103975535168;4.5;4.5
17.88;0;2;0;1;0.3058103975535168;4.5;4.5
17.89;0;2;0;1;0.3058103975535168;4.5;4.5
17.9;0;2;0;1;0.3058103975535168;4.5;4.5
17.91;0;2;0;1;0.3058103975535168;4.5;4.5
17.92;0;2;0;1;0.3058103975535168;4.5;4.5
17.93;0;2;0;1;0.3058103975535168;4.5;4.5
17.94;0;2;0;1;0.3058103975535168;4.5;4.5
17.95;0;2;0;1;0.3058103975535168;4.5;4.5
17.96;0;2;0;1;0.3058103975535168;4.5;4.5
17.97;0;2;0;1;0.3058103975535168;4.5;4.5
17.98;0;2;0;1;0.3058103975535168;4.5;4.5
17.99;0;2;0;1;0.3058103975535168;4.5;4.5
18.0;0;2;0;1;0.3058103975535168;4.5;4.5
18.01;0;2;0;1;0.3058103975535168;4.5;4.5
18.02;0;2;0;1;0.3058103975535168;4.5;4.5
18.03;0;2;0;1;0.3058103975535168;4.5;4.5
18.04;0;2;0;1;0.3058103975535168;4.5;4.5
18.05;0;2;0;1;0.3058103975535168;4.5;4.5
18.06;0;2;0;1;0.3058103975535168;4.5;4.5
18.07;0;2;0;1;0.3058103975535168;4.5;4.5
18.08;0;2;0;1;0.3058103975535168;4.5;4.5
18.09;0;2;0;1;0.3058103975535168;4.5;4.5
18.1;0;2;0;1;0.3058103975535168;4.5;4.5
18.11;0;2;0;1;0.3058103975535168;4.5;4.5
18.12;0;2;0;1;0.3058103975535168;4.5;4.5
18.13;0;2;0;1;0.3058103975535168;4.5;4.5
18.14;0;2;0;1;0.3058103975535168;4.5;4.5
18.15;0;2;0;1;0.3058103975535168;4.5;4.5
18.16;0;2;0;1;0.3058103975535168;4.5;4.5
18.17;0;2;0;1;0.3058103975535168;4.5;4.5
18.18;0;2;0;1;0.3058103975535168;4.5;4.5
18.19;0;2;0;1;0.3058103975535168;4.5;4.5
18.2;0;2;0;1;0.3058103975535168;4.5;4.5
18.21;0;2;0;1;0.3058103975535168;4.5;4.5
18.22;0;2;0;1;0.3058103975535168;4.5;4.5
18.23;0;2;0;1;0.3058103975535168;4.5;4.5
18.24;0;2;0;1;0.3058103975535168;4.5;4.5
18.25;0;2;0;1;0.3058103975535168;4.5;4.5
18.26;0;2;0;1;0.3058103975535168;4.5;4.5
18.27;0;2;0;1;0.3058103975535168;4.5;4.5
18.28;0;2;0;1;0.3058103975535168;4.5;4.5
18.29;0;2;0;1;0.3058103975535168;4.5;4.5
18.3;0;2;0;1;0.3058103975535168;4.5;4.5
18.31;0;2;0;1;0.3058103975535168;4.5;4.5
18.32;0;2;0;1;0.3058103975535168;4.5;4.5
18.33;0;2;0;1;0.3058103975535168;4.5;4.5
18.34;0;2;0;1;0.3058103975535168;4.5;4.5
18.35;0;2;0;1;0.3058103975535168;4.5;4.5
18.36;0;2;0;1;0.3058103975535168;4.5;4.5
18.37;0;2;0;1;0.3058103975535168;4.5;4.5
18.38;0;2;0;1;0.3058103975535168;4.5;4.5
18.39;0;2;0;1;0.3058103975535168;4.5;4.5
18.4;0;2;0;1;0.3058103975535168;4.5;4.5
18.41;0;2;0;1;0.3058103975535168;4.5;4.5
18.42;0;2;0;1;0.3058103975535168;4.5;4.5
18.43;0;2;0;1;0.3058103975535168;4.5;4.5
18.44;0;2;0;1;0.3058103975535168;4.5;4.5
18.45;0;2;0;1;0.3058103975535168;4.5;4.5
