 Height:  Visitor ;  Weight:  Visitor ;  Age:  -1 ;  Gender:  Visitor; name: milana ; color: pink; situation: normal
0.01;0;0;0;0;0.0;0.0;0.0;37.71661569826707;13.16;11;3;4;4;0; 113.22265909421871; 2.8593020983243647; 1.2511664168280063; 8.142045094630447
0.01;0;0;0;0;0.0;0.0;0.0;37.71661569826707;13.16;11;3;4;4;0; 113.22265909421871; 2.8593020983243647; 1.2511664168280063; 8.142045094630447
0.02;0;0;0;0;0.0;0.0;0.0
0.03;0;0;0;0;0.0;0.0;0.0
0.04;0;0;0;0;0.0;0.0;0.0
0.05;0;0;0;0;0.0;0.0;0.0
0.06;0;0;0;0;0.0;0.0;0.0
0.07;0;0;0;0;0.0;0.0;0.0
0.08;0;0;0;0;0.0;0.0;0.0
0.09;0;0;0;0;0.0;0.0;0.0
0.1;0;0;0;0;0.0;0.0;0.0
0.11;0;0;0;0;0.0;0.0;0.0
0.12;0;0;0;0;0.0;0.0;0.0
0.13;0;0;0;0;0.0;0.0;0.0
0.14;0;0;0;0;0.0;0.0;0.0
0.15;0;0;0;0;0.0;0.0;0.0
0.16;0;0;0;0;0.0;0.0;0.0
0.17;0;0;0;0;0.0;0.0;0.0
0.18;0;0;0;0;0.0;0.0;0.0
0.19;0;0;0;0;0.0;0.0;0.0
0.2;0;0;0;0;0.0;0.0;0.0
0.21;0;0;0;0;0.0;0.0;0.0
0.22;0;0;0;0;0.0;0.0;0.0
0.23;0;0;0;0;0.0;0.0;0.0
0.24;0;0;0;0;0.0;0.0;0.0
0.25;0;0;0;0;0.0;0.0;0.0
0.26;0;0;0;0;0.0;0.0;0.0
0.27;0;0;0;0;0.0;0.0;0.0
0.28;0;0;0;0;0.0;0.0;0.0
0.29;0;0;0;0;0.0;0.0;0.0
0.3;0;0;0;0;0.0;0.0;0.0
0.31;0;0;0;0;0.0;0.0;0.0
0.32;0;0;0;0;0.0;0.0;0.0
0.33;0;0;0;0;0.0;0.0;0.0
0.34;0;0;0;0;0.0;0.0;0.0
0.35;0;0;0;0;0.0;0.0;0.0
0.36;0;0;0;0;0.0;0.0;0.0
0.37;0;0;0;0;0.0;0.0;0.0
0.38;0;0;0;0;0.0;0.0;0.0
0.39;0;0;0;0;0.0;0.0;0.0
0.4;0;0;0;0;0.0;0.0;0.0
0.41;0;0;0;0;0.0;0.0;0.0
0.42;0;0;0;0;0.0;0.0;0.0
0.43;0;0;0;0;0.0;0.0;0.0
0.44;0;0;0;0;0.0;0.0;0.0
0.45;0;0;0;0;0.0;0.0;0.0
0.46;0;0;0;0;0.0;0.0;0.0
0.47;0;0;0;0;0.0;0.0;0.0
0.48;0;0;0;0;0.0;0.0;0.0
0.49;0;0;0;0;0.0;0.0;0.0
0.5;0;0;0;0;0.0;0.0;0.0
0.51;0;0;0;0;0.0;0.0;0.0
0.52;0;0;0;0;0.0;0.0;0.0
0.53;0;0;0;0;0.0;0.0;0.0
0.54;0;0;0;0;0.0;0.0;0.0
0.55;0;0;0;0;0.0;0.0;0.0
0.56;0;0;0;0;0.0;0.0;0.0
0.57;0;0;0;0;0.0;0.0;0.0
0.58;0;0;0;0;0.0;0.0;0.0
0.59;0;0;0;0;0.0;0.0;0.0
0.6;0;0;0;0;0.0;0.0;0.0
0.61;0;0;0;0;0.0;0.0;0.0
0.62;0;0;0;0;0.0;0.0;0.0
0.63;0;0;0;0;0.0;0.0;0.0
0.64;0;0;0;0;0.0;0.0;0.0
0.65;0;0;0;0;0.0;0.0;0.0
0.66;0;0;0;0;0.0;0.0;0.0
0.67;0;0;0;0;0.0;0.0;0.0
0.68;0;0;0;0;0.0;0.0;0.0
0.69;0;0;0;0;0.0;0.0;0.0
0.7;0;0;0;0;0.0;0.0;0.0
0.71;0;0;0;0;0.0;0.0;0.0
0.72;0;0;0;0;0.0;0.0;0.0
0.73;0;0;0;0;0.0;0.0;0.0
0.74;0;0;0;0;0.0;0.0;0.0
0.75;0;0;0;0;0.0;0.0;0.0
0.76;0;0;0;0;0.0;0.0;0.0
0.77;0;0;0;0;0.0;0.0;0.0
0.78;0;0;0;0;0.0;0.0;0.0
0.79;0;0;0;0;0.0;0.0;0.0
0.8;0;0;0;0;0.0;0.0;0.0
0.81;0;0;0;0;0.0;0.0;0.0
0.82;0;0;0;0;0.0;0.0;0.0
0.83;0;0;0;0;0.0;0.0;0.0
0.84;0;0;0;0;0.0;0.0;0.0
0.85;0;0;0;0;0.0;0.0;0.0
0.86;0;0;0;0;0.0;0.0;0.0
0.87;0;0;0;0;0.0;0.0;0.0
0.88;0;0;0;0;0.0;0.0;0.0
0.89;0;0;0;0;0.0;0.0;0.0
0.9;0;0;0;0;0.0;0.0;0.0
0.91;0;0;0;0;0.0;0.0;0.0
0.92;0;0;0;0;0.0;0.0;0.0
0.93;0;0;0;0;0.0;0.0;0.0
0.94;0;0;0;0;0.0;0.0;0.0
0.95;0;0;0;0;0.0;0.0;0.0
0.96;0;0;0;0;0.0;0.0;0.0
0.97;0;0;0;0;0.0;0.0;0.0
0.98;0;0;0;0;0.0;0.0;0.0
0.99;0;0;0;0;0.0;0.0;0.0
1.0;0;0;0;0;0.0;0.0;0.0
1.01;0;0;0;0;0.0;0.0;0.0
1.02;0;0;0;0;0.0;0.0;0.0
1.03;0;0;0;0;0.0;0.0;0.0
1.04;0;0;0;0;0.0;0.0;0.0
1.05;0;0;0;0;0.0;0.0;0.0
1.06;0;0;0;0;0.0;0.0;0.0
1.07;0;0;0;0;0.0;0.0;0.0
1.08;0;0;0;0;0.0;0.0;0.0
1.09;0;0;0;0;0.0;0.0;0.0
1.1;0;0;0;0;0.0;0.0;0.0
1.11;0;0;0;0;0.0;0.0;0.0
1.12;0;0;0;0;0.0;0.0;0.0
1.13;0;0;0;0;0.0;0.0;0.0
1.14;0;0;0;3;0.3058103975535168;-13.5;-13.5
1.15;0;0;0;11;1.1213047910295617;-13.5;-13.5
1.16;0;0;0;23;2.344546381243629;-13.5;-13.5
1.17;0;0;0;40;4.077471967380224;-13.5;-13.5
1.18;0;0;0;56;5.708460754332314;-13.5;-13.5
1.19;0;0;0;65;6.625891946992864;-13.5;-13.5
1.2;0;0;0;69;7.033639143730887;-13.5;-13.5
1.21;0;0;0;69;7.033639143730887;-13.5;-13.5
1.22;0;0;0;69;7.033639143730887;-13.5;-13.5
1.23;0;0;0;69;7.033639143730887;-13.5;-13.5
1.24;0;0;0;70;7.135575942915392;-13.5;-13.5
1.25;0;0;0;74;7.543323139653414;-13.5;-13.5
1.26;0;0;0;78;7.951070336391437;-13.5;-13.5
1.27;0;0;0;84;8.56269113149847;-13.5;-13.5
1.28;0;0;0;91;9.27624872579001;-13.5;-13.5
1.29;0;0;0;99;10.091743119266054;-13.5;-13.5
1.3;0;0;0;108;11.009174311926605;-13.5;-13.5
1.31;0;0;0;119;12.130479102956167;-13.5;-13.5
1.32;0;0;0;131;13.353720693170233;-13.5;-13.5
1.33;0;0;0;144;14.678899082568806;-13.5;-13.5
1.34;0;0;0;159;16.207951070336392;-13.5;-13.5
1.35;0;0;0;175;17.83893985728848;-13.5;-13.5
1.36;0;0;0;191;19.46992864424057;-13.5;-13.5
1.37;0;2;0;207;21.30479102956167;-13.241627;-13.241627
1.38;0;3;0;222;22.93577981651376;-13.14;-13.14
1.39;0;5;0;238;24.77064220183486;-12.944445;-12.944445
1.4;0;8;0;253;26.605504587155963;-12.672414;-12.672414
1.41;0;10;0;268;28.338430173292558;-12.528777;-12.528777
1.42;0;12;0;284;30.173292558613657;-12.405405;-12.405405
1.43;0;15;0;299;32.008154943934755;-12.210191;-12.210191
1.44;0;17;0;315;33.84301732925586;-12.11747;-12.11747
1.45;0;20;0;331;35.77981651376147;-11.961538;-11.961538
1.46;0;23;0;347;37.71661569826707;-11.821622;-11.821622
1.47;0;25;0;360;39.24566768603466;-11.746754;-11.746754
1.48;0;27;0;373;40.77471967380224;-11.6775;-11.6775
1.49;0;30;0;383;42.09989806320081;-11.538741;-11.538741
1.5;0;31;0;391;43.01732925586136;-11.516587;-11.516587
1.51;0;33;0;396;43.730886850152906;-11.423077;-11.423077
1.52;0;34;0;400;44.24057084607543;-11.384792;-11.384792
1.53;0;35;0;404;44.75025484199796;-11.347381;-11.347381
1.54;0;36;0;406;45.05606523955148;-11.300905;-11.300905
1.55;0;36;0;406;45.05606523955148;-11.300905;-11.300905
1.56;0;37;0;405;45.05606523955148;-11.239819;-11.239819
1.57;0;36;0;403;44.75025484199796;-11.285877;-11.285877
1.58;0;35;0;399;44.24057084607543;-11.32258;-11.32258
1.59;0;34;0;394;43.6289500509684;-11.35514;-11.35514
1.6;0;33;0;390;43.11926605504587;-11.393617;-11.393617
1.61;0;32;0;386;42.60958205912334;-11.433014;-11.433014
1.62;0;31;0;383;42.20183486238532;-11.478261;-11.478261
1.63;0;30;0;381;41.896024464831804;-11.529197;-11.529197
1.64;0;29;0;380;41.69215086646279;-11.585574;-11.585574
1.65;0;28;0;381;41.69215086646279;-11.651589;-11.651589
1.66;0;28;0;384;41.99796126401631;-11.665049;-11.665049
1.67;0;27;0;387;42.20183486238532;-11.73913;-11.73913
1.68;0;27;0;391;42.60958205912334;-11.7559805;-11.7559805
1.69;0;27;0;395;43.01732925586136;-11.7725115;-11.7725115
1.7;0;27;0;399;43.425076452599384;-11.788733;-11.788733
1.71;0;27;0;403;43.832823649337406;-11.804651;-11.804651
1.72;0;27;0;407;44.24057084607543;-11.820276;-11.820276
1.73;0;27;0;411;44.64831804281345;-11.835616;-11.835616
1.74;0;26;0;416;45.05606523955148;-11.911765;-11.911765
1.75;0;26;0;420;45.4638124362895;-11.926009;-11.926009
1.76;0;26;0;424;45.87155963302752;-11.94;-11.94
1.77;0;26;0;427;46.17737003058104;-11.950331;-11.950331
1.78;0;26;0;430;46.48318042813455;-11.960526;-11.960526
1.79;0;26;0;432;46.68705402650357;-11.967249;-11.967249
1.8;0;25;0;433;46.68705402650357;-12.026201;-12.026201
1.81;0;25;0;434;46.788990825688074;-12.029411;-12.029411
1.82;0;25;0;433;46.68705402650357;-12.026201;-12.026201
1.83;0;26;0;431;46.58511722731906;-11.963895;-11.963895
1.84;0;29;0;428;46.58511722731906;-11.786652;-11.786652
1.85;0;32;0;423;46.381243628950045;-11.601099;-11.601099
1.86;0;38;0;417;46.381243628950045;-11.245055;-11.245055
1.87;0;44;0;409;46.17737003058104;-10.877483;-10.877483
1.88;0;50;0;400;45.87155963302752;-10.5;-10.5
1.89;0;56;0;389;45.361875637104994;-10.102247;-10.102247
1.9;0;62;0;377;44.75025484199796;-9.686789;-9.686789
1.91;0;67;0;366;44.13863404689093;-9.322171;-9.322171
1.92;0;72;0;354;43.425076452599384;-8.93662;-8.93662
1.93;0;76;0;344;42.813455657492355;-8.614285;-8.614285
1.94;0;79;0;334;42.09989806320081;-8.335351;-8.335351
1.95;0;82;0;324;41.386340468909275;-8.046798;-8.046798
1.96;0;84;0;316;40.77471967380224;-7.83;-7.83
1.97;0;85;0;308;40.0611620795107;-7.6603055;-7.6603055
1.98;0;86;0;300;39.347604485219165;-7.484456;-7.484456
1.99;0;87;0;293;38.73598369011213;-7.318421;-7.318421
2.0;0;87;0;287;38.12436289500509;-7.219251;-7.219251
2.01;0;87;0;282;37.61467889908257;-7.134146;-7.134146
2.02;0;87;0;277;37.10499490316004;-7.0467033;-7.0467033
2.03;0;86;0;274;36.69724770642202;-7.05;-7.05
2.04;0;84;0;271;36.18756371049949;-7.1112676;-7.1112676
2.05;0;83;0;269;35.881753312945975;-7.1335225;-7.1335225
2.06;0;81;0;269;35.67787971457696;-7.2514286;-7.2514286
2.07;0;80;0;269;35.57594291539245;-7.3108883;-7.3108883
2.08;0;78;0;270;35.47400611620795;-7.448276;-7.448276
2.09;0;77;0;271;35.47400611620795;-7.525862;-7.525862
2.1;0;75;0;274;35.57594291539245;-7.6977077;-7.6977077
2.11;0;74;0;277;35.77981651376147;-7.8076925;-7.8076925
2.12;0;73;0;282;36.18756371049949;-7.9478874;-7.9478874
2.13;0;72;0;287;36.59531090723751;-8.084958;-8.084958
2.14;0;72;0;292;37.10499490316004;-8.159341;-8.159341
2.15;0;72;0;296;37.51274209989806;-8.217391;-8.217391
2.16;0;73;0;298;37.81855249745158;-8.187331;-8.187331
2.17;0;75;0;298;38.02242609582059;-8.071046;-8.071046
2.18;0;77;0;296;38.02242609582059;-7.9262733;-7.9262733
2.19;0;78;0;293;37.81855249745158;-7.82345;-7.82345
2.2;0;80;0;289;37.61467889908257;-7.6463413;-7.6463413
2.21;0;81;0;285;37.30886850152905;-7.52459;-7.52459
2.22;0;83;0;280;37.00305810397553;-7.326446;-7.326446
2.23;0;84;0;275;36.59531090723751;-7.1824512;-7.1824512
2.24;0;86;0;271;36.3914373088685;-6.995798;-6.995798
2.25;0;87;0;267;36.08562691131498;-6.8644066;-6.8644066
2.26;0;89;0;264;35.983690112130475;-6.6926346;-6.6926346
2.27;0;90;0;262;35.881753312945975;-6.596591;-6.596591
2.28;0;91;0;261;35.881753312945975;-6.5198865;-6.5198865
2.29;0;92;0;260;35.881753312945975;-6.443182;-6.443182
2.3;0;92;0;261;35.983690112130475;-6.463173;-6.463173
2.31;0;93;0;262;36.18756371049949;-6.4267607;-6.4267607
2.32;0;93;0;264;36.3914373088685;-6.4663863;-6.4663863
2.33;0;94;0;266;36.69724770642202;-6.45;-6.45
2.34;0;94;0;267;36.79918450560652;-6.469529;-6.469529
2.35;0;93;0;269;36.901121304791026;-6.5635357;-6.5635357
2.36;0;93;0;270;37.00305810397553;-6.5826445;-6.5826445
2.37;0;93;0;271;37.10499490316004;-6.6016483;-6.6016483
2.38;0;92;0;272;37.10499490316004;-6.675824;-6.675824
2.39;0;92;0;272;37.10499490316004;-6.675824;-6.675824
2.4;0;92;0;273;37.20693170234455;-6.6945205;-6.6945205
2.41;0;91;0;273;37.10499490316004;-6.75;-6.75
2.42;0;91;0;273;37.10499490316004;-6.75;-6.75
2.43;0;91;0;273;37.10499490316004;-6.75;-6.75
2.44;0;91;0;273;37.10499490316004;-6.75;-6.75
2.45;0;91;0;272;37.00305810397553;-6.731405;-6.731405
2.46;0;91;0;272;37.00305810397553;-6.731405;-6.731405
2.47;0;91;0;272;37.00305810397553;-6.731405;-6.731405
2.48;0;90;0;271;36.79918450560652;-6.768698;-6.768698
2.49;0;90;0;270;36.69724770642202;-6.75;-6.75
2.5;0;90;0;270;36.69724770642202;-6.75;-6.75
2.51;0;90;0;270;36.69724770642202;-6.75;-6.75
2.52;0;89;0;270;36.59531090723751;-6.8064065;-6.8064065
2.53;0;89;0;270;36.59531090723751;-6.8064065;-6.8064065
2.54;0;88;0;270;36.493374108053004;-6.8631287;-6.8631287
2.55;0;88;0;271;36.59531090723751;-6.8816156;-6.8816156
2.56;0;88;0;272;36.69724770642202;-6.9;-6.9
2.57;0;87;0;273;36.69724770642202;-6.975;-6.975
2.58;0;87;0;273;36.69724770642202;-6.975;-6.975
2.59;0;86;0;274;36.69724770642202;-7.05;-7.05
2.6;0;86;0;275;36.79918450560652;-7.067867;-7.067867
2.61;0;86;0;276;36.901121304791026;-7.085635;-7.085635
2.62;0;86;0;276;36.901121304791026;-7.085635;-7.085635
2.63;0;86;0;277;37.00305810397553;-7.103306;-7.103306
2.64;0;86;0;277;37.00305810397553;-7.103306;-7.103306
2.65;0;86;0;278;37.10499490316004;-7.120879;-7.120879
2.66;0;86;0;277;37.00305810397553;-7.103306;-7.103306
2.67;0;86;0;277;37.00305810397553;-7.103306;-7.103306
2.68;0;86;0;277;37.00305810397553;-7.103306;-7.103306
2.69;0;86;0;277;37.00305810397553;-7.103306;-7.103306
2.7;0;86;0;277;37.00305810397553;-7.103306;-7.103306
2.71;0;86;0;277;37.00305810397553;-7.103306;-7.103306
2.72;0;85;0;277;36.901121304791026;-7.160221;-7.160221
2.73;0;85;0;278;37.00305810397553;-7.1776857;-7.1776857
2.74;0;85;0;279;37.10499490316004;-7.195055;-7.195055
2.75;0;85;0;280;37.20693170234455;-7.212329;-7.212329
2.76;0;84;0;281;37.20693170234455;-7.286301;-7.286301
2.77;0;84;0;282;37.30886850152905;-7.303279;-7.303279
2.78;0;84;0;283;37.410805300713555;-7.3201632;-7.3201632
2.79;0;84;0;283;37.410805300713555;-7.3201632;-7.3201632
2.8;0;84;0;284;37.51274209989806;-7.3369565;-7.3369565
2.81;0;83;0;284;37.410805300713555;-7.393733;-7.393733
2.82;0;83;0;285;37.51274209989806;-7.410326;-7.410326
2.83;0;83;0;286;37.61467889908257;-7.4268293;-7.4268293
2.84;0;82;0;287;37.61467889908257;-7.5;-7.5
2.85;0;82;0;287;37.61467889908257;-7.5;-7.5
2.86;0;82;0;288;37.71661569826707;-7.5162163;-7.5162163
2.87;0;81;0;288;37.61467889908257;-7.5731707;-7.5731707
2.88;0;81;0;289;37.71661569826707;-7.589189;-7.589189
2.89;0;81;0;289;37.71661569826707;-7.589189;-7.589189
2.9;0;80;0;289;37.61467889908257;-7.6463413;-7.6463413
2.91;0;80;0;289;37.61467889908257;-7.6463413;-7.6463413
2.92;0;80;0;290;37.71661569826707;-7.6621623;-7.6621623
2.93;0;79;0;291;37.71661569826707;-7.735135;-7.735135
2.94;0;79;0;291;37.71661569826707;-7.735135;-7.735135
2.95;0;79;0;292;37.81855249745158;-7.750674;-7.750674
2.96;0;79;0;294;38.02242609582059;-7.7815013;-7.7815013
2.97;0;79;0;295;38.12436289500509;-7.7967916;-7.7967916
2.98;0;79;0;296;38.2262996941896;-7.812;-7.812
2.99;0;79;0;297;38.328236493374106;-7.8271275;-7.8271275
3.0;0;78;0;297;38.2262996941896;-7.884;-7.884
3.01;0;78;0;297;38.2262996941896;-7.884;-7.884
3.02;0;78;0;297;38.2262996941896;-7.884;-7.884
3.03;0;77;0;297;38.12436289500509;-7.9411764;-7.9411764
3.04;0;77;0;297;38.12436289500509;-7.9411764;-7.9411764
3.05;0;77;0;297;38.12436289500509;-7.9411764;-7.9411764
3.06;0;76;0;296;37.920489296636084;-7.983871;-7.983871
3.07;0;76;0;296;37.920489296636084;-7.983871;-7.983871
3.08;0;75;0;296;37.81855249745158;-8.041779;-8.041779
3.09;0;75;0;296;37.81855249745158;-8.041779;-8.041779
3.1;0;75;0;296;37.81855249745158;-8.041779;-8.041779
3.11;0;74;0;296;37.71661569826707;-8.1;-8.1
3.12;0;74;0;297;37.81855249745158;-8.114555;-8.114555
3.13;0;74;0;297;37.81855249745158;-8.114555;-8.114555
3.14;0;74;0;298;37.920489296636084;-8.129032;-8.129032
3.15;0;73;0;299;37.920489296636084;-8.201612;-8.201612
3.16;0;73;0;300;38.02242609582059;-8.215817;-8.215817
3.17;0;73;0;301;38.12436289500509;-8.229946;-8.229946
3.18;0;72;0;302;38.12436289500509;-8.302139;-8.302139
3.19;0;72;0;303;38.2262996941896;-8.316;-8.316
3.2;0;71;0;304;38.2262996941896;-8.388;-8.388
3.21;0;70;0;304;38.12436289500509;-8.446524;-8.446524
3.22;0;69;0;304;38.02242609582059;-8.505362;-8.505362
3.23;0;68;0;303;37.81855249745158;-8.551213;-8.551213
3.24;0;67;0;302;37.61467889908257;-8.597561;-8.597561
3.25;0;66;0;301;37.410805300713555;-8.644414;-8.644414
3.26;0;66;0;300;37.30886850152905;-8.631147;-8.631147
3.27;0;65;0;299;37.10499490316004;-8.678572;-8.678572
3.28;0;65;0;298;37.00305810397553;-8.665289;-8.665289
3.29;0;65;0;297;36.901121304791026;-8.651934;-8.651934
3.3;0;65;0;296;36.79918450560652;-8.638504;-8.638504
3.31;0;65;0;296;36.79918450560652;-8.638504;-8.638504
3.32;0;65;0;295;36.69724770642202;-8.625;-8.625
3.33;0;65;0;296;36.79918450560652;-8.638504;-8.638504
3.34;0;65;0;296;36.79918450560652;-8.638504;-8.638504
3.35;0;65;0;297;36.901121304791026;-8.651934;-8.651934
3.36;0;66;0;297;37.00305810397553;-8.590909;-8.590909
3.37;0;66;0;298;37.10499490316004;-8.604396;-8.604396
3.38;0;67;0;299;37.30886850152905;-8.557377;-8.557377
3.39;0;67;0;300;37.410805300713555;-8.570845;-8.570845
3.4;0;68;0;300;37.51274209989806;-8.51087;-8.51087
3.41;0;69;0;300;37.61467889908257;-8.45122;-8.45122
3.42;0;69;0;300;37.61467889908257;-8.45122;-8.45122
3.43;0;70;0;300;37.71661569826707;-8.3918915;-8.3918915
3.44;0;70;0;299;37.61467889908257;-8.378049;-8.378049
3.45;0;70;0;299;37.61467889908257;-8.378049;-8.378049
3.46;0;70;0;298;37.51274209989806;-8.36413;-8.36413
3.47;0;70;0;297;37.410805300713555;-8.350136;-8.350136
3.48;0;70;0;296;37.30886850152905;-8.336065;-8.336065
3.49;0;70;0;295;37.20693170234455;-8.321918;-8.321918
3.5;0;69;0;294;37.00305810397553;-8.367768;-8.367768
3.51;0;69;0;294;37.00305810397553;-8.367768;-8.367768
3.52;0;69;0;294;37.00305810397553;-8.367768;-8.367768
3.53;0;68;0;294;36.901121304791026;-8.428177;-8.428177
3.54;0;68;0;294;36.901121304791026;-8.428177;-8.428177
3.55;0;68;0;293;36.79918450560652;-8.414127;-8.414127
3.56;0;69;0;293;36.901121304791026;-8.353591;-8.353591
3.57;0;69;0;293;36.901121304791026;-8.353591;-8.353591
3.58;0;69;0;293;36.901121304791026;-8.353591;-8.353591
3.59;0;69;0;293;36.901121304791026;-8.353591;-8.353591
3.6;0;70;0;293;37.00305810397553;-8.293388;-8.293388
3.61;0;70;0;292;36.901121304791026;-8.279005;-8.279005
3.62;0;71;0;292;37.00305810397553;-8.219008;-8.219008
3.63;0;71;0;292;37.00305810397553;-8.219008;-8.219008
3.64;0;72;0;293;37.20693170234455;-8.173972;-8.173972
3.65;0;73;0;293;37.30886850152905;-8.114754;-8.114754
3.66;0;73;0;293;37.30886850152905;-8.114754;-8.114754
3.67;0;74;0;293;37.410805300713555;-8.055859;-8.055859
3.68;0;74;0;293;37.410805300713555;-8.055859;-8.055859
3.69;0;74;0;293;37.410805300713555;-8.055859;-8.055859
3.7;0;75;0;293;37.51274209989806;-7.9972825;-7.9972825
3.71;0;74;0;293;37.410805300713555;-8.055859;-8.055859
3.72;0;74;0;293;37.410805300713555;-8.055859;-8.055859
3.73;0;74;0;293;37.410805300713555;-8.055859;-8.055859
3.74;0;74;0;293;37.410805300713555;-8.055859;-8.055859
3.75;0;74;0;293;37.410805300713555;-8.055859;-8.055859
3.76;0;73;0;293;37.30886850152905;-8.114754;-8.114754
3.77;0;73;0;293;37.30886850152905;-8.114754;-8.114754
3.78;0;73;0;293;37.30886850152905;-8.114754;-8.114754
3.79;0;72;0;293;37.20693170234455;-8.173972;-8.173972
3.8;0;72;0;293;37.20693170234455;-8.173972;-8.173972
3.81;0;72;0;294;37.30886850152905;-8.188524;-8.188524
3.82;0;72;0;294;37.30886850152905;-8.188524;-8.188524
3.83;0;72;0;294;37.30886850152905;-8.188524;-8.188524
3.84;0;72;0;294;37.30886850152905;-8.188524;-8.188524
3.85;0;72;0;293;37.20693170234455;-8.173972;-8.173972
3.86;0;72;0;293;37.20693170234455;-8.173972;-8.173972
3.87;0;73;0;292;37.20693170234455;-8.1;-8.1
3.88;0;73;0;292;37.20693170234455;-8.1;-8.1
3.89;0;74;0;291;37.20693170234455;-8.026028;-8.026028
3.9;0;74;0;291;37.20693170234455;-8.026028;-8.026028
3.91;0;75;0;290;37.20693170234455;-7.952055;-7.952055
3.92;0;76;0;290;37.30886850152905;-7.8934426;-7.8934426
3.93;0;76;0;290;37.30886850152905;-7.8934426;-7.8934426
3.94;0;77;0;291;37.51274209989806;-7.8505435;-7.8505435
3.95;0;77;0;291;37.51274209989806;-7.8505435;-7.8505435
3.96;0;78;0;291;37.61467889908257;-7.792683;-7.792683
3.97;0;78;0;292;37.71661569826707;-7.8081083;-7.8081083
3.98;0;78;0;291;37.61467889908257;-7.792683;-7.792683
3.99;0;78;0;291;37.61467889908257;-7.792683;-7.792683
4.0;0;78;0;291;37.61467889908257;-7.792683;-7.792683
4.01;0;78;0;290;37.51274209989806;-7.777174;-7.777174
4.02;0;78;0;290;37.51274209989806;-7.777174;-7.777174
4.03;0;78;0;289;37.410805300713555;-7.7615805;-7.7615805
4.04;0;78;0;289;37.410805300713555;-7.7615805;-7.7615805
4.05;0;78;0;288;37.30886850152905;-7.7459016;-7.7459016
4.06;0;78;0;288;37.30886850152905;-7.7459016;-7.7459016
4.07;0;78;0;287;37.20693170234455;-7.730137;-7.730137
4.08;0;78;0;287;37.20693170234455;-7.730137;-7.730137
4.09;0;77;0;286;37.00305810397553;-7.7727275;-7.7727275
4.1;0;77;0;286;37.00305810397553;-7.7727275;-7.7727275
4.11;0;77;0;285;36.901121304791026;-7.756906;-7.756906
4.12;0;77;0;285;36.901121304791026;-7.756906;-7.756906
4.13;0;77;0;285;36.901121304791026;-7.756906;-7.756906
4.14;0;77;0;285;36.901121304791026;-7.756906;-7.756906
4.15;0;77;0;285;36.901121304791026;-7.756906;-7.756906
4.16;0;77;0;285;36.901121304791026;-7.756906;-7.756906
4.17;0;77;0;285;36.901121304791026;-7.756906;-7.756906
4.18;0;77;0;286;37.00305810397553;-7.7727275;-7.7727275
4.19;0;76;0;286;36.901121304791026;-7.831492;-7.831492
4.2;0;76;0;286;36.901121304791026;-7.831492;-7.831492
4.21;0;76;0;287;37.00305810397553;-7.8471074;-7.8471074
4.22;0;76;0;287;37.00305810397553;-7.8471074;-7.8471074
4.23;0;76;0;287;37.00305810397553;-7.8471074;-7.8471074
4.24;0;76;0;287;37.00305810397553;-7.8471074;-7.8471074
4.25;0;77;0;287;37.10499490316004;-7.7884617;-7.7884617
4.26;0;77;0;287;37.10499490316004;-7.7884617;-7.7884617
4.27;0;77;0;287;37.10499490316004;-7.7884617;-7.7884617
4.28;0;77;0;287;37.10499490316004;-7.7884617;-7.7884617
4.29;0;77;0;287;37.10499490316004;-7.7884617;-7.7884617
4.3;0;77;0;287;37.10499490316004;-7.7884617;-7.7884617
4.31;0;78;0;287;37.20693170234455;-7.730137;-7.730137
4.32;0;78;0;287;37.20693170234455;-7.730137;-7.730137
4.33;0;78;0;287;37.20693170234455;-7.730137;-7.730137
4.34;0;78;0;287;37.20693170234455;-7.730137;-7.730137
4.35;0;79;0;287;37.30886850152905;-7.672131;-7.672131
4.36;0;79;0;287;37.30886850152905;-7.672131;-7.672131
4.37;0;79;0;287;37.30886850152905;-7.672131;-7.672131
4.38;0;80;0;287;37.410805300713555;-7.6144414;-7.6144414
4.39;0;80;0;287;37.410805300713555;-7.6144414;-7.6144414
4.4;0;81;0;286;37.410805300713555;-7.540872;-7.540872
4.41;0;81;0;286;37.410805300713555;-7.540872;-7.540872
4.42;0;81;0;285;37.30886850152905;-7.52459;-7.52459
4.43;0;82;0;285;37.410805300713555;-7.4673023;-7.4673023
4.44;0;82;0;284;37.30886850152905;-7.4508195;-7.4508195
4.45;0;82;0;284;37.30886850152905;-7.4508195;-7.4508195
4.46;0;83;0;283;37.30886850152905;-7.377049;-7.377049
4.47;0;83;0;283;37.30886850152905;-7.377049;-7.377049
4.48;0;83;0;283;37.30886850152905;-7.377049;-7.377049
4.49;0;84;0;282;37.30886850152905;-7.303279;-7.303279
4.5;0;84;0;282;37.30886850152905;-7.303279;-7.303279
4.51;0;85;0;281;37.30886850152905;-7.2295084;-7.2295084
4.52;0;85;0;281;37.30886850152905;-7.2295084;-7.2295084
4.53;0;86;0;280;37.30886850152905;-7.155738;-7.155738
4.54;0;86;0;280;37.30886850152905;-7.155738;-7.155738
4.55;0;87;0;279;37.30886850152905;-7.0819674;-7.0819674
4.56;0;87;0;278;37.20693170234455;-7.0643835;-7.0643835
4.57;0;88;0;278;37.30886850152905;-7.008197;-7.008197
4.58;0;88;0;277;37.20693170234455;-6.990411;-6.990411
4.59;0;89;0;276;37.20693170234455;-6.9164386;-6.9164386
4.6;0;89;0;276;37.20693170234455;-6.9164386;-6.9164386
4.61;0;90;0;275;37.20693170234455;-6.842466;-6.842466
4.62;0;90;0;275;37.20693170234455;-6.842466;-6.842466
4.63;0;90;0;274;37.10499490316004;-6.824176;-6.824176
4.64;0;91;0;274;37.20693170234455;-6.768493;-6.768493
4.65;0;91;0;273;37.10499490316004;-6.75;-6.75
4.66;0;92;0;273;37.20693170234455;-6.6945205;-6.6945205
4.67;0;92;0;273;37.20693170234455;-6.6945205;-6.6945205
4.68;0;93;0;272;37.20693170234455;-6.620548;-6.620548
4.69;0;93;0;272;37.20693170234455;-6.620548;-6.620548
4.7;0;93;0;271;37.10499490316004;-6.6016483;-6.6016483
4.71;0;94;0;271;37.20693170234455;-6.5465755;-6.5465755
4.72;0;94;0;270;37.10499490316004;-6.5274725;-6.5274725
4.73;0;94;0;270;37.10499490316004;-6.5274725;-6.5274725
4.74;0;95;0;269;37.10499490316004;-6.4532967;-6.4532967
4.75;0;95;0;269;37.10499490316004;-6.4532967;-6.4532967
4.76;0;95;0;268;37.00305810397553;-6.433884;-6.433884
4.77;0;96;0;268;37.10499490316004;-6.379121;-6.379121
4.78;0;96;0;267;37.00305810397553;-6.359504;-6.359504
4.79;0;96;0;267;37.00305810397553;-6.359504;-6.359504
4.8;0;96;0;267;37.00305810397553;-6.359504;-6.359504
4.81;0;96;0;267;37.00305810397553;-6.359504;-6.359504
4.82;0;97;0;267;37.10499490316004;-6.304945;-6.304945
4.83;0;97;0;267;37.10499490316004;-6.304945;-6.304945
4.84;0;97;0;266;37.00305810397553;-6.285124;-6.285124
4.85;0;97;0;266;37.00305810397553;-6.285124;-6.285124
4.86;0;97;0;266;37.00305810397553;-6.285124;-6.285124
4.87;0;97;0;267;37.10499490316004;-6.304945;-6.304945
4.88;0;97;0;267;37.10499490316004;-6.304945;-6.304945
4.89;0;97;0;267;37.10499490316004;-6.304945;-6.304945
4.9;0;98;0;267;37.20693170234455;-6.2506847;-6.2506847
4.91;0;98;0;267;37.20693170234455;-6.2506847;-6.2506847
4.92;0;98;0;267;37.20693170234455;-6.2506847;-6.2506847
4.93;0;98;0;266;37.10499490316004;-6.230769;-6.230769
4.94;0;98;0;266;37.10499490316004;-6.230769;-6.230769
4.95;0;97;0;267;37.10499490316004;-6.304945;-6.304945
4.96;0;97;0;267;37.10499490316004;-6.304945;-6.304945
4.97;0;97;0;267;37.10499490316004;-6.304945;-6.304945
4.98;0;97;0;267;37.10499490316004;-6.304945;-6.304945
4.99;0;97;0;267;37.10499490316004;-6.304945;-6.304945
5.0;0;97;0;267;37.10499490316004;-6.304945;-6.304945
5.01;0;97;0;267;37.10499490316004;-6.304945;-6.304945
5.02;0;97;0;267;37.10499490316004;-6.304945;-6.304945
5.03;0;97;0;267;37.10499490316004;-6.304945;-6.304945
5.04;0;97;0;267;37.10499490316004;-6.304945;-6.304945
5.05;0;97;0;267;37.10499490316004;-6.304945;-6.304945
5.06;0;97;0;268;37.20693170234455;-6.3246574;-6.3246574
5.07;0;97;0;268;37.20693170234455;-6.3246574;-6.3246574
5.08;0;97;0;268;37.20693170234455;-6.3246574;-6.3246574
5.09;0;97;0;268;37.20693170234455;-6.3246574;-6.3246574
5.1;0;96;0;268;37.10499490316004;-6.379121;-6.379121
5.11;0;96;0;269;37.20693170234455;-6.39863;-6.39863
5.12;0;96;0;269;37.20693170234455;-6.39863;-6.39863
5.13;0;96;0;269;37.20693170234455;-6.39863;-6.39863
5.14;0;96;0;270;37.30886850152905;-6.4180326;-6.4180326
5.15;0;96;0;270;37.30886850152905;-6.4180326;-6.4180326
5.16;0;95;0;270;37.20693170234455;-6.472603;-6.472603
5.17;0;95;0;270;37.20693170234455;-6.472603;-6.472603
5.18;0;95;0;270;37.20693170234455;-6.472603;-6.472603
5.19;0;95;0;270;37.20693170234455;-6.472603;-6.472603
5.2;0;95;0;271;37.30886850152905;-6.491803;-6.491803
5.21;0;95;0;271;37.30886850152905;-6.491803;-6.491803
5.22;0;95;0;271;37.30886850152905;-6.491803;-6.491803
5.23;0;95;0;271;37.30886850152905;-6.491803;-6.491803
5.24;0;95;0;271;37.30886850152905;-6.491803;-6.491803
5.25;0;95;0;271;37.30886850152905;-6.491803;-6.491803
5.26;0;94;0;271;37.20693170234455;-6.5465755;-6.5465755
5.27;0;94;0;271;37.20693170234455;-6.5465755;-6.5465755
5.28;0;94;0;271;37.20693170234455;-6.5465755;-6.5465755
5.29;0;94;0;272;37.30886850152905;-6.5655737;-6.5655737
5.3;0;94;0;272;37.30886850152905;-6.5655737;-6.5655737
5.31;0;94;0;272;37.30886850152905;-6.5655737;-6.5655737
5.32;0;94;0;272;37.30886850152905;-6.5655737;-6.5655737
5.33;0;94;0;272;37.30886850152905;-6.5655737;-6.5655737
5.34;0;94;0;272;37.30886850152905;-6.5655737;-6.5655737
5.35;0;94;0;272;37.30886850152905;-6.5655737;-6.5655737
5.36;0;93;0;272;37.20693170234455;-6.620548;-6.620548
5.37;0;93;0;272;37.20693170234455;-6.620548;-6.620548
5.38;0;93;0;272;37.20693170234455;-6.620548;-6.620548
5.39;0;93;0;272;37.20693170234455;-6.620548;-6.620548
5.4;0;93;0;272;37.20693170234455;-6.620548;-6.620548
5.41;0;93;0;272;37.20693170234455;-6.620548;-6.620548
5.42;0;93;0;273;37.30886850152905;-6.639344;-6.639344
5.43;0;93;0;273;37.30886850152905;-6.639344;-6.639344
5.44;0;93;0;273;37.30886850152905;-6.639344;-6.639344
5.45;0;93;0;273;37.30886850152905;-6.639344;-6.639344
5.46;0;93;0;273;37.30886850152905;-6.639344;-6.639344
5.47;0;93;0;273;37.30886850152905;-6.639344;-6.639344
5.48;0;93;0;272;37.20693170234455;-6.620548;-6.620548
5.49;0;93;0;272;37.20693170234455;-6.620548;-6.620548
5.5;0;93;0;272;37.20693170234455;-6.620548;-6.620548
5.51;0;93;0;271;37.10499490316004;-6.6016483;-6.6016483
5.52;0;93;0;271;37.10499490316004;-6.6016483;-6.6016483
5.53;0;93;0;271;37.10499490316004;-6.6016483;-6.6016483
5.54;0;93;0;271;37.10499490316004;-6.6016483;-6.6016483
5.55;0;93;0;271;37.10499490316004;-6.6016483;-6.6016483
5.56;0;93;0;271;37.10499490316004;-6.6016483;-6.6016483
5.57;0;93;0;271;37.10499490316004;-6.6016483;-6.6016483
5.58;0;93;0;271;37.10499490316004;-6.6016483;-6.6016483
5.59;0;93;0;271;37.10499490316004;-6.6016483;-6.6016483
5.6;0;93;0;271;37.10499490316004;-6.6016483;-6.6016483
5.61;0;93;0;271;37.10499490316004;-6.6016483;-6.6016483
5.62;0;93;0;271;37.10499490316004;-6.6016483;-6.6016483
5.63;0;93;0;271;37.10499490316004;-6.6016483;-6.6016483
5.64;0;93;0;271;37.10499490316004;-6.6016483;-6.6016483
5.65;0;93;0;270;37.00305810397553;-6.5826445;-6.5826445
5.66;0;93;0;270;37.00305810397553;-6.5826445;-6.5826445
5.67;0;93;0;270;37.00305810397553;-6.5826445;-6.5826445
5.68;0;93;0;270;37.00305810397553;-6.5826445;-6.5826445
5.69;0;93;0;270;37.00305810397553;-6.5826445;-6.5826445
5.7;0;93;0;270;37.00305810397553;-6.5826445;-6.5826445
5.71;0;93;0;271;37.10499490316004;-6.6016483;-6.6016483
5.72;0;93;0;271;37.10499490316004;-6.6016483;-6.6016483
5.73;0;93;0;271;37.10499490316004;-6.6016483;-6.6016483
5.74;0;93;0;271;37.10499490316004;-6.6016483;-6.6016483
5.75;0;93;0;271;37.10499490316004;-6.6016483;-6.6016483
5.76;0;93;0;271;37.10499490316004;-6.6016483;-6.6016483
5.77;0;93;0;271;37.10499490316004;-6.6016483;-6.6016483
5.78;0;93;0;271;37.10499490316004;-6.6016483;-6.6016483
5.79;0;92;0;272;37.10499490316004;-6.675824;-6.675824
5.8;0;92;0;272;37.10499490316004;-6.675824;-6.675824
5.81;0;92;0;272;37.10499490316004;-6.675824;-6.675824
5.82;0;92;0;272;37.10499490316004;-6.675824;-6.675824
5.83;0;92;0;272;37.10499490316004;-6.675824;-6.675824
5.84;0;92;0;272;37.10499490316004;-6.675824;-6.675824
5.85;0;92;0;272;37.10499490316004;-6.675824;-6.675824
5.86;0;92;0;272;37.10499490316004;-6.675824;-6.675824
5.87;0;92;0;272;37.10499490316004;-6.675824;-6.675824
5.88;0;92;0;273;37.20693170234455;-6.6945205;-6.6945205
5.89;0;92;0;273;37.20693170234455;-6.6945205;-6.6945205
5.9;0;92;0;273;37.20693170234455;-6.6945205;-6.6945205
5.91;0;92;0;273;37.20693170234455;-6.6945205;-6.6945205
5.92;0;92;0;273;37.20693170234455;-6.6945205;-6.6945205
5.93;0;92;0;273;37.20693170234455;-6.6945205;-6.6945205
5.94;0;91;0;273;37.10499490316004;-6.75;-6.75
5.95;0;91;0;273;37.10499490316004;-6.75;-6.75
5.96;0;91;0;273;37.10499490316004;-6.75;-6.75
5.97;0;91;0;273;37.10499490316004;-6.75;-6.75
5.98;0;91;0;273;37.10499490316004;-6.75;-6.75
5.99;0;91;0;274;37.20693170234455;-6.768493;-6.768493
6.0;0;91;0;274;37.20693170234455;-6.768493;-6.768493
6.01;0;91;0;274;37.20693170234455;-6.768493;-6.768493
6.02;0;90;0;275;37.20693170234455;-6.842466;-6.842466
6.03;0;90;0;275;37.20693170234455;-6.842466;-6.842466
6.04;0;90;0;275;37.20693170234455;-6.842466;-6.842466
6.05;0;90;0;275;37.20693170234455;-6.842466;-6.842466
6.06;0;89;0;275;37.10499490316004;-6.8983517;-6.8983517
6.07;0;89;0;275;37.10499490316004;-6.8983517;-6.8983517
6.08;0;88;0;276;37.10499490316004;-6.9725275;-6.9725275
6.09;0;88;0;276;37.10499490316004;-6.9725275;-6.9725275
6.1;0;87;0;276;37.00305810397553;-7.0289254;-7.0289254
6.11;0;87;0;276;37.00305810397553;-7.0289254;-7.0289254
6.12;0;86;0;276;36.901121304791026;-7.085635;-7.085635
6.13;0;86;0;277;37.00305810397553;-7.103306;-7.103306
6.14;0;86;0;277;37.00305810397553;-7.103306;-7.103306
6.15;0;85;0;278;37.00305810397553;-7.1776857;-7.1776857
6.16;0;85;0;278;37.00305810397553;-7.1776857;-7.1776857
6.17;0;85;0;279;37.10499490316004;-7.195055;-7.195055
6.18;0;85;0;279;37.10499490316004;-7.195055;-7.195055
6.19;0;85;0;279;37.10499490316004;-7.195055;-7.195055
6.2;0;85;0;279;37.10499490316004;-7.195055;-7.195055
6.21;0;85;0;279;37.10499490316004;-7.195055;-7.195055
6.22;0;84;0;280;37.10499490316004;-7.269231;-7.269231
6.23;0;84;0;280;37.10499490316004;-7.269231;-7.269231
6.24;0;84;0;280;37.10499490316004;-7.269231;-7.269231
6.25;0;84;0;280;37.10499490316004;-7.269231;-7.269231
6.26;0;84;0;280;37.10499490316004;-7.269231;-7.269231
6.27;0;84;0;280;37.10499490316004;-7.269231;-7.269231
6.28;0;84;0;280;37.10499490316004;-7.269231;-7.269231
6.29;0;84;0;281;37.20693170234455;-7.286301;-7.286301
6.3;0;84;0;281;37.20693170234455;-7.286301;-7.286301
6.31;0;84;0;281;37.20693170234455;-7.286301;-7.286301
6.32;0;84;0;282;37.30886850152905;-7.303279;-7.303279
6.33;0;83;0;282;37.20693170234455;-7.360274;-7.360274
6.34;0;83;0;282;37.20693170234455;-7.360274;-7.360274
6.35;0;83;0;282;37.20693170234455;-7.360274;-7.360274
6.36;0;83;0;283;37.30886850152905;-7.377049;-7.377049
6.37;0;83;0;283;37.30886850152905;-7.377049;-7.377049
6.38;0;82;0;283;37.20693170234455;-7.4342465;-7.4342465
6.39;0;82;0;284;37.30886850152905;-7.4508195;-7.4508195
6.4;0;82;0;284;37.30886850152905;-7.4508195;-7.4508195
6.41;0;82;0;285;37.410805300713555;-7.4673023;-7.4673023
6.42;0;81;0;285;37.30886850152905;-7.52459;-7.52459
6.43;0;81;0;286;37.410805300713555;-7.540872;-7.540872
6.44;0;81;0;286;37.410805300713555;-7.540872;-7.540872
6.45;0;81;0;287;37.51274209989806;-7.557065;-7.557065
6.46;0;80;0;287;37.410805300713555;-7.6144414;-7.6144414
6.47;0;80;0;288;37.51274209989806;-7.630435;-7.630435
6.48;0;80;0;288;37.51274209989806;-7.630435;-7.630435
6.49;0;80;0;288;37.51274209989806;-7.630435;-7.630435
6.5;0;79;0;289;37.51274209989806;-7.7038045;-7.7038045
6.51;0;79;0;289;37.51274209989806;-7.7038045;-7.7038045
6.52;0;79;0;290;37.61467889908257;-7.719512;-7.719512
6.53;0;79;0;290;37.61467889908257;-7.719512;-7.719512
6.54;0;79;0;290;37.61467889908257;-7.719512;-7.719512
6.55;0;78;0;291;37.61467889908257;-7.792683;-7.792683
6.56;0;78;0;291;37.61467889908257;-7.792683;-7.792683
6.57;0;78;0;291;37.61467889908257;-7.792683;-7.792683
6.58;0;78;0;291;37.61467889908257;-7.792683;-7.792683
6.59;0;78;0;292;37.71661569826707;-7.8081083;-7.8081083
6.6;0;78;0;292;37.71661569826707;-7.8081083;-7.8081083
6.61;0;78;0;292;37.71661569826707;-7.8081083;-7.8081083
6.62;0;78;0;292;37.71661569826707;-7.8081083;-7.8081083
6.63;0;78;0;292;37.71661569826707;-7.8081083;-7.8081083
6.64;0;78;0;293;37.81855249745158;-7.82345;-7.82345
6.65;0;78;0;293;37.81855249745158;-7.82345;-7.82345
6.66;0;78;0;293;37.81855249745158;-7.82345;-7.82345
6.67;0;78;0;293;37.81855249745158;-7.82345;-7.82345
6.68;0;78;0;293;37.81855249745158;-7.82345;-7.82345
6.69;0;78;0;293;37.81855249745158;-7.82345;-7.82345
6.7;0;78;0;293;37.81855249745158;-7.82345;-7.82345
6.71;0;78;0;293;37.81855249745158;-7.82345;-7.82345
6.72;0;78;0;293;37.81855249745158;-7.82345;-7.82345
6.73;0;78;0;293;37.81855249745158;-7.82345;-7.82345
6.74;0;78;0;293;37.81855249745158;-7.82345;-7.82345
6.75;0;78;0;293;37.81855249745158;-7.82345;-7.82345
6.76;0;79;0;294;38.02242609582059;-7.7815013;-7.7815013
6.77;0;79;0;294;38.02242609582059;-7.7815013;-7.7815013
6.78;0;79;0;293;37.920489296636084;-7.766129;-7.766129
6.79;0;79;0;293;37.920489296636084;-7.766129;-7.766129
6.8;0;79;0;293;37.920489296636084;-7.766129;-7.766129
6.81;0;79;0;293;37.920489296636084;-7.766129;-7.766129
6.82;0;79;0;293;37.920489296636084;-7.766129;-7.766129
6.83;0;79;0;293;37.920489296636084;-7.766129;-7.766129
6.84;0;79;0;293;37.920489296636084;-7.766129;-7.766129
6.85;0;79;0;293;37.920489296636084;-7.766129;-7.766129
6.86;0;79;0;293;37.920489296636084;-7.766129;-7.766129
6.87;0;79;0;293;37.920489296636084;-7.766129;-7.766129
6.88;0;79;0;293;37.920489296636084;-7.766129;-7.766129
6.89;0;79;0;293;37.920489296636084;-7.766129;-7.766129
6.9;0;79;0;293;37.920489296636084;-7.766129;-7.766129
6.91;0;79;0;293;37.920489296636084;-7.766129;-7.766129
6.92;0;79;0;293;37.920489296636084;-7.766129;-7.766129
6.93;0;79;0;293;37.920489296636084;-7.766129;-7.766129
6.94;0;79;0;293;37.920489296636084;-7.766129;-7.766129
6.95;0;80;0;293;38.02242609582059;-7.7091155;-7.7091155
6.96;0;80;0;293;38.02242609582059;-7.7091155;-7.7091155
6.97;0;80;0;292;37.920489296636084;-7.693548;-7.693548
6.98;0;80;0;292;37.920489296636084;-7.693548;-7.693548
6.99;0;80;0;292;37.920489296636084;-7.693548;-7.693548
7.0;0;80;0;292;37.920489296636084;-7.693548;-7.693548
7.01;0;80;0;292;37.920489296636084;-7.693548;-7.693548
7.02;0;80;0;292;37.920489296636084;-7.693548;-7.693548
7.03;0;80;0;292;37.920489296636084;-7.693548;-7.693548
7.04;0;80;0;291;37.81855249745158;-7.6778975;-7.6778975
7.05;0;81;0;291;37.920489296636084;-7.620968;-7.620968
7.06;0;81;0;291;37.920489296636084;-7.620968;-7.620968
7.07;0;81;0;291;37.920489296636084;-7.620968;-7.620968
7.08;0;81;0;291;37.920489296636084;-7.620968;-7.620968
7.09;0;81;0;291;37.920489296636084;-7.620968;-7.620968
7.1;0;81;0;291;37.920489296636084;-7.620968;-7.620968
7.11;0;81;0;291;37.920489296636084;-7.620968;-7.620968
7.12;0;81;0;291;37.920489296636084;-7.620968;-7.620968
7.13;0;81;0;291;37.920489296636084;-7.620968;-7.620968
7.14;0;81;0;291;37.920489296636084;-7.620968;-7.620968
7.15;0;81;0;291;37.920489296636084;-7.620968;-7.620968
7.16;0;81;0;291;37.920489296636084;-7.620968;-7.620968
7.17;0;81;0;291;37.920489296636084;-7.620968;-7.620968
7.18;0;82;0;291;38.02242609582059;-7.564343;-7.564343
7.19;0;82;0;291;38.02242609582059;-7.564343;-7.564343
7.2;0;82;0;290;37.920489296636084;-7.548387;-7.548387
7.21;0;82;0;290;37.920489296636084;-7.548387;-7.548387
7.22;0;82;0;290;37.920489296636084;-7.548387;-7.548387
7.23;0;82;0;290;37.920489296636084;-7.548387;-7.548387
7.24;0;82;0;290;37.920489296636084;-7.548387;-7.548387
7.25;0;82;0;290;37.920489296636084;-7.548387;-7.548387
7.26;0;82;0;290;37.920489296636084;-7.548387;-7.548387
7.27;0;82;0;290;37.920489296636084;-7.548387;-7.548387
7.28;0;82;0;290;37.920489296636084;-7.548387;-7.548387
7.29;0;82;0;290;37.920489296636084;-7.548387;-7.548387
7.3;0;82;0;290;37.920489296636084;-7.548387;-7.548387
7.31;0;82;0;290;37.920489296636084;-7.548387;-7.548387
7.32;0;82;0;289;37.81855249745158;-7.532345;-7.532345
7.33;0;82;0;289;37.81855249745158;-7.532345;-7.532345
7.34;0;82;0;289;37.81855249745158;-7.532345;-7.532345
7.35;0;82;0;289;37.81855249745158;-7.532345;-7.532345
7.36;0;82;0;289;37.81855249745158;-7.532345;-7.532345
7.37;0;82;0;289;37.81855249745158;-7.532345;-7.532345
7.38;0;82;0;289;37.81855249745158;-7.532345;-7.532345
7.39;0;82;0;290;37.920489296636084;-7.548387;-7.548387
7.4;0;82;0;290;37.920489296636084;-7.548387;-7.548387
7.41;0;82;0;290;37.920489296636084;-7.548387;-7.548387
7.42;0;82;0;290;37.920489296636084;-7.548387;-7.548387
7.43;0;82;0;290;37.920489296636084;-7.548387;-7.548387
7.44;0;82;0;291;38.02242609582059;-7.564343;-7.564343
7.45;0;82;0;291;38.02242609582059;-7.564343;-7.564343
7.46;0;82;0;291;38.02242609582059;-7.564343;-7.564343
7.47;0;82;0;291;38.02242609582059;-7.564343;-7.564343
7.48;0;81;0;291;37.920489296636084;-7.620968;-7.620968
7.49;0;81;0;291;37.920489296636084;-7.620968;-7.620968
7.5;0;81;0;291;37.920489296636084;-7.620968;-7.620968
7.51;0;81;0;291;37.920489296636084;-7.620968;-7.620968
7.52;0;81;0;291;37.920489296636084;-7.620968;-7.620968
7.53;0;80;0;291;37.81855249745158;-7.6778975;-7.6778975
7.54;0;80;0;291;37.81855249745158;-7.6778975;-7.6778975
7.55;0;80;0;291;37.81855249745158;-7.6778975;-7.6778975
7.56;0;80;0;291;37.81855249745158;-7.6778975;-7.6778975
7.57;0;80;0;291;37.81855249745158;-7.6778975;-7.6778975
7.58;0;80;0;292;37.920489296636084;-7.693548;-7.693548
7.59;0;79;0;292;37.81855249745158;-7.750674;-7.750674
7.6;0;79;0;292;37.81855249745158;-7.750674;-7.750674
7.61;0;79;0;292;37.81855249745158;-7.750674;-7.750674
7.62;0;79;0;292;37.81855249745158;-7.750674;-7.750674
7.63;0;79;0;292;37.81855249745158;-7.750674;-7.750674
7.64;0;79;0;291;37.71661569826707;-7.735135;-7.735135
7.65;0;79;0;291;37.71661569826707;-7.735135;-7.735135
7.66;0;79;0;291;37.71661569826707;-7.735135;-7.735135
7.67;0;79;0;291;37.71661569826707;-7.735135;-7.735135
7.68;0;79;0;291;37.71661569826707;-7.735135;-7.735135
7.69;0;79;0;291;37.71661569826707;-7.735135;-7.735135
7.7;0;79;0;291;37.71661569826707;-7.735135;-7.735135
7.71;0;79;0;292;37.81855249745158;-7.750674;-7.750674
7.72;0;79;0;292;37.81855249745158;-7.750674;-7.750674
7.73;0;79;0;292;37.81855249745158;-7.750674;-7.750674
7.74;0;79;0;292;37.81855249745158;-7.750674;-7.750674
7.75;0;79;0;292;37.81855249745158;-7.750674;-7.750674
7.76;0;79;0;292;37.81855249745158;-7.750674;-7.750674
7.77;0;79;0;291;37.71661569826707;-7.735135;-7.735135
7.78;0;79;0;291;37.71661569826707;-7.735135;-7.735135
7.79;0;79;0;291;37.71661569826707;-7.735135;-7.735135
7.8;0;79;0;290;37.61467889908257;-7.719512;-7.719512
7.81;0;79;0;290;37.61467889908257;-7.719512;-7.719512
7.82;0;79;0;290;37.61467889908257;-7.719512;-7.719512
7.83;0;79;0;290;37.61467889908257;-7.719512;-7.719512
7.84;0;79;0;290;37.61467889908257;-7.719512;-7.719512
7.85;0;79;0;290;37.61467889908257;-7.719512;-7.719512
7.86;0;79;0;290;37.61467889908257;-7.719512;-7.719512
7.87;0;79;0;290;37.61467889908257;-7.719512;-7.719512
7.88;0;79;0;289;37.51274209989806;-7.7038045;-7.7038045
7.89;0;79;0;289;37.51274209989806;-7.7038045;-7.7038045
7.9;0;79;0;289;37.51274209989806;-7.7038045;-7.7038045
7.91;0;79;0;289;37.51274209989806;-7.7038045;-7.7038045
7.92;0;79;0;289;37.51274209989806;-7.7038045;-7.7038045
7.93;0;79;0;288;37.410805300713555;-7.6880107;-7.6880107
7.94;0;79;0;288;37.410805300713555;-7.6880107;-7.6880107
7.95;0;79;0;288;37.410805300713555;-7.6880107;-7.6880107
7.96;0;79;0;288;37.410805300713555;-7.6880107;-7.6880107
7.97;0;79;0;288;37.410805300713555;-7.6880107;-7.6880107
7.98;0;79;0;288;37.410805300713555;-7.6880107;-7.6880107
7.99;0;79;0;288;37.410805300713555;-7.6880107;-7.6880107
8.0;0;79;0;288;37.410805300713555;-7.6880107;-7.6880107
8.01;0;78;0;288;37.30886850152905;-7.7459016;-7.7459016
8.02;0;78;0;288;37.30886850152905;-7.7459016;-7.7459016
8.03;0;78;0;288;37.30886850152905;-7.7459016;-7.7459016
8.04;0;78;0;288;37.30886850152905;-7.7459016;-7.7459016
8.05;0;78;0;288;37.30886850152905;-7.7459016;-7.7459016
8.06;0;77;0;288;37.20693170234455;-7.8041096;-7.8041096
8.07;0;77;0;288;37.20693170234455;-7.8041096;-7.8041096
8.08;0;77;0;288;37.20693170234455;-7.8041096;-7.8041096
8.09;0;77;0;288;37.20693170234455;-7.8041096;-7.8041096
8.1;0;77;0;288;37.20693170234455;-7.8041096;-7.8041096
8.11;0;77;0;288;37.20693170234455;-7.8041096;-7.8041096
8.12;0;76;0;288;37.10499490316004;-7.8626375;-7.8626375
8.13;0;76;0;288;37.10499490316004;-7.8626375;-7.8626375
8.14;0;76;0;288;37.10499490316004;-7.8626375;-7.8626375
8.15;0;75;0;288;37.00305810397553;-7.921488;-7.921488
8.16;0;75;0;288;37.00305810397553;-7.921488;-7.921488
8.17;0;75;0;288;37.00305810397553;-7.921488;-7.921488
8.18;0;75;0;288;37.00305810397553;-7.921488;-7.921488
8.19;0;75;0;288;37.00305810397553;-7.921488;-7.921488
8.2;0;75;0;288;37.00305810397553;-7.921488;-7.921488
8.21;0;75;0;288;37.00305810397553;-7.921488;-7.921488
8.22;0;75;0;288;37.00305810397553;-7.921488;-7.921488
8.23;0;75;0;287;36.901121304791026;-7.9060774;-7.9060774
8.24;0;75;0;287;36.901121304791026;-7.9060774;-7.9060774
8.25;0;75;0;287;36.901121304791026;-7.9060774;-7.9060774
8.26;0;75;0;287;36.901121304791026;-7.9060774;-7.9060774
8.27;0;74;0;287;36.79918450560652;-7.965374;-7.965374
8.28;0;74;0;287;36.79918450560652;-7.965374;-7.965374
8.29;0;74;0;287;36.79918450560652;-7.965374;-7.965374
8.3;0;74;0;286;36.69724770642202;-7.95;-7.95
8.31;0;74;0;286;36.69724770642202;-7.95;-7.95
8.32;0;74;0;286;36.69724770642202;-7.95;-7.95
8.33;0;75;0;285;36.69724770642202;-7.875;-7.875
8.34;0;75;0;285;36.69724770642202;-7.875;-7.875
8.35;0;75;0;284;36.59531090723751;-7.8593316;-7.8593316
8.36;0;75;0;284;36.59531090723751;-7.8593316;-7.8593316
8.37;0;75;0;284;36.59531090723751;-7.8593316;-7.8593316
8.38;0;75;0;284;36.59531090723751;-7.8593316;-7.8593316
8.39;0;75;0;284;36.59531090723751;-7.8593316;-7.8593316
8.4;0;75;0;284;36.59531090723751;-7.8593316;-7.8593316
8.41;0;75;0;284;36.59531090723751;-7.8593316;-7.8593316
8.42;0;75;0;284;36.59531090723751;-7.8593316;-7.8593316
8.43;0;75;0;283;36.493374108053004;-7.8435755;-7.8435755
8.44;0;75;0;283;36.493374108053004;-7.8435755;-7.8435755
8.45;0;75;0;283;36.493374108053004;-7.8435755;-7.8435755
8.46;0;75;0;283;36.493374108053004;-7.8435755;-7.8435755
8.47;0;75;0;283;36.493374108053004;-7.8435755;-7.8435755
8.48;0;75;0;283;36.493374108053004;-7.8435755;-7.8435755
8.49;0;74;0;283;36.3914373088685;-7.9033613;-7.9033613
8.5;0;74;0;283;36.3914373088685;-7.9033613;-7.9033613
8.51;0;74;0;283;36.3914373088685;-7.9033613;-7.9033613
8.52;0;74;0;284;36.493374108053004;-7.9189944;-7.9189944
8.53;0;74;0;284;36.493374108053004;-7.9189944;-7.9189944
8.54;0;74;0;284;36.493374108053004;-7.9189944;-7.9189944
8.55;0;74;0;285;36.59531090723751;-7.9345403;-7.9345403
8.56;0;74;0;285;36.59531090723751;-7.9345403;-7.9345403
8.57;0;74;0;285;36.59531090723751;-7.9345403;-7.9345403
8.58;0;74;0;285;36.59531090723751;-7.9345403;-7.9345403
8.59;0;74;0;285;36.59531090723751;-7.9345403;-7.9345403
8.6;0;74;0;285;36.59531090723751;-7.9345403;-7.9345403
8.61;0;74;0;286;36.69724770642202;-7.95;-7.95
8.62;0;74;0;286;36.69724770642202;-7.95;-7.95
8.63;0;74;0;286;36.69724770642202;-7.95;-7.95
8.64;0;74;0;286;36.69724770642202;-7.95;-7.95
8.65;0;74;0;286;36.69724770642202;-7.95;-7.95
8.66;0;74;0;287;36.79918450560652;-7.965374;-7.965374
8.67;0;74;0;287;36.79918450560652;-7.965374;-7.965374
8.68;0;74;0;287;36.79918450560652;-7.965374;-7.965374
8.69;0;74;0;287;36.79918450560652;-7.965374;-7.965374
8.7;0;74;0;287;36.79918450560652;-7.965374;-7.965374
8.71;0;74;0;287;36.79918450560652;-7.965374;-7.965374
8.72;0;74;0;288;36.901121304791026;-7.980663;-7.980663
8.73;0;75;0;288;37.00305810397553;-7.921488;-7.921488
8.74;0;75;0;288;37.00305810397553;-7.921488;-7.921488
8.75;0;75;0;288;37.00305810397553;-7.921488;-7.921488
8.76;0;75;0;288;37.00305810397553;-7.921488;-7.921488
8.77;0;75;0;288;37.00305810397553;-7.921488;-7.921488
8.78;0;75;0;288;37.00305810397553;-7.921488;-7.921488
8.79;0;75;0;288;37.00305810397553;-7.921488;-7.921488
8.8;0;75;0;288;37.00305810397553;-7.921488;-7.921488
8.81;0;75;0;288;37.00305810397553;-7.921488;-7.921488
8.82;0;75;0;288;37.00305810397553;-7.921488;-7.921488
8.83;0;75;0;288;37.00305810397553;-7.921488;-7.921488
8.84;0;75;0;288;37.00305810397553;-7.921488;-7.921488
8.85;0;75;0;288;37.00305810397553;-7.921488;-7.921488
8.86;0;75;0;288;37.00305810397553;-7.921488;-7.921488
8.87;0;76;0;288;37.10499490316004;-7.8626375;-7.8626375
8.88;0;76;0;288;37.10499490316004;-7.8626375;-7.8626375
8.89;0;76;0;288;37.10499490316004;-7.8626375;-7.8626375
8.9;0;76;0;288;37.10499490316004;-7.8626375;-7.8626375
8.91;0;76;0;288;37.10499490316004;-7.8626375;-7.8626375
8.92;0;75;0;288;37.00305810397553;-7.921488;-7.921488
8.93;0;75;0;288;37.00305810397553;-7.921488;-7.921488
8.94;0;76;0;288;37.10499490316004;-7.8626375;-7.8626375
8.95;0;76;0;288;37.10499490316004;-7.8626375;-7.8626375
8.96;0;76;0;289;37.20693170234455;-7.8780823;-7.8780823
8.97;0;75;0;289;37.10499490316004;-7.9368134;-7.9368134
8.98;0;75;0;289;37.10499490316004;-7.9368134;-7.9368134
8.99;0;75;0;289;37.10499490316004;-7.9368134;-7.9368134
9.0;0;75;0;289;37.10499490316004;-7.9368134;-7.9368134
9.01;0;75;0;289;37.10499490316004;-7.9368134;-7.9368134
9.02;0;75;0;289;37.10499490316004;-7.9368134;-7.9368134
9.03;0;75;0;289;37.10499490316004;-7.9368134;-7.9368134
9.04;0;75;0;290;37.20693170234455;-7.952055;-7.952055
9.05;0;75;0;290;37.20693170234455;-7.952055;-7.952055
9.06;0;75;0;290;37.20693170234455;-7.952055;-7.952055
9.07;0;75;0;290;37.20693170234455;-7.952055;-7.952055
9.08;0;74;0;290;37.10499490316004;-8.010989;-8.010989
9.09;0;74;0;290;37.10499490316004;-8.010989;-8.010989
9.1;0;74;0;290;37.10499490316004;-8.010989;-8.010989
9.11;0;74;0;290;37.10499490316004;-8.010989;-8.010989
9.12;0;74;0;290;37.10499490316004;-8.010989;-8.010989
9.13;0;74;0;290;37.10499490316004;-8.010989;-8.010989
9.14;0;74;0;290;37.10499490316004;-8.010989;-8.010989
9.15;0;74;0;291;37.20693170234455;-8.026028;-8.026028
9.16;0;74;0;291;37.20693170234455;-8.026028;-8.026028
9.17;0;74;0;291;37.20693170234455;-8.026028;-8.026028
9.18;0;74;0;291;37.20693170234455;-8.026028;-8.026028
9.19;0;74;0;291;37.20693170234455;-8.026028;-8.026028
9.2;0;74;0;291;37.20693170234455;-8.026028;-8.026028
9.21;0;74;0;291;37.20693170234455;-8.026028;-8.026028
9.22;0;74;0;291;37.20693170234455;-8.026028;-8.026028
9.23;0;74;0;291;37.20693170234455;-8.026028;-8.026028
9.24;0;74;0;291;37.20693170234455;-8.026028;-8.026028
9.25;0;74;0;291;37.20693170234455;-8.026028;-8.026028
9.26;0;74;0;291;37.20693170234455;-8.026028;-8.026028
9.27;0;74;0;291;37.20693170234455;-8.026028;-8.026028
9.28;0;74;0;291;37.20693170234455;-8.026028;-8.026028
9.29;0;74;0;290;37.10499490316004;-8.010989;-8.010989
9.3;0;74;0;291;37.20693170234455;-8.026028;-8.026028
9.31;0;74;0;291;37.20693170234455;-8.026028;-8.026028
9.32;0;74;0;291;37.20693170234455;-8.026028;-8.026028
9.33;0;74;0;291;37.20693170234455;-8.026028;-8.026028
9.34;0;74;0;291;37.20693170234455;-8.026028;-8.026028
9.35;0;74;0;291;37.20693170234455;-8.026028;-8.026028
9.36;0;74;0;291;37.20693170234455;-8.026028;-8.026028
9.37;0;75;0;291;37.30886850152905;-7.967213;-7.967213
9.38;0;75;0;290;37.20693170234455;-7.952055;-7.952055
9.39;0;75;0;290;37.20693170234455;-7.952055;-7.952055
9.4;0;75;0;290;37.20693170234455;-7.952055;-7.952055
9.41;0;75;0;290;37.20693170234455;-7.952055;-7.952055
9.42;0;75;0;290;37.20693170234455;-7.952055;-7.952055
9.43;0;76;0;290;37.30886850152905;-7.8934426;-7.8934426
9.44;0;76;0;290;37.30886850152905;-7.8934426;-7.8934426
9.45;0;76;0;290;37.30886850152905;-7.8934426;-7.8934426
9.46;0;76;0;290;37.30886850152905;-7.8934426;-7.8934426
9.47;0;76;0;290;37.30886850152905;-7.8934426;-7.8934426
9.48;0;76;0;290;37.30886850152905;-7.8934426;-7.8934426
9.49;0;76;0;290;37.30886850152905;-7.8934426;-7.8934426
9.5;0;76;0;290;37.30886850152905;-7.8934426;-7.8934426
9.51;0;76;0;290;37.30886850152905;-7.8934426;-7.8934426
9.52;0;76;0;290;37.30886850152905;-7.8934426;-7.8934426
9.53;0;76;0;290;37.30886850152905;-7.8934426;-7.8934426
9.54;0;76;0;290;37.30886850152905;-7.8934426;-7.8934426
9.55;0;77;0;290;37.410805300713555;-7.83515;-7.83515
9.56;0;77;0;290;37.410805300713555;-7.83515;-7.83515
9.57;0;77;0;290;37.410805300713555;-7.83515;-7.83515
9.58;0;77;0;290;37.410805300713555;-7.83515;-7.83515
9.59;0;77;0;290;37.410805300713555;-7.83515;-7.83515
9.6;0;77;0;290;37.410805300713555;-7.83515;-7.83515
9.61;0;78;0;290;37.51274209989806;-7.777174;-7.777174
9.62;0;78;0;290;37.51274209989806;-7.777174;-7.777174
9.63;0;78;0;290;37.51274209989806;-7.777174;-7.777174
9.64;0;78;0;290;37.51274209989806;-7.777174;-7.777174
9.65;0;78;0;290;37.51274209989806;-7.777174;-7.777174
9.66;0;79;0;289;37.51274209989806;-7.7038045;-7.7038045
9.67;0;79;0;289;37.51274209989806;-7.7038045;-7.7038045
9.68;0;79;0;289;37.51274209989806;-7.7038045;-7.7038045
9.69;0;80;0;289;37.61467889908257;-7.6463413;-7.6463413
9.7;0;80;0;289;37.61467889908257;-7.6463413;-7.6463413
9.71;0;80;0;288;37.51274209989806;-7.630435;-7.630435
9.72;0;80;0;288;37.51274209989806;-7.630435;-7.630435
9.73;0;81;0;288;37.61467889908257;-7.5731707;-7.5731707
9.74;0;81;0;288;37.61467889908257;-7.5731707;-7.5731707
9.75;0;81;0;288;37.61467889908257;-7.5731707;-7.5731707
9.76;0;81;0;288;37.61467889908257;-7.5731707;-7.5731707
9.77;0;81;0;288;37.61467889908257;-7.5731707;-7.5731707
9.78;0;81;0;287;37.51274209989806;-7.557065;-7.557065
9.79;0;81;0;287;37.51274209989806;-7.557065;-7.557065
9.8;0;81;0;287;37.51274209989806;-7.557065;-7.557065
9.81;0;82;0;287;37.61467889908257;-7.5;-7.5
9.82;0;82;0;287;37.61467889908257;-7.5;-7.5
9.83;0;82;0;287;37.61467889908257;-7.5;-7.5
9.84;0;82;0;287;37.61467889908257;-7.5;-7.5
9.85;0;82;0;287;37.61467889908257;-7.5;-7.5
9.86;0;82;0;287;37.61467889908257;-7.5;-7.5
9.87;0;82;0;286;37.51274209989806;-7.4836955;-7.4836955
9.88;0;83;0;286;37.61467889908257;-7.4268293;-7.4268293
9.89;0;83;0;286;37.61467889908257;-7.4268293;-7.4268293
9.9;0;83;0;286;37.61467889908257;-7.4268293;-7.4268293
9.91;0;83;0;286;37.61467889908257;-7.4268293;-7.4268293
9.92;0;83;0;286;37.61467889908257;-7.4268293;-7.4268293
9.93;0;83;0;286;37.61467889908257;-7.4268293;-7.4268293
9.94;0;83;0;286;37.61467889908257;-7.4268293;-7.4268293
9.95;0;83;0;286;37.61467889908257;-7.4268293;-7.4268293
9.96;0;83;0;286;37.61467889908257;-7.4268293;-7.4268293
9.97;0;84;0;285;37.61467889908257;-7.3536587;-7.3536587
9.98;0;84;0;285;37.61467889908257;-7.3536587;-7.3536587
9.99;0;84;0;285;37.61467889908257;-7.3536587;-7.3536587
10.0;0;84;0;285;37.61467889908257;-7.3536587;-7.3536587
10.01;0;84;0;285;37.61467889908257;-7.3536587;-7.3536587
10.02;0;84;0;285;37.61467889908257;-7.3536587;-7.3536587
10.03;0;84;0;285;37.61467889908257;-7.3536587;-7.3536587
10.04;0;84;0;285;37.61467889908257;-7.3536587;-7.3536587
10.05;0;84;0;285;37.61467889908257;-7.3536587;-7.3536587
10.06;0;84;0;285;37.61467889908257;-7.3536587;-7.3536587
10.07;0;84;0;286;37.71661569826707;-7.3702703;-7.3702703
10.08;0;84;0;286;37.71661569826707;-7.3702703;-7.3702703
10.09;0;84;0;286;37.71661569826707;-7.3702703;-7.3702703
10.1;0;84;0;286;37.71661569826707;-7.3702703;-7.3702703
10.11;0;84;0;286;37.71661569826707;-7.3702703;-7.3702703
10.12;0;84;0;286;37.71661569826707;-7.3702703;-7.3702703
10.13;0;84;0;285;37.61467889908257;-7.3536587;-7.3536587
10.14;0;84;0;285;37.61467889908257;-7.3536587;-7.3536587
10.15;0;84;0;285;37.61467889908257;-7.3536587;-7.3536587
10.16;0;84;0;285;37.61467889908257;-7.3536587;-7.3536587
10.17;0;84;0;286;37.71661569826707;-7.3702703;-7.3702703
10.18;0;83;0;286;37.61467889908257;-7.4268293;-7.4268293
10.19;0;83;0;286;37.61467889908257;-7.4268293;-7.4268293
10.2;0;83;0;286;37.61467889908257;-7.4268293;-7.4268293
10.21;0;83;0;286;37.61467889908257;-7.4268293;-7.4268293
10.22;0;83;0;286;37.61467889908257;-7.4268293;-7.4268293
10.23;0;83;0;286;37.61467889908257;-7.4268293;-7.4268293
10.24;0;83;0;286;37.61467889908257;-7.4268293;-7.4268293
10.25;0;83;0;286;37.61467889908257;-7.4268293;-7.4268293
10.26;0;83;0;286;37.61467889908257;-7.4268293;-7.4268293
10.27;0;83;0;285;37.51274209989806;-7.410326;-7.410326
10.28;0;83;0;285;37.51274209989806;-7.410326;-7.410326
10.29;0;83;0;285;37.51274209989806;-7.410326;-7.410326
10.3;0;83;0;285;37.51274209989806;-7.410326;-7.410326
10.31;0;83;0;285;37.51274209989806;-7.410326;-7.410326
10.32;0;83;0;285;37.51274209989806;-7.410326;-7.410326
10.33;0;84;0;285;37.61467889908257;-7.3536587;-7.3536587
10.34;0;84;0;285;37.61467889908257;-7.3536587;-7.3536587
10.35;0;84;0;285;37.61467889908257;-7.3536587;-7.3536587
10.36;0;84;0;285;37.61467889908257;-7.3536587;-7.3536587
10.37;0;84;0;285;37.61467889908257;-7.3536587;-7.3536587
10.38;0;84;0;285;37.61467889908257;-7.3536587;-7.3536587
10.39;0;84;0;285;37.61467889908257;-7.3536587;-7.3536587
10.4;0;84;0;285;37.61467889908257;-7.3536587;-7.3536587
10.41;0;84;0;285;37.61467889908257;-7.3536587;-7.3536587
10.42;0;84;0;285;37.61467889908257;-7.3536587;-7.3536587
10.43;0;84;0;285;37.61467889908257;-7.3536587;-7.3536587
10.44;0;84;0;285;37.61467889908257;-7.3536587;-7.3536587
10.45;0;84;0;285;37.61467889908257;-7.3536587;-7.3536587
10.46;0;84;0;285;37.61467889908257;-7.3536587;-7.3536587
10.47;0;84;0;284;37.51274209989806;-7.3369565;-7.3369565
10.48;0;84;0;285;37.61467889908257;-7.3536587;-7.3536587
10.49;0;84;0;285;37.61467889908257;-7.3536587;-7.3536587
10.5;0;85;0;285;37.71661569826707;-7.2972975;-7.2972975
10.51;0;85;0;285;37.71661569826707;-7.2972975;-7.2972975
10.52;0;85;0;285;37.71661569826707;-7.2972975;-7.2972975
10.53;0;85;0;285;37.71661569826707;-7.2972975;-7.2972975
10.54;0;85;0;284;37.61467889908257;-7.280488;-7.280488
10.55;0;85;0;284;37.61467889908257;-7.280488;-7.280488
10.56;0;85;0;284;37.61467889908257;-7.280488;-7.280488
10.57;0;85;0;284;37.61467889908257;-7.280488;-7.280488
10.58;0;85;0;284;37.61467889908257;-7.280488;-7.280488
10.59;0;85;0;284;37.61467889908257;-7.280488;-7.280488
10.6;0;85;0;284;37.61467889908257;-7.280488;-7.280488
10.61;0;85;0;284;37.61467889908257;-7.280488;-7.280488
10.62;0;85;0;284;37.61467889908257;-7.280488;-7.280488
10.63;0;86;0;284;37.71661569826707;-7.224324;-7.224324
10.64;0;86;0;284;37.71661569826707;-7.224324;-7.224324
10.65;0;86;0;284;37.71661569826707;-7.224324;-7.224324
10.66;0;86;0;284;37.71661569826707;-7.224324;-7.224324
10.67;0;86;0;284;37.71661569826707;-7.224324;-7.224324
10.68;0;86;0;284;37.71661569826707;-7.224324;-7.224324
10.69;0;86;0;284;37.71661569826707;-7.224324;-7.224324
10.7;0;86;0;284;37.71661569826707;-7.224324;-7.224324
10.71;0;86;0;284;37.71661569826707;-7.224324;-7.224324
10.72;0;86;0;284;37.71661569826707;-7.224324;-7.224324
10.73;0;86;0;284;37.71661569826707;-7.224324;-7.224324
10.74;0;86;0;284;37.71661569826707;-7.224324;-7.224324
10.75;0;86;0;284;37.71661569826707;-7.224324;-7.224324
10.76;0;86;0;284;37.71661569826707;-7.224324;-7.224324
10.77;0;86;0;284;37.71661569826707;-7.224324;-7.224324
10.78;0;86;0;284;37.71661569826707;-7.224324;-7.224324
10.79;0;86;0;284;37.71661569826707;-7.224324;-7.224324
10.8;0;86;0;284;37.71661569826707;-7.224324;-7.224324
10.81;0;86;0;284;37.71661569826707;-7.224324;-7.224324
10.82;0;86;0;284;37.71661569826707;-7.224324;-7.224324
10.83;0;86;0;284;37.71661569826707;-7.224324;-7.224324
10.84;0;86;0;284;37.71661569826707;-7.224324;-7.224324
10.85;0;86;0;284;37.71661569826707;-7.224324;-7.224324
10.86;0;86;0;284;37.71661569826707;-7.224324;-7.224324
10.87;0;85;0;284;37.61467889908257;-7.280488;-7.280488
10.88;0;85;0;284;37.61467889908257;-7.280488;-7.280488
10.89;0;85;0;284;37.61467889908257;-7.280488;-7.280488
10.9;0;85;0;284;37.61467889908257;-7.280488;-7.280488
10.91;0;85;0;284;37.61467889908257;-7.280488;-7.280488
10.92;0;85;0;284;37.61467889908257;-7.280488;-7.280488
10.93;0;85;0;284;37.61467889908257;-7.280488;-7.280488
10.94;0;85;0;284;37.61467889908257;-7.280488;-7.280488
10.95;0;85;0;285;37.71661569826707;-7.2972975;-7.2972975
10.96;0;84;0;285;37.61467889908257;-7.3536587;-7.3536587
10.97;0;84;0;285;37.61467889908257;-7.3536587;-7.3536587
10.98;0;84;0;285;37.61467889908257;-7.3536587;-7.3536587
10.99;0;84;0;285;37.61467889908257;-7.3536587;-7.3536587
11.0;0;84;0;285;37.61467889908257;-7.3536587;-7.3536587
11.01;0;83;0;285;37.51274209989806;-7.410326;-7.410326
11.02;0;83;0;285;37.51274209989806;-7.410326;-7.410326
11.03;0;83;0;285;37.51274209989806;-7.410326;-7.410326
11.04;0;83;0;285;37.51274209989806;-7.410326;-7.410326
11.05;0;83;0;285;37.51274209989806;-7.410326;-7.410326
11.06;0;83;0;285;37.51274209989806;-7.410326;-7.410326
11.07;0;83;0;285;37.51274209989806;-7.410326;-7.410326
11.08;0;83;0;285;37.51274209989806;-7.410326;-7.410326
11.09;0;83;0;285;37.51274209989806;-7.410326;-7.410326
11.1;0;83;0;286;37.61467889908257;-7.4268293;-7.4268293
11.11;0;83;0;286;37.61467889908257;-7.4268293;-7.4268293
11.12;0;83;0;286;37.61467889908257;-7.4268293;-7.4268293
11.13;0;83;0;286;37.61467889908257;-7.4268293;-7.4268293
11.14;0;83;0;286;37.61467889908257;-7.4268293;-7.4268293
11.15;0;83;0;286;37.61467889908257;-7.4268293;-7.4268293
11.16;0;83;0;286;37.61467889908257;-7.4268293;-7.4268293
11.17;0;83;0;286;37.61467889908257;-7.4268293;-7.4268293
11.18;0;83;0;286;37.61467889908257;-7.4268293;-7.4268293
11.19;0;83;0;286;37.61467889908257;-7.4268293;-7.4268293
11.2;0;83;0;286;37.61467889908257;-7.4268293;-7.4268293
11.21;0;83;0;286;37.61467889908257;-7.4268293;-7.4268293
11.22;0;83;0;286;37.61467889908257;-7.4268293;-7.4268293
11.23;0;83;0;286;37.61467889908257;-7.4268293;-7.4268293
11.24;0;83;0;286;37.61467889908257;-7.4268293;-7.4268293
11.25;0;83;0;286;37.61467889908257;-7.4268293;-7.4268293
11.26;0;83;0;286;37.61467889908257;-7.4268293;-7.4268293
11.27;0;83;0;286;37.61467889908257;-7.4268293;-7.4268293
11.28;0;83;0;286;37.61467889908257;-7.4268293;-7.4268293
11.29;0;83;0;286;37.61467889908257;-7.4268293;-7.4268293
11.3;0;83;0;286;37.61467889908257;-7.4268293;-7.4268293
11.31;0;83;0;286;37.61467889908257;-7.4268293;-7.4268293
11.32;0;83;0;286;37.61467889908257;-7.4268293;-7.4268293
11.33;0;83;0;286;37.61467889908257;-7.4268293;-7.4268293
11.34;0;83;0;286;37.61467889908257;-7.4268293;-7.4268293
11.35;0;83;0;286;37.61467889908257;-7.4268293;-7.4268293
11.36;0;83;0;286;37.61467889908257;-7.4268293;-7.4268293
11.37;0;83;0;286;37.61467889908257;-7.4268293;-7.4268293
11.38;0;83;0;287;37.71661569826707;-7.443243;-7.443243
11.39;0;83;0;287;37.71661569826707;-7.443243;-7.443243
11.4;0;83;0;287;37.71661569826707;-7.443243;-7.443243
11.41;0;83;0;287;37.71661569826707;-7.443243;-7.443243
11.42;0;83;0;287;37.71661569826707;-7.443243;-7.443243
11.43;0;83;0;287;37.71661569826707;-7.443243;-7.443243
11.44;0;83;0;287;37.71661569826707;-7.443243;-7.443243
11.45;0;83;0;287;37.71661569826707;-7.443243;-7.443243
11.46;0;83;0;287;37.71661569826707;-7.443243;-7.443243
11.47;0;82;0;287;37.61467889908257;-7.5;-7.5
11.48;0;82;0;287;37.61467889908257;-7.5;-7.5
11.49;0;82;0;287;37.61467889908257;-7.5;-7.5
11.5;0;82;0;287;37.61467889908257;-7.5;-7.5
11.51;0;82;0;287;37.61467889908257;-7.5;-7.5
11.52;0;82;0;287;37.61467889908257;-7.5;-7.5
11.53;0;82;0;287;37.61467889908257;-7.5;-7.5
11.54;0;82;0;287;37.61467889908257;-7.5;-7.5
11.55;0;82;0;287;37.61467889908257;-7.5;-7.5
11.56;0;82;0;287;37.61467889908257;-7.5;-7.5
11.57;0;82;0;287;37.61467889908257;-7.5;-7.5
11.58;0;82;0;287;37.61467889908257;-7.5;-7.5
11.59;0;82;0;287;37.61467889908257;-7.5;-7.5
11.6;0;82;0;287;37.61467889908257;-7.5;-7.5
11.61;0;82;0;287;37.61467889908257;-7.5;-7.5
11.62;0;82;0;287;37.61467889908257;-7.5;-7.5
11.63;0;82;0;287;37.61467889908257;-7.5;-7.5
11.64;0;82;0;287;37.61467889908257;-7.5;-7.5
11.65;0;83;0;287;37.71661569826707;-7.443243;-7.443243
11.66;0;83;0;287;37.71661569826707;-7.443243;-7.443243
11.67;0;83;0;287;37.71661569826707;-7.443243;-7.443243
11.68;0;83;0;287;37.71661569826707;-7.443243;-7.443243
11.69;0;83;0;287;37.71661569826707;-7.443243;-7.443243
11.7;0;83;0;287;37.71661569826707;-7.443243;-7.443243
11.71;0;83;0;287;37.71661569826707;-7.443243;-7.443243
11.72;0;83;0;287;37.71661569826707;-7.443243;-7.443243
11.73;0;83;0;287;37.71661569826707;-7.443243;-7.443243
11.74;0;83;0;287;37.71661569826707;-7.443243;-7.443243
11.75;0;83;0;287;37.71661569826707;-7.443243;-7.443243
11.76;0;83;0;287;37.71661569826707;-7.443243;-7.443243
11.77;0;83;0;287;37.71661569826707;-7.443243;-7.443243
11.78;0;83;0;287;37.71661569826707;-7.443243;-7.443243
11.79;0;83;0;287;37.71661569826707;-7.443243;-7.443243
11.8;0;83;0;287;37.71661569826707;-7.443243;-7.443243
11.81;0;83;0;287;37.71661569826707;-7.443243;-7.443243
11.82;0;83;0;287;37.71661569826707;-7.443243;-7.443243
11.83;0;83;0;287;37.71661569826707;-7.443243;-7.443243
11.84;0;83;0;287;37.71661569826707;-7.443243;-7.443243
11.85;0;83;0;287;37.71661569826707;-7.443243;-7.443243
11.86;0;83;0;287;37.71661569826707;-7.443243;-7.443243
11.87;0;83;0;287;37.71661569826707;-7.443243;-7.443243
11.88;0;83;0;287;37.71661569826707;-7.443243;-7.443243
11.89;0;83;0;287;37.71661569826707;-7.443243;-7.443243
11.9;0;83;0;288;37.81855249745158;-7.4595685;-7.4595685
11.91;0;83;0;288;37.81855249745158;-7.4595685;-7.4595685
11.92;0;83;0;288;37.81855249745158;-7.4595685;-7.4595685
11.93;0;83;0;288;37.81855249745158;-7.4595685;-7.4595685
11.94;0;83;0;288;37.81855249745158;-7.4595685;-7.4595685
11.95;0;83;0;288;37.81855249745158;-7.4595685;-7.4595685
11.96;0;83;0;288;37.81855249745158;-7.4595685;-7.4595685
11.97;0;83;0;289;37.920489296636084;-7.475806;-7.475806
11.98;0;83;0;289;37.920489296636084;-7.475806;-7.475806
11.99;0;83;0;289;37.920489296636084;-7.475806;-7.475806
12.0;0;83;0;288;37.81855249745158;-7.4595685;-7.4595685
12.01;0;83;0;288;37.81855249745158;-7.4595685;-7.4595685
12.02;0;83;0;288;37.81855249745158;-7.4595685;-7.4595685
12.03;0;83;0;288;37.81855249745158;-7.4595685;-7.4595685
12.04;0;83;0;288;37.81855249745158;-7.4595685;-7.4595685
12.05;0;83;0;288;37.81855249745158;-7.4595685;-7.4595685
12.06;0;83;0;288;37.81855249745158;-7.4595685;-7.4595685
12.07;0;83;0;288;37.81855249745158;-7.4595685;-7.4595685
12.08;0;83;0;288;37.81855249745158;-7.4595685;-7.4595685
12.09;0;83;0;288;37.81855249745158;-7.4595685;-7.4595685
12.1;0;83;0;288;37.81855249745158;-7.4595685;-7.4595685
12.11;0;83;0;288;37.81855249745158;-7.4595685;-7.4595685
12.12;0;84;0;288;37.920489296636084;-7.403226;-7.403226
12.13;0;84;0;288;37.920489296636084;-7.403226;-7.403226
12.14;0;84;0;288;37.920489296636084;-7.403226;-7.403226
12.15;0;84;0;288;37.920489296636084;-7.403226;-7.403226
12.16;0;84;0;288;37.920489296636084;-7.403226;-7.403226
12.17;0;84;0;288;37.920489296636084;-7.403226;-7.403226
12.18;0;84;0;288;37.920489296636084;-7.403226;-7.403226
12.19;0;84;0;288;37.920489296636084;-7.403226;-7.403226
12.2;0;84;0;288;37.920489296636084;-7.403226;-7.403226
12.21;0;84;0;288;37.920489296636084;-7.403226;-7.403226
12.22;0;84;0;288;37.920489296636084;-7.403226;-7.403226
12.23;0;84;0;288;37.920489296636084;-7.403226;-7.403226
12.24;0;84;0;288;37.920489296636084;-7.403226;-7.403226
12.25;0;84;0;288;37.920489296636084;-7.403226;-7.403226
12.26;0;84;0;288;37.920489296636084;-7.403226;-7.403226
12.27;0;84;0;288;37.920489296636084;-7.403226;-7.403226
12.28;0;84;0;288;37.920489296636084;-7.403226;-7.403226
12.29;0;84;0;288;37.920489296636084;-7.403226;-7.403226
12.3;0;84;0;288;37.920489296636084;-7.403226;-7.403226
12.31;0;84;0;288;37.920489296636084;-7.403226;-7.403226
12.32;0;84;0;288;37.920489296636084;-7.403226;-7.403226
12.33;0;84;0;287;37.81855249745158;-7.3867927;-7.3867927
12.34;0;84;0;287;37.81855249745158;-7.3867927;-7.3867927
12.35;0;84;0;287;37.81855249745158;-7.3867927;-7.3867927
12.36;0;84;0;287;37.81855249745158;-7.3867927;-7.3867927
12.37;0;84;0;287;37.81855249745158;-7.3867927;-7.3867927
12.38;0;84;0;287;37.81855249745158;-7.3867927;-7.3867927
12.39;0;84;0;288;37.920489296636084;-7.403226;-7.403226
12.4;0;84;0;288;37.920489296636084;-7.403226;-7.403226
12.41;0;84;0;288;37.920489296636084;-7.403226;-7.403226
12.42;0;84;0;288;37.920489296636084;-7.403226;-7.403226
12.43;0;84;0;288;37.920489296636084;-7.403226;-7.403226
12.44;0;84;0;288;37.920489296636084;-7.403226;-7.403226
12.45;0;84;0;288;37.920489296636084;-7.403226;-7.403226
12.46;0;84;0;288;37.920489296636084;-7.403226;-7.403226
12.47;0;84;0;288;37.920489296636084;-7.403226;-7.403226
12.48;0;84;0;288;37.920489296636084;-7.403226;-7.403226
12.49;0;84;0;288;37.920489296636084;-7.403226;-7.403226
12.5;0;85;0;288;38.02242609582059;-7.347185;-7.347185
12.51;0;85;0;287;37.920489296636084;-7.330645;-7.330645
12.52;0;85;0;287;37.920489296636084;-7.330645;-7.330645
12.53;0;85;0;287;37.920489296636084;-7.330645;-7.330645
12.54;0;85;0;286;37.81855249745158;-7.3140163;-7.3140163
12.55;0;85;0;286;37.81855249745158;-7.3140163;-7.3140163
12.56;0;85;0;286;37.81855249745158;-7.3140163;-7.3140163
12.57;0;85;0;285;37.71661569826707;-7.2972975;-7.2972975
12.58;0;85;0;285;37.71661569826707;-7.2972975;-7.2972975
12.59;0;85;0;285;37.71661569826707;-7.2972975;-7.2972975
12.6;0;85;0;284;37.61467889908257;-7.280488;-7.280488
12.61;0;86;0;284;37.71661569826707;-7.224324;-7.224324
12.62;0;86;0;284;37.71661569826707;-7.224324;-7.224324
12.63;0;86;0;284;37.71661569826707;-7.224324;-7.224324
12.64;0;86;0;284;37.71661569826707;-7.224324;-7.224324
12.65;0;86;0;284;37.71661569826707;-7.224324;-7.224324
12.66;0;86;0;284;37.71661569826707;-7.224324;-7.224324
12.67;0;86;0;284;37.71661569826707;-7.224324;-7.224324
12.68;0;86;0;284;37.71661569826707;-7.224324;-7.224324
12.69;0;86;0;283;37.61467889908257;-7.207317;-7.207317
12.7;0;86;0;283;37.61467889908257;-7.207317;-7.207317
12.71;0;86;0;283;37.61467889908257;-7.207317;-7.207317
12.72;0;86;0;283;37.61467889908257;-7.207317;-7.207317
12.73;0;86;0;283;37.61467889908257;-7.207317;-7.207317
12.74;0;86;0;283;37.61467889908257;-7.207317;-7.207317
12.75;0;87;0;283;37.71661569826707;-7.1513515;-7.1513515
12.76;0;87;0;282;37.61467889908257;-7.134146;-7.134146
12.77;0;87;0;282;37.61467889908257;-7.134146;-7.134146
12.78;0;87;0;282;37.61467889908257;-7.134146;-7.134146
12.79;0;87;0;282;37.61467889908257;-7.134146;-7.134146
12.8;0;87;0;282;37.61467889908257;-7.134146;-7.134146
12.81;0;87;0;282;37.61467889908257;-7.134146;-7.134146
12.82;0;87;0;282;37.61467889908257;-7.134146;-7.134146
12.83;0;87;0;282;37.61467889908257;-7.134146;-7.134146
12.84;0;88;0;282;37.71661569826707;-7.078378;-7.078378
12.85;0;88;0;282;37.71661569826707;-7.078378;-7.078378
12.86;0;88;0;282;37.71661569826707;-7.078378;-7.078378
12.87;0;88;0;281;37.61467889908257;-7.0609756;-7.0609756
12.88;0;88;0;281;37.61467889908257;-7.0609756;-7.0609756
12.89;0;89;0;281;37.71661569826707;-7.0054054;-7.0054054
12.9;0;89;0;281;37.71661569826707;-7.0054054;-7.0054054
12.91;0;89;0;281;37.71661569826707;-7.0054054;-7.0054054
12.92;0;89;0;280;37.61467889908257;-6.987805;-6.987805
12.93;0;89;0;280;37.61467889908257;-6.987805;-6.987805
12.94;0;89;0;280;37.61467889908257;-6.987805;-6.987805
12.95;0;90;0;280;37.71661569826707;-6.9324327;-6.9324327
12.96;0;90;0;279;37.61467889908257;-6.914634;-6.914634
12.97;0;90;0;279;37.61467889908257;-6.914634;-6.914634
12.98;0;90;0;279;37.61467889908257;-6.914634;-6.914634
12.99;0;90;0;279;37.61467889908257;-6.914634;-6.914634
13.0;0;91;0;279;37.71661569826707;-6.8594594;-6.8594594
13.01;0;91;0;279;37.71661569826707;-6.8594594;-6.8594594
13.02;0;91;0;278;37.61467889908257;-6.8414636;-6.8414636
13.03;0;91;0;278;37.61467889908257;-6.8414636;-6.8414636
13.04;0;91;0;278;37.61467889908257;-6.8414636;-6.8414636
13.05;0;91;0;278;37.61467889908257;-6.8414636;-6.8414636
13.06;0;91;0;277;37.51274209989806;-6.8233695;-6.8233695
13.07;0;92;0;277;37.61467889908257;-6.768293;-6.768293
13.08;0;92;0;277;37.61467889908257;-6.768293;-6.768293
13.09;0;92;0;276;37.51274209989806;-6.75;-6.75
13.1;0;92;0;276;37.51274209989806;-6.75;-6.75
13.11;0;92;0;276;37.51274209989806;-6.75;-6.75
13.12;0;93;0;275;37.51274209989806;-6.6766305;-6.6766305
13.13;0;93;0;275;37.51274209989806;-6.6766305;-6.6766305
13.14;0;93;0;275;37.51274209989806;-6.6766305;-6.6766305
13.15;0;93;0;275;37.51274209989806;-6.6766305;-6.6766305
13.16;0;93;0;275;37.51274209989806;-6.6766305;-6.6766305
13.17;0;92;0;275;37.410805300713555;-6.7316074;-6.7316074
13.18;0;92;0;276;37.51274209989806;-6.75;-6.75
13.19;0;92;0;276;37.51274209989806;-6.75;-6.75
13.2;0;92;0;276;37.51274209989806;-6.75;-6.75
13.21;0;92;0;276;37.51274209989806;-6.75;-6.75
13.22;0;91;0;276;37.410805300713555;-6.805177;-6.805177
13.23;0;91;0;276;37.410805300713555;-6.805177;-6.805177
13.24;0;91;0;277;37.51274209989806;-6.8233695;-6.8233695
13.25;0;91;0;277;37.51274209989806;-6.8233695;-6.8233695
13.26;0;91;0;277;37.51274209989806;-6.8233695;-6.8233695
13.27;0;90;0;277;37.410805300713555;-6.8787465;-6.8787465
13.28;0;90;0;277;37.410805300713555;-6.8787465;-6.8787465
13.29;0;90;0;278;37.51274209989806;-6.896739;-6.896739
13.3;0;90;0;278;37.51274209989806;-6.896739;-6.896739
13.31;0;90;0;278;37.51274209989806;-6.896739;-6.896739
13.32;0;90;0;278;37.51274209989806;-6.896739;-6.896739
13.33;0;89;0;278;37.410805300713555;-6.9523163;-6.9523163
13.34;0;89;0;278;37.410805300713555;-6.9523163;-6.9523163
13.35;0;89;0;278;37.410805300713555;-6.9523163;-6.9523163
13.36;0;89;0;279;37.51274209989806;-6.9701085;-6.9701085
13.37;0;89;0;279;37.51274209989806;-6.9701085;-6.9701085
13.38;0;89;0;279;37.51274209989806;-6.9701085;-6.9701085
13.39;0;88;0;279;37.410805300713555;-7.0258856;-7.0258856
13.4;0;88;0;279;37.410805300713555;-7.0258856;-7.0258856
13.41;0;88;0;279;37.410805300713555;-7.0258856;-7.0258856
13.42;0;88;0;279;37.410805300713555;-7.0258856;-7.0258856
13.43;0;88;0;279;37.410805300713555;-7.0258856;-7.0258856
13.44;0;88;0;279;37.410805300713555;-7.0258856;-7.0258856
13.45;0;88;0;280;37.51274209989806;-7.0434785;-7.0434785
13.46;0;88;0;280;37.51274209989806;-7.0434785;-7.0434785
13.47;0;88;0;280;37.51274209989806;-7.0434785;-7.0434785
13.48;0;88;0;280;37.51274209989806;-7.0434785;-7.0434785
13.49;0;88;0;280;37.51274209989806;-7.0434785;-7.0434785
13.5;0;88;0;280;37.51274209989806;-7.0434785;-7.0434785
13.51;0;88;0;280;37.51274209989806;-7.0434785;-7.0434785
13.52;0;88;0;280;37.51274209989806;-7.0434785;-7.0434785
13.53;0;88;0;280;37.51274209989806;-7.0434785;-7.0434785
13.54;0;88;0;280;37.51274209989806;-7.0434785;-7.0434785
13.55;0;88;0;280;37.51274209989806;-7.0434785;-7.0434785
13.56;0;88;0;280;37.51274209989806;-7.0434785;-7.0434785
13.57;0;88;0;279;37.410805300713555;-7.0258856;-7.0258856
13.58;0;88;0;279;37.410805300713555;-7.0258856;-7.0258856
13.59;0;88;0;279;37.410805300713555;-7.0258856;-7.0258856
13.6;0;88;0;279;37.410805300713555;-7.0258856;-7.0258856
13.61;0;88;0;279;37.410805300713555;-7.0258856;-7.0258856
13.62;0;88;0;279;37.410805300713555;-7.0258856;-7.0258856
13.63;0;88;0;279;37.410805300713555;-7.0258856;-7.0258856
13.64;0;88;0;279;37.410805300713555;-7.0258856;-7.0258856
13.65;0;88;0;279;37.410805300713555;-7.0258856;-7.0258856
13.66;0;88;0;279;37.410805300713555;-7.0258856;-7.0258856
13.67;0;88;0;279;37.410805300713555;-7.0258856;-7.0258856
13.68;0;88;0;279;37.410805300713555;-7.0258856;-7.0258856
13.69;0;88;0;279;37.410805300713555;-7.0258856;-7.0258856
13.7;0;89;0;279;37.51274209989806;-6.9701085;-6.9701085
13.71;0;89;0;278;37.410805300713555;-6.9523163;-6.9523163
13.72;0;89;0;278;37.410805300713555;-6.9523163;-6.9523163
13.73;0;89;0;278;37.410805300713555;-6.9523163;-6.9523163
13.74;0;89;0;278;37.410805300713555;-6.9523163;-6.9523163
13.75;0;89;0;278;37.410805300713555;-6.9523163;-6.9523163
13.76;0;89;0;278;37.410805300713555;-6.9523163;-6.9523163
13.77;0;89;0;277;37.30886850152905;-6.9344263;-6.9344263
13.78;0;89;0;277;37.30886850152905;-6.9344263;-6.9344263
13.79;0;90;0;277;37.410805300713555;-6.8787465;-6.8787465
13.8;0;90;0;276;37.30886850152905;-6.860656;-6.860656
13.81;0;91;0;276;37.410805300713555;-6.805177;-6.805177
13.82;0;91;0;276;37.410805300713555;-6.805177;-6.805177
13.83;0;92;0;275;37.410805300713555;-6.7316074;-6.7316074
13.84;0;92;0;275;37.410805300713555;-6.7316074;-6.7316074
13.85;0;93;0;274;37.410805300713555;-6.658038;-6.658038
13.86;0;94;0;273;37.410805300713555;-6.584469;-6.584469
13.87;0;95;0;272;37.410805300713555;-6.510899;-6.510899
13.88;0;95;0;271;37.30886850152905;-6.491803;-6.491803
13.89;0;96;0;270;37.30886850152905;-6.4180326;-6.4180326
13.9;0;97;0;268;37.20693170234455;-6.3246574;-6.3246574
13.91;0;99;0;267;37.30886850152905;-6.196721;-6.196721
13.92;0;100;0;266;37.30886850152905;-6.122951;-6.122951
13.93;0;101;0;264;37.20693170234455;-6.028767;-6.028767
13.94;0;102;0;263;37.20693170234455;-5.9547944;-5.9547944
13.95;0;103;0;262;37.20693170234455;-5.8808217;-5.8808217
13.96;0;104;0;260;37.10499490316004;-5.785714;-5.785714
13.97;0;105;0;259;37.10499490316004;-5.7115383;-5.7115383
13.98;0;106;0;258;37.10499490316004;-5.6373625;-5.6373625
13.99;0;107;0;257;37.10499490316004;-5.5631866;-5.5631866
14.0;0;108;0;256;37.10499490316004;-5.489011;-5.489011
14.01;0;109;0;255;37.10499490316004;-5.414835;-5.414835
14.02;0;109;0;254;37.00305810397553;-5.392562;-5.392562
14.03;0;110;0;254;37.10499490316004;-5.340659;-5.340659
14.04;0;110;0;253;37.00305810397553;-5.318182;-5.318182
14.05;0;110;0;253;37.00305810397553;-5.318182;-5.318182
14.06;0;110;0;252;36.901121304791026;-5.29558;-5.29558
14.07;0;111;0;252;37.00305810397553;-5.2438016;-5.2438016
14.08;0;111;0;252;37.00305810397553;-5.2438016;-5.2438016
14.09;0;111;0;252;37.00305810397553;-5.2438016;-5.2438016
14.1;0;111;0;252;37.00305810397553;-5.2438016;-5.2438016
14.11;0;111;0;252;37.00305810397553;-5.2438016;-5.2438016
14.12;0;111;0;253;37.10499490316004;-5.2664833;-5.2664833
14.13;0;110;0;253;37.00305810397553;-5.318182;-5.318182
14.14;0;110;0;254;37.10499490316004;-5.340659;-5.340659
14.15;0;110;0;255;37.20693170234455;-5.3630137;-5.3630137
14.16;0;109;0;256;37.20693170234455;-5.4369864;-5.4369864
14.17;0;109;0;257;37.30886850152905;-5.4590163;-5.4590163
14.18;0;109;0;258;37.410805300713555;-5.4809265;-5.4809265
14.19;0;108;0;259;37.410805300713555;-5.554496;-5.554496
14.2;0;107;0;260;37.410805300713555;-5.6280656;-5.6280656
14.21;0;107;0;261;37.51274209989806;-5.6494565;-5.6494565
14.22;0;106;0;262;37.51274209989806;-5.722826;-5.722826
14.23;0;105;0;262;37.410805300713555;-5.775204;-5.775204
14.24;0;105;0;263;37.51274209989806;-5.7961955;-5.7961955
14.25;0;104;0;264;37.51274209989806;-5.869565;-5.869565
14.26;0;103;0;265;37.51274209989806;-5.942935;-5.942935
14.27;0;102;0;267;37.61467889908257;-6.0365853;-6.0365853
14.28;0;101;0;268;37.61467889908257;-6.109756;-6.109756
14.29;0;100;0;270;37.71661569826707;-6.2027025;-6.2027025
14.3;0;99;0;271;37.71661569826707;-6.275676;-6.275676
14.31;0;97;0;273;37.71661569826707;-6.421622;-6.421622
14.32;0;96;0;275;37.81855249745158;-6.5134773;-6.5134773
14.33;0;95;0;277;37.920489296636084;-6.604839;-6.604839
14.34;0;94;0;279;38.02242609582059;-6.6957107;-6.6957107
14.35;0;92;0;281;38.02242609582059;-6.8404827;-6.8404827
14.36;0;91;0;283;38.12436289500509;-6.9304814;-6.9304814
14.37;0;90;0;285;38.2262996941896;-7.02;-7.02
14.38;0;89;0;287;38.328236493374106;-7.1090426;-7.1090426
14.39;0;88;0;289;38.430173292558614;-7.197613;-7.197613
14.4;0;87;0;291;38.532110091743114;-7.285714;-7.285714
14.41;0;86;0;294;38.73598369011213;-7.389474;-7.389474
14.42;0;85;0;296;38.837920489296636;-7.476378;-7.476378
14.43;0;84;0;298;38.93985728848114;-7.562827;-7.562827
14.44;0;83;0;301;39.14373088685015;-7.6640625;-7.6640625
14.45;0;82;0;304;39.347604485219165;-7.764249;-7.764249
14.46;0;81;0;307;39.55147808358817;-7.863402;-7.863402
14.47;0;80;0;310;39.75535168195719;-7.9615383;-7.9615383
14.48;0;78;0;314;39.959225280326194;-8.127551;-8.127551
14.49;0;77;0;318;40.265035677879716;-8.236709;-8.236709
14.5;0;75;0;322;40.46890927624872;-8.399244;-8.399244
14.51;0;74;0;326;40.77471967380224;-8.505;-8.505
14.52;0;72;0;331;41.08053007135576;-8.676179;-8.676179
14.53;0;70;0;337;41.48827726809378;-8.856265;-8.856265
14.54;0;68;0;343;41.896024464831804;-9.032846;-9.032846
14.55;0;66;0;350;42.40570846075433;-9.216346;-9.216346
14.56;0;63;0;357;42.813455657492355;-9.45;-9.45
14.57;0;61;0;366;43.52701325178389;-9.642858;-9.642858
14.58;0;59;0;376;44.342507645259936;-9.837931;-9.837931
14.59;0;56;0;387;45.15800203873598;-10.086907;-10.086907
14.6;0;54;0;398;46.07543323139653;-10.274336;-10.274336
14.61;0;52;0;409;46.99286442405708;-10.454447;-10.454447
14.62;0;51;0;420;48.01223241590214;-10.576433;-10.576433
14.63;0;50;0;431;49.03160040774719;-10.693347;-10.693347
14.64;0;48;0;441;49.847094801223236;-10.849693;-10.849693
14.65;0;46;0;449;50.45871559633027;-10.990909;-10.990909
14.66;0;44;0;457;51.07033639143731;-11.128742;-11.128742
14.67;0;41;0;463;51.37614678899082;-11.303572;-11.303572
14.68;0;38;0;468;51.58002038735984;-11.472332;-11.472332
14.69;0;34;0;472;51.58002038735984;-11.685771;-11.685771
14.7;0;31;0;475;51.58002038735984;-11.84585;-11.84585
14.71;0;28;0;477;51.47808358817533;-12.002971;-12.002971
14.72;0;25;0;477;51.17227319062181;-12.155378;-12.155378
14.73;0;22;0;477;50.866462793068294;-12.309619;-12.309619
14.74;0;20;0;477;50.66258919469929;-12.413481;-12.413481
14.75;0;19;0;475;50.356778797145765;-12.461538;-12.461538
14.76;0;18;0;473;50.05096839959225;-12.510183;-12.510183
14.77;0;18;0;471;49.847094801223236;-12.506135;-12.506135
14.78;0;18;0;468;49.54128440366972;-12.5;-12.5
14.79;0;18;0;465;49.235474006116206;-12.493789;-12.493789
14.8;0;18;0;462;48.92966360856269;-12.4875;-12.4875
14.81;0;18;0;459;48.62385321100917;-12.4811325;-12.4811325
14.82;0;18;0;457;48.41997961264016;-12.476842;-12.476842
14.83;0;18;0;455;48.21610601427115;-12.472516;-12.472516
14.84;0;18;0;454;48.11416921508664;-12.470339;-12.470339
14.85;0;18;0;453;48.01223241590214;-12.468153;-12.468153
14.86;0;18;0;452;47.91029561671763;-12.465958;-12.465958
14.87;0;18;0;451;47.808358817533126;-12.463753;-12.463753
14.88;0;18;0;451;47.808358817533126;-12.463753;-12.463753
14.89;0;18;0;451;47.808358817533126;-12.463753;-12.463753
14.9;0;18;0;452;47.91029561671763;-12.465958;-12.465958
14.91;0;18;0;452;47.91029561671763;-12.465958;-12.465958
14.92;0;18;0;453;48.01223241590214;-12.468153;-12.468153
14.93;0;18;0;454;48.11416921508664;-12.470339;-12.470339
14.94;0;19;0;455;48.318042813455655;-12.417722;-12.417722
14.95;0;19;0;456;48.41997961264016;-12.42;-12.42
14.96;0;19;0;457;48.52191641182467;-12.422269;-12.422269
14.97;0;19;0;458;48.62385321100917;-12.424528;-12.424528
14.98;0;19;0;459;48.72579001019368;-12.426778;-12.426778
14.99;0;19;0;460;48.827726809378184;-12.429019;-12.429019
15.0;0;19;0;461;48.92966360856269;-12.43125;-12.43125
15.01;0;18;0;461;48.827726809378184;-12.485386;-12.485386
15.02;0;18;0;461;48.827726809378184;-12.485386;-12.485386
15.03;0;18;0;461;48.827726809378184;-12.485386;-12.485386
15.04;0;18;0;460;48.72579001019368;-12.483264;-12.483264
15.05;0;18;0;459;48.62385321100917;-12.4811325;-12.4811325
15.06;0;18;0;458;48.52191641182467;-12.4789915;-12.4789915
15.07;0;18;0;457;48.41997961264016;-12.476842;-12.476842
15.08;0;18;0;455;48.21610601427115;-12.472516;-12.472516
15.09;0;18;0;453;48.01223241590214;-12.468153;-12.468153
15.1;0;18;0;451;47.808358817533126;-12.463753;-12.463753
15.11;0;18;0;449;47.60448521916412;-12.459314;-12.459314
15.12;0;18;0;446;47.2986748216106;-12.452586;-12.452586
15.13;0;18;0;444;47.09480122324159;-12.448052;-12.448052
15.14;0;18;0;442;46.890927624872575;-12.443479;-12.443479
15.15;0;18;0;440;46.68705402650357;-12.438865;-12.438865
15.16;0;18;0;438;46.48318042813455;-12.434211;-12.434211
15.17;0;18;0;435;46.17737003058104;-12.427153;-12.427153
15.18;0;18;0;432;45.87155963302752;-12.42;-12.42
15.19;0;18;0;428;45.4638124362895;-12.410314;-12.410314
15.2;0;18;0;423;44.95412844036697;-12.397959;-12.397959
15.21;0;17;0;417;44.24057084607543;-12.442396;-12.442396
15.22;0;17;0;408;43.32313965341488;-12.42;-12.42
15.23;0;17;0;398;42.303771661569826;-12.393976;-12.393976
15.24;0;16;0;386;40.97859327217125;-12.425373;-12.425373
15.25;0;15;0;372;39.449541284403665;-12.453488;-12.453488
15.26;0;14;0;357;37.81855249745158;-12.4811325;-12.4811325
15.27;0;13;0;342;36.18756371049949;-12.511268;-12.511268
15.28;0;12;0;325;34.35270132517839;-12.538576;-12.538576
15.29;0;11;0;308;32.517838939857285;-12.568966;-12.568966
15.3;0;9;0;292;30.682976554536186;-12.692691;-12.692691
15.31;0;8;0;275;28.848114169215084;-12.736749;-12.736749
15.32;0;6;0;260;27.11518858307849;-12.890978;-12.890978
15.33;0;5;0;245;25.4841997961264;-12.96;-12.96
15.34;0;3;0;231;23.85321100917431;-13.153846;-13.153846
15.35;0;2;0;217;22.324159021406725;-13.253425;-13.253425
15.36;0;1;0;205;20.998980632008156;-13.368932;-13.368932
15.37;0;0;0;193;19.673802242609582;-13.5;-13.5
15.38;0;0;0;182;18.55249745158002;-13.5;-13.5
15.39;0;0;0;171;17.431192660550458;-13.5;-13.5
15.4;0;0;0;160;16.309887869520896;-13.5;-13.5
15.41;0;0;0;150;15.290519877675841;-13.5;-13.5
15.42;0;0;0;140;14.271151885830784;-13.5;-13.5
15.43;0;0;0;131;13.353720693170233;-13.5;-13.5
15.44;0;0;0;122;12.436289500509684;-13.5;-13.5
15.45;0;0;0;113;11.518858307849133;-13.5;-13.5
15.46;0;0;0;105;10.703363914373089;-13.5;-13.5
15.47;0;0;0;98;9.989806320081549;-13.5;-13.5
15.48;0;0;0;91;9.27624872579001;-13.5;-13.5
15.49;0;0;0;84;8.56269113149847;-13.5;-13.5
15.5;0;0;0;76;7.747196738022426;-13.5;-13.5
15.51;0;0;0;68;6.931702344546381;-13.5;-13.5
15.52;0;0;0;60;6.116207951070336;-13.5;-13.5
15.53;0;0;0;52;5.300713557594292;-13.5;-13.5
15.54;0;0;0;44;4.485219164118247;-13.5;-13.5
15.55;0;0;0;37;3.771661569826707;-13.5;-13.5
15.56;0;0;0;32;3.261977573904179;-13.5;-13.5
15.57;0;0;0;26;2.650356778797146;-13.5;-13.5
15.58;0;0;0;21;2.1406727828746175;-13.5;-13.5
15.59;0;0;0;15;1.529051987767584;-13.5;-13.5
15.6;0;0;0;10;1.019367991845056;-13.5;-13.5
15.61;0;0;0;6;0.6116207951070336;-13.5;-13.5
15.62;0;0;0;3;0.3058103975535168;-13.5;-13.5
15.63;0;0;0;0;0.0;0.0;0.0
15.64;0;0;0;0;0.0;0.0;0.0
15.65;0;0;0;0;0.0;0.0;0.0
15.66;0;0;0;0;0.0;0.0;0.0
15.67;0;0;0;0;0.0;0.0;0.0
15.68;0;0;0;0;0.0;0.0;0.0
15.69;0;0;0;0;0.0;0.0;0.0
15.7;0;0;0;0;0.0;0.0;0.0
15.71;0;0;0;0;0.0;0.0;0.0
15.72;0;0;0;0;0.0;0.0;0.0
15.73;0;0;0;0;0.0;0.0;0.0
15.74;0;0;0;0;0.0;0.0;0.0
15.75;0;0;0;0;0.0;0.0;0.0
15.76;0;0;0;0;0.0;0.0;0.0
15.77;0;0;0;0;0.0;0.0;0.0
15.78;0;0;0;0;0.0;0.0;0.0
15.79;0;0;0;0;0.0;0.0;0.0
15.8;0;0;0;0;0.0;0.0;0.0
15.81;0;0;0;0;0.0;0.0;0.0
15.82;0;0;0;0;0.0;0.0;0.0
15.83;0;0;0;0;0.0;0.0;0.0
15.84;0;0;0;0;0.0;0.0;0.0
15.85;0;0;0;0;0.0;0.0;0.0
15.86;0;0;0;0;0.0;0.0;0.0
15.87;0;0;0;0;0.0;0.0;0.0
15.88;0;0;0;0;0.0;0.0;0.0
15.89;0;0;0;0;0.0;0.0;0.0
15.9;0;0;0;0;0.0;0.0;0.0
15.91;0;0;0;0;0.0;0.0;0.0
15.92;0;0;0;0;0.0;0.0;0.0
15.93;0;0;0;0;0.0;0.0;0.0
15.94;0;0;0;0;0.0;0.0;0.0
15.95;0;0;0;0;0.0;0.0;0.0
15.96;0;0;0;0;0.0;0.0;0.0
15.97;0;0;0;0;0.0;0.0;0.0
15.98;0;0;0;0;0.0;0.0;0.0
15.99;0;0;0;0;0.0;0.0;0.0
16.0;0;0;0;0;0.0;0.0;0.0
16.01;0;0;0;0;0.0;0.0;0.0
16.02;0;0;0;0;0.0;0.0;0.0
16.03;0;0;0;0;0.0;0.0;0.0
16.04;0;0;0;0;0.0;0.0;0.0
16.05;0;0;0;0;0.0;0.0;0.0
16.06;0;0;0;0;0.0;0.0;0.0
16.07;0;0;0;0;0.0;0.0;0.0
16.08;0;0;0;0;0.0;0.0;0.0
16.09;0;0;0;0;0.0;0.0;0.0
16.1;0;0;0;0;0.0;0.0;0.0
16.11;0;0;0;0;0.0;0.0;0.0
16.12;0;0;0;0;0.0;0.0;0.0
16.13;0;0;0;0;0.0;0.0;0.0
16.14;0;0;0;0;0.0;0.0;0.0
16.15;0;0;0;0;0.0;0.0;0.0
16.16;0;0;0;0;0.0;0.0;0.0
16.17;0;0;0;0;0.0;0.0;0.0
16.18;0;0;0;0;0.0;0.0;0.0
16.19;0;0;0;0;0.0;0.0;0.0
16.2;0;0;0;0;0.0;0.0;0.0
16.21;0;0;0;0;0.0;0.0;0.0
16.22;0;0;0;0;0.0;0.0;0.0
16.23;0;0;0;0;0.0;0.0;0.0
16.24;0;0;0;0;0.0;0.0;0.0
16.25;0;0;0;0;0.0;0.0;0.0
16.26;0;0;0;0;0.0;0.0;0.0
16.27;0;0;0;0;0.0;0.0;0.0
16.28;0;0;0;0;0.0;0.0;0.0
16.29;0;0;0;0;0.0;0.0;0.0
16.3;0;0;0;0;0.0;0.0;0.0
16.31;0;0;0;0;0.0;0.0;0.0
16.32;0;0;0;0;0.0;0.0;0.0
16.33;0;0;0;0;0.0;0.0;0.0
16.34;0;0;0;0;0.0;0.0;0.0
16.35;0;0;0;0;0.0;0.0;0.0
16.36;0;0;0;0;0.0;0.0;0.0
16.37;0;0;0;0;0.0;0.0;0.0
16.38;0;0;0;0;0.0;0.0;0.0
16.39;0;0;0;0;0.0;0.0;0.0
16.4;0;0;0;0;0.0;0.0;0.0
16.41;0;0;0;0;0.0;0.0;0.0
16.42;0;0;0;0;0.0;0.0;0.0
16.43;0;0;0;0;0.0;0.0;0.0
16.44;0;0;0;0;0.0;0.0;0.0
16.45;0;0;0;0;0.0;0.0;0.0
16.46;0;0;0;0;0.0;0.0;0.0
16.47;0;0;0;0;0.0;0.0;0.0
16.48;0;0;0;0;0.0;0.0;0.0
16.49;0;0;0;0;0.0;0.0;0.0
16.5;0;0;0;0;0.0;0.0;0.0
16.51;0;0;0;0;0.0;0.0;0.0
16.52;0;0;0;0;0.0;0.0;0.0
16.53;0;0;0;0;0.0;0.0;0.0
16.54;0;0;0;0;0.0;0.0;0.0
16.55;0;0;0;0;0.0;0.0;0.0
16.56;0;0;0;0;0.0;0.0;0.0
16.57;0;0;0;0;0.0;0.0;0.0
16.58;0;0;0;0;0.0;0.0;0.0
16.59;0;0;0;0;0.0;0.0;0.0
16.6;0;0;0;0;0.0;0.0;0.0
16.61;0;0;0;0;0.0;0.0;0.0
16.62;0;0;0;0;0.0;0.0;0.0
16.63;0;0;0;0;0.0;0.0;0.0
16.64;0;0;0;0;0.0;0.0;0.0
16.65;0;0;0;0;0.0;0.0;0.0
16.66;0;0;0;0;0.0;0.0;0.0
16.67;0;0;0;0;0.0;0.0;0.0
16.68;0;0;0;0;0.0;0.0;0.0
16.69;0;0;0;0;0.0;0.0;0.0
16.7;0;0;0;0;0.0;0.0;0.0
16.71;0;0;0;0;0.0;0.0;0.0
16.72;0;0;0;0;0.0;0.0;0.0
16.73;0;0;0;0;0.0;0.0;0.0
16.74;0;0;0;0;0.0;0.0;0.0
16.75;0;0;0;0;0.0;0.0;0.0
16.76;0;0;0;0;0.0;0.0;0.0
16.77;0;0;0;0;0.0;0.0;0.0
16.78;0;0;0;0;0.0;0.0;0.0
16.79;0;0;0;0;0.0;0.0;0.0
16.8;0;0;0;0;0.0;0.0;0.0
16.81;0;0;0;0;0.0;0.0;0.0
16.82;0;0;0;0;0.0;0.0;0.0
16.83;0;0;0;0;0.0;0.0;0.0
16.84;0;0;0;0;0.0;0.0;0.0
16.85;0;0;0;0;0.0;0.0;0.0
16.86;0;0;0;0;0.0;0.0;0.0
16.87;0;0;0;0;0.0;0.0;0.0
16.88;0;0;0;0;0.0;0.0;0.0
16.89;0;0;0;0;0.0;0.0;0.0
16.9;0;0;0;0;0.0;0.0;0.0
16.91;0;0;0;0;0.0;0.0;0.0
16.92;0;0;0;0;0.0;0.0;0.0
16.93;0;0;0;0;0.0;0.0;0.0
16.94;0;0;0;0;0.0;0.0;0.0
16.95;0;0;0;0;0.0;0.0;0.0
16.96;0;0;0;0;0.0;0.0;0.0
16.97;0;0;0;0;0.0;0.0;0.0
16.98;0;0;0;0;0.0;0.0;0.0
16.99;0;0;0;0;0.0;0.0;0.0
17.0;0;0;0;0;0.0;0.0;0.0
17.01;0;0;0;0;0.0;0.0;0.0
17.02;0;0;0;0;0.0;0.0;0.0
17.03;0;0;0;0;0.0;0.0;0.0
17.04;0;0;0;0;0.0;0.0;0.0
17.05;0;0;0;0;0.0;0.0;0.0
17.06;0;0;0;0;0.0;0.0;0.0
17.07;0;0;0;0;0.0;0.0;0.0
17.08;0;0;0;0;0.0;0.0;0.0
17.09;0;0;0;0;0.0;0.0;0.0
17.1;0;0;0;0;0.0;0.0;0.0
17.11;0;0;0;0;0.0;0.0;0.0
17.12;0;0;0;0;0.0;0.0;0.0
17.13;0;0;0;0;0.0;0.0;0.0
17.14;0;0;0;0;0.0;0.0;0.0
17.15;0;0;0;0;0.0;0.0;0.0
17.16;0;0;0;0;0.0;0.0;0.0
17.17;0;0;0;0;0.0;0.0;0.0
17.18;0;0;0;0;0.0;0.0;0.0
17.19;0;0;0;0;0.0;0.0;0.0
17.2;0;0;0;0;0.0;0.0;0.0
17.21;0;0;0;0;0.0;0.0;0.0
17.22;0;0;0;0;0.0;0.0;0.0
17.23;0;0;0;0;0.0;0.0;0.0
17.24;0;0;0;0;0.0;0.0;0.0
17.25;0;0;0;0;0.0;0.0;0.0
17.26;0;0;0;0;0.0;0.0;0.0
17.27;0;0;0;0;0.0;0.0;0.0
17.28;0;0;0;0;0.0;0.0;0.0
17.29;0;0;0;0;0.0;0.0;0.0
17.3;0;0;0;0;0.0;0.0;0.0
17.31;0;0;0;0;0.0;0.0;0.0
17.32;0;0;0;0;0.0;0.0;0.0
17.33;0;0;0;0;0.0;0.0;0.0
17.34;0;0;0;0;0.0;0.0;0.0
17.35;0;0;0;0;0.0;0.0;0.0
17.36;0;0;0;0;0.0;0.0;0.0
17.37;0;0;0;0;0.0;0.0;0.0
17.38;0;0;0;0;0.0;0.0;0.0
17.39;0;0;0;0;0.0;0.0;0.0
17.4;0;0;0;0;0.0;0.0;0.0
17.41;0;0;0;0;0.0;0.0;0.0
17.42;0;0;0;0;0.0;0.0;0.0
17.43;0;0;0;0;0.0;0.0;0.0
17.44;0;0;0;0;0.0;0.0;0.0
17.45;0;0;0;0;0.0;0.0;0.0
17.46;0;0;0;0;0.0;0.0;0.0
17.47;0;0;0;0;0.0;0.0;0.0
17.48;0;0;0;0;0.0;0.0;0.0
17.49;0;0;0;0;0.0;0.0;0.0
17.5;0;0;0;0;0.0;0.0;0.0
17.51;0;0;0;0;0.0;0.0;0.0
17.52;0;0;0;0;0.0;0.0;0.0
17.53;0;0;0;0;0.0;0.0;0.0
17.54;0;0;0;0;0.0;0.0;0.0
17.55;0;0;0;0;0.0;0.0;0.0
17.56;0;0;0;0;0.0;0.0;0.0
17.57;0;0;0;0;0.0;0.0;0.0
17.58;0;0;0;0;0.0;0.0;0.0
17.59;0;0;0;0;0.0;0.0;0.0
17.6;0;0;0;0;0.0;0.0;0.0
17.61;0;0;0;0;0.0;0.0;0.0
