 Height:  Visitor ;  Weight:  Visitor ;  Age:  -1 ;  Gender:  Visitor; name: nassim; color: green; situation: one leg
Temps (s);F1 (N);F2 (N);F3 (N);F4 (N);Fz (kg);ML (cm);AP (cm);Poids (kg);Instant apparition poids (s);Score equilibre;Vitesse de la phase de montee;Surface du stabilogramme;Vitesse de deplacement du centre des pressions;Phase de stabilisation
0.01;0;0;0;0;0.0;0.0;0.0;71.25382262996942;13.42;11;3;2;2;4; 115.04295907965631; 6.921659645082776; 3.964202845217564; 0.7542496627100098
0.02;0;0;0;0;0.0;0.0;0.0
0.03;0;0;0;0;0.0;0.0;0.0
0.04;0;0;0;0;0.0;0.0;0.0
0.05;0;0;0;0;0.0;0.0;0.0
0.06;0;0;0;0;0.0;0.0;0.0
0.07;0;0;0;0;0.0;0.0;0.0
0.08;0;0;0;0;0.0;0.0;0.0
0.09;0;0;0;0;0.0;0.0;0.0
0.1;0;0;0;0;0.0;0.0;0.0
0.11;0;0;0;0;0.0;0.0;0.0
0.12;0;0;0;0;0.0;0.0;0.0
0.13;0;0;0;0;0.0;0.0;0.0
0.14;0;0;0;0;0.0;0.0;0.0
0.15;0;0;0;0;0.0;0.0;0.0
0.16;0;0;0;0;0.0;0.0;0.0
0.17;0;0;0;0;0.0;0.0;0.0
0.18;0;0;0;0;0.0;0.0;0.0
0.19;0;0;0;0;0.0;0.0;0.0
0.2;0;0;0;0;0.0;0.0;0.0
0.21;0;0;0;0;0.0;0.0;0.0
0.22;0;0;0;0;0.0;0.0;0.0
0.23;0;0;0;0;0.0;0.0;0.0
0.24;0;0;0;0;0.0;0.0;0.0
0.25;0;0;0;0;0.0;0.0;0.0
0.26;0;0;0;0;0.0;0.0;0.0
0.27;0;0;0;0;0.0;0.0;0.0
0.28;0;0;0;0;0.0;0.0;0.0
0.29;0;0;0;0;0.0;0.0;0.0
0.3;0;0;0;0;0.0;0.0;0.0
0.31;0;0;0;0;0.0;0.0;0.0
0.32;0;0;0;0;0.0;0.0;0.0
0.33;0;0;0;0;0.0;0.0;0.0
0.34;0;0;0;0;0.0;0.0;0.0
0.35;0;0;0;0;0.0;0.0;0.0
0.36;0;0;0;0;0.0;0.0;0.0
0.37;0;0;0;0;0.0;0.0;0.0
0.38;0;0;0;0;0.0;0.0;0.0
0.39;0;0;0;0;0.0;0.0;0.0
0.4;0;0;0;0;0.0;0.0;0.0
0.41;0;0;0;0;0.0;0.0;0.0
0.42;0;0;0;0;0.0;0.0;0.0
0.43;0;0;0;0;0.0;0.0;0.0
0.44;0;0;0;0;0.0;0.0;0.0
0.45;0;0;0;0;0.0;0.0;0.0
0.46;0;0;0;0;0.0;0.0;0.0
0.47;0;0;0;0;0.0;0.0;0.0
0.48;0;0;0;0;0.0;0.0;0.0
0.49;0;0;0;0;0.0;0.0;0.0
0.5;0;0;0;0;0.0;0.0;0.0
0.51;0;0;0;0;0.0;0.0;0.0
0.52;0;0;0;0;0.0;0.0;0.0
0.53;0;0;0;0;0.0;0.0;0.0
0.54;0;0;0;0;0.0;0.0;0.0
0.55;0;0;0;0;0.0;0.0;0.0
0.56;0;0;0;0;0.0;0.0;0.0
0.57;0;0;0;0;0.0;0.0;0.0
0.58;0;0;0;0;0.0;0.0;0.0
0.59;0;0;0;0;0.0;0.0;0.0
0.6;0;0;0;0;0.0;0.0;0.0
0.61;0;0;0;0;0.0;0.0;0.0
0.62;0;0;0;0;0.0;0.0;0.0
0.63;0;0;0;0;0.0;0.0;0.0
0.64;0;0;0;0;0.0;0.0;0.0
0.65;0;0;0;0;0.0;0.0;0.0
0.66;0;0;0;0;0.0;0.0;0.0
0.67;0;0;0;0;0.0;0.0;0.0
0.68;0;0;0;0;0.0;0.0;0.0
0.69;0;0;0;0;0.0;0.0;0.0
0.7;0;0;0;0;0.0;0.0;0.0
0.71;0;0;0;0;0.0;0.0;0.0
0.72;0;0;0;0;0.0;0.0;0.0
0.73;0;0;0;0;0.0;0.0;0.0
0.74;0;0;0;0;0.0;0.0;0.0
0.75;0;0;0;0;0.0;0.0;0.0
0.76;0;0;0;0;0.0;0.0;0.0
0.77;0;0;0;0;0.0;0.0;0.0
0.78;0;0;0;0;0.0;0.0;0.0
0.79;0;0;0;0;0.0;0.0;0.0
0.8;0;0;0;0;0.0;0.0;0.0
0.81;0;0;0;0;0.0;0.0;0.0
0.82;0;0;0;0;0.0;0.0;0.0
0.83;0;0;0;0;0.0;0.0;0.0
0.84;0;0;0;0;0.0;0.0;0.0
0.85;0;0;0;0;0.0;0.0;0.0
0.86;0;0;0;0;0.0;0.0;0.0
0.87;0;0;0;0;0.0;0.0;0.0
0.88;0;0;0;0;0.0;0.0;0.0
0.89;0;0;0;0;0.0;0.0;0.0
0.9;0;0;0;0;0.0;0.0;0.0
0.91;0;0;0;0;0.0;0.0;0.0
0.92;0;0;0;0;0.0;0.0;0.0
0.93;0;0;0;0;0.0;0.0;0.0
0.94;0;0;0;0;0.0;0.0;0.0
0.95;0;0;0;0;0.0;0.0;0.0
0.96;0;0;0;0;0.0;0.0;0.0
0.97;0;0;0;0;0.0;0.0;0.0
0.98;0;0;0;0;0.0;0.0;0.0
0.99;0;0;0;0;0.0;0.0;0.0
1.0;0;0;0;0;0.0;0.0;0.0
1.01;0;0;0;0;0.0;0.0;0.0
1.02;0;0;0;0;0.0;0.0;0.0
1.03;0;0;0;0;0.0;0.0;0.0
1.04;0;0;0;0;0.0;0.0;0.0
1.05;0;0;0;0;0.0;0.0;0.0
1.06;0;0;0;0;0.0;0.0;0.0
1.07;0;0;0;0;0.0;0.0;0.0
1.08;0;0;0;0;0.0;0.0;0.0
1.09;0;0;0;0;0.0;0.0;0.0
1.1;0;0;0;0;0.0;0.0;0.0
1.11;0;0;0;0;0.0;0.0;0.0
1.12;0;0;0;0;0.0;0.0;0.0
1.13;0;0;0;0;0.0;0.0;0.0
1.14;0;0;0;0;0.0;0.0;0.0
1.15;0;0;0;0;0.0;0.0;0.0
1.16;0;0;0;0;0.0;0.0;0.0
1.17;0;0;0;0;0.0;0.0;0.0
1.18;0;0;0;0;0.0;0.0;0.0
1.19;0;0;0;0;0.0;0.0;0.0
1.2;0;0;0;0;0.0;0.0;0.0
1.21;0;0;0;0;0.0;0.0;0.0
1.22;0;0;0;0;0.0;0.0;0.0
1.23;0;0;0;0;0.0;0.0;0.0
1.24;0;0;0;0;0.0;0.0;0.0
1.25;0;0;0;0;0.0;0.0;0.0
1.26;0;0;0;0;0.0;0.0;0.0
1.27;0;0;0;0;0.0;0.0;0.0
1.28;0;0;0;0;0.0;0.0;0.0
1.29;0;0;0;0;0.0;0.0;0.0
1.3;0;0;0;0;0.0;0.0;0.0
1.31;0;0;0;0;0.0;0.0;0.0
1.32;0;0;1;1;0.2038735983690112;0.0;-13.5
1.33;0;0;1;1;0.2038735983690112;0.0;-13.5
1.34;0;0;1;1;0.2038735983690112;0.0;-13.5
1.35;0;0;2;2;0.4077471967380224;0.0;-13.5
1.36;0;0;2;3;0.509683995922528;-2.7;-13.5
1.37;0;1;3;4;0.8154943934760448;0.0;-10.125
1.38;0;2;5;5;1.2232415902140672;2.25;-9.0
1.39;0;2;6;6;1.4271151885830784;1.9285715;-9.642858
1.4;0;3;7;7;1.7329255861365953;2.3823528;-8.735294
1.41;0;3;8;9;2.038735983690112;1.35;-9.45
1.42;0;4;10;13;2.7522935779816513;0.5;-9.5
1.43;0;7;11;21;3.9755351681957185;-1.0384616;-8.653846
1.44;0;10;13;30;5.402650356778797;-1.7830188;-8.405661
1.45;0;13;15;38;6.727828746177369;-2.0454545;-8.181818
1.46;0;15;17;45;7.8491335372069315;-2.2792208;-8.24026
1.47;0;16;18;49;8.460754332313964;-2.439759;-8.29518
1.48;0;17;19;51;8.868501529051988;-2.3275862;-8.224138
1.49;0;18;19;51;8.970438328236494;-2.1477273;-7.9772725
1.5;0;19;19;51;9.072375127421;-1.9719101;-7.735955
1.51;0;20;20;52;9.378185524974516;-1.7608696;-7.630435
1.52;0;21;22;53;9.785932721712538;-1.40625;-7.59375
1.53;1;22;25;56;10.601427115188583;-1.2980769;-7.5288463
1.54;2;24;28;60;11.620795107033638;-1.1842105;-7.3421054
1.55;3;25;32;65;12.7420998980632;-1.188;-7.452
1.56;5;27;36;70;14.067278287461773;-1.173913;-7.2391305
1.57;7;28;41;76;15.494393476044852;-1.2434211;-7.2828946
1.58;8;30;45;82;16.819571865443425;-1.2272727;-7.2818184
1.59;11;32;50;89;18.55249745158002;-1.3351648;-7.120879
1.6;13;34;56;96;20.285423037716615;-1.2889447;-7.1231155
1.61;15;36;61;104;22.01834862385321;-1.375;-7.125
1.62;17;37;67;112;23.751274209989806;-1.4484979;-7.2424893
1.63;20;39;73;119;25.586136595310904;-1.4521912;-7.1533866
1.64;22;41;79;127;27.420998980632007;-1.4553903;-7.17658
1.65;24;43;84;134;29.051987767584098;-1.4684211;-7.1526318
1.66;26;45;89;140;30.581039755351682;-1.44;-7.11
1.67;28;47;94;145;32.008154943934755;-1.3757962;-7.0509553
1.68;30;49;98;151;33.435270132517836;-1.3993902;-6.996951
1.69;32;51;103;156;34.862385321100916;-1.3421053;-6.9473686
1.7;33;52;107;160;35.881753312945975;-1.3039773;-6.9801135
1.71;35;54;111;165;37.20693170234455;-1.2945205;-6.9164386
1.72;36;55;115;171;38.430173292558614;-1.3249336;-6.9827585
1.73;38;57;119;176;39.75535168195719;-1.3153846;-6.923077
1.74;39;59;124;181;41.08053007135576;-1.2394542;-6.934243
1.75;41;61;128;185;42.303771661569826;-1.2036145;-6.8638554
1.76;43;63;132;189;43.52701325178389;-1.1697892;-6.797424
1.77;45;65;136;193;44.75025484199796;-1.1378132;-6.734624
1.78;47;68;139;198;46.07543323139653;-1.1349558;-6.630531
1.79;49;70;143;202;47.2986748216106;-1.1056035;-6.575431
1.8;51;72;147;207;48.62385321100917;-1.1037736;-6.537736
1.81;53;74;151;212;49.94903160040774;-1.1020408;-6.502041
1.82;55;77;155;216;51.274209989806316;-1.0467197;-6.414513
1.83;58;80;158;219;52.49745158002038;-1.02233;-6.2650485
1.84;60;82;161;222;53.51681957186544;-1.0028571;-6.197143
1.85;62;85;165;224;54.638124362895;-0.9067164;-6.095149
1.86;64;88;168;227;55.759429153924565;-0.86380255;-5.9972577
1.87;66;91;171;230;56.88073394495412;-0.82258064;-5.903226
1.88;68;93;175;232;57.90010193679918;-0.7605634;-5.846831
1.89;70;96;178;234;58.91946992864424;-0.70069206;-5.7456746
1.9;71;98;181;237;59.83690112130479;-0.6669506;-5.726576
1.91;73;101;184;239;60.85626911314984;-0.6105528;-5.6306534
1.92;74;102;186;241;61.46788990825688;-0.6044776;-5.619403
1.93;76;104;188;244;62.38532110091743;-0.61764705;-5.5588236
1.94;78;107;191;246;63.40468909276248;-0.5643087;-5.4694533
1.95;80;109;193;248;64.22018348623853;-0.55714285;-5.4
1.96;82;111;194;248;64.72986748216105;-0.53149605;-5.2937007
1.97;84;114;196;249;65.5453618756371;-0.4828927;-5.1858478
1.98;85;116;197;249;65.95310907237513;-0.43817618;-5.112056
1.99;87;118;199;250;66.66666666666666;-0.41284403;-5.0366974
2.0;88;121;201;251;67.3802242609582;-0.3472012;-4.962935
2.01;90;123;203;252;68.09378185524974;-0.3233533;-4.8907185
2.02;92;125;204;252;68.60346585117227;-0.30089152;-4.794205
2.03;93;128;205;252;69.1131498470948;-0.23893805;-4.6991153
2.04;95;130;205;252;69.52089704383282;-0.23753665;-4.5923753
2.05;97;132;206;252;70.03058103975535;-0.2161572;-4.5
2.06;98;134;206;252;70.33639143730886;-0.19565217;-4.421739
2.07;100;136;206;251;70.64220183486238;-0.17532468;-4.305195
2.08;101;137;207;250;70.84607543323139;-0.13597122;-4.253957
2.09;102;139;207;249;71.0499490316004;-0.096843615;-4.1642756
2.1;103;140;207;248;71.1518858307849;-0.07736389;-4.1002865
2.11;104;142;207;248;71.45769622833842;-0.057774607;-4.0249643
2.12;104;143;207;247;71.45769622833842;-0.019258203;-3.986448
2.13;105;144;207;247;71.66156982670744;-0.019203413;-3.9366999
2.14;105;145;208;246;71.76350662589195;0.038352273;-3.9119318
2.15;106;146;208;245;71.86544342507645;0.057446808;-3.848936
2.16;106;147;208;244;71.86544342507645;0.095744684;-3.8106382
2.17;106;148;207;243;71.76350662589195;0.11505682;-3.7585227
2.18;107;148;207;241;71.66156982670744;0.1344239;-3.7062588
2.19;107;149;206;240;71.55963302752293;0.15384616;-3.6538463
2.2;106;149;205;239;71.25382262996942;0.17381974;-3.6502147
2.21;106;148;204;238;70.9480122324159;0.15517241;-3.6465516
2.22;106;148;204;237;70.84607543323139;0.17482014;-3.632374
2.23;106;147;203;237;70.64220183486238;0.13636364;-3.642857
2.24;106;147;202;237;70.54026503567788;0.117052026;-3.6286128
2.25;106;148;202;237;70.64220183486238;0.13636364;-3.6038961
2.26;107;148;201;237;70.64220183486238;0.097402595;-3.564935
2.27;107;148;201;237;70.64220183486238;0.097402595;-3.564935
2.28;107;149;201;237;70.74413863404689;0.1167147;-3.540346
2.29;108;149;201;237;70.84607543323139;0.097122304;-3.5158274
2.3;107;149;201;237;70.74413863404689;0.1167147;-3.540346
2.31;107;148;202;238;70.84607543323139;0.097122304;-3.5935252
2.32;107;148;202;238;70.84607543323139;0.097122304;-3.5935252
2.33;107;148;203;239;71.0499490316004;0.096843615;-3.621951
2.34;107;148;204;240;71.25382262996942;0.09656652;-3.6502147
2.35;106;148;205;241;71.35575942915392;0.11571429;-3.7028573
2.36;106;147;207;242;71.55963302752293;0.115384616;-3.7692308
2.37;105;146;208;243;71.55963302752293;0.115384616;-3.8461537
2.38;103;145;209;244;71.45769622833842;0.13480742;-3.9479315
2.39;102;143;210;245;71.35575942915392;0.11571429;-4.05
2.4;101;142;210;245;71.1518858307849;0.11604585;-4.1002865
2.41;100;141;211;247;71.25382262996942;0.09656652;-4.190987
2.42;100;140;212;248;71.35575942915392;0.07714286;-4.242857
2.43;100;140;212;248;71.35575942915392;0.07714286;-4.242857
2.44;99;139;212;249;71.25382262996942;0.057939913;-4.306867
2.45;99;139;212;249;71.25382262996942;0.057939913;-4.306867
2.46;99;138;211;249;71.0499490316004;0.019368723;-4.3192253
2.47;99;138;211;249;71.0499490316004;0.019368723;-4.3192253
2.48;98;137;210;249;70.74413863404689;0.0;-4.357349
2.49;98;136;210;250;70.74413863404689;-0.038904898;-4.3962536
2.5;98;135;210;251;70.74413863404689;-0.077809796;-4.4351587
2.51;97;134;210;252;70.64220183486238;-0.097402595;-4.5
2.52;97;134;211;253;70.84607543323139;-0.097122304;-4.5258994
2.53;97;133;211;254;70.84607543323139;-0.13597122;-4.5647483
2.54;97;132;211;256;70.9480122324159;-0.19396552;-4.6163793
2.55;96;131;211;257;70.84607543323139;-0.21366906;-4.681295
2.56;96;130;211;258;70.84607543323139;-0.252518;-4.720144
2.57;96;129;211;260;70.9480122324159;-0.31034482;-4.7715516
2.58;95;127;211;261;70.74413863404689;-0.3501441;-4.8631124
2.59;95;126;211;263;70.84607543323139;-0.40791366;-4.9143887
2.6;95;125;212;265;71.0499490316004;-0.44548064;-4.9777617
2.61;95;125;212;266;71.1518858307849;-0.4641834;-4.989971
2.62;95;126;212;267;71.35575942915392;-0.46285716;-4.975714
2.63;96;126;213;266;71.45769622833842;-0.44293866;-4.949358
2.64;96;127;213;266;71.55963302752293;-0.42307693;-4.923077
2.65;96;127;212;265;71.35575942915392;-0.4242857;-4.8985715
2.66;96;127;212;265;71.35575942915392;-0.4242857;-4.8985715
2.67;97;128;212;265;71.55963302752293;-0.42307693;-4.8461537
2.68;97;128;213;266;71.76350662589195;-0.421875;-4.8707385
2.69;98;129;214;267;72.17125382262996;-0.41949153;-4.84322
2.7;97;129;214;267;72.06931702344546;-0.4009901;-4.8691654
2.71;97;129;215;266;72.06931702344546;-0.36280057;-4.8691654
2.72;97;130;216;266;72.27319062181446;-0.32369533;-4.85543
2.73;96;130;217;265;72.17125382262996;-0.26694915;-4.881356
2.74;95;130;218;264;72.06931702344546;-0.21004243;-4.907355
2.75;94;129;218;263;71.76350662589195;-0.19176136;-4.947443
2.76;93;129;218;261;71.45769622833842;-0.13480742;-4.949358
2.77;92;128;218;260;71.1518858307849;-0.11604585;-4.989971
2.78;90;127;218;260;70.84607543323139;-0.097122304;-5.069784
2.79;89;125;219;259;70.54026503567788;-0.078034684;-5.150289
2.8;87;123;220;260;70.33639143730886;-0.07826087;-5.2826085
2.81;85;122;221;261;70.23445463812436;-0.05878084;-5.3882437
2.82;84;120;222;262;70.13251783893985;-0.07848837;-5.494186
2.83;82;119;224;263;70.13251783893985;-0.039244186;-5.6119184
2.84;81;118;225;264;70.13251783893985;-0.039244186;-5.690407
2.85;81;117;226;266;70.33639143730886;-0.07826087;-5.752174
2.86;80;117;228;267;70.54026503567788;-0.039017342;-5.813584
2.87;80;117;229;269;70.84607543323139;-0.058273382;-5.8467627
2.88;80;117;230;270;71.0499490316004;-0.05810617;-5.868723
2.89;80;117;231;271;71.25382262996942;-0.057939913;-5.890558
2.9;80;117;231;271;71.25382262996942;-0.057939913;-5.890558
2.91;81;117;231;272;71.45769622833842;-0.09629101;-5.8737516
2.92;81;117;231;272;71.45769622833842;-0.09629101;-5.8737516
2.93;81;117;231;272;71.45769622833842;-0.09629101;-5.8737516
2.94;81;117;231;273;71.55963302752293;-0.115384616;-5.8846154
2.95;81;117;231;273;71.55963302752293;-0.115384616;-5.8846154
2.96;82;117;230;274;71.66156982670744;-0.17283073;-5.8570414
2.97;82;117;229;274;71.55963302752293;-0.1923077;-5.8461537
2.98;83;117;227;274;71.45769622833842;-0.25035664;-5.796719
2.99;84;116;224;275;71.25382262996942;-0.36695278;-5.774678
3.0;85;115;221;276;71.0499490316004;-0.4842181;-5.7525105
3.01;87;114;219;279;71.25382262996942;-0.63733906;-5.7360516
3.02;88;114;217;283;71.55963302752293;-0.7692308;-5.730769
3.03;90;114;216;286;71.96738022426095;-0.8796034;-5.6983004
3.04;91;114;215;287;72.06931702344546;-0.93564355;-5.671146
3.05;93;114;213;288;72.17125382262996;-1.029661;-5.605932
3.06;94;115;212;288;72.27319062181446;-1.0472497;-5.5409026
3.07;94;115;211;287;72.06931702344546;-1.0502121;-5.5183873
3.08;95;116;210;286;72.06931702344546;-1.0502121;-5.4420085
3.09;95;116;209;283;71.66156982670744;-1.0177809;-5.396159
3.1;95;117;208;281;71.45769622833842;-0.9821683;-5.3345222
3.11;95;117;206;278;70.9480122324159;-0.9698276;-5.275862
3.12;95;117;205;276;70.64220183486238;-0.95454544;-5.2402596
3.13;95;118;204;274;70.43832823649338;-0.91823447;-5.1772795
3.14;96;119;203;273;70.43832823649338;-0.91823447;-5.0991316
3.15;96;119;202;273;70.33639143730886;-0.9391304;-5.0869565
3.16;97;120;202;272;70.43832823649338;-0.91823447;-5.020984
3.17;97;121;202;272;70.54026503567788;-0.8973988;-4.99422
3.18;98;121;202;272;70.64220183486238;-0.91558444;-4.9675326
3.19;98;122;202;272;70.74413863404689;-0.8948127;-4.9409223
3.2;99;123;203;272;71.0499490316004;-0.8715925;-4.900287
3.21;99;123;203;272;71.0499490316004;-0.8715925;-4.900287
3.22;99;124;203;272;71.1518858307849;-0.8510029;-4.8739257
3.23;100;124;204;272;71.35575942915392;-0.8485714;-4.86
3.24;100;125;204;273;71.55963302752293;-0.84615386;-4.8461537
3.25;100;125;205;274;71.76350662589195;-0.84375;-4.8707385
3.26;101;126;205;274;71.96738022426095;-0.8413598;-4.818697
3.27;101;126;206;274;72.06931702344546;-0.82107496;-4.830976
3.28;101;126;205;274;71.96738022426095;-0.8413598;-4.818697
3.29;101;126;205;274;71.96738022426095;-0.8413598;-4.818697
3.3;101;126;204;274;71.86544342507645;-0.86170214;-4.806383
3.31;102;127;204;274;72.06931702344546;-0.8592645;-4.7545967
3.32;102;127;204;274;72.06931702344546;-0.8592645;-4.7545967
3.33;102;127;203;274;71.96738022426095;-0.8796034;-4.7422094
3.34;103;128;202;273;71.96738022426095;-0.8796034;-4.6657224
3.35;103;128;201;272;71.76350662589195;-0.88210225;-4.640625
3.36;103;128;200;271;71.55963302752293;-0.88461536;-4.6153846
3.37;103;128;199;271;71.45769622833842;-0.9051355;-4.6027102
3.38;103;128;198;270;71.25382262996942;-0.90772533;-4.5772533
3.39;103;128;198;270;71.25382262996942;-0.90772533;-4.5772533
3.4;103;128;196;269;70.9480122324159;-0.9310345;-4.538793
3.41;103;128;195;268;70.74413863404689;-0.9337176;-4.512968
3.42;103;128;195;268;70.74413863404689;-0.9337176;-4.512968
3.43;103;127;194;268;70.54026503567788;-0.9754335;-4.5260115
3.44;103;127;194;269;70.64220183486238;-0.9935065;-4.538961
3.45;103;127;194;270;70.74413863404689;-1.0115274;-4.551873
3.46;103;127;194;270;70.74413863404689;-1.0115274;-4.551873
3.47;103;127;194;271;70.84607543323139;-1.0294964;-4.5647483
3.48;103;127;194;271;70.84607543323139;-1.0294964;-4.5647483
3.49;103;127;195;272;71.0499490316004;-1.0265423;-4.5903873
3.5;103;127;195;272;71.0499490316004;-1.0265423;-4.5903873
3.51;103;127;195;273;71.1518858307849;-1.0444126;-4.603152
3.52;104;127;196;274;71.45769622833842;-1.0592011;-4.6027102
3.53;104;127;197;275;71.66156982670744;-1.0561877;-4.6280227
3.54;103;127;198;276;71.76350662589195;-1.0355114;-4.6789775
3.55;103;127;198;277;71.86544342507645;-1.0531915;-4.691489
3.56;103;127;199;277;71.96738022426095;-1.0325779;-4.703966
3.57;103;127;199;277;71.96738022426095;-1.0325779;-4.703966
3.58;103;126;199;278;71.96738022426095;-1.0708215;-4.7422094
3.59;102;125;199;278;71.76350662589195;-1.0738636;-4.794034
3.6;102;124;199;279;71.76350662589195;-1.1122159;-4.8323865
3.61;101;123;200;279;71.66156982670744;-1.0945946;-4.8968706
3.62;100;123;201;279;71.66156982670744;-1.0561877;-4.9352775
3.63;99;122;202;280;71.66156982670744;-1.0561877;-5.012091
3.64;98;121;203;280;71.55963302752293;-1.0384616;-5.076923
3.65;97;119;204;280;71.35575942915392;-1.0414286;-5.1685715
3.66;95;118;205;280;71.1518858307849;-1.0057306;-5.260745
3.67;93;117;207;280;71.0499490316004;-0.9490674;-5.365136
3.68;92;115;209;280;70.9480122324159;-0.9310345;-5.4698277
3.69;90;113;211;281;70.84607543323139;-0.9129496;-5.613669
3.7;88;112;213;281;70.74413863404689;-0.8559078;-5.7190204
3.71;86;110;215;282;70.64220183486238;-0.83766234;-5.8636365
3.72;84;109;218;283;70.74413863404689;-0.778098;-5.9913545
3.73;83;108;220;284;70.84607543323139;-0.75755394;-6.079856
3.74;81;107;222;286;70.9480122324159;-0.73706895;-6.206897
3.75;80;106;225;288;71.25382262996942;-0.7145923;-6.3154507
3.76;79;105;229;290;71.66156982670744;-0.6721195;-6.4331436
3.77;78;106;232;291;72.06931702344546;-0.5919378;-6.473126
3.78;77;106;234;292;72.27319062181446;-0.5521862;-6.5310297
3.79;77;106;236;291;72.37512742099898;-0.4943662;-6.540845
3.8;76;106;237;291;72.37512742099898;-0.45633802;-6.578873
3.81;75;106;238;290;72.27319062181446;-0.39985895;-6.607193
3.82;75;106;239;290;72.37512742099898;-0.3802817;-6.6169014
3.83;74;106;239;290;72.27319062181446;-0.36177716;-6.645275
3.84;74;106;240;289;72.27319062181446;-0.32369533;-6.645275
3.85;73;106;240;289;72.17125382262996;-0.30508474;-6.673729
3.86;73;106;240;288;72.06931702344546;-0.2864215;-6.6640735
3.87;72;105;240;288;71.86544342507645;-0.28723404;-6.7212768
3.88;72;105;240;287;71.76350662589195;-0.2684659;-6.7116475
3.89;72;105;240;287;71.76350662589195;-0.2684659;-6.7116475
3.9;71;105;241;286;71.66156982670744;-0.21123755;-6.7403984
3.91;71;105;241;285;71.55963302752293;-0.1923077;-6.730769
3.92;70;105;241;284;71.35575942915392;-0.15428571;-6.75
3.93;70;105;241;283;71.25382262996942;-0.13519314;-6.7403436
3.94;70;105;241;283;71.25382262996942;-0.13519314;-6.7403436
3.95;70;105;240;282;71.0499490316004;-0.13558106;-6.720947
3.96;70;105;239;281;70.84607543323139;-0.13597122;-6.701439
3.97;70;104;238;281;70.64220183486238;-0.17532468;-6.7207794
3.98;70;104;238;281;70.64220183486238;-0.17532468;-6.7207794
3.99;70;104;237;282;70.64220183486238;-0.21428572;-6.7207794
4.0;70;104;237;282;70.64220183486238;-0.21428572;-6.7207794
4.01;71;104;237;283;70.84607543323139;-0.252518;-6.701439
4.02;71;104;236;284;70.84607543323139;-0.2913669;-6.701439
4.03;71;104;236;284;70.84607543323139;-0.2913669;-6.701439
4.04;72;104;236;284;70.9480122324159;-0.31034482;-6.672414
4.05;72;105;236;285;71.1518858307849;-0.30945557;-6.653295
4.06;72;105;236;285;71.1518858307849;-0.30945557;-6.653295
4.07;73;105;235;286;71.25382262996942;-0.36695278;-6.6244636
4.08;73;105;235;286;71.25382262996942;-0.36695278;-6.6244636
4.09;74;105;235;287;71.45769622833842;-0.40442225;-6.6055636
4.1;74;105;234;287;71.35575942915392;-0.4242857;-6.595714
4.11;75;106;232;286;71.25382262996942;-0.444206;-6.5085835
4.12;76;106;230;285;71.0499490316004;-0.4842181;-6.4497848
4.13;77;107;227;283;70.74413863404689;-0.5057637;-6.3414984
4.14;78;108;226;284;70.9480122324159;-0.54310346;-6.284483
4.15;80;109;226;285;71.35575942915392;-0.57857144;-6.21
4.16;81;110;226;286;71.66156982670744;-0.59530586;-6.1642957
4.17;81;111;227;286;71.86544342507645;-0.55531913;-6.1468086
4.18;81;112;228;285;71.96738022426095;-0.49716714;-6.1189804
4.19;81;112;229;284;71.96738022426095;-0.45892352;-6.1189804
4.2;80;113;231;283;72.06931702344546;-0.36280057;-6.1294203
4.21;80;113;231;281;71.86544342507645;-0.32553193;-6.1085105
4.22;79;114;232;279;71.76350662589195;-0.23011364;-6.0980115
4.23;78;114;232;277;71.45769622833842;-0.17332383;-6.1048503
4.24;78;114;233;276;71.45769622833842;-0.13480742;-6.1048503
4.25;77;113;234;276;71.35575942915392;-0.11571429;-6.1714287
4.26;76;113;235;276;71.35575942915392;-0.07714286;-6.21
4.27;74;112;237;275;71.1518858307849;0.0;-6.3051577
4.28;73;111;237;275;70.9480122324159;0.0;-6.362069
4.29;72;110;239;276;71.0499490316004;0.019368723;-6.4497848
4.3;71;110;240;276;71.0499490316004;0.05810617;-6.488522
4.31;70;109;241;277;71.0499490316004;0.05810617;-6.565997
4.32;69;108;242;278;71.0499490316004;0.05810617;-6.643472
4.33;69;108;243;278;71.1518858307849;0.07736389;-6.653295
4.34;68;108;245;278;71.25382262996942;0.13519314;-6.701717
4.35;67;108;246;278;71.25382262996942;0.17381974;-6.7403436
4.36;67;107;247;278;71.25382262996942;0.17381974;-6.77897
4.37;66;107;248;278;71.25382262996942;0.21244635;-6.8175964
4.38;66;107;249;278;71.35575942915392;0.23142858;-6.8271427
4.39;65;107;250;277;71.25382262996942;0.28969958;-6.856223
4.4;65;107;251;277;71.35575942915392;0.30857143;-6.865714
4.41;65;108;252;276;71.45769622833842;0.36590585;-6.836662
4.42;64;108;252;275;71.25382262996942;0.4055794;-6.856223
4.43;64;108;252;274;71.1518858307849;0.42550144;-6.846705
4.44;64;109;252;273;71.1518858307849;0.4641834;-6.808023
4.45;65;109;252;272;71.1518858307849;0.4641834;-6.769341
4.46;65;110;253;273;71.45769622833842;0.48145506;-6.7596292
4.47;65;110;253;273;71.45769622833842;0.48145506;-6.7596292
4.48;66;111;253;273;71.66156982670744;0.48008534;-6.7019916
4.49;66;112;254;273;71.86544342507645;0.5170213;-6.6829786
4.5;67;113;254;272;71.96738022426095;0.53541076;-6.6161475
4.51;67;113;254;272;71.96738022426095;0.53541076;-6.6161475
4.52;67;113;254;271;71.86544342507645;0.55531913;-6.606383
4.53;67;113;254;271;71.86544342507645;0.55531913;-6.606383
4.54;67;113;254;270;71.76350662589195;0.57528406;-6.596591
4.55;67;113;253;269;71.55963302752293;0.5769231;-6.576923
4.56;67;113;252;269;71.45769622833842;0.5584879;-6.567047
4.57;67;113;251;269;71.35575942915392;0.54;-6.5571427
4.58;68;113;251;270;71.55963302752293;0.5;-6.5384617
4.59;68;113;250;271;71.55963302752293;0.46153846;-6.5384617
4.6;68;114;251;272;71.86544342507645;0.4787234;-6.529787
4.61;68;113;251;272;71.76350662589195;0.46022728;-6.5582385
4.62;68;113;252;273;71.96738022426095;0.45892352;-6.5779037
4.63;68;113;252;272;71.86544342507645;0.4787234;-6.568085
4.64;67;113;252;271;71.66156982670744;0.51849216;-6.586771
4.65;67;113;251;269;71.35575942915392;0.54;-6.5571427
4.66;67;114;251;267;71.25382262996942;0.59871244;-6.5085835
4.67;67;114;250;266;71.0499490316004;0.6004304;-6.488522
4.68;67;114;250;265;70.9480122324159;0.62068963;-6.4784484
4.69;67;114;249;265;70.84607543323139;0.60215825;-6.468345
4.7;67;114;249;265;70.84607543323139;0.60215825;-6.468345
4.71;68;114;248;265;70.84607543323139;0.5633094;-6.4294963
4.72;68;114;247;265;70.74413863404689;0.5446686;-6.419308
4.73;69;114;246;266;70.84607543323139;0.4856115;-6.3906474
4.74;69;114;245;266;70.74413863404689;0.4668588;-6.3804035
4.75;70;115;244;267;70.9480122324159;0.42672414;-6.323276
4.76;71;115;244;268;71.1518858307849;0.38681948;-6.3051577
4.77;72;116;243;268;71.25382262996942;0.36695278;-6.2381973
4.78;72;116;243;269;71.35575942915392;0.34714285;-6.2485714
4.79;73;116;243;269;71.45769622833842;0.32738945;-6.2203994
4.8;73;117;242;268;71.35575942915392;0.34714285;-6.1714287
4.81;73;117;241;268;71.25382262996942;0.32832617;-6.160944
4.82;74;117;241;268;71.35575942915392;0.30857143;-6.1328573
4.83;74;117;241;268;71.35575942915392;0.30857143;-6.1328573
4.84;74;117;240;268;71.25382262996942;0.28969958;-6.122318
4.85;74;116;240;269;71.25382262996942;0.25107297;-6.160944
4.86;74;116;240;269;71.25382262996942;0.25107297;-6.160944
4.87;74;116;239;270;71.25382262996942;0.21244635;-6.160944
4.88;75;116;238;270;71.25382262996942;0.17381974;-6.122318
4.89;75;116;237;270;71.1518858307849;0.15472779;-6.1117477
4.9;76;116;236;270;71.1518858307849;0.11604585;-6.0730658
4.91;77;117;236;271;71.45769622833842;0.09629101;-6.0278172
4.92;77;118;236;271;71.55963302752293;0.115384616;-6.0
4.93;78;118;236;270;71.55963302752293;0.115384616;-5.9615383
4.94;78;119;235;270;71.55963302752293;0.115384616;-5.923077
4.95;78;119;234;269;71.35575942915392;0.11571429;-5.9014287
4.96;78;119;234;269;71.35575942915392;0.11571429;-5.9014287
4.97;78;119;233;269;71.25382262996942;0.09656652;-5.890558
4.98;79;119;232;269;71.25382262996942;0.057939913;-5.851931
4.99;79;118;232;270;71.25382262996942;0.019313306;-5.890558
5.0;79;118;231;270;71.1518858307849;0.0;-5.8796563
5.01;79;117;229;270;70.84607543323139;-0.058273382;-5.8856115
5.02;80;117;227;270;70.74413863404689;-0.1167147;-5.835735
5.03;80;117;226;271;70.74413863404689;-0.15561959;-5.835735
5.04;81;117;226;273;71.0499490316004;-0.21305595;-5.8299856
5.05;82;117;227;274;71.35575942915392;-0.23142858;-5.8242855
5.06;82;118;227;274;71.45769622833842;-0.21184023;-5.796719
5.07;82;118;227;274;71.45769622833842;-0.21184023;-5.796719
5.08;82;118;226;273;71.25382262996942;-0.21244635;-5.774678
5.09;82;118;226;272;71.1518858307849;-0.19340974;-5.7636104
5.1;82;118;225;271;70.9480122324159;-0.19396552;-5.7413793
5.11;83;119;225;271;71.1518858307849;-0.19340974;-5.6862464
5.12;83;119;224;271;71.0499490316004;-0.21305595;-5.675036
5.13;84;119;222;270;70.84607543323139;-0.252518;-5.613669
5.14;84;119;221;270;70.74413863404689;-0.2723343;-5.6023054
5.15;85;119;220;272;70.9480122324159;-0.34913793;-5.586207
5.16;86;120;221;275;71.55963302752293;-0.3846154;-5.576923
5.17;88;120;221;277;71.96738022426095;-0.45892352;-5.5453258
5.18;88;121;221;277;72.06931702344546;-0.43917963;-5.5183873
5.19;89;122;221;277;72.27319062181446;-0.43794078;-5.464739
5.2;89;122;220;277;72.17125382262996;-0.45762712;-5.4533896
5.21;89;122;219;276;71.96738022426095;-0.45892352;-5.430595
5.22;90;122;218;275;71.86544342507645;-0.4787234;-5.3808513
5.23;90;121;215;274;71.35575942915392;-0.54;-5.3614287
5.24;90;120;212;273;70.84607543323139;-0.60215825;-5.341727
5.25;90;119;209;273;70.43832823649338;-0.6837916;-5.3335743
5.26;91;118;208;276;70.64220183486238;-0.7987013;-5.357143
5.27;92;118;209;280;71.25382262996942;-0.8690987;-5.388412
5.28;93;119;209;282;71.66156982670744;-0.9025605;-5.3577523
5.29;94;119;209;282;71.76350662589195;-0.92045456;-5.330966
5.3;94;120;208;282;71.76350662589195;-0.92045456;-5.2926135
5.31;95;120;208;281;71.76350662589195;-0.92045456;-5.2542615
5.32;95;121;207;280;71.66156982670744;-0.9025605;-5.2041254
5.33;95;121;205;280;71.45769622833842;-0.9436519;-5.1804566
5.34;96;121;204;280;71.45769622833842;-0.9821683;-5.14194
5.35;97;121;202;280;71.35575942915392;-1.0414286;-5.0914288
5.36;97;121;201;281;71.35575942915392;-1.08;-5.0914288
5.37;98;121;200;282;71.45769622833842;-1.1362339;-5.064907
5.38;99;121;199;283;71.55963302752293;-1.1923077;-5.0384617
5.39;99;121;199;282;71.45769622833842;-1.1747503;-5.026391
5.4;100;122;198;282;71.55963302752293;-1.1923077;-4.9615383
5.41;100;122;197;281;71.35575942915392;-1.1957142;-4.937143
5.42;101;123;197;280;71.45769622833842;-1.1747503;-4.8723254
5.43;101;124;197;280;71.55963302752293;-1.1538461;-4.8461537
5.44;102;125;197;279;71.66156982670744;-1.1330014;-4.78165
5.45;102;125;198;278;71.66156982670744;-1.0945946;-4.78165
5.46;102;126;199;277;71.76350662589195;-1.0355114;-4.755682
5.47;102;127;200;276;71.86544342507645;-0.97659576;-4.7297873
5.48;102;128;201;274;71.86544342507645;-0.9;-4.691489
5.49;102;129;202;272;71.86544342507645;-0.82340425;-4.6531916
5.5;102;130;202;270;71.76350662589195;-0.76704544;-4.6022725
5.51;102;131;202;268;71.66156982670744;-0.7105263;-4.551209
5.52;102;132;202;266;71.55963302752293;-0.65384614;-4.5
5.53;102;132;202;265;71.45769622833842;-0.6355207;-4.487161
5.54;102;133;202;264;71.45769622833842;-0.5970043;-4.4486446
5.55;102;133;202;263;71.35575942915392;-0.57857144;-4.4357142
5.56;102;134;202;262;71.35575942915392;-0.54;-4.397143
5.57;102;135;202;261;71.35575942915392;-0.50142854;-4.3585715
5.58;102;135;201;259;71.0499490316004;-0.4842181;-4.3192253
5.59;102;135;201;258;70.9480122324159;-0.46551725;-4.3060346
5.6;102;135;201;257;70.84607543323139;-0.4467626;-4.2928057
5.61;102;136;200;257;70.84607543323139;-0.4467626;-4.253957
5.62;102;136;201;257;70.9480122324159;-0.42672414;-4.2672415
5.63;102;136;201;257;70.9480122324159;-0.42672414;-4.2672415
5.64;103;136;201;257;71.0499490316004;-0.44548064;-4.2417502
5.65;103;137;202;257;71.25382262996942;-0.4055794;-4.229614
5.66;102;137;202;257;71.1518858307849;-0.38681948;-4.2550144
5.67;103;137;202;257;71.25382262996942;-0.4055794;-4.229614
5.68;103;137;203;258;71.45769622833842;-0.40442225;-4.256063
5.69;103;136;203;259;71.45769622833842;-0.44293866;-4.294579
5.7;103;136;203;260;71.55963302752293;-0.46153846;-4.3076925
5.71;103;136;203;260;71.55963302752293;-0.46153846;-4.3076925
5.72;102;136;203;260;71.45769622833842;-0.44293866;-4.3330956
5.73;102;136;203;260;71.45769622833842;-0.44293866;-4.3330956
5.74;103;136;203;260;71.55963302752293;-0.46153846;-4.3076925
5.75;103;136;202;260;71.45769622833842;-0.48145506;-4.294579
5.76;103;136;202;260;71.45769622833842;-0.48145506;-4.294579
5.77;103;136;202;260;71.45769622833842;-0.48145506;-4.294579
5.78;104;137;201;260;71.55963302752293;-0.5;-4.230769
5.79;104;137;201;259;71.45769622833842;-0.48145506;-4.2175465
5.8;104;137;201;259;71.45769622833842;-0.48145506;-4.2175465
5.81;104;137;200;258;71.25382262996942;-0.4828326;-4.190987
5.82;104;137;200;258;71.25382262996942;-0.4828326;-4.190987
5.83;104;137;200;258;71.25382262996942;-0.4828326;-4.190987
5.84;103;137;200;258;71.1518858307849;-0.4641834;-4.2163324
5.85;103;136;200;258;71.0499490316004;-0.4842181;-4.2417502
5.86;103;136;200;258;71.0499490316004;-0.4842181;-4.2417502
5.87;103;136;200;258;71.0499490316004;-0.4842181;-4.2417502
5.88;103;135;200;259;71.0499490316004;-0.52295554;-4.280488
5.89;102;135;200;259;70.9480122324159;-0.50431037;-4.3060346
5.9;102;135;201;259;71.0499490316004;-0.4842181;-4.3192253
5.91;102;134;201;260;71.0499490316004;-0.52295554;-4.3579626
5.92;102;134;202;261;71.25382262996942;-0.5214592;-4.38412
5.93;101;134;202;262;71.25382262996942;-0.5214592;-4.4227467
5.94;101;133;203;262;71.25382262996942;-0.5214592;-4.4613733
5.95;101;133;203;263;71.35575942915392;-0.54;-4.4742856
5.96;101;133;203;264;71.45769622833842;-0.5584879;-4.487161
5.97;101;132;204;264;71.45769622833842;-0.5584879;-4.5256777
5.98;100;132;204;265;71.45769622833842;-0.5584879;-4.564194
5.99;100;131;204;266;71.45769622833842;-0.5970043;-4.6027102
6.0;100;131;205;267;71.66156982670744;-0.59530586;-4.6280227
6.01;100;130;205;268;71.66156982670744;-0.63371265;-4.6664295
6.02;100;130;205;268;71.66156982670744;-0.63371265;-4.6664295
6.03;99;129;205;268;71.45769622833842;-0.6355207;-4.71826
6.04;99;129;205;268;71.45769622833842;-0.6355207;-4.71826
6.05;99;129;205;268;71.45769622833842;-0.6355207;-4.71826
6.06;99;128;205;269;71.45769622833842;-0.6740371;-4.756776
6.07;98;128;205;269;71.35575942915392;-0.6557143;-4.782857
6.08;98;128;205;269;71.35575942915392;-0.6557143;-4.782857
6.09;97;127;206;269;71.25382262996942;-0.63733906;-4.8476396
6.1;97;127;206;268;71.1518858307849;-0.61891115;-4.8352437
6.11;97;127;206;268;71.1518858307849;-0.61891115;-4.8352437
6.12;96;126;206;268;70.9480122324159;-0.62068963;-4.887931
6.13;97;126;206;268;71.0499490316004;-0.63916785;-4.8615494
6.14;97;126;206;269;71.1518858307849;-0.65759313;-4.8739257
6.15;97;126;206;269;71.1518858307849;-0.65759313;-4.8739257
6.16;97;126;206;270;71.25382262996942;-0.67596567;-4.886266
6.17;98;127;206;270;71.45769622833842;-0.6740371;-4.833809
6.18;98;127;206;270;71.45769622833842;-0.6740371;-4.833809
6.19;98;128;206;270;71.55963302752293;-0.65384614;-4.8076925
6.2;98;128;206;270;71.55963302752293;-0.65384614;-4.8076925
6.21;98;128;206;269;71.45769622833842;-0.6355207;-4.7952924
6.22;98;128;206;269;71.45769622833842;-0.6355207;-4.7952924
6.23;99;129;206;269;71.66156982670744;-0.63371265;-4.743243
6.24;99;130;206;268;71.66156982670744;-0.59530586;-4.7048364
6.25;100;130;205;267;71.55963302752293;-0.61538464;-4.6538463
6.26;100;131;204;266;71.45769622833842;-0.5970043;-4.6027102
6.27;101;132;204;266;71.66156982670744;-0.59530586;-4.551209
6.28;101;132;203;265;71.45769622833842;-0.5970043;-4.5256777
6.29;101;132;202;264;71.25382262996942;-0.59871244;-4.5
6.3;102;133;202;264;71.45769622833842;-0.5970043;-4.4486446
6.31;102;133;202;264;71.45769622833842;-0.5970043;-4.4486446
6.32;102;133;202;263;71.35575942915392;-0.57857144;-4.4357142
6.33;102;133;202;263;71.35575942915392;-0.57857144;-4.4357142
6.34;102;134;202;262;71.35575942915392;-0.54;-4.397143
6.35;102;134;202;262;71.35575942915392;-0.54;-4.397143
6.36;102;134;202;262;71.35575942915392;-0.54;-4.397143
6.37;102;134;202;262;71.35575942915392;-0.54;-4.397143
6.38;102;135;202;261;71.35575942915392;-0.50142854;-4.3585715
6.39;102;135;202;261;71.35575942915392;-0.50142854;-4.3585715
6.4;102;135;202;261;71.35575942915392;-0.50142854;-4.3585715
6.41;102;135;203;260;71.35575942915392;-0.46285716;-4.3585715
6.42;102;135;203;260;71.35575942915392;-0.46285716;-4.3585715
6.43;101;136;204;260;71.45769622833842;-0.40442225;-4.371612
6.44;101;136;206;260;71.66156982670744;-0.36486486;-4.3975816
6.45;101;136;207;259;71.66156982670744;-0.32645804;-4.3975816
6.46;100;136;209;259;71.76350662589195;-0.2684659;-4.4488635
6.47;99;137;212;258;71.96738022426095;-0.1529745;-4.4745045
6.48;98;137;214;257;71.96738022426095;-0.07648725;-4.512748
6.49;96;137;215;255;71.66156982670744;0.019203413;-4.551209
6.5;95;137;217;254;71.66156982670744;0.09601707;-4.589616
6.51;94;137;218;252;71.45769622833842;0.17332383;-4.6027102
6.52;93;137;219;251;71.35575942915392;0.23142858;-4.6285715
6.53;92;136;220;250;71.1518858307849;0.27077365;-4.680516
6.54;92;136;221;250;71.25382262996942;0.28969958;-4.693133
6.55;91;136;222;250;71.25382262996942;0.32832617;-4.7317595
6.56;91;136;222;250;71.25382262996942;0.32832617;-4.7317595
6.57;90;136;223;250;71.25382262996942;0.36695278;-4.770386
6.58;90;135;224;251;71.35575942915392;0.34714285;-4.821429
6.59;90;135;225;251;71.45769622833842;0.36590585;-4.833809
6.6;89;134;225;252;71.35575942915392;0.34714285;-4.8985715
6.61;89;133;226;253;71.45769622833842;0.32738945;-4.949358
6.62;88;133;226;254;71.45769622833842;0.32738945;-4.9878745
6.63;88;132;226;254;71.35575942915392;0.30857143;-5.0142856
6.64;88;132;226;254;71.35575942915392;0.30857143;-5.0142856
6.65;87;131;226;254;71.1518858307849;0.30945557;-5.067335
6.66;87;130;226;255;71.1518858307849;0.27077365;-5.106017
6.67;87;130;226;256;71.25382262996942;0.25107297;-5.118026
6.68;87;130;227;256;71.35575942915392;0.27;-5.13
6.69;86;130;227;257;71.35575942915392;0.27;-5.1685715
6.7;86;129;228;257;71.35575942915392;0.27;-5.207143
6.71;86;129;228;257;71.35575942915392;0.27;-5.207143
6.72;85;129;229;257;71.35575942915392;0.30857143;-5.245714
6.73;85;129;229;256;71.25382262996942;0.32832617;-5.233906
6.74;85;129;230;256;71.35575942915392;0.34714285;-5.245714
6.75;85;129;230;256;71.35575942915392;0.34714285;-5.245714
6.76;85;129;230;255;71.25382262996942;0.36695278;-5.233906
6.77;85;130;230;255;71.35575942915392;0.3857143;-5.207143
6.78;85;130;230;254;71.25382262996942;0.4055794;-5.195279
6.79;85;130;230;254;71.25382262996942;0.4055794;-5.195279
6.8;85;130;230;254;71.25382262996942;0.4055794;-5.195279
6.81;85;130;229;254;71.1518858307849;0.38681948;-5.183381
6.82;85;129;229;255;71.1518858307849;0.34813753;-5.222063
6.83;85;129;229;255;71.1518858307849;0.34813753;-5.222063
6.84;85;129;229;256;71.25382262996942;0.32832617;-5.233906
6.85;85;130;229;256;71.35575942915392;0.34714285;-5.207143
6.86;86;130;229;256;71.45769622833842;0.32738945;-5.1804566
6.87;86;130;229;256;71.45769622833842;0.32738945;-5.1804566
6.88;86;131;230;257;71.76350662589195;0.34517047;-5.177557
6.89;86;131;230;257;71.76350662589195;0.34517047;-5.177557
6.9;86;131;230;257;71.76350662589195;0.34517047;-5.177557
6.91;87;131;230;256;71.76350662589195;0.34517047;-5.1392045
6.92;86;132;230;255;71.66156982670744;0.4032717;-5.1273117
6.93;86;132;230;254;71.55963302752293;0.42307693;-5.1153846
6.94;86;131;229;254;71.35575942915392;0.3857143;-5.13
6.95;85;131;229;253;71.1518858307849;0.42550144;-5.144699
6.96;85;131;229;253;71.1518858307849;0.42550144;-5.144699
6.97;85;131;228;253;71.0499490316004;0.4067432;-5.1327114
6.98;85;131;228;252;70.9480122324159;0.42672414;-5.12069
6.99;86;131;227;252;70.9480122324159;0.38793105;-5.081897
7.0;86;131;225;251;70.64220183486238;0.37012988;-5.0454545
7.01;87;131;224;250;70.54026503567788;0.35115606;-4.99422
7.02;87;131;222;251;70.43832823649338;0.29305354;-4.98191
7.03;88;132;222;252;70.74413863404689;0.2723343;-4.9409223
7.04;89;132;222;252;70.84607543323139;0.252518;-4.9143887
7.05;90;133;222;253;71.1518858307849;0.2320917;-4.8739257
7.06;90;134;222;253;71.25382262996942;0.25107297;-4.8476396
7.07;91;134;222;253;71.35575942915392;0.23142858;-4.821429
7.08;91;135;222;253;71.45769622833842;0.25035664;-4.7952924
7.09;91;135;223;253;71.55963302752293;0.26923078;-4.8076925
7.1;92;135;223;253;71.66156982670744;0.24964438;-4.78165
7.11;92;136;223;254;71.86544342507645;0.24893618;-4.768085
7.12;92;136;223;253;71.76350662589195;0.2684659;-4.755682
7.13;92;136;223;253;71.76350662589195;0.2684659;-4.755682
7.14;92;137;223;252;71.76350662589195;0.3068182;-4.7173295
7.15;92;137;223;252;71.76350662589195;0.3068182;-4.7173295
7.16;92;136;223;251;71.55963302752293;0.30769232;-4.730769
7.17;92;136;223;251;71.55963302752293;0.30769232;-4.730769
7.18;91;136;223;251;71.45769622833842;0.32738945;-4.756776
7.19;91;136;223;251;71.45769622833842;0.32738945;-4.756776
7.2;91;136;224;252;71.66156982670744;0.32645804;-4.78165
7.21;90;135;225;252;71.55963302752293;0.34615386;-4.8461537
7.22;89;135;227;252;71.66156982670744;0.4032717;-4.8968706
7.23;89;135;228;252;71.76350662589195;0.421875;-4.909091
7.24;88;135;229;251;71.66156982670744;0.48008534;-4.9352775
7.25;87;135;230;251;71.66156982670744;0.51849216;-4.9736843
7.26;87;134;230;250;71.45769622833842;0.5199715;-4.9878745
7.27;86;134;231;250;71.45769622833842;0.5584879;-5.026391
7.28;85;133;231;249;71.1518858307849;0.5802292;-5.067335
7.29;85;133;231;249;71.1518858307849;0.5802292;-5.067335
7.3;84;132;232;249;71.0499490316004;0.6004304;-5.1327114
7.31;84;132;232;248;70.9480122324159;0.62068963;-5.12069
7.32;83;132;232;248;70.84607543323139;0.6410072;-5.147482
7.33;83;132;232;248;70.84607543323139;0.6410072;-5.147482
7.34;83;131;232;248;70.74413863404689;0.62247837;-5.1743517
7.35;83;131;231;248;70.64220183486238;0.6038961;-5.162338
7.36;83;131;231;249;70.74413863404689;0.58357346;-5.1743517
7.37;83;131;231;250;70.84607543323139;0.5633094;-5.186331
7.38;84;131;231;251;71.0499490316004;0.52295554;-5.171449
7.39;84;131;231;252;71.1518858307849;0.5028653;-5.183381
7.4;85;131;231;253;71.35575942915392;0.46285716;-5.1685715
7.41;85;132;232;253;71.55963302752293;0.5;-5.1538463
7.42;85;132;232;253;71.55963302752293;0.5;-5.1538463
7.43;86;132;231;254;71.66156982670744;0.44167852;-5.1273117
7.44;86;132;231;254;71.66156982670744;0.44167852;-5.1273117
7.45;86;132;232;254;71.76350662589195;0.46022728;-5.1392045
7.46;86;132;232;255;71.86544342507645;0.44042554;-5.151064
7.47;86;132;232;255;71.86544342507645;0.44042554;-5.151064
7.48;85;131;232;255;71.66156982670744;0.44167852;-5.2041254
7.49;85;131;232;255;71.66156982670744;0.44167852;-5.2041254
7.5;85;131;232;254;71.55963302752293;0.46153846;-5.1923075
7.51;85;131;232;254;71.55963302752293;0.46153846;-5.1923075
7.52;85;132;231;253;71.45769622833842;0.48145506;-5.14194
7.53;85;132;231;252;71.35575942915392;0.50142854;-5.13
7.54;85;132;231;252;71.35575942915392;0.50142854;-5.13
7.55;86;133;231;252;71.55963302752293;0.5;-5.076923
7.56;86;133;231;252;71.55963302752293;0.5;-5.076923
7.57;86;133;231;251;71.45769622833842;0.5199715;-5.064907
7.58;85;133;232;251;71.45769622833842;0.5584879;-5.1034236
7.59;85;133;232;251;71.45769622833842;0.5584879;-5.1034236
7.6;85;133;232;250;71.35575942915392;0.57857144;-5.0914288
7.61;85;134;233;250;71.55963302752293;0.61538464;-5.076923
7.62;85;134;233;249;71.45769622833842;0.6355207;-5.064907
7.63;85;135;234;249;71.66156982670744;0.6721195;-5.050498
7.64;85;135;234;248;71.55963302752293;0.6923077;-5.0384617
7.65;85;136;234;247;71.55963302752293;0.7307692;-5.0
7.66;85;136;234;247;71.55963302752293;0.7307692;-5.0
7.67;84;136;235;246;71.45769622833842;0.7895863;-5.026391
7.68;84;136;235;245;71.35575942915392;0.81;-5.0142856
7.69;83;135;235;244;71.0499490316004;0.8328551;-5.055237
7.7;83;135;236;243;71.0499490316004;0.8715925;-5.055237
7.71;82;135;236;242;70.84607543323139;0.9129496;-5.069784
7.72;82;135;237;241;70.84607543323139;0.95179856;-5.069784
7.73;81;135;237;241;70.74413863404689;0.97262245;-5.096542
7.74;81;136;239;241;71.0499490316004;1.0265423;-5.093974
7.75;81;136;240;240;71.0499490316004;1.0652797;-5.093974
7.76;80;137;241;240;71.1518858307849;1.1217765;-5.106017
7.77;80;138;243;239;71.35575942915392;1.1957142;-5.0914288
7.78;80;138;244;239;71.45769622833842;1.2132667;-5.1034236
7.79;80;139;244;239;71.55963302752293;1.2307693;-5.076923
7.8;80;139;245;239;71.66156982670744;1.2482219;-5.088905
7.81;80;139;246;239;71.76350662589195;1.265625;-5.1008525
7.82;80;140;247;239;71.96738022426095;1.3002833;-5.0864024
7.83;80;140;247;238;71.86544342507645;1.3212765;-5.074468
7.84;80;140;248;238;71.96738022426095;1.338527;-5.0864024
7.85;80;140;248;238;71.96738022426095;1.338527;-5.0864024
7.86;80;140;249;238;72.06931702344546;1.3557284;-5.098303
7.87;79;140;249;238;71.96738022426095;1.3767705;-5.1246457
7.88;78;139;250;237;71.76350662589195;1.4190341;-5.177557
7.89;78;139;249;237;71.66156982670744;1.4018493;-5.1657186
7.9;78;139;249;235;71.45769622833842;1.4443651;-5.14194
7.91;77;139;247;234;71.0499490316004;1.4526542;-5.1327114
7.92;78;139;245;232;70.74413863404689;1.4394813;-5.0576367
7.93;78;139;243;231;70.43832823649338;1.426194;-5.020984
7.94;79;140;241;230;70.33639143730886;1.4086957;-4.9304347
7.95;81;141;239;230;70.43832823649338;1.3480463;-4.825615
7.96;82;142;238;229;70.43832823649338;1.3480463;-4.7474675
7.97;84;144;238;229;70.84607543323139;1.3402878;-4.642446
7.98;85;147;237;228;71.0499490316004;1.3751793;-4.5129123
7.99;87;149;236;227;71.25382262996942;1.3712447;-4.38412
8.0;88;151;235;225;71.25382262996942;1.4098712;-4.2682405
8.01;90;153;234;223;71.35575942915392;1.4271429;-4.127143
8.02;91;154;233;222;71.35575942915392;1.4271429;-4.05
8.03;92;155;231;221;71.25382262996942;1.4098712;-3.9592276
8.04;93;156;228;220;71.0499490316004;1.3751793;-3.8543758
8.05;94;156;227;220;71.0499490316004;1.3364419;-3.8156385
8.06;95;157;225;220;71.0499490316004;1.2977045;-3.7381635
8.07;96;158;224;221;71.25382262996942;1.2553648;-3.688841
8.08;98;159;222;221;71.35575942915392;1.1957142;-3.587143
8.09;99;159;220;221;71.25382262996942;1.139485;-3.5343347
8.1;100;160;219;221;71.35575942915392;1.1185714;-3.4714286
8.11;101;161;219;222;71.66156982670744;1.0945946;-3.437411
8.12;102;162;218;222;71.76350662589195;1.0738636;-3.375
8.13;103;164;218;221;71.96738022426095;1.1090652;-3.2889519
8.14;104;165;217;219;71.86544342507645;1.1297872;-3.1978724
8.15;104;165;216;217;71.55963302752293;1.1538461;-3.1538463
8.16;104;165;215;216;71.35575942915392;1.1571429;-3.1242857
8.17;104;165;214;214;71.0499490316004;1.1814921;-3.079627
8.18;104;165;213;213;70.84607543323139;1.184892;-3.0496402
8.19;104;165;212;213;70.74413863404689;1.1671469;-3.0345821
8.2;104;164;211;213;70.54026503567788;1.1315029;-3.0433526
8.21;104;164;211;213;70.54026503567788;1.1315029;-3.0433526
8.22;104;164;211;214;70.64220183486238;1.1103896;-3.0584416
8.23;105;165;212;215;71.0499490316004;1.1040173;-3.0408895
8.24;105;165;213;216;71.25382262996942;1.1008583;-3.0708156
8.25;105;166;214;216;71.45769622833842;1.1362339;-3.0620542
8.26;105;166;215;217;71.66156982670744;1.1330014;-3.0917497
8.27;105;166;216;217;71.76350662589195;1.1505681;-3.106534
8.28;104;165;217;218;71.76350662589195;1.1505681;-3.1832387
8.29;104;165;218;219;71.96738022426095;1.1473088;-3.2124646
8.3;104;164;218;219;71.86544342507645;1.1297872;-3.2361703
8.31;103;164;218;220;71.86544342507645;1.1297872;-3.2744682
8.32;103;163;219;221;71.96738022426095;1.1090652;-3.3271954
8.33;103;163;219;222;72.06931702344546;1.0884017;-3.3415842
8.34;103;162;219;223;72.06931702344546;1.0502121;-3.3797736
8.35;102;161;219;224;71.96738022426095;1.0325779;-3.4419262
8.36;102;160;219;224;71.86544342507645;1.0148937;-3.4659574
8.37;101;159;219;225;71.76350662589195;0.99715906;-3.528409
8.38;101;157;219;226;71.66156982670744;0.94096726;-3.5910385
8.39;100;156;219;227;71.55963302752293;0.9230769;-3.6538463
8.4;99;155;220;228;71.55963302752293;0.9230769;-3.7307692
8.41;99;154;220;229;71.55963302752293;0.88461536;-3.7692308
8.42;98;154;220;229;71.45769622833842;0.9051355;-3.793866
8.43;97;153;220;229;71.25382262996942;0.90772533;-3.8433475
8.44;96;151;221;230;71.1518858307849;0.8896848;-3.9455588
8.45;96;150;221;230;71.0499490316004;0.8715925;-3.9705882
8.46;95;149;222;231;71.0499490316004;0.8715925;-4.0480633
8.47;94;147;222;232;70.84607543323139;0.8352518;-4.13741
8.48;93;146;223;234;70.9480122324159;0.8146552;-4.2284484
8.49;92;144;224;235;70.84607543323139;0.7964029;-4.3316545
8.5;91;143;225;237;70.9480122324159;0.7758621;-4.422414
8.51;90;142;226;238;70.9480122324159;0.7758621;-4.5
8.52;90;141;226;239;70.9480122324159;0.73706895;-4.538793
8.53;90;140;227;240;71.0499490316004;0.71664274;-4.5903873
8.54;89;140;227;240;70.9480122324159;0.73706895;-4.6163793
8.55;89;140;227;240;70.9480122324159;0.73706895;-4.6163793
8.56;89;140;227;241;71.0499490316004;0.71664274;-4.6291246
8.57;89;140;228;241;71.1518858307849;0.73495704;-4.641834
8.58;89;140;228;242;71.25382262996942;0.7145923;-4.654506
8.59;89;139;228;242;71.1518858307849;0.69627506;-4.680516
8.6;89;139;228;242;71.1518858307849;0.69627506;-4.680516
8.61;89;139;228;242;71.1518858307849;0.69627506;-4.680516
8.62;90;140;227;243;71.35575942915392;0.6557143;-4.6285715
8.63;90;140;226;243;71.25382262996942;0.63733906;-4.61588
8.64;91;141;225;243;71.35575942915392;0.61714286;-4.551429
8.65;92;141;224;243;71.35575942915392;0.57857144;-4.512857
8.66;93;141;223;243;71.35575942915392;0.54;-4.4742856
8.67;93;141;222;243;71.25382262996942;0.5214592;-4.4613733
8.68;94;141;221;244;71.35575942915392;0.46285716;-4.4357142
8.69;94;140;220;245;71.25382262996942;0.4055794;-4.4613733
8.7;94;140;220;246;71.35575942915392;0.3857143;-4.4742856
8.71;95;140;219;247;71.45769622833842;0.32738945;-4.4486446
8.72;95;140;218;247;71.35575942915392;0.30857143;-4.4357142
8.73;95;139;217;247;71.1518858307849;0.27077365;-4.448424
8.74;95;138;216;248;71.0499490316004;0.21305595;-4.474175
8.75;95;138;216;250;71.25382262996942;0.17381974;-4.5
8.76;96;138;216;252;71.55963302752293;0.115384616;-4.5
8.77;96;138;217;253;71.76350662589195;0.11505682;-4.525568
8.78;96;138;217;254;71.86544342507645;0.095744684;-4.5382977
8.79;96;138;218;254;71.96738022426095;0.11473088;-4.5509915
8.8;96;137;218;253;71.76350662589195;0.11505682;-4.5639205
8.81;96;137;218;253;71.76350662589195;0.11505682;-4.5639205
8.82;95;137;218;253;71.66156982670744;0.1344239;-4.589616
8.83;95;137;218;253;71.66156982670744;0.1344239;-4.589616
8.84;95;136;218;252;71.45769622833842;0.13480742;-4.6027102
8.85;95;136;218;252;71.45769622833842;0.13480742;-4.6027102
8.86;95;136;218;252;71.45769622833842;0.13480742;-4.6027102
8.87;94;136;218;252;71.35575942915392;0.15428571;-4.6285715
8.88;94;136;218;252;71.35575942915392;0.15428571;-4.6285715
8.89;94;136;218;252;71.35575942915392;0.15428571;-4.6285715
8.9;94;136;218;252;71.35575942915392;0.15428571;-4.6285715
8.91;94;136;218;252;71.35575942915392;0.15428571;-4.6285715
8.92;94;136;218;252;71.35575942915392;0.15428571;-4.6285715
8.93;94;135;218;253;71.35575942915392;0.11571429;-4.667143
8.94;94;135;218;253;71.35575942915392;0.11571429;-4.667143
8.95;93;135;219;253;71.35575942915392;0.15428571;-4.705714
8.96;93;134;219;254;71.35575942915392;0.11571429;-4.7442856
8.97;93;134;219;254;71.35575942915392;0.11571429;-4.7442856
8.98;93;134;219;254;71.35575942915392;0.11571429;-4.7442856
8.99;92;133;219;254;71.1518858307849;0.11604585;-4.7965617
9.0;92;133;220;255;71.35575942915392;0.11571429;-4.821429
9.01;92;132;220;255;71.25382262996942;0.09656652;-4.8476396
9.02;91;132;221;256;71.35575942915392;0.11571429;-4.8985715
9.03;90;131;221;256;71.1518858307849;0.11604585;-4.951289
9.04;90;130;222;256;71.1518858307849;0.11604585;-4.989971
9.05;89;130;222;257;71.1518858307849;0.11604585;-5.028653
9.06;89;129;222;258;71.1518858307849;0.07736389;-5.067335
9.07;88;128;223;259;71.1518858307849;0.07736389;-5.144699
9.08;87;127;223;260;71.0499490316004;0.05810617;-5.2101865
9.09;87;125;224;261;71.0499490316004;0.019368723;-5.2876616
9.1;86;124;224;263;71.0499490316004;-0.019368723;-5.365136
9.11;86;123;225;264;71.1518858307849;-0.038681947;-5.415473
9.12;85;122;225;266;71.1518858307849;-0.07736389;-5.4928365
9.13;85;121;226;268;71.35575942915392;-0.11571429;-5.5542855
9.14;84;120;226;270;71.35575942915392;-0.15428571;-5.6314287
9.15;84;120;227;271;71.55963302752293;-0.15384616;-5.6538463
9.16;84;120;229;273;71.96738022426095;-0.1529745;-5.6983004
9.17;84;119;230;275;72.17125382262996;-0.19067797;-5.7584743
9.18;83;118;231;276;72.17125382262996;-0.19067797;-5.834746
9.19;82;117;232;278;72.27319062181446;-0.20944993;-5.9217205
9.2;81;116;233;279;72.27319062181446;-0.20944993;-5.9978843
9.21;80;115;235;280;72.37512742099898;-0.19014084;-6.084507
9.22;79;114;235;280;72.17125382262996;-0.19067797;-6.1398306
9.23;78;113;236;281;72.17125382262996;-0.19067797;-6.2161016
9.24;76;112;237;281;71.96738022426095;-0.1529745;-6.3101983
9.25;75;111;237;281;71.76350662589195;-0.1534091;-6.3664775
9.26;75;110;237;281;71.66156982670744;-0.17283073;-6.394737
9.27;74;110;237;280;71.45769622833842;-0.13480742;-6.4129815
9.28;73;109;237;279;71.1518858307849;-0.11604585;-6.4598856
9.29;73;109;237;279;71.1518858307849;-0.11604585;-6.4598856
9.3;72;108;237;279;70.9480122324159;-0.11637931;-6.5172415
9.31;71;107;237;279;70.74413863404689;-0.1167147;-6.574928
9.32;70;106;238;279;70.64220183486238;-0.097402595;-6.642857
9.33;69;106;238;279;70.54026503567788;-0.078034684;-6.671965
9.34;69;106;239;279;70.64220183486238;-0.058441557;-6.681818
9.35;68;105;240;279;70.54026503567788;-0.039017342;-6.75
9.36;68;105;240;279;70.54026503567788;-0.039017342;-6.75
9.37;68;106;241;279;70.74413863404689;0.0;-6.7305474
9.38;68;106;241;279;70.74413863404689;0.0;-6.7305474
9.39;69;106;241;278;70.74413863404689;0.0;-6.6916428
9.4;69;107;240;278;70.74413863404689;0.0;-6.6527376
9.41;70;107;239;278;70.74413863404689;-0.038904898;-6.613833
9.42;70;107;239;278;70.74413863404689;-0.038904898;-6.613833
9.43;71;108;238;279;70.9480122324159;-0.077586204;-6.5560346
9.44;72;109;238;280;71.25382262996942;-0.09656652;-6.5085835
9.45;73;109;238;280;71.35575942915392;-0.11571429;-6.48
9.46;74;110;237;280;71.45769622833842;-0.13480742;-6.4129815
9.47;75;111;236;280;71.55963302752293;-0.15384616;-6.3461537
9.48;77;112;236;281;71.96738022426095;-0.19121814;-6.2719545
9.49;78;114;235;280;72.06931702344546;-0.1718529;-6.1676097
9.5;79;115;234;280;72.17125382262996;-0.19067797;-6.101695
9.51;80;116;234;279;72.27319062181446;-0.17136812;-6.035966
9.52;81;117;233;278;72.27319062181446;-0.17136812;-5.9598026
9.53;82;118;231;277;72.17125382262996;-0.19067797;-5.8728814
9.54;83;118;230;276;72.06931702344546;-0.21004243;-5.823904
9.55;83;118;228;275;71.76350662589195;-0.23011364;-5.791193
9.56;83;118;227;274;71.55963302752293;-0.23076923;-5.769231
9.57;84;119;226;274;71.66156982670744;-0.24964438;-5.703414
9.58;84;119;225;273;71.45769622833842;-0.25035664;-5.68117
9.59;84;119;224;273;71.35575942915392;-0.27;-5.67
9.6;84;119;223;272;71.1518858307849;-0.27077365;-5.6475644
9.61;85;119;222;271;71.0499490316004;-0.29053086;-5.597561
9.62;85;119;221;271;70.9480122324159;-0.31034482;-5.586207
9.63;85;119;221;271;70.9480122324159;-0.31034482;-5.586207
9.64;85;119;220;270;70.74413863404689;-0.31123918;-5.5634007
9.65;85;119;220;270;70.74413863404689;-0.31123918;-5.5634007
9.66;85;119;220;270;70.74413863404689;-0.31123918;-5.5634007
9.67;85;119;220;271;70.84607543323139;-0.33021584;-5.57482
9.68;85;118;221;272;70.9480122324159;-0.34913793;-5.625
9.69;85;118;221;272;70.9480122324159;-0.34913793;-5.625
9.7;85;118;222;273;71.1518858307849;-0.34813753;-5.6475644
9.71;85;118;222;273;71.1518858307849;-0.34813753;-5.6475644
9.72;84;118;223;274;71.25382262996942;-0.32832617;-5.697425
9.73;84;118;223;274;71.25382262996942;-0.32832617;-5.697425
9.74;84;117;224;275;71.35575942915392;-0.34714285;-5.747143
9.75;84;117;225;276;71.55963302752293;-0.34615386;-5.769231
9.76;83;117;226;277;71.66156982670744;-0.32645804;-5.8186345
9.77;83;116;227;278;71.76350662589195;-0.34517047;-5.8678975
9.78;82;115;227;279;71.66156982670744;-0.36486486;-5.933855
9.79;82;115;227;279;71.66156982670744;-0.36486486;-5.933855
9.8;81;114;228;280;71.66156982670744;-0.36486486;-6.0106688
9.81;80;113;228;281;71.55963302752293;-0.3846154;-6.076923
9.82;80;112;228;282;71.55963302752293;-0.42307693;-6.1153846
9.83;79;111;229;284;71.66156982670744;-0.44167852;-6.2027025
9.84;78;110;230;285;71.66156982670744;-0.44167852;-6.279516
9.85;78;109;230;286;71.66156982670744;-0.48008534;-6.317923
9.86;77;108;230;287;71.55963302752293;-0.5;-6.3846154
9.87;76;107;231;288;71.55963302752293;-0.5;-6.4615383
9.88;75;106;231;289;71.45769622833842;-0.5199715;-6.5285306
9.89;74;105;232;290;71.45769622833842;-0.5199715;-6.6055636
9.9;74;103;233;291;71.45769622833842;-0.5584879;-6.682596
9.91;73;102;233;292;71.35575942915392;-0.57857144;-6.75
9.92;72;101;234;293;71.35575942915392;-0.57857144;-6.8271427
9.93;71;100;234;294;71.25382262996942;-0.59871244;-6.89485
9.94;70;99;235;295;71.25382262996942;-0.59871244;-6.972103
9.95;69;98;235;296;71.1518858307849;-0.61891115;-7.0401144
9.96;68;97;236;297;71.1518858307849;-0.61891115;-7.1174784
9.97;68;96;236;297;71.0499490316004;-0.63916785;-7.147059
9.98;67;96;237;298;71.1518858307849;-0.61891115;-7.1948423
9.99;67;96;237;298;71.1518858307849;-0.61891115;-7.1948423
10.0;66;95;238;299;71.1518858307849;-0.61891115;-7.2722063
10.01;66;95;238;299;71.1518858307849;-0.61891115;-7.2722063
10.02;65;94;238;299;70.9480122324159;-0.62068963;-7.331897
10.03;65;93;239;300;71.0499490316004;-0.63916785;-7.3794837
10.04;64;93;240;301;71.1518858307849;-0.61891115;-7.4269342
10.05;64;93;240;302;71.25382262996942;-0.63733906;-7.435622
10.06;64;92;241;302;71.25382262996942;-0.63733906;-7.474249
10.07;64;93;241;303;71.45769622833842;-0.6355207;-7.4529243
10.08;64;93;242;303;71.55963302752293;-0.61538464;-7.4615383
10.09;64;93;242;303;71.55963302752293;-0.61538464;-7.4615383
10.1;64;93;243;304;71.76350662589195;-0.6136364;-7.478693
10.11;64;93;244;304;71.86544342507645;-0.593617;-7.487234
10.12;63;93;245;305;71.96738022426095;-0.5736544;-7.533994
10.13;63;93;246;306;72.17125382262996;-0.5720339;-7.5508475
10.14;63;93;247;305;72.17125382262996;-0.5338983;-7.5508475
10.15;62;93;248;305;72.17125382262996;-0.4957627;-7.588983
10.16;62;93;249;304;72.17125382262996;-0.45762712;-7.588983
10.17;62;94;250;304;72.37512742099898;-0.41830987;-7.5676055
10.18;61;94;251;303;72.27319062181446;-0.36177716;-7.59732
10.19;61;94;252;301;72.17125382262996;-0.30508474;-7.588983
10.2;60;94;252;300;71.96738022426095;-0.26770538;-7.6104817
10.21;60;94;252;298;71.76350662589195;-0.23011364;-7.59375
10.22;59;94;252;296;71.45769622833842;-0.17332383;-7.60699
10.23;59;94;251;294;71.1518858307849;-0.15472779;-7.5816617
10.24;59;95;251;292;71.0499490316004;-0.096843615;-7.5344334
10.25;60;96;251;291;71.1518858307849;-0.07736389;-7.465616
10.26;60;96;250;289;70.84607543323139;-0.058273382;-7.4395685
10.27;60;97;249;287;70.64220183486238;-0.019480519;-7.3831167
10.28;60;97;248;285;70.33639143730886;0.0;-7.3565216
10.29;61;98;247;284;70.33639143730886;0.0;-7.2782607
10.3;62;99;247;284;70.54026503567788;0.0;-7.2182083
10.31;63;100;247;285;70.84607543323139;-0.01942446;-7.167626
10.32;63;101;248;285;71.0499490316004;0.019368723;-7.147059
10.33;64;102;248;284;71.1518858307849;0.038681947;-7.0787964
10.34;65;103;247;283;71.1518858307849;0.038681947;-7.001433
10.35;65;104;247;283;71.25382262996942;0.057939913;-6.972103
10.36;66;105;247;282;71.35575942915392;0.07714286;-6.904286
10.37;67;106;246;282;71.45769622833842;0.057774607;-6.836662
10.38;68;108;246;281;71.66156982670744;0.09601707;-6.7403984
10.39;69;109;245;280;71.66156982670744;0.09601707;-6.6635847
10.4;71;111;245;278;71.86544342507645;0.13404255;-6.529787
10.41;72;112;244;277;71.86544342507645;0.13404255;-6.4531913
10.42;72;114;243;275;71.76350662589195;0.19176136;-6.3664775
10.43;73;115;242;273;71.66156982670744;0.21123755;-6.279516
10.44;74;116;241;272;71.66156982670744;0.21123755;-6.2027025
10.45;75;117;239;270;71.45769622833842;0.21184023;-6.1048503
10.46;76;118;238;269;71.45769622833842;0.21184023;-6.0278172
10.47;76;118;238;269;71.45769622833842;0.21184023;-6.0278172
10.48;77;119;238;268;71.55963302752293;0.23076923;-5.9615383
10.49;77;120;238;268;71.66156982670744;0.24964438;-5.933855
10.5;77;120;237;268;71.55963302752293;0.23076923;-5.923077
10.51;77;119;237;268;71.45769622833842;0.21184023;-5.9507847
10.52;77;119;237;267;71.35575942915392;0.23142858;-5.94
10.53;76;119;237;267;71.25382262996942;0.25107297;-5.967811
10.54;76;119;237;267;71.25382262996942;0.25107297;-5.967811
10.55;76;119;237;266;71.1518858307849;0.27077365;-5.9570203
10.56;76;119;237;266;71.1518858307849;0.27077365;-5.9570203
10.57;77;120;237;265;71.25382262996942;0.28969958;-5.890558
10.58;77;120;237;265;71.25382262996942;0.28969958;-5.890558
10.59;77;121;237;264;71.25382262996942;0.32832617;-5.851931
10.6;77;121;237;264;71.25382262996942;0.32832617;-5.851931
10.61;77;121;236;263;71.0499490316004;0.3292683;-5.8299856
10.62;77;121;236;262;70.9480122324159;0.34913793;-5.8189654
10.63;77;121;236;261;70.84607543323139;0.36906475;-5.807914
10.64;77;121;235;261;70.74413863404689;0.3501441;-5.79683
10.65;77;121;235;260;70.64220183486238;0.37012988;-5.785714
10.66;78;122;234;260;70.74413863404689;0.3501441;-5.7190204
10.67;79;123;233;259;70.74413863404689;0.3501441;-5.6412106
10.68;79;123;230;258;70.33639143730886;0.31304348;-5.595652
10.69;80;123;228;258;70.23445463812436;0.254717;-5.544993
10.7;81;123;226;258;70.13251783893985;0.19622093;-5.494186
10.71;82;123;225;260;70.33639143730886;0.1173913;-5.478261
10.72;83;124;224;261;70.54026503567788;0.078034684;-5.4234104
10.73;84;124;222;262;70.54026503567788;0.0;-5.384393
10.74;85;124;222;264;70.84607543323139;-0.058273382;-5.3805757
10.75;87;125;223;266;71.45769622833842;-0.09629101;-5.3345222
10.76;87;125;224;268;71.76350662589195;-0.11505682;-5.369318
10.77;88;126;224;268;71.96738022426095;-0.11473088;-5.315864
10.78;88;126;224;268;71.96738022426095;-0.11473088;-5.315864
10.79;88;126;224;268;71.96738022426095;-0.11473088;-5.315864
10.8;88;126;223;268;71.86544342507645;-0.13404255;-5.3042555
10.81;88;125;223;268;71.76350662589195;-0.1534091;-5.330966
10.82;87;124;223;269;71.66156982670744;-0.17283073;-5.396159
10.83;87;124;222;270;71.66156982670744;-0.21123755;-5.396159
10.84;87;123;222;271;71.66156982670744;-0.24964438;-5.434566
10.85;87;123;223;272;71.86544342507645;-0.24893618;-5.4574466
10.86;87;122;223;272;71.76350662589195;-0.2684659;-5.484375
10.87;87;122;223;272;71.76350662589195;-0.2684659;-5.484375
10.88;87;122;223;272;71.76350662589195;-0.2684659;-5.484375
10.89;86;122;223;272;71.66156982670744;-0.24964438;-5.5113797
10.9;86;121;222;272;71.45769622833842;-0.28887305;-5.527104
10.91;86;121;222;272;71.45769622833842;-0.28887305;-5.527104
10.92;86;121;222;272;71.45769622833842;-0.28887305;-5.527104
10.93;85;120;222;272;71.25382262996942;-0.28969958;-5.581545
10.94;85;119;222;272;71.1518858307849;-0.30945557;-5.6088824
10.95;85;119;222;273;71.25382262996942;-0.32832617;-5.6201715
10.96;85;118;222;274;71.25382262996942;-0.36695278;-5.658798
10.97;84;118;223;276;71.45769622833842;-0.36590585;-5.719686
10.98;84;117;223;276;71.35575942915392;-0.3857143;-5.747143
10.99;84;116;223;277;71.35575942915392;-0.4242857;-5.785714
11.0;83;116;224;278;71.45769622833842;-0.40442225;-5.8352356
11.01;83;115;224;279;71.45769622833842;-0.44293866;-5.8737516
11.02;82;114;224;280;71.35575942915392;-0.46285716;-5.94
11.03;82;114;225;281;71.55963302752293;-0.46153846;-5.9615383
11.04;81;113;226;282;71.55963302752293;-0.46153846;-6.0384617
11.05;81;112;226;282;71.45769622833842;-0.48145506;-6.066334
11.06;80;112;226;283;71.45769622833842;-0.48145506;-6.1048503
11.07;80;111;226;283;71.35575942915392;-0.50142854;-6.1328573
11.08;80;111;226;284;71.45769622833842;-0.5199715;-6.143367
11.09;80;111;227;284;71.55963302752293;-0.5;-6.1538463
11.1;80;111;227;284;71.55963302752293;-0.5;-6.1538463
11.11;80;111;227;283;71.45769622833842;-0.48145506;-6.143367
11.12;80;112;227;283;71.55963302752293;-0.46153846;-6.1153846
11.13;80;112;227;282;71.45769622833842;-0.44293866;-6.1048503
11.14;80;111;226;282;71.25382262996942;-0.4828326;-6.122318
11.15;80;111;226;282;71.25382262996942;-0.4828326;-6.122318
11.16;81;112;226;282;71.45769622833842;-0.48145506;-6.066334
11.17;81;112;225;282;71.35575942915392;-0.50142854;-6.055714
11.18;81;112;225;282;71.35575942915392;-0.50142854;-6.055714
11.19;81;112;225;282;71.35575942915392;-0.50142854;-6.055714
11.2;81;112;225;282;71.35575942915392;-0.50142854;-6.055714
11.21;82;112;225;282;71.45769622833842;-0.5199715;-6.0278172
11.22;82;112;225;282;71.45769622833842;-0.5199715;-6.0278172
11.23;82;112;225;283;71.55963302752293;-0.53846157;-6.0384617
11.24;81;112;224;283;71.35575942915392;-0.54;-6.055714
11.25;81;112;224;283;71.35575942915392;-0.54;-6.055714
11.26;81;111;224;283;71.25382262996942;-0.56008583;-6.083691
11.27;81;111;223;283;71.1518858307849;-0.5802292;-6.0730658
11.28;81;111;223;284;71.25382262996942;-0.59871244;-6.083691
11.29;81;110;223;284;71.1518858307849;-0.61891115;-6.1117477
11.3;81;110;223;284;71.1518858307849;-0.61891115;-6.1117477
11.31;81;110;222;285;71.1518858307849;-0.65759313;-6.1117477
11.32;81;109;222;285;71.0499490316004;-0.6779053;-6.1398854
11.33;81;109;221;285;70.9480122324159;-0.69827586;-6.12931
11.34;81;109;222;286;71.1518858307849;-0.69627506;-6.1504297
11.35;81;109;222;287;71.25382262996942;-0.7145923;-6.160944
11.36;81;108;222;287;71.1518858307849;-0.73495704;-6.1891117
11.37;81;108;222;287;71.1518858307849;-0.73495704;-6.1891117
11.38;81;108;222;288;71.25382262996942;-0.7532189;-6.1995707
11.39;81;108;222;289;71.35575942915392;-0.7714286;-6.21
11.4;81;107;223;289;71.35575942915392;-0.7714286;-6.2485714
11.41;81;107;223;290;71.45769622833842;-0.7895863;-6.258916
11.42;80;107;223;291;71.45769622833842;-0.7895863;-6.2974324
11.43;80;106;224;292;71.55963302752293;-0.8076923;-6.3461537
11.44;80;106;225;294;71.86544342507645;-0.82340425;-6.376596
11.45;79;105;227;295;71.96738022426095;-0.80311614;-6.463173
11.46;78;105;228;295;71.96738022426095;-0.76487255;-6.501416
11.47;78;105;229;295;72.06931702344546;-0.7446959;-6.5113153
11.48;77;105;230;294;71.96738022426095;-0.68838525;-6.53966
11.49;76;104;230;294;71.76350662589195;-0.69034094;-6.596591
11.5;75;104;231;293;71.66156982670744;-0.63371265;-6.625178
11.51;75;104;231;293;71.66156982670744;-0.63371265;-6.625178
11.52;75;104;232;292;71.66156982670744;-0.59530586;-6.625178
11.53;74;104;232;292;71.55963302752293;-0.5769231;-6.6538463
11.54;73;103;233;292;71.45769622833842;-0.5584879;-6.7211127
11.55;73;103;233;291;71.35575942915392;-0.54;-6.7114286
11.56;72;103;234;291;71.35575942915392;-0.50142854;-6.75
11.57;71;102;235;290;71.1518858307849;-0.4641834;-6.808023
11.58;71;102;235;289;71.0499490316004;-0.44548064;-6.798422
11.59;70;102;235;288;70.84607543323139;-0.40791366;-6.8179855
11.6;70;102;235;287;70.74413863404689;-0.389049;-6.8083572
11.61;70;102;235;287;70.74413863404689;-0.389049;-6.8083572
11.62;70;102;236;287;70.84607543323139;-0.36906475;-6.8179855
11.63;70;102;236;286;70.74413863404689;-0.3501441;-6.8083572
11.64;70;102;236;286;70.74413863404689;-0.3501441;-6.8083572
11.65;70;103;237;287;71.0499490316004;-0.3292683;-6.798422
11.66;70;103;237;287;71.0499490316004;-0.3292683;-6.798422
11.67;70;103;238;287;71.1518858307849;-0.30945557;-6.808023
11.68;70;103;239;288;71.35575942915392;-0.30857143;-6.8271427
11.69;70;104;240;288;71.55963302752293;-0.26923078;-6.8076925
11.7;70;104;241;289;71.76350662589195;-0.2684659;-6.8267045
11.71;70;104;241;288;71.66156982670744;-0.24964438;-6.817212
11.72;70;104;241;288;71.66156982670744;-0.24964438;-6.817212
11.73;70;104;241;287;71.55963302752293;-0.23076923;-6.8076925
11.74;70;105;240;286;71.45769622833842;-0.21184023;-6.7596292
11.75;70;105;240;285;71.35575942915392;-0.19285715;-6.75
11.76;71;106;240;284;71.45769622833842;-0.17332383;-6.682596
11.77;71;107;240;284;71.55963302752293;-0.15384616;-6.6538463
11.78;71;107;240;283;71.45769622833842;-0.13480742;-6.6440797
11.79;71;107;240;283;71.45769622833842;-0.13480742;-6.6440797
11.8;71;108;240;282;71.45769622833842;-0.09629101;-6.6055636
11.81;72;108;240;282;71.55963302752293;-0.115384616;-6.576923
11.82;72;108;241;281;71.55963302752293;-0.07692308;-6.576923
11.83;72;109;241;281;71.66156982670744;-0.057610244;-6.548364
11.84;72;109;241;280;71.55963302752293;-0.03846154;-6.5384617
11.85;72;110;242;279;71.66156982670744;0.019203413;-6.5099573
11.86;71;110;242;279;71.55963302752293;0.03846154;-6.5384617
11.87;71;110;243;278;71.55963302752293;0.07692308;-6.5384617
11.88;71;110;243;278;71.55963302752293;0.07692308;-6.5384617
11.89;70;110;244;277;71.45769622833842;0.13480742;-6.567047
11.9;70;110;244;277;71.45769622833842;0.13480742;-6.567047
11.91;69;110;245;276;71.35575942915392;0.19285715;-6.595714
11.92;69;109;245;276;71.25382262996942;0.17381974;-6.6244636
11.93;68;109;246;275;71.1518858307849;0.2320917;-6.653295
11.94;68;109;246;274;71.0499490316004;0.2517934;-6.643472
11.95;68;110;246;273;71.0499490316004;0.29053086;-6.6047344
11.96;67;110;246;272;70.84607543323139;0.33021584;-6.623741
11.97;67;109;247;272;70.84607543323139;0.33021584;-6.66259
11.98;67;109;248;273;71.0499490316004;0.3292683;-6.6822095
11.99;66;109;249;274;71.1518858307849;0.34813753;-6.730659
12.0;66;109;250;275;71.35575942915392;0.34714285;-6.75
12.01;66;109;251;275;71.45769622833842;0.36590585;-6.7596292
12.02;66;109;252;276;71.66156982670744;0.36486486;-6.7788053
12.03;66;109;252;276;71.66156982670744;0.36486486;-6.7788053
12.04;66;109;252;276;71.66156982670744;0.36486486;-6.7788053
12.05;66;109;252;276;71.66156982670744;0.36486486;-6.7788053
12.06;66;109;252;276;71.66156982670744;0.36486486;-6.7788053
12.07;66;110;253;275;71.76350662589195;0.421875;-6.75
12.08;66;109;253;275;71.66156982670744;0.4032717;-6.7788053
12.09;65;109;253;275;71.55963302752293;0.42307693;-6.8076925
12.1;65;108;254;275;71.55963302752293;0.42307693;-6.8461537
12.11;64;108;254;274;71.35575942915392;0.46285716;-6.865714
12.12;64;108;254;274;71.35575942915392;0.46285716;-6.865714
12.13;64;108;255;273;71.35575942915392;0.50142854;-6.865714
12.14;63;108;255;273;71.25382262996942;0.5214592;-6.89485
12.15;63;108;256;273;71.35575942915392;0.54;-6.904286
12.16;63;108;257;273;71.45769622833842;0.5584879;-6.913695
12.17;62;108;257;272;71.25382262996942;0.59871244;-6.9334764
12.18;62;108;257;272;71.25382262996942;0.59871244;-6.9334764
12.19;62;107;257;272;71.1518858307849;0.5802292;-6.962751
12.2;62;107;258;272;71.25382262996942;0.59871244;-6.972103
12.21;62;107;259;273;71.45769622833842;0.5970043;-6.9907274
12.22;62;107;259;273;71.45769622833842;0.5970043;-6.9907274
12.23;62;108;260;273;71.66156982670744;0.63371265;-6.970839
12.24;61;108;260;272;71.45769622833842;0.6740371;-6.9907274
12.25;61;108;260;271;71.35575942915392;0.6942857;-6.9814286
12.26;61;108;260;271;71.35575942915392;0.6942857;-6.9814286
12.27;61;108;261;271;71.45769622833842;0.7125535;-6.9907274
12.28;61;108;261;271;71.45769622833842;0.7125535;-6.9907274
12.29;61;108;262;271;71.55963302752293;0.7307692;-7.0
12.3;61;108;262;271;71.55963302752293;0.7307692;-7.0
12.31;61;108;262;272;71.66156982670744;0.7105263;-7.009246
12.32;61;108;262;273;71.76350662589195;0.69034094;-7.018466
12.33;62;108;262;274;71.96738022426095;0.65014166;-6.998584
12.34;62;109;262;275;72.17125382262996;0.64830506;-6.9788136
12.35;63;109;262;275;72.27319062181446;0.6283498;-6.9499297
12.36;63;110;262;274;72.27319062181446;0.6664316;-6.9118476
12.37;64;110;261;274;72.27319062181446;0.6283498;-6.873766
12.38;64;110;261;273;72.17125382262996;0.64830506;-6.8644066
12.39;64;110;260;272;71.96738022426095;0.65014166;-6.845609
12.4;63;110;258;271;71.55963302752293;0.65384614;-6.8461537
12.41;63;110;257;270;71.35575942915392;0.6557143;-6.8271427
12.42;63;109;255;269;70.9480122324159;0.62068963;-6.827586
12.43;63;108;254;269;70.74413863404689;0.58357346;-6.8472624
12.44;63;108;254;270;70.84607543323139;0.5633094;-6.8568344
12.45;63;108;253;270;70.74413863404689;0.5446686;-6.8472624
12.46;63;107;253;270;70.64220183486238;0.52597404;-6.876623
12.47;63;107;253;270;70.64220183486238;0.52597404;-6.876623
12.48;63;107;252;270;70.54026503567788;0.50722545;-6.867052
12.49;63;107;252;270;70.54026503567788;0.50722545;-6.867052
12.5;64;108;251;269;70.54026503567788;0.50722545;-6.789017
12.51;64;108;251;270;70.64220183486238;0.48701298;-6.7987013
12.52;65;108;251;271;70.84607543323139;0.4467626;-6.7791367
12.53;65;109;251;272;71.0499490316004;0.44548064;-6.7596846
12.54;65;109;252;272;71.1518858307849;0.4641834;-6.769341
12.55;65;108;252;272;71.0499490316004;0.44548064;-6.798422
12.56;65;109;252;272;71.1518858307849;0.4641834;-6.769341
12.57;65;109;252;271;71.0499490316004;0.4842181;-6.7596846
12.58;65;109;252;271;71.0499490316004;0.4842181;-6.7596846
12.59;65;110;252;271;71.1518858307849;0.5028653;-6.730659
12.6;66;110;253;271;71.35575942915392;0.50142854;-6.7114286
12.61;66;111;253;270;71.35575942915392;0.54;-6.6728573
12.62;66;111;253;270;71.35575942915392;0.54;-6.6728573
12.63;66;112;253;269;71.35575942915392;0.57857144;-6.634286
12.64;66;112;253;268;71.25382262996942;0.59871244;-6.6244636
12.65;66;113;253;267;71.25382262996942;0.63733906;-6.585837
12.66;66;113;253;267;71.25382262996942;0.63733906;-6.585837
12.67;66;113;253;266;71.1518858307849;0.65759313;-6.575931
12.68;66;113;253;266;71.1518858307849;0.65759313;-6.575931
12.69;66;113;252;266;71.0499490316004;0.63916785;-6.565997
12.7;67;114;252;265;71.1518858307849;0.65759313;-6.498567
12.71;67;114;251;264;70.9480122324159;0.6594828;-6.4784484
12.72;67;114;249;264;70.74413863404689;0.62247837;-6.4582133
12.73;68;115;248;263;70.74413863404689;0.62247837;-6.3804035
12.74;70;116;246;263;70.84607543323139;0.5633094;-6.274101
12.75;71;118;245;263;71.0499490316004;0.56169295;-6.1786227
12.76;73;120;244;262;71.25382262996942;0.56008583;-6.0450644
12.77;75;122;243;262;71.55963302752293;0.53846157;-5.923077
12.78;77;123;242;261;71.66156982670744;0.51849216;-5.8186345
12.79;78;125;242;261;71.96738022426095;0.53541076;-5.736544
12.8;78;125;242;261;71.96738022426095;0.53541076;-5.736544
12.81;78;125;242;262;72.06931702344546;0.5155587;-5.7475247
12.82;78;125;243;262;72.17125382262996;0.5338983;-5.7584743
12.83;78;125;243;262;72.17125382262996;0.5338983;-5.7584743
12.84;77;124;243;262;71.96738022426095;0.53541076;-5.813031
12.85;77;124;243;262;71.96738022426095;0.53541076;-5.813031
12.86;77;124;243;262;71.96738022426095;0.53541076;-5.813031
12.87;77;124;243;262;71.96738022426095;0.53541076;-5.813031
12.88;77;123;243;263;71.96738022426095;0.49716714;-5.851275
12.89;76;122;242;263;71.66156982670744;0.48008534;-5.895448
12.9;76;122;243;264;71.86544342507645;0.4787234;-5.9170213
12.91;75;121;243;265;71.76350662589195;0.46022728;-5.9829545
12.92;75;120;245;266;71.96738022426095;0.45892352;-6.042493
12.93;73;119;246;267;71.86544342507645;0.4787234;-6.1468086
12.94;73;118;247;268;71.96738022426095;0.45892352;-6.1954675
12.95;72;118;248;268;71.96738022426095;0.49716714;-6.2337112
12.96;71;117;249;268;71.86544342507645;0.5170213;-6.3
12.97;71;117;249;268;71.86544342507645;0.5170213;-6.3
12.98;70;117;249;267;71.66156982670744;0.556899;-6.317923
12.99;70;117;249;266;71.55963302752293;0.5769231;-6.3076925
13.0;70;117;248;265;71.35575942915392;0.57857144;-6.2871428
13.01;71;117;248;265;71.45769622833842;0.5584879;-6.258916
13.02;71;118;248;265;71.55963302752293;0.5769231;-6.230769
13.03;71;118;248;265;71.55963302752293;0.5769231;-6.230769
13.04;71;118;248;264;71.45769622833842;0.5970043;-6.2203994
13.05;71;119;248;263;71.45769622833842;0.6355207;-6.181883
13.06;71;119;248;262;71.35575942915392;0.6557143;-6.1714287
13.07;72;120;247;262;71.45769622833842;0.6355207;-6.1048503
13.08;72;120;246;261;71.25382262996942;0.63733906;-6.083691
13.09;72;120;246;260;71.1518858307849;0.65759313;-6.0730658
13.1;73;121;245;259;71.1518858307849;0.65759313;-5.995702
13.11;74;121;243;258;70.9480122324159;0.62068963;-5.9353447
13.12;74;122;242;258;70.9480122324159;0.62068963;-5.8965516
13.13;75;123;240;257;70.84607543323139;0.60215825;-5.807914
13.14;76;124;238;256;70.74413863404689;0.58357346;-5.7190204
13.15;77;124;236;254;70.43832823649338;0.56657016;-5.646165
13.16;78;124;234;254;70.33639143730886;0.50869566;-5.595652
13.17;79;125;232;253;70.23445463812436;0.48984036;-5.5058055
13.18;79;124;230;254;70.03058103975535;0.41266376;-5.521834
13.19;80;124;228;254;69.92864424057085;0.3542274;-5.4708457
13.2;81;124;228;256;70.23445463812436;0.29390422;-5.466618
13.21;82;125;229;258;70.74413863404689;0.2723343;-5.446686
13.22;82;125;230;260;71.0499490316004;0.2517934;-5.4813485
13.23;83;126;230;260;71.25382262996942;0.25107297;-5.4270387
13.24;83;126;231;260;71.35575942915392;0.27;-5.4385715
13.25;83;126;230;260;71.25382262996942;0.25107297;-5.4270387
13.26;83;126;230;260;71.25382262996942;0.25107297;-5.4270387
13.27;83;126;229;260;71.1518858307849;0.2320917;-5.415473
13.28;83;126;229;260;71.1518858307849;0.2320917;-5.415473
13.29;83;126;229;261;71.25382262996942;0.21244635;-5.4270387
13.3;83;126;230;262;71.45769622833842;0.21184023;-5.4500713
13.31;83;125;231;262;71.45769622833842;0.21184023;-5.488588
13.32;83;125;231;262;71.45769622833842;0.21184023;-5.488588
13.33;83;125;231;262;71.45769622833842;0.21184023;-5.488588
13.34;83;125;230;261;71.25382262996942;0.21244635;-5.4656653
13.35;83;125;230;261;71.25382262996942;0.21244635;-5.4656653
13.36;83;126;230;261;71.35575942915392;0.23142858;-5.4385715
13.37;83;126;230;261;71.35575942915392;0.23142858;-5.4385715
13.38;84;126;230;262;71.55963302752293;0.1923077;-5.423077
13.39;84;126;230;262;71.55963302752293;0.1923077;-5.423077
13.4;84;126;230;262;71.55963302752293;0.1923077;-5.423077
13.41;84;126;230;263;71.66156982670744;0.17283073;-5.434566
13.42;84;126;230;264;71.76350662589195;0.1534091;-5.4460225
13.43;80;122;233;264;71.25382262996942;0.21244635;-5.697425
13.44;79;122;234;264;71.25382262996942;0.25107297;-5.7360516
13.45;79;122;234;264;71.25382262996942;0.25107297;-5.7360516
13.46;79;122;235;265;71.45769622833842;0.25035664;-5.7582026
13.47;79;122;235;265;71.45769622833842;0.25035664;-5.7582026
13.48;79;122;235;265;71.45769622833842;0.25035664;-5.7582026
13.49;80;122;234;265;71.45769622833842;0.21184023;-5.719686
13.5;80;122;234;265;71.45769622833842;0.21184023;-5.719686
13.51;80;122;234;265;71.45769622833842;0.21184023;-5.719686
13.52;80;122;234;265;71.45769622833842;0.21184023;-5.719686
13.53;79;122;235;265;71.45769622833842;0.25035664;-5.7582026
13.54;79;121;236;265;71.45769622833842;0.25035664;-5.796719
13.55;78;121;237;266;71.55963302752293;0.26923078;-5.8461537
13.56;77;120;238;265;71.35575942915392;0.30857143;-5.9014287
13.57;77;120;239;265;71.45769622833842;0.32738945;-5.912268
13.58;76;120;239;264;71.25382262996942;0.36695278;-5.9291844
13.59;76;120;240;264;71.35575942915392;0.3857143;-5.94
13.6;76;121;240;264;71.45769622833842;0.40442225;-5.912268
13.61;75;121;241;263;71.35575942915392;0.46285716;-5.94
13.62;75;121;241;262;71.25382262996942;0.4828326;-5.9291844
13.63;75;121;241;261;71.1518858307849;0.5028653;-5.9183383
13.64;75;121;241;260;71.0499490316004;0.52295554;-5.9074607
13.65;75;121;240;260;70.9480122324159;0.50431037;-5.8965516
13.66;74;120;240;259;70.64220183486238;0.52597404;-5.9415584
13.67;74;120;240;259;70.64220183486238;0.52597404;-5.9415584
13.68;74;120;240;260;70.74413863404689;0.5057637;-5.95245
13.69;75;120;240;261;70.9480122324159;0.46551725;-5.9353447
13.7;75;120;241;263;71.25382262996942;0.444206;-5.967811
13.71;75;120;242;264;71.45769622833842;0.44293866;-5.989301
13.72;75;120;243;265;71.66156982670744;0.44167852;-6.0106688
13.73;75;120;244;266;71.86544342507645;0.44042554;-6.0319147
13.74;75;120;244;266;71.86544342507645;0.44042554;-6.0319147
13.75;75;120;245;267;72.06931702344546;0.43917963;-6.053041
13.76;75;120;245;268;72.17125382262996;0.41949153;-6.0635595
13.77;74;120;246;268;72.17125382262996;0.45762712;-6.101695
13.78;74;119;245;269;72.06931702344546;0.4009901;-6.1294203
13.79;74;118;245;269;71.96738022426095;0.38243628;-6.1572237
13.8;74;118;245;270;72.06931702344546;0.36280057;-6.1676097
13.81;74;118;245;271;72.17125382262996;0.34322035;-6.177966
13.82;74;117;245;271;72.06931702344546;0.32461104;-6.205799
13.83;73;117;244;271;71.86544342507645;0.32553193;-6.2234044
13.84;73;116;244;271;71.76350662589195;0.3068182;-6.2514205
13.85;73;115;243;271;71.55963302752293;0.26923078;-6.269231
13.86;73;115;242;271;71.45769622833842;0.25035664;-6.258916
13.87;72;114;241;271;71.1518858307849;0.2320917;-6.3051577
13.88;72;114;240;270;70.9480122324159;0.23275863;-6.284483
13.89;73;114;239;270;70.9480122324159;0.19396552;-6.24569
13.9;73;113;238;270;70.74413863404689;0.15561959;-6.2636886
13.91;73;113;237;270;70.64220183486238;0.13636364;-6.253247
13.92;73;113;237;270;70.64220183486238;0.13636364;-6.253247
13.93;73;113;237;270;70.64220183486238;0.13636364;-6.253247
13.94;73;113;236;270;70.54026503567788;0.117052026;-6.2427745
13.95;74;114;235;269;70.54026503567788;0.117052026;-6.16474
13.96;74;114;235;269;70.54026503567788;0.117052026;-6.16474
13.97;75;115;235;269;70.74413863404689;0.1167147;-6.108069
13.98;75;115;234;268;70.54026503567788;0.117052026;-6.086705
13.99;76;116;233;268;70.64220183486238;0.097402595;-6.0194807
14.0;77;116;232;268;70.64220183486238;0.058441557;-5.9805193
14.01;78;117;232;269;70.9480122324159;0.038793102;-5.9353447
14.02;79;118;233;269;71.25382262996942;0.057939913;-5.890558
14.03;79;119;233;270;71.45769622833842;0.057774607;-5.8737516
14.04;80;120;233;270;71.66156982670744;0.057610244;-5.8186345
14.05;80;121;234;269;71.76350662589195;0.11505682;-5.791193
14.06;81;121;234;269;71.86544342507645;0.095744684;-5.7638297
14.07;81;122;233;268;71.76350662589195;0.11505682;-5.7144885
14.08;81;122;233;268;71.76350662589195;0.11505682;-5.7144885
14.09;81;122;233;267;71.66156982670744;0.1344239;-5.703414
14.1;81;122;233;267;71.66156982670744;0.1344239;-5.703414
14.11;81;122;233;267;71.66156982670744;0.1344239;-5.703414
14.12;81;122;233;267;71.66156982670744;0.1344239;-5.703414
14.13;81;122;233;267;71.66156982670744;0.1344239;-5.703414
14.14;80;121;233;267;71.45769622833842;0.13480742;-5.7582026
14.15;80;121;233;267;71.45769622833842;0.13480742;-5.7582026
14.16;80;121;233;267;71.45769622833842;0.13480742;-5.7582026
14.17;79;120;233;267;71.25382262996942;0.13519314;-5.813305
14.18;79;120;233;267;71.25382262996942;0.13519314;-5.813305
14.19;79;120;233;267;71.25382262996942;0.13519314;-5.813305
14.2;78;119;233;266;70.9480122324159;0.15517241;-5.8577585
14.21;78;119;234;267;71.1518858307849;0.15472779;-5.8796563
14.22;78;119;235;267;71.25382262996942;0.17381974;-5.890558
14.23;77;119;235;268;71.25382262996942;0.17381974;-5.9291844
14.24;77;118;236;268;71.25382262996942;0.17381974;-5.967811
14.25;77;118;237;268;71.35575942915392;0.19285715;-5.9785714
14.26;76;118;237;268;71.25382262996942;0.21244635;-6.006438
14.27;76;118;238;268;71.35575942915392;0.23142858;-6.017143
14.28;76;118;239;268;71.45769622833842;0.25035664;-6.0278172
14.29;75;117;240;270;71.55963302752293;0.23076923;-6.1153846
14.3;74;116;242;272;71.76350662589195;0.23011364;-6.213068
14.31;73;115;243;274;71.86544342507645;0.2106383;-6.3
14.32;73;115;244;274;71.96738022426095;0.22946176;-6.3101983
14.33;72;114;245;275;71.96738022426095;0.22946176;-6.3866854
14.34;72;114;245;275;71.96738022426095;0.22946176;-6.3866854
14.35;72;114;245;275;71.96738022426095;0.22946176;-6.3866854
14.36;72;114;245;275;71.96738022426095;0.22946176;-6.3866854
14.37;72;114;246;275;72.06931702344546;0.24823196;-6.3967466
14.38;72;114;246;275;72.06931702344546;0.24823196;-6.3967466
14.39;72;115;246;275;72.17125382262996;0.26694915;-6.368644
14.4;72;115;246;274;72.06931702344546;0.2864215;-6.358557
14.41;73;116;246;273;72.17125382262996;0.30508474;-6.2923727
14.42;73;117;246;272;72.17125382262996;0.34322035;-6.254237
14.43;74;118;245;270;72.06931702344546;0.36280057;-6.1676097
14.44;75;120;245;269;72.27319062181446;0.39985895;-6.074048
14.45;76;121;244;267;72.17125382262996;0.41949153;-5.987288
14.46;77;123;244;266;72.37512742099898;0.45633802;-5.8943663
14.47;78;125;243;264;72.37512742099898;0.4943662;-5.7802815
14.48;79;127;242;261;72.27319062181446;0.5521862;-5.655148
14.49;80;129;241;259;72.27319062181446;0.59026796;-5.5409026
14.5;81;130;240;257;72.17125382262996;0.6101695;-5.4533896
14.51;82;131;239;255;72.06931702344546;0.6301273;-5.365629
14.52;82;132;238;253;71.86544342507645;0.67021275;-5.3042555
14.53;83;133;237;252;71.86544342507645;0.67021275;-5.2276597
14.54;83;133;237;250;71.66156982670744;0.7105263;-5.2041254
14.55;82;134;236;249;71.45769622833842;0.7510699;-5.1804566
14.56;82;134;235;247;71.1518858307849;0.77363896;-5.144699
14.57;82;134;235;246;71.0499490316004;0.7941176;-5.1327114
14.58;82;134;234;244;70.74413863404689;0.8170029;-5.096542
14.59;82;134;233;242;70.43832823649338;0.8400868;-5.060058
14.6;81;135;233;241;70.33639143730886;0.9;-5.0478263
14.61;81;135;233;240;70.23445463812436;0.92089987;-5.0355587
14.62;81;135;233;239;70.13251783893985;0.94186044;-5.023256
14.63;81;135;233;239;70.13251783893985;0.94186044;-5.023256
14.64;81;134;232;239;69.92864424057085;0.9052478;-5.037901
14.65;80;134;233;239;69.92864424057085;0.9446064;-5.0772595
14.66;80;133;233;240;69.92864424057085;0.9052478;-5.116618
14.67;80;133;233;240;69.92864424057085;0.9052478;-5.116618
14.68;79;132;234;241;69.92864424057085;0.9052478;-5.1953354
14.69;79;132;235;243;70.23445463812436;0.8817126;-5.231495
14.7;79;131;235;244;70.23445463812436;0.8425254;-5.2706823
14.71;79;131;236;245;70.43832823649338;0.8400868;-5.294501
14.72;78;130;236;246;70.33639143730886;0.82173914;-5.3608694
14.73;78;130;237;247;70.54026503567788;0.8193642;-5.384393
14.74;78;129;238;249;70.74413863404689;0.778098;-5.446686
14.75;78;129;238;250;70.84607543323139;0.75755394;-5.4582734
14.76;77;128;239;252;70.9480122324159;0.73706895;-5.547414
14.77;77;127;240;253;71.0499490316004;0.71664274;-5.597561
14.78;77;127;241;255;71.35575942915392;0.6942857;-5.6314287
14.79;76;126;241;256;71.25382262996942;0.67596567;-5.697425
14.8;76;125;241;257;71.25382262996942;0.63733906;-5.7360516
14.81;76;124;242;258;71.35575942915392;0.61714286;-5.785714
14.82;75;124;241;258;71.1518858307849;0.61891115;-5.8022923
14.83;75;123;241;259;71.1518858307849;0.5802292;-5.8409743
14.84;75;123;241;259;71.1518858307849;0.5802292;-5.8409743
14.85;75;123;241;259;71.1518858307849;0.5802292;-5.8409743
14.86;75;123;241;259;71.1518858307849;0.5802292;-5.8409743
14.87;75;122;241;259;71.0499490316004;0.56169295;-5.868723
14.88;75;122;240;259;70.9480122324159;0.54310346;-5.8577585
14.89;75;122;240;260;71.0499490316004;0.52295554;-5.868723
14.9;75;122;240;260;71.0499490316004;0.52295554;-5.868723
14.91;75;122;240;260;71.0499490316004;0.52295554;-5.868723
14.92;75;122;239;260;70.9480122324159;0.50431037;-5.8577585
14.93;75;121;239;260;70.84607543323139;0.4856115;-5.8856115
14.94;74;121;238;260;70.64220183486238;0.48701298;-5.9025974
14.95;74;120;238;260;70.54026503567788;0.4682081;-5.930636
14.96;73;119;238;260;70.33639143730886;0.4695652;-5.9869566
14.97;73;118;238;261;70.33639143730886;0.4304348;-6.026087
14.98;73;118;238;261;70.33639143730886;0.4304348;-6.026087
14.99;72;118;238;261;70.23445463812436;0.4506531;-6.0544267
15.0;72;117;237;261;70.03058103975535;0.41266376;-6.0720525
15.01;72;117;237;261;70.03058103975535;0.41266376;-6.0720525
15.02;72;116;237;262;70.03058103975535;0.37336245;-6.111354
15.03;71;116;238;263;70.13251783893985;0.39244187;-6.1613374
15.04;71;115;239;265;70.33639143730886;0.35217392;-6.2217393
15.05;71;115;240;266;70.54026503567788;0.35115606;-6.2427745
15.06;71;114;240;268;70.64220183486238;0.29220778;-6.2922077
15.07;70;113;240;269;70.54026503567788;0.2731214;-6.3598266
15.08;70;112;240;270;70.54026503567788;0.23410405;-6.398844
15.09;69;110;240;271;70.33639143730886;0.19565217;-6.495652
15.1;68;109;240;272;70.23445463812436;0.17634253;-6.563861
15.11;67;107;239;272;69.82670744138633;0.1379562;-6.641606
15.12;66;106;239;273;69.72477064220183;0.118421055;-6.7105265
15.13;65;105;239;274;69.62283384301733;0.098828696;-6.779649
15.14;64;103;239;275;69.41896024464832;0.059471365;-6.8788548
15.15;64;102;238;276;69.3170234454638;0.0;-6.9088235
15.16;63;100;238;277;69.1131498470948;-0.03982301;-7.0088496
15.17;62;99;237;278;68.90927624872579;-0.07988165;-7.0695267
15.18;61;97;236;278;68.50152905198776;-0.12053572;-7.151786
15.19;60;96;236;279;68.39959225280326;-0.14083457;-7.2228017
15.2;59;95;236;280;68.29765545361876;-0.16119403;-7.2940297
15.21;58;93;236;280;67.99184505606523;-0.18215892;-7.387556
15.22;58;92;236;281;67.99184505606523;-0.22263868;-7.428036
15.23;57;91;237;282;67.99184505606523;-0.22263868;-7.5089955
15.24;56;89;237;284;67.88990825688073;-0.2837838;-7.6216216
15.25;55;88;237;285;67.78797145769623;-0.30451128;-7.693985
15.26;54;87;237;287;67.78797145769623;-0.34511277;-7.775188
15.27;54;86;237;288;67.78797145769623;-0.3857143;-7.8157897
15.28;53;85;237;289;67.68603465851172;-0.4066265;-7.888554
15.29;53;84;238;290;67.78797145769623;-0.42631578;-7.937594
15.3;53;84;238;291;67.88990825688073;-0.44594595;-7.9459457
15.31;52;82;237;290;67.3802242609582;-0.4697428;-8.026475
15.32;50;81;234;286;66.36085626911314;-0.43548387;-8.06682
15.33;49;79;231;283;65.4434250764526;-0.46261683;-8.116822
15.34;47;77;228;280;64.42405708460754;-0.4699367;-8.202532
15.35;46;75;226;277;63.608562691131496;-0.47596154;-8.264423
15.36;44;73;222;273;62.38532110091743;-0.4852941;-8.338235
15.37;42;71;218;269;61.162079510703364;-0.495;-8.415
15.38;40;69;214;264;59.83690112130479;-0.48296422;-8.486371
15.39;38;67;209;259;58.40978593272171;-0.4947644;-8.552356
15.4;37;65;204;252;56.88073394495412;-0.48387095;-8.564516
15.41;35;63;199;245;55.249745158002035;-0.4483395;-8.618081
15.42;33;61;193;238;53.51681957186544;-0.43714285;-8.665714
15.43;32;60;188;232;52.19164118246687;-0.421875;-8.6484375
15.44;30;58;182;225;50.45871559633027;-0.4090909;-8.7
15.45;28;56;176;218;48.72579001019368;-0.39539748;-8.75523
15.46;26;53;169;210;46.68705402650357;-0.41266376;-8.842794
15.47;24;51;161;201;44.54638124362895;-0.40160182;-8.866133
15.48;21;48;152;190;41.896024464831804;-0.36131388;-8.967154
15.49;18;44;142;177;38.837920489296636;-0.31889763;-9.106299
15.5;15;41;131;163;35.67787971457696;-0.23142858;-9.18
15.51;11;37;119;148;32.11009174311926;-0.12857144;-9.385715
15.52;8;33;106;133;28.54230377166157;-0.09642857;-9.546429
15.53;5;29;94;118;25.07645259938838;0.0;-9.768292
15.54;2;25;82;104;21.712538226299692;0.06338028;-10.077465
15.55;0;22;71;90;18.654434250764524;0.22131148;-10.254098
15.56;0;17;62;77;15.902140672782874;0.17307693;-10.557693
15.57;0;12;54;64;13.251783893985728;0.20769231;-11.007692
15.58;0;8;45;54;10.9072375127421;-0.12616822;-11.481308
15.59;0;5;38;45;8.970438328236494;-0.3068182;-11.965909
15.6;0;3;31;36;7.135575942915392;-0.3857143;-12.342857
15.61;0;1;25;29;5.606523955147808;-0.73636365;-13.009091
15.62;0;0;20;23;4.3832823649337405;-0.94186044;-13.5
15.63;0;0;14;17;3.1600407747196737;-1.3064516;-13.5
15.64;0;0;10;11;2.1406727828746175;-0.64285713;-13.5
15.65;0;0;6;7;1.325178389398573;-1.0384616;-13.5
15.66;0;0;3;2;0.509683995922528;2.7;-13.5
15.67;0;0;0;0;0.0;0.0;0.0
15.68;0;0;0;0;0.0;0.0;0.0
15.69;0;0;0;0;0.0;0.0;0.0
15.7;0;0;0;0;0.0;0.0;0.0
15.71;0;0;0;0;0.0;0.0;0.0
15.72;0;0;0;0;0.0;0.0;0.0
15.73;0;0;0;0;0.0;0.0;0.0
15.74;0;0;0;0;0.0;0.0;0.0
15.75;0;0;0;0;0.0;0.0;0.0
15.76;0;0;0;0;0.0;0.0;0.0
15.77;0;0;0;0;0.0;0.0;0.0
15.78;0;0;0;0;0.0;0.0;0.0
15.79;0;0;0;0;0.0;0.0;0.0
15.8;0;0;0;0;0.0;0.0;0.0
15.81;0;0;0;0;0.0;0.0;0.0
15.82;0;0;0;0;0.0;0.0;0.0
15.83;0;0;0;0;0.0;0.0;0.0
15.84;0;0;0;0;0.0;0.0;0.0
15.85;0;0;0;0;0.0;0.0;0.0
15.86;0;0;0;0;0.0;0.0;0.0
15.87;0;0;0;0;0.0;0.0;0.0
15.88;0;0;0;0;0.0;0.0;0.0
15.89;0;0;0;0;0.0;0.0;0.0
15.9;0;0;0;0;0.0;0.0;0.0
15.91;0;0;0;0;0.0;0.0;0.0
15.92;0;0;0;0;0.0;0.0;0.0
15.93;0;0;0;0;0.0;0.0;0.0
15.94;0;0;0;0;0.0;0.0;0.0
15.95;0;0;0;0;0.0;0.0;0.0
15.96;0;0;0;0;0.0;0.0;0.0
15.97;0;0;0;0;0.0;0.0;0.0
15.98;0;0;0;0;0.0;0.0;0.0
15.99;0;0;0;0;0.0;0.0;0.0
16.0;0;0;0;0;0.0;0.0;0.0
16.01;0;0;0;0;0.0;0.0;0.0
16.02;0;0;0;0;0.0;0.0;0.0
16.03;0;0;0;0;0.0;0.0;0.0
16.04;0;0;0;0;0.0;0.0;0.0
16.05;0;0;0;0;0.0;0.0;0.0
16.06;0;0;0;0;0.0;0.0;0.0
16.07;0;0;0;0;0.0;0.0;0.0
16.08;0;0;0;0;0.0;0.0;0.0
16.09;0;0;0;0;0.0;0.0;0.0
16.1;0;0;0;0;0.0;0.0;0.0
16.11;0;0;0;0;0.0;0.0;0.0
16.12;0;0;0;0;0.0;0.0;0.0
16.13;0;0;0;0;0.0;0.0;0.0
16.14;0;0;0;0;0.0;0.0;0.0
16.15;0;0;0;0;0.0;0.0;0.0
16.16;0;0;0;0;0.0;0.0;0.0
16.17;0;0;0;0;0.0;0.0;0.0
16.18;0;0;0;0;0.0;0.0;0.0
16.19;0;0;0;0;0.0;0.0;0.0
16.2;0;0;0;0;0.0;0.0;0.0
16.21;0;0;0;0;0.0;0.0;0.0
16.22;0;0;0;0;0.0;0.0;0.0
16.23;0;0;0;0;0.0;0.0;0.0
16.24;0;0;0;0;0.0;0.0;0.0
16.25;0;0;0;0;0.0;0.0;0.0
16.26;0;0;0;0;0.0;0.0;0.0
16.27;0;0;0;0;0.0;0.0;0.0
16.28;0;0;0;0;0.0;0.0;0.0
16.29;0;0;0;0;0.0;0.0;0.0
16.3;0;0;0;0;0.0;0.0;0.0
16.31;0;0;0;0;0.0;0.0;0.0
16.32;0;0;0;0;0.0;0.0;0.0
16.33;0;0;0;0;0.0;0.0;0.0
16.34;0;0;0;0;0.0;0.0;0.0
16.35;0;0;0;0;0.0;0.0;0.0
16.36;0;0;0;0;0.0;0.0;0.0
16.37;0;0;0;0;0.0;0.0;0.0
16.38;0;0;0;0;0.0;0.0;0.0
16.39;0;0;0;0;0.0;0.0;0.0
16.4;0;0;0;0;0.0;0.0;0.0
16.41;0;0;0;0;0.0;0.0;0.0
16.42;0;0;0;0;0.0;0.0;0.0
16.43;0;0;0;0;0.0;0.0;0.0
16.44;0;0;0;0;0.0;0.0;0.0
16.45;0;0;0;0;0.0;0.0;0.0
16.46;0;0;0;0;0.0;0.0;0.0
16.47;0;0;0;0;0.0;0.0;0.0
16.48;0;0;0;0;0.0;0.0;0.0
16.49;0;0;0;0;0.0;0.0;0.0
16.5;0;0;0;0;0.0;0.0;0.0
16.51;0;0;0;0;0.0;0.0;0.0
16.52;0;0;0;0;0.0;0.0;0.0
16.53;0;0;0;0;0.0;0.0;0.0
16.54;0;0;0;0;0.0;0.0;0.0
16.55;0;0;0;0;0.0;0.0;0.0
16.56;0;0;0;0;0.0;0.0;0.0
16.57;0;0;0;0;0.0;0.0;0.0
16.58;0;0;0;0;0.0;0.0;0.0
16.59;0;0;0;0;0.0;0.0;0.0
16.6;0;0;0;0;0.0;0.0;0.0
16.61;0;0;0;0;0.0;0.0;0.0
16.62;0;0;0;0;0.0;0.0;0.0
16.63;0;0;0;0;0.0;0.0;0.0
16.64;0;0;0;0;0.0;0.0;0.0
16.65;0;0;0;0;0.0;0.0;0.0
16.66;0;0;0;0;0.0;0.0;0.0
16.67;0;0;0;0;0.0;0.0;0.0
16.68;0;0;0;0;0.0;0.0;0.0
16.69;0;0;0;0;0.0;0.0;0.0
16.7;0;0;0;0;0.0;0.0;0.0
16.71;0;0;0;0;0.0;0.0;0.0
16.72;0;0;0;0;0.0;0.0;0.0
16.73;0;0;0;0;0.0;0.0;0.0
16.74;0;0;0;0;0.0;0.0;0.0
16.75;0;0;0;0;0.0;0.0;0.0
16.76;0;0;0;0;0.0;0.0;0.0
16.77;0;0;0;0;0.0;0.0;0.0
16.78;0;0;0;0;0.0;0.0;0.0
16.79;0;0;0;0;0.0;0.0;0.0
16.8;0;0;0;0;0.0;0.0;0.0
16.81;0;0;0;0;0.0;0.0;0.0
16.82;0;0;0;0;0.0;0.0;0.0
16.83;0;0;0;0;0.0;0.0;0.0
16.84;0;0;0;0;0.0;0.0;0.0
16.85;0;0;0;0;0.0;0.0;0.0
16.86;0;0;0;0;0.0;0.0;0.0
16.87;0;0;0;0;0.0;0.0;0.0
16.88;0;0;0;0;0.0;0.0;0.0
16.89;0;0;0;0;0.0;0.0;0.0
16.9;0;0;0;0;0.0;0.0;0.0
16.91;0;0;0;0;0.0;0.0;0.0
16.92;0;0;0;0;0.0;0.0;0.0
16.93;0;0;0;0;0.0;0.0;0.0
16.94;0;0;0;0;0.0;0.0;0.0
16.95;0;0;0;0;0.0;0.0;0.0
16.96;0;0;0;0;0.0;0.0;0.0
16.97;0;0;0;0;0.0;0.0;0.0
16.98;0;0;0;0;0.0;0.0;0.0
16.99;0;0;0;0;0.0;0.0;0.0
17.0;0;0;0;0;0.0;0.0;0.0
17.01;0;0;0;0;0.0;0.0;0.0
17.02;0;0;0;0;0.0;0.0;0.0
17.03;0;0;0;0;0.0;0.0;0.0
17.04;0;0;0;0;0.0;0.0;0.0
17.05;0;0;0;0;0.0;0.0;0.0
17.06;0;0;0;0;0.0;0.0;0.0
17.07;0;0;0;0;0.0;0.0;0.0
17.08;0;0;0;0;0.0;0.0;0.0
17.09;0;0;0;0;0.0;0.0;0.0
17.1;0;0;0;0;0.0;0.0;0.0
17.11;0;0;0;0;0.0;0.0;0.0
17.12;0;0;0;0;0.0;0.0;0.0
17.13;0;0;0;0;0.0;0.0;0.0
17.14;0;0;0;0;0.0;0.0;0.0
17.15;0;0;0;0;0.0;0.0;0.0
17.16;0;0;0;0;0.0;0.0;0.0
17.17;0;0;0;0;0.0;0.0;0.0
17.18;0;0;0;0;0.0;0.0;0.0
17.19;0;0;0;0;0.0;0.0;0.0
17.2;0;0;0;0;0.0;0.0;0.0
17.21;0;0;0;0;0.0;0.0;0.0
17.22;0;0;0;0;0.0;0.0;0.0
17.23;0;0;0;0;0.0;0.0;0.0
17.24;0;0;0;0;0.0;0.0;0.0
17.25;0;0;0;0;0.0;0.0;0.0
17.26;0;0;0;0;0.0;0.0;0.0
17.27;0;0;0;0;0.0;0.0;0.0
17.28;0;0;0;0;0.0;0.0;0.0
17.29;0;0;0;0;0.0;0.0;0.0
17.3;0;0;0;0;0.0;0.0;0.0
17.31;0;0;0;0;0.0;0.0;0.0
17.32;0;0;0;0;0.0;0.0;0.0
17.33;0;0;0;0;0.0;0.0;0.0
17.34;0;0;0;0;0.0;0.0;0.0
17.35;0;0;0;0;0.0;0.0;0.0
17.36;0;0;0;0;0.0;0.0;0.0
17.37;0;0;0;0;0.0;0.0;0.0
17.38;0;0;0;0;0.0;0.0;0.0
17.39;0;0;0;0;0.0;0.0;0.0
17.4;0;0;0;0;0.0;0.0;0.0
17.41;0;0;0;0;0.0;0.0;0.0
17.42;0;0;0;0;0.0;0.0;0.0
17.43;0;0;0;0;0.0;0.0;0.0
17.44;0;0;0;0;0.0;0.0;0.0
17.45;0;0;0;0;0.0;0.0;0.0
17.46;0;0;0;0;0.0;0.0;0.0
17.47;0;0;0;0;0.0;0.0;0.0
17.48;0;0;0;0;0.0;0.0;0.0
17.49;0;0;0;0;0.0;0.0;0.0
17.5;0;0;0;0;0.0;0.0;0.0
17.51;0;0;0;0;0.0;0.0;0.0
17.52;0;0;0;0;0.0;0.0;0.0
17.53;0;0;0;0;0.0;0.0;0.0
17.54;0;0;0;0;0.0;0.0;0.0
17.55;0;0;0;0;0.0;0.0;0.0
17.56;0;0;0;0;0.0;0.0;0.0
17.57;0;0;0;0;0.0;0.0;0.0
17.58;0;0;0;0;0.0;0.0;0.0
17.59;0;0;0;0;0.0;0.0;0.0
17.6;0;0;0;0;0.0;0.0;0.0
17.61;0;0;0;0;0.0;0.0;0.0
17.62;0;0;0;0;0.0;0.0;0.0
17.63;0;0;0;0;0.0;0.0;0.0
17.64;0;0;0;0;0.0;0.0;0.0
17.65;0;0;0;0;0.0;0.0;0.0
17.66;0;0;0;0;0.0;0.0;0.0
