 Height:  Visitor ;  Weight:  Visitor ;  Age:  -1 ;  Gender:  Visitor; name: milana; color: green; situation: normal
Temps (s);F1 (N);F2 (N);F3 (N);F4 (N);Fz (kg);ML (cm);AP (cm);Poids (kg);Instant apparition poids (s);Score equilibre;Vitesse de la phase de montee;Surface du stabilogramme;Vitesse de deplacement du centre des pressions;Phase de stabilisation
0.01;0;0;0;0;0.0;0.0;0.0;77.98165137614679;13.13;16;4;4;4;4; 173.85887416468452; 1.8471313835512801; 0.912386238426649; 2.0190195310026655
0.02;0;0;0;0;0.0;0.0;0.0
0.03;0;0;0;0;0.0;0.0;0.0
0.04;0;0;0;0;0.0;0.0;0.0
0.05;0;0;0;0;0.0;0.0;0.0
0.06;0;0;0;0;0.0;0.0;0.0
0.07;0;0;0;0;0.0;0.0;0.0
0.08;0;0;0;0;0.0;0.0;0.0
0.09;0;0;0;0;0.0;0.0;0.0
0.1;0;0;0;0;0.0;0.0;0.0
0.11;0;0;0;0;0.0;0.0;0.0
0.12;0;0;0;0;0.0;0.0;0.0
0.13;0;0;0;0;0.0;0.0;0.0
0.14;0;0;0;0;0.0;0.0;0.0
0.15;0;0;0;0;0.0;0.0;0.0
0.16;0;0;0;0;0.0;0.0;0.0
0.17;0;0;0;0;0.0;0.0;0.0
0.18;0;0;0;0;0.0;0.0;0.0
0.19;0;0;0;0;0.0;0.0;0.0
0.2;0;0;0;0;0.0;0.0;0.0
0.21;0;0;0;0;0.0;0.0;0.0
0.22;0;0;0;0;0.0;0.0;0.0
0.23;0;0;0;0;0.0;0.0;0.0
0.24;0;0;0;0;0.0;0.0;0.0
0.25;0;0;0;0;0.0;0.0;0.0
0.26;0;0;0;0;0.0;0.0;0.0
0.27;0;0;0;0;0.0;0.0;0.0
0.28;0;0;0;0;0.0;0.0;0.0
0.29;0;0;0;0;0.0;0.0;0.0
0.3;0;0;0;0;0.0;0.0;0.0
0.31;0;0;0;0;0.0;0.0;0.0
0.32;0;0;0;0;0.0;0.0;0.0
0.33;0;0;0;0;0.0;0.0;0.0
0.34;0;0;0;0;0.0;0.0;0.0
0.35;0;0;0;0;0.0;0.0;0.0
0.36;0;0;0;0;0.0;0.0;0.0
0.37;0;0;0;0;0.0;0.0;0.0
0.38;0;0;0;0;0.0;0.0;0.0
0.39;0;0;0;0;0.0;0.0;0.0
0.4;0;0;0;0;0.0;0.0;0.0
0.41;0;0;0;0;0.0;0.0;0.0
0.42;0;0;0;0;0.0;0.0;0.0
0.43;0;0;0;0;0.0;0.0;0.0
0.44;0;0;0;0;0.0;0.0;0.0
0.45;0;0;0;0;0.0;0.0;0.0
0.46;0;0;0;0;0.0;0.0;0.0
0.47;0;0;0;0;0.0;0.0;0.0
0.48;0;0;0;0;0.0;0.0;0.0
0.49;0;0;0;0;0.0;0.0;0.0
0.5;0;0;0;0;0.0;0.0;0.0
0.51;0;0;0;0;0.0;0.0;0.0
0.52;0;0;0;0;0.0;0.0;0.0
0.53;0;0;0;0;0.0;0.0;0.0
0.54;0;0;0;0;0.0;0.0;0.0
0.55;0;0;0;0;0.0;0.0;0.0
0.56;0;0;0;0;0.0;0.0;0.0
0.57;0;0;0;0;0.0;0.0;0.0
0.58;0;0;0;0;0.0;0.0;0.0
0.59;0;0;0;0;0.0;0.0;0.0
0.6;0;0;0;0;0.0;0.0;0.0
0.61;0;0;0;0;0.0;0.0;0.0
0.62;0;0;0;0;0.0;0.0;0.0
0.63;0;0;0;0;0.0;0.0;0.0
0.64;0;0;0;0;0.0;0.0;0.0
0.65;0;0;0;0;0.0;0.0;0.0
0.66;0;0;0;0;0.0;0.0;0.0
0.67;0;0;0;0;0.0;0.0;0.0
0.68;0;0;0;0;0.0;0.0;0.0
0.69;0;0;0;0;0.0;0.0;0.0
0.7;0;0;0;0;0.0;0.0;0.0
0.71;0;0;0;0;0.0;0.0;0.0
0.72;0;0;0;0;0.0;0.0;0.0
0.73;0;0;0;0;0.0;0.0;0.0
0.74;0;0;0;0;0.0;0.0;0.0
0.75;0;0;0;0;0.0;0.0;0.0
0.76;0;0;0;0;0.0;0.0;0.0
0.77;0;0;0;0;0.0;0.0;0.0
0.78;0;0;0;0;0.0;0.0;0.0
0.79;0;0;0;0;0.0;0.0;0.0
0.8;0;0;0;0;0.0;0.0;0.0
0.81;0;0;0;0;0.0;0.0;0.0
0.82;0;0;0;0;0.0;0.0;0.0
0.83;0;0;0;0;0.0;0.0;0.0
0.84;0;0;0;0;0.0;0.0;0.0
0.85;0;0;0;0;0.0;0.0;0.0
0.86;0;0;0;0;0.0;0.0;0.0
0.87;0;0;0;0;0.0;0.0;0.0
0.88;0;0;0;0;0.0;0.0;0.0
0.89;0;0;0;0;0.0;0.0;0.0
0.9;0;0;0;0;0.0;0.0;0.0
0.91;0;0;0;0;0.0;0.0;0.0
0.92;0;0;0;0;0.0;0.0;0.0
0.93;0;0;0;0;0.0;0.0;0.0
0.94;0;0;0;0;0.0;0.0;0.0
0.95;0;0;0;0;0.0;0.0;0.0
0.96;0;0;0;0;0.0;0.0;0.0
0.97;0;0;0;0;0.0;0.0;0.0
0.98;0;0;0;0;0.0;0.0;0.0
0.99;0;0;0;0;0.0;0.0;0.0
1.0;0;0;0;0;0.0;0.0;0.0
1.01;0;0;0;0;0.0;0.0;0.0
1.02;0;0;0;0;0.0;0.0;0.0
1.03;0;0;0;0;0.0;0.0;0.0
1.04;0;0;0;0;0.0;0.0;0.0
1.05;0;0;0;0;0.0;0.0;0.0
1.06;0;0;0;0;0.0;0.0;0.0
1.07;0;0;0;0;0.0;0.0;0.0
1.08;0;0;0;0;0.0;0.0;0.0
1.09;0;0;1;0;0.1019367991845056;13.5;-13.5
1.1;0;0;4;1;0.509683995922528;8.1;-13.5
1.11;0;0;7;2;0.9174311926605504;7.5;-13.5
1.12;0;1;12;4;1.7329255861365953;7.147059;-11.911765
1.13;0;1;19;6;2.650356778797146;7.269231;-12.461538
1.14;0;1;28;11;4.077471967380224;6.075;-12.825
1.15;0;3;40;19;6.320081549439347;5.225806;-12.193548
1.16;1;5;51;25;8.358817533129459;4.9390244;-11.52439
1.17;1;6;55;26;8.970438328236494;5.215909;-11.352273
1.18;1;7;54;25;8.868501529051988;5.4310346;-11.0172415
1.19;1;8;53;24;8.766564729867481;5.6511626;-10.674418
1.2;2;10;52;23;8.868501529051988;5.7413793;-9.775862
1.21;2;12;53;23;9.174311926605505;6.0;-9.3
1.22;3;13;55;23;9.582059123343527;6.0319147;-8.904255
1.23;4;15;58;24;10.295616717635065;6.0148516;-8.420792
1.24;4;17;62;26;11.11111111111111;6.068807;-8.298165
1.25;5;19;68;29;12.334352701325178;5.9132233;-8.144629
1.26;5;21;77;32;13.761467889908257;6.1;-8.3
1.27;5;23;87;37;15.494393476044852;6.0394735;-8.526316
1.28;6;26;98;42;17.533129459734962;5.9651165;-8.476745
1.29;6;28;109;47;19.367991845056064;5.968421;-8.668421
1.3;6;31;122;53;21.61060142711519;5.985849;-8.787736
1.31;7;34;134;60;23.955147808358817;5.802128;-8.789362
1.32;7;37;148;66;26.299694189602445;5.860465;-8.895349
1.33;8;40;162;73;28.848114169215084;5.7720847;-8.920495
1.34;8;44;178;81;31.70234454638124;5.773312;-8.985531
1.35;9;47;196;89;34.76044852191641;5.740469;-9.065983
1.36;9;51;214;97;37.81855249745158;5.785714;-9.133423
1.37;10;55;235;107;41.48827726809378;5.7383294;-9.187961
1.38;11;59;258;117;45.361875637104994;5.733708;-9.252809
1.39;12;63;280;127;49.1335372069317;5.713693;-9.298756
1.4;12;65;301;136;52.39551478083588;5.725681;-9.455253
1.41;12;67;318;144;55.14780835881753;5.714418;-9.5573015
1.42;12;69;332;150;57.39041794087665;5.730906;-9.615453
1.43;12;70;345;155;59.32721712538226;5.7525773;-9.695876
1.44;12;71;356;160;61.06014271151886;5.7470784;-9.758764
1.45;12;72;366;164;62.58919469928644;5.7605863;-9.806189
1.46;13;74;376;169;64.42405708460754;5.724684;-9.783228
1.47;13;75;384;172;65.64729867482161;5.7437887;-9.810559
1.48;14;77;391;173;66.76860346585117;5.791603;-9.748855
1.49;15;79;398;175;67.99184505606523;5.8088455;-9.694902
1.5;15;81;404;177;69.01121304791029;5.8426886;-9.671344
1.51;15;82;410;180;70.03058103975535;5.8362446;-9.687773
1.52;16;83;415;182;70.9480122324159;5.8189654;-9.659483
1.53;17;85;419;185;71.96738022426095;5.7747874;-9.59915
1.54;17;86;422;187;72.579001019368;5.764045;-9.594101
1.55;18;87;425;189;73.29255861365952;5.7267036;-9.557024
1.56;19;88;428;191;74.00611620795107;5.6900826;-9.520661
1.57;20;90;431;194;74.92354740061161;5.6387753;-9.459184
1.58;21;92;433;196;75.63710499490315;5.6037736;-9.38814
1.59;22;95;435;196;76.24872579001018;5.6310163;-9.276738
1.6;23;98;436;197;76.86034658511723;5.622016;-9.167109
1.61;25;101;437;196;77.37003058103976;5.63834;-9.017787
1.62;26;104;437;195;77.67584097859327;5.6692915;-8.893701
1.63;27;107;436;194;77.87971457696229;5.6897907;-8.764398
1.64;27;109;433;191;77.47196738022426;5.7552633;-8.668421
1.65;28;111;430;188;77.16615698267074;5.795905;-8.542273
1.66;29;113;426;185;76.75840978593271;5.826693;-8.408366
1.67;30;115;422;183;76.4525993883792;5.832;-8.28
1.68;31;117;418;181;76.14678899082568;5.8373494;-8.150602
1.69;32;119;414;178;75.73904179408767;5.8687754;-8.012786
1.7;33;120;410;176;75.33129459734964;5.8640056;-7.9100137
1.71;33;122;406;174;74.92354740061161;5.8959184;-7.8061223
1.72;34;123;402;172;74.5158002038736;5.891245;-7.7010946
1.73;34;124;398;170;74.00611620795107;5.9132233;-7.623967
1.74;35;126;395;168;73.80224260958205;5.929558;-7.4958563
1.75;36;127;392;166;73.49643221202854;5.9355063;-7.395978
1.76;37;128;391;165;73.49643221202854;5.9355063;-7.3210816
1.77;37;130;390;165;73.59836901121304;5.9459834;-7.2548475
1.78;38;131;391;165;73.90417940876657;5.94;-7.206207
1.79;39;133;392;166;74.4138634046891;5.917808;-7.138356
1.8;39;134;395;168;75.02548419979613;5.90625;-7.1535325
1.81;40;135;399;170;75.84097859327217;5.879032;-7.149194
1.82;40;136;403;172;76.55453618756371;5.8781624;-7.1724367
1.83;40;137;406;174;77.16615698267074;5.867239;-7.186922
1.84;41;138;409;176;77.87971457696229;5.831152;-7.1740837
1.85;41;138;411;177;78.1855249745158;5.8259454;-7.198827
1.86;41;139;413;178;78.59327217125382;5.8307395;-7.196498
1.87;42;140;415;178;79.00101936799184;5.835484;-7.1593547
1.88;42;140;416;178;79.10295616717634;5.8453608;-7.167526
1.89;41;140;416;178;79.00101936799184;5.8703227;-7.1941934
1.9;41;140;416;178;79.00101936799184;5.8703227;-7.1941934
1.91;41;139;416;177;78.79714576962283;5.885511;-7.212807
1.92;40;138;415;177;78.49133537206932;5.890909;-7.2584414
1.93;40;136;413;178;78.1855249745158;5.8259454;-7.304433
1.94;41;134;412;184;78.59327217125382;5.6206226;-7.3715954
1.95;45;132;410;191;79.30682976554536;5.3097687;-7.3573265
1.96;52;130;408;200;80.53007135575943;4.887342;-7.279747
1.97;56;128;406;210;81.54943934760448;4.5225;-7.29
1.98;60;125;402;222;82.46687054026503;4.088381;-7.325711
1.99;65;122;397;236;83.5881753312946;3.5890243;-7.342683
2.0;70;119;390;250;84.50560652395514;3.0778046;-7.344391
2.01;76;116;382;260;85.01529051987767;2.622302;-7.2841725
2.02;79;113;371;266;84.50560652395514;2.2635705;-7.2466826
2.03;83;109;359;269;83.5881753312946;1.9097561;-7.1780486
2.04;86;106;346;270;82.36493374108052;1.6039604;-7.0841584
2.05;88;102;333;272;81.03975535168195;1.273585;-7.0471697
2.06;89;99;321;273;79.71457696228337;1.0012788;-7.008951
2.07;90;95;310;274;78.3893985728848;0.7197659;-7.0045514
2.08;90;92;299;275;77.06422018348623;0.4642857;-7.0
2.09;90;90;291;275;76.04485219164118;0.28954422;-6.985255
2.1;89;87;283;276;74.92354740061161;0.091836736;-7.0346937
2.11;89;85;278;278;74.4138634046891;-0.073972605;-7.0643835
2.12;88;83;273;280;73.80224260958205;-0.22375691;-7.122928
2.13;88;81;271;282;73.59836901121304;-0.3365651;-7.1800556
2.14;88;80;269;285;73.59836901121304;-0.44875348;-7.2174516
2.15;88;79;268;287;73.59836901121304;-0.5235457;-7.2548475
2.16;87;78;269;290;73.80224260958205;-0.5593923;-7.346685
2.17;86;78;271;292;74.10805300713557;-0.53851444;-7.409216
2.18;86;77;273;296;74.6177370030581;-0.59016395;-7.4877048
2.19;86;77;276;300;75.33129459734964;-0.6028417;-7.544655
2.2;85;76;280;305;76.04485219164118;-0.6152815;-7.672922
2.21;85;75;283;310;76.75840978593271;-0.6633466;-7.762948
2.22;86;75;287;316;77.87971457696229;-0.7068063;-7.8102093
2.23;87;74;290;323;78.89908256880733;-0.8023256;-7.883721
2.24;88;73;293;328;79.71457696228337;-0.86317134;-7.9411764
2.25;89;73;295;333;80.53007135575943;-0.9227848;-7.963291
2.26;91;73;295;336;81.03975535168195;-1.0018868;-7.9301887
2.27;92;72;293;338;81.03975535168195;-1.1037736;-7.9301887
2.28;94;72;291;339;81.14169215086646;-1.1871859;-7.8693466
2.29;95;71;287;338;80.63200815494393;-1.2800252;-7.8337545
2.3;96;71;283;336;80.1223241590214;-1.3396946;-7.7633586
2.31;97;70;278;334;79.40876656472986;-1.4383825;-7.71181
2.32;98;69;273;332;78.69520897043833;-1.5388601;-7.6593266
2.33;98;69;269;330;78.08358817533129;-1.5861619;-7.613577
2.34;99;68;265;328;77.47196738022426;-1.6697369;-7.5671053
2.35;100;68;262;326;77.06422018348623;-1.7142857;-7.5
2.36;101;68;259;326;76.86034658511723;-1.7904509;-7.448276
2.37;101;68;257;326;76.65647298674821;-1.831117;-7.432181
2.38;102;68;255;327;76.65647298674821;-1.9029255;-7.3962765
2.39;103;67;254;329;76.75840978593271;-1.9900398;-7.4043827
2.4;104;67;254;331;77.06422018348623;-2.0357144;-7.392857
2.41;104;67;255;334;77.47196738022426;-2.0605264;-7.425
2.42;105;67;255;336;77.77777777777777;-2.1055045;-7.4134994
2.43;106;67;256;338;78.1855249745158;-2.1297262;-7.410039
2.44;107;67;256;340;78.49133537206932;-2.174026;-7.398701
2.45;108;67;256;342;78.79714576962283;-2.2179818;-7.3874516
2.46;108;67;255;342;78.69520897043833;-2.238342;-7.379534
2.47;109;67;254;342;78.69520897043833;-2.2733161;-7.3445597
2.48;111;67;252;342;78.69520897043833;-2.3432643;-7.2746115
2.49;112;67;250;342;78.59327217125382;-2.3988328;-7.2315173
2.5;113;67;249;341;78.49133537206932;-2.4194806;-7.1883116
2.51;113;67;247;341;78.2874617737003;-2.4609375;-7.171875
2.52;114;67;245;340;78.08358817533129;-2.502611;-7.1201043
2.53;115;67;244;340;78.08358817533129;-2.537859;-7.0848565
2.54;115;67;244;339;77.98165137614679;-2.5235295;-7.0764704
2.55;116;68;243;339;78.08358817533129;-2.537859;-7.0143604
2.56;117;68;243;339;78.1855249745158;-2.5521512;-6.987614
2.57;118;69;242;340;78.3893985728848;-2.580624;-6.9343305
2.58;118;69;242;340;78.3893985728848;-2.580624;-6.9343305
2.59;119;69;242;340;78.49133537206932;-2.5948052;-6.907792
2.6;119;69;241;340;78.3893985728848;-2.6157348;-6.89922
2.61;120;69;241;340;78.49133537206932;-2.6298702;-6.8727274
2.62;120;70;240;339;78.3893985728848;-2.6157348;-6.8289986
2.63;120;70;240;339;78.3893985728848;-2.6157348;-6.8289986
2.64;120;70;240;339;78.3893985728848;-2.6157348;-6.8289986
2.65;120;70;239;338;78.1855249745158;-2.6225555;-6.8116035
2.66;120;70;239;338;78.1855249745158;-2.6225555;-6.8116035
2.67;120;71;239;337;78.1855249745158;-2.5873532;-6.7764015
2.68;120;71;238;336;77.98165137614679;-2.5941176;-6.7588234
2.69;120;71;238;335;77.87971457696229;-2.579843;-6.75
2.7;120;71;238;335;77.87971457696229;-2.579843;-6.75
2.71;119;71;238;334;77.67584097859327;-2.551181;-6.7677164
2.72;119;71;239;334;77.77777777777777;-2.5301442;-6.77654
2.73;119;71;239;334;77.77777777777777;-2.5301442;-6.77654
2.74;118;71;240;334;77.77777777777777;-2.4947577;-6.811927
2.75;118;71;241;334;77.87971457696229;-2.4738219;-6.8206806
2.76;117;71;242;334;77.87971457696229;-2.4384816;-6.856021
2.77;117;70;243;334;77.87971457696229;-2.4384816;-6.891361
2.78;116;70;244;334;77.87971457696229;-2.4031413;-6.9267015
2.79;116;71;245;334;78.08358817533129;-2.3616188;-6.908616
2.8;116;71;246;334;78.1855249745158;-2.3409388;-6.91721
2.81;115;71;246;334;78.08358817533129;-2.3263707;-6.9438643
2.82;115;71;246;334;78.08358817533129;-2.3263707;-6.9438643
2.83;115;71;247;333;78.08358817533129;-2.2911227;-6.9438643
2.84;114;71;247;333;77.98165137614679;-2.2764707;-6.970588
2.85;114;71;248;333;78.08358817533129;-2.2558746;-6.979112
2.86;113;71;249;332;77.98165137614679;-2.2058823;-7.0058823
2.87;112;71;250;332;77.98165137614679;-2.1705883;-7.0411763
2.88;112;71;250;331;77.87971457696229;-2.155759;-7.0327225
2.89;111;71;251;330;77.77777777777777;-2.1055045;-7.0596333
2.9;111;71;251;330;77.77777777777777;-2.1055045;-7.0596333
2.91;111;71;252;329;77.77777777777777;-2.070118;-7.0596333
2.92;110;72;252;328;77.67584097859327;-2.019685;-7.0511813
2.93;110;72;253;327;77.67584097859327;-1.984252;-7.0511813
2.94;110;72;253;326;77.57390417940876;-1.9691195;-7.042707
2.95;109;72;254;326;77.57390417940876;-1.93364;-7.0781865
2.96;109;72;254;325;77.47196738022426;-1.918421;-7.069737
2.97;109;73;255;324;77.57390417940876;-1.8626807;-7.042707
2.98;109;73;256;324;77.67584097859327;-1.8425196;-7.0511813
2.99;109;73;256;324;77.67584097859327;-1.8425196;-7.0511813
3.0;109;74;257;324;77.87971457696229;-1.802356;-7.0327225
3.01;109;74;258;323;77.87971457696229;-1.7670157;-7.0327225
3.02;109;74;259;323;77.98165137614679;-1.7470589;-7.0411763
3.03;110;75;260;323;78.2874617737003;-1.7226562;-6.9960938
3.04;110;75;261;323;78.3893985728848;-1.7028608;-7.0045514
3.05;110;76;262;323;78.59327217125382;-1.6634241;-6.9863815
3.06;110;76;262;322;78.49133537206932;-1.648052;-6.977922
3.07;110;76;262;322;78.49133537206932;-1.648052;-6.977922
3.08;110;76;262;321;78.3893985728848;-1.6326398;-6.969441
3.09;110;77;262;321;78.49133537206932;-1.612987;-6.9428573
3.1;110;77;262;320;78.3893985728848;-1.5975293;-6.9343305
3.11;110;77;262;319;78.2874617737003;-1.5820312;-6.9257812
3.12;110;77;262;319;78.2874617737003;-1.5820312;-6.9257812
3.13;110;77;261;318;78.08358817533129;-1.5861619;-6.908616
3.14;110;77;261;318;78.08358817533129;-1.5861619;-6.908616
3.15;110;78;261;317;78.08358817533129;-1.5509138;-6.8733683
3.16;111;78;261;317;78.1855249745158;-1.5664928;-6.8468056
3.17;111;78;261;317;78.1855249745158;-1.5664928;-6.8468056
3.18;111;78;261;317;78.1855249745158;-1.5664928;-6.8468056
3.19;111;78;261;316;78.08358817533129;-1.5509138;-6.83812
3.2;111;78;260;316;77.98165137614679;-1.5705882;-6.829412
3.21;111;79;260;315;77.98165137614679;-1.5352942;-6.7941175
3.22;111;79;260;315;77.98165137614679;-1.5352942;-6.7941175
3.23;111;79;260;314;77.87971457696229;-1.5196335;-6.7853403
3.24;112;79;260;314;77.98165137614679;-1.5352942;-6.7588234
3.25;112;80;260;314;78.08358817533129;-1.5156658;-6.732376
3.26;112;80;260;314;78.08358817533129;-1.5156658;-6.732376
3.27;112;80;260;313;77.98165137614679;-1.5;-6.7235293
3.28;112;80;260;313;77.98165137614679;-1.5;-6.7235293
3.29;112;81;260;313;78.08358817533129;-1.4804177;-6.697128
3.3;112;81;260;313;78.08358817533129;-1.4804177;-6.697128
3.31;112;81;260;313;78.08358817533129;-1.4804177;-6.697128
3.32;112;81;261;312;78.08358817533129;-1.4451697;-6.697128
3.33;112;82;261;312;78.1855249745158;-1.4256845;-6.6707954
3.34;112;82;261;311;78.08358817533129;-1.4099216;-6.66188
3.35;112;82;262;310;78.08358817533129;-1.3746736;-6.66188
3.36;112;83;262;310;78.1855249745158;-1.3552803;-6.6355934
3.37;112;83;263;309;78.1855249745158;-1.3200783;-6.6355934
3.38;112;83;263;308;78.08358817533129;-1.3041775;-6.6266317
3.39;112;83;264;308;78.1855249745158;-1.2848761;-6.6355934
3.4;111;83;264;307;77.98165137614679;-1.2529411;-6.652941
3.41;111;83;265;306;77.98165137614679;-1.2176471;-6.652941
3.42;111;83;265;306;77.98165137614679;-1.2176471;-6.652941
3.43;111;84;266;305;78.08358817533129;-1.1631854;-6.6266317
3.44;110;84;267;305;78.08358817533129;-1.1279373;-6.66188
3.45;110;84;267;304;77.98165137614679;-1.1117647;-6.652941
3.46;110;85;268;303;78.08358817533129;-1.0574412;-6.6266317
3.47;110;85;269;302;78.08358817533129;-1.0221932;-6.6266317
3.48;110;85;269;301;77.98165137614679;-1.0058824;-6.617647
3.49;110;86;270;301;78.1855249745158;-0.9680574;-6.600391
3.5;110;86;271;300;78.1855249745158;-0.9328553;-6.600391
3.51;110;87;272;299;78.2874617737003;-0.87890625;-6.5742188
3.52;110;87;272;299;78.2874617737003;-0.87890625;-6.5742188
3.53;110;87;273;298;78.2874617737003;-0.84375;-6.5742188
3.54;110;87;273;298;78.2874617737003;-0.84375;-6.5742188
3.55;110;88;274;297;78.3893985728848;-0.78998697;-6.5481143
3.56;109;88;274;297;78.2874617737003;-0.7734375;-6.5742188
3.57;109;88;274;296;78.1855249745158;-0.7568449;-6.565189
3.58;109;88;274;296;78.1855249745158;-0.7568449;-6.565189
3.59;109;88;274;295;78.08358817533129;-0.74020886;-6.5561357
3.6;109;88;274;295;78.08358817533129;-0.74020886;-6.5561357
3.61;109;89;275;294;78.1855249745158;-0.6864407;-6.529987
3.62;109;89;275;294;78.1855249745158;-0.6864407;-6.529987
3.63;109;89;275;293;78.08358817533129;-0.6697128;-6.520888
3.64;109;89;275;293;78.08358817533129;-0.6697128;-6.520888
3.65;109;90;275;293;78.1855249745158;-0.6512386;-6.494785
3.66;109;90;276;292;78.1855249745158;-0.61603653;-6.494785
3.67;109;90;276;292;78.1855249745158;-0.61603653;-6.494785
3.68;108;90;276;291;77.98165137614679;-0.58235294;-6.5117645
3.69;108;90;277;291;78.08358817533129;-0.56396866;-6.520888
3.7;108;90;277;290;77.98165137614679;-0.5470588;-6.5117645
3.71;107;90;278;290;77.98165137614679;-0.5117647;-6.547059
3.72;107;90;278;290;77.98165137614679;-0.5117647;-6.547059
3.73;107;90;279;289;77.98165137614679;-0.4764706;-6.547059
3.74;106;90;279;288;77.77777777777777;-0.4423329;-6.56422
3.75;106;90;279;287;77.67584097859327;-0.42519686;-6.555118
3.76;105;90;280;286;77.57390417940876;-0.37253612;-6.581472
3.77;105;90;280;286;77.57390417940876;-0.37253612;-6.581472
3.78;105;90;281;285;77.57390417940876;-0.33705652;-6.581472
3.79;105;90;281;285;77.57390417940876;-0.33705652;-6.581472
3.8;104;90;282;284;77.47196738022426;-0.28421053;-6.607895
3.81;104;90;282;284;77.47196738022426;-0.28421053;-6.607895
3.82;104;91;283;285;77.77777777777777;-0.26539972;-6.599607
3.83;104;91;284;285;77.87971457696229;-0.2473822;-6.608639
3.84;104;91;284;285;77.87971457696229;-0.2473822;-6.608639
3.85;104;91;285;285;77.98165137614679;-0.22941177;-6.617647
3.86;104;91;286;285;78.08358817533129;-0.21148825;-6.6266317
3.87;104;91;286;285;78.08358817533129;-0.21148825;-6.6266317
3.88;104;92;286;285;78.1855249745158;-0.19361147;-6.600391
3.89;104;92;286;285;78.1855249745158;-0.19361147;-6.600391
3.9;104;92;286;285;78.1855249745158;-0.19361147;-6.600391
3.91;104;92;286;284;78.08358817533129;-0.1762402;-6.591384
3.92;104;92;285;284;77.98165137614679;-0.19411765;-6.582353
3.93;104;92;285;284;77.98165137614679;-0.19411765;-6.582353
3.94;104;92;285;283;77.87971457696229;-0.17670158;-6.5732985
3.95;104;92;285;283;77.87971457696229;-0.17670158;-6.5732985
3.96;104;92;286;283;77.98165137614679;-0.15882353;-6.582353
3.97;104;92;286;283;77.98165137614679;-0.15882353;-6.582353
3.98;104;92;286;283;77.98165137614679;-0.15882353;-6.582353
3.99;104;92;286;284;78.08358817533129;-0.1762402;-6.591384
4.0;104;92;286;284;78.08358817533129;-0.1762402;-6.591384
4.01;104;92;286;284;78.08358817533129;-0.1762402;-6.591384
4.02;104;92;286;284;78.08358817533129;-0.1762402;-6.591384
4.03;104;92;286;285;78.1855249745158;-0.19361147;-6.600391
4.04;104;92;286;285;78.1855249745158;-0.19361147;-6.600391
4.05;104;92;286;285;78.1855249745158;-0.19361147;-6.600391
4.06;105;92;286;284;78.1855249745158;-0.19361147;-6.565189
4.07;105;92;285;284;78.08358817533129;-0.21148825;-6.5561357
4.08;105;93;285;284;78.1855249745158;-0.19361147;-6.529987
4.09;105;93;285;284;78.1855249745158;-0.19361147;-6.529987
4.1;105;93;285;283;78.08358817533129;-0.1762402;-6.520888
4.11;105;93;285;283;78.08358817533129;-0.1762402;-6.520888
4.12;105;93;285;283;78.08358817533129;-0.1762402;-6.520888
4.13;105;93;285;282;77.98165137614679;-0.15882353;-6.5117645
4.14;105;93;285;282;77.98165137614679;-0.15882353;-6.5117645
4.15;105;93;285;282;77.98165137614679;-0.15882353;-6.5117645
4.16;105;93;285;282;77.98165137614679;-0.15882353;-6.5117645
4.17;105;93;285;282;77.98165137614679;-0.15882353;-6.5117645
4.18;105;93;285;282;77.98165137614679;-0.15882353;-6.5117645
4.19;105;93;285;282;77.98165137614679;-0.15882353;-6.5117645
4.2;105;93;285;283;78.08358817533129;-0.1762402;-6.520888
4.21;105;93;286;283;78.1855249745158;-0.15840939;-6.529987
4.22;106;93;286;284;78.3893985728848;-0.19310793;-6.513004
4.23;106;93;286;284;78.3893985728848;-0.19310793;-6.513004
4.24;106;93;286;284;78.3893985728848;-0.19310793;-6.513004
4.25;106;94;285;284;78.3893985728848;-0.19310793;-6.4778934
4.26;106;94;285;283;78.2874617737003;-0.17578125;-6.46875
4.27;107;94;284;283;78.2874617737003;-0.2109375;-6.4335938
4.28;107;94;284;282;78.1855249745158;-0.19361147;-6.424381
4.29;107;94;283;282;78.08358817533129;-0.21148825;-6.4151435
4.3;106;94;283;282;77.98165137614679;-0.19411765;-6.4411764
4.31;106;94;283;282;77.98165137614679;-0.19411765;-6.4411764
4.32;106;94;283;281;77.87971457696229;-0.17670158;-6.431937
4.33;106;93;283;281;77.77777777777777;-0.19462648;-6.4580603
4.34;106;93;283;281;77.77777777777777;-0.19462648;-6.4580603
4.35;106;93;283;282;77.87971457696229;-0.21204188;-6.4672775
4.36;106;93;283;282;77.87971457696229;-0.21204188;-6.4672775
4.37;106;93;284;282;77.98165137614679;-0.19411765;-6.4764705
4.38;106;93;284;282;77.98165137614679;-0.19411765;-6.4764705
4.39;106;93;284;282;77.98165137614679;-0.19411765;-6.4764705
4.4;106;93;284;281;77.87971457696229;-0.17670158;-6.4672775
4.41;105;93;284;281;77.77777777777777;-0.15923984;-6.493447
4.42;105;93;284;281;77.77777777777777;-0.15923984;-6.493447
4.43;106;93;284;281;77.87971457696229;-0.17670158;-6.4672775
4.44;106;93;284;281;77.87971457696229;-0.17670158;-6.4672775
4.45;106;93;284;281;77.87971457696229;-0.17670158;-6.4672775
4.46;106;93;284;281;77.87971457696229;-0.17670158;-6.4672775
4.47;106;93;285;281;77.98165137614679;-0.15882353;-6.4764705
4.48;106;93;285;281;77.98165137614679;-0.15882353;-6.4764705
4.49;106;93;285;281;77.98165137614679;-0.15882353;-6.4764705
4.5;106;94;285;281;78.08358817533129;-0.14099216;-6.450392
4.51;106;94;284;281;77.98165137614679;-0.15882353;-6.4411764
4.52;106;94;284;281;77.98165137614679;-0.15882353;-6.4411764
4.53;107;94;284;281;78.08358817533129;-0.1762402;-6.4151435
4.54;107;94;284;281;78.08358817533129;-0.1762402;-6.4151435
4.55;107;94;284;281;78.08358817533129;-0.1762402;-6.4151435
4.56;107;94;284;281;78.08358817533129;-0.1762402;-6.4151435
4.57;107;94;284;282;78.1855249745158;-0.19361147;-6.424381
4.58;107;94;284;282;78.1855249745158;-0.19361147;-6.424381
4.59;107;94;284;282;78.1855249745158;-0.19361147;-6.424381
4.6;108;95;284;282;78.3893985728848;-0.19310793;-6.372562
4.61;108;95;284;282;78.3893985728848;-0.19310793;-6.372562
4.62;108;95;283;282;78.2874617737003;-0.2109375;-6.3632812
4.63;108;95;283;282;78.2874617737003;-0.2109375;-6.3632812
4.64;108;95;283;282;78.2874617737003;-0.2109375;-6.3632812
4.65;108;95;282;282;78.1855249745158;-0.22881356;-6.3539767
4.66;108;95;282;282;78.1855249745158;-0.22881356;-6.3539767
4.67;108;95;281;281;77.98165137614679;-0.22941177;-6.3352942
4.68;109;95;281;281;78.08358817533129;-0.24673629;-6.3093996
4.69;109;96;280;281;78.08358817533129;-0.24673629;-6.2741513
4.7;109;96;280;281;78.08358817533129;-0.24673629;-6.2741513
4.71;109;96;280;281;78.08358817533129;-0.24673629;-6.2741513
4.72;109;96;280;281;78.08358817533129;-0.24673629;-6.2741513
4.73;109;96;280;281;78.08358817533129;-0.24673629;-6.2741513
4.74;109;96;280;281;78.08358817533129;-0.24673629;-6.2741513
4.75;109;96;279;281;77.98165137614679;-0.2647059;-6.2647057
4.76;109;96;279;281;77.98165137614679;-0.2647059;-6.2647057
4.77;109;96;279;281;77.98165137614679;-0.2647059;-6.2647057
4.78;110;96;278;281;77.98165137614679;-0.3;-6.2294116
4.79;110;97;278;280;77.98165137614679;-0.2647059;-6.1941175
4.8;110;97;278;280;77.98165137614679;-0.2647059;-6.1941175
4.81;110;97;278;280;77.98165137614679;-0.2647059;-6.1941175
4.82;110;97;278;281;78.08358817533129;-0.28198433;-6.2036552
4.83;110;97;277;281;77.98165137614679;-0.3;-6.1941175
4.84;110;97;277;281;77.98165137614679;-0.3;-6.1941175
4.85;110;96;277;281;77.87971457696229;-0.31806284;-6.2198954
4.86;110;96;277;281;77.87971457696229;-0.31806284;-6.2198954
4.87;110;96;277;281;77.87971457696229;-0.31806284;-6.2198954
4.88;110;96;277;281;77.87971457696229;-0.31806284;-6.2198954
4.89;110;96;277;281;77.87971457696229;-0.31806284;-6.2198954
4.9;110;96;277;282;77.98165137614679;-0.33529413;-6.2294116
4.91;110;96;277;282;77.98165137614679;-0.33529413;-6.2294116
4.92;110;96;276;282;77.87971457696229;-0.35340315;-6.2198954
4.93;110;96;276;282;77.87971457696229;-0.35340315;-6.2198954
4.94;110;96;276;282;77.87971457696229;-0.35340315;-6.2198954
4.95;110;96;276;283;77.98165137614679;-0.37058824;-6.2294116
4.96;111;96;276;283;78.08358817533129;-0.38772845;-6.2036552
4.97;111;96;276;283;78.08358817533129;-0.38772845;-6.2036552
4.98;111;96;276;284;78.1855249745158;-0.404824;-6.213168
4.99;111;96;276;284;78.1855249745158;-0.404824;-6.213168
5.0;111;96;276;284;78.1855249745158;-0.404824;-6.213168
5.01;111;96;276;284;78.1855249745158;-0.404824;-6.213168
5.02;111;95;276;285;78.1855249745158;-0.44002607;-6.24837
5.03;111;95;275;285;78.08358817533129;-0.45822453;-6.2389035
5.04;111;95;275;285;78.08358817533129;-0.45822453;-6.2389035
5.05;111;95;275;285;78.08358817533129;-0.45822453;-6.2389035
5.06;111;95;275;285;78.08358817533129;-0.45822453;-6.2389035
5.07;111;95;275;285;78.08358817533129;-0.45822453;-6.2389035
5.08;111;95;274;285;77.98165137614679;-0.4764706;-6.2294116
5.09;111;95;274;285;77.98165137614679;-0.4764706;-6.2294116
5.1;111;95;274;285;77.98165137614679;-0.4764706;-6.2294116
5.11;111;95;274;285;77.98165137614679;-0.4764706;-6.2294116
5.12;111;95;273;286;77.98165137614679;-0.5117647;-6.2294116
5.13;111;95;273;286;77.98165137614679;-0.5117647;-6.2294116
5.14;111;95;273;286;77.98165137614679;-0.5117647;-6.2294116
5.15;111;95;273;286;77.98165137614679;-0.5117647;-6.2294116
5.16;111;94;273;286;77.87971457696229;-0.5301047;-6.2552357
5.17;111;94;273;286;77.87971457696229;-0.5301047;-6.2552357
5.18;111;94;273;287;77.98165137614679;-0.5470588;-6.2647057
5.19;111;94;273;287;77.98165137614679;-0.5470588;-6.2647057
5.2;112;94;273;287;78.08358817533129;-0.56396866;-6.2389035
5.21;112;94;273;287;78.08358817533129;-0.56396866;-6.2389035
5.22;112;94;273;287;78.08358817533129;-0.56396866;-6.2389035
5.23;112;94;273;288;78.1855249745158;-0.58083445;-6.24837
5.24;112;94;273;288;78.1855249745158;-0.58083445;-6.24837
5.25;112;94;273;288;78.1855249745158;-0.58083445;-6.24837
5.26;112;94;273;288;78.1855249745158;-0.58083445;-6.24837
5.27;112;94;273;288;78.1855249745158;-0.58083445;-6.24837
5.28;112;94;272;288;78.08358817533129;-0.5992167;-6.2389035
5.29;112;94;272;288;78.08358817533129;-0.5992167;-6.2389035
5.3;112;94;272;288;78.08358817533129;-0.5992167;-6.2389035
5.31;112;94;272;288;78.08358817533129;-0.5992167;-6.2389035
5.32;112;94;272;288;78.08358817533129;-0.5992167;-6.2389035
5.33;111;94;272;288;77.98165137614679;-0.58235294;-6.2647057
5.34;111;94;272;288;77.98165137614679;-0.58235294;-6.2647057
5.35;111;94;272;288;77.98165137614679;-0.58235294;-6.2647057
5.36;111;94;272;289;78.08358817533129;-0.5992167;-6.2741513
5.37;111;93;272;289;77.98165137614679;-0.61764705;-6.3
5.38;111;93;272;289;77.98165137614679;-0.61764705;-6.3
5.39;111;93;272;289;77.98165137614679;-0.61764705;-6.3
5.4;111;93;273;289;78.08358817533129;-0.5992167;-6.3093996
5.41;111;93;273;290;78.1855249745158;-0.61603653;-6.318774
5.42;111;93;273;290;78.1855249745158;-0.61603653;-6.318774
5.43;111;93;273;290;78.1855249745158;-0.61603653;-6.318774
5.44;110;92;273;290;77.98165137614679;-0.61764705;-6.3705883
5.45;110;92;273;291;78.08358817533129;-0.63446474;-6.3798957
5.46;110;92;273;291;78.08358817533129;-0.63446474;-6.3798957
5.47;110;92;273;291;78.08358817533129;-0.63446474;-6.3798957
5.48;110;92;273;291;78.08358817533129;-0.63446474;-6.3798957
5.49;110;91;273;292;78.08358817533129;-0.6697128;-6.4151435
5.5;110;91;273;292;78.08358817533129;-0.6697128;-6.4151435
5.51;110;91;273;292;78.08358817533129;-0.6697128;-6.4151435
5.52;110;91;273;292;78.08358817533129;-0.6697128;-6.4151435
5.53;110;91;273;292;78.08358817533129;-0.6697128;-6.4151435
5.54;110;91;273;293;78.1855249745158;-0.6864407;-6.424381
5.55;110;91;273;293;78.1855249745158;-0.6864407;-6.424381
5.56;110;91;273;293;78.1855249745158;-0.6864407;-6.424381
5.57;110;91;273;293;78.1855249745158;-0.6864407;-6.424381
5.58;110;91;273;293;78.1855249745158;-0.6864407;-6.424381
5.59;110;91;273;293;78.1855249745158;-0.6864407;-6.424381
5.6;110;91;273;293;78.1855249745158;-0.6864407;-6.424381
5.61;110;91;273;293;78.1855249745158;-0.6864407;-6.424381
5.62;110;91;273;293;78.1855249745158;-0.6864407;-6.424381
5.63;110;91;273;293;78.1855249745158;-0.6864407;-6.424381
5.64;110;91;273;293;78.1855249745158;-0.6864407;-6.424381
5.65;110;91;273;293;78.1855249745158;-0.6864407;-6.424381
5.66;110;91;273;292;78.08358817533129;-0.6697128;-6.4151435
5.67;110;91;273;292;78.08358817533129;-0.6697128;-6.4151435
5.68;110;91;273;292;78.08358817533129;-0.6697128;-6.4151435
5.69;109;91;273;292;77.98165137614679;-0.65294117;-6.4411764
5.7;109;91;274;292;78.08358817533129;-0.63446474;-6.450392
5.71;109;91;274;292;78.08358817533129;-0.63446474;-6.450392
5.72;109;90;274;292;77.98165137614679;-0.65294117;-6.4764705
5.73;109;90;274;292;77.98165137614679;-0.65294117;-6.4764705
5.74;109;90;274;292;77.98165137614679;-0.65294117;-6.4764705
5.75;109;90;274;292;77.98165137614679;-0.65294117;-6.4764705
5.76;109;90;274;292;77.98165137614679;-0.65294117;-6.4764705
5.77;109;90;274;293;78.08358817533129;-0.6697128;-6.4856396
5.78;109;90;274;293;78.08358817533129;-0.6697128;-6.4856396
5.79;108;90;274;293;77.98165137614679;-0.65294117;-6.5117645
5.8;108;90;274;293;77.98165137614679;-0.65294117;-6.5117645
5.81;108;89;274;293;77.87971457696229;-0.671466;-6.537958
5.82;108;89;274;293;77.87971457696229;-0.671466;-6.537958
5.83;108;89;274;293;77.87971457696229;-0.671466;-6.537958
5.84;108;89;275;294;78.08358817533129;-0.6697128;-6.5561357
5.85;108;89;275;294;78.08358817533129;-0.6697128;-6.5561357
5.86;108;88;275;294;77.98165137614679;-0.6882353;-6.582353
5.87;108;88;275;295;78.08358817533129;-0.7049608;-6.591384
5.88;108;88;275;295;78.08358817533129;-0.7049608;-6.591384
5.89;108;88;275;295;78.08358817533129;-0.7049608;-6.591384
5.9;108;88;276;296;78.2874617737003;-0.703125;-6.609375
5.91;107;87;276;296;78.08358817533129;-0.7049608;-6.66188
5.92;107;87;276;296;78.08358817533129;-0.7049608;-6.66188
5.93;107;87;276;297;78.1855249745158;-0.7216428;-6.6707954
5.94;107;87;276;297;78.1855249745158;-0.7216428;-6.6707954
5.95;107;87;277;297;78.2874617737003;-0.703125;-6.6796875
5.96;107;86;277;296;78.08358817533129;-0.7049608;-6.697128
5.97;107;86;277;296;78.08358817533129;-0.7049608;-6.697128
5.98;107;86;277;296;78.08358817533129;-0.7049608;-6.697128
5.99;107;86;277;296;78.08358817533129;-0.7049608;-6.697128
6.0;107;86;277;296;78.08358817533129;-0.7049608;-6.697128
6.01;106;86;277;296;77.98165137614679;-0.6882353;-6.7235293
6.02;106;86;277;296;77.98165137614679;-0.6882353;-6.7235293
6.03;106;85;277;297;77.98165137614679;-0.7235294;-6.7588234
6.04;106;85;277;297;77.98165137614679;-0.7235294;-6.7588234
6.05;106;85;278;297;78.08358817533129;-0.7049608;-6.767624
6.06;106;85;278;297;78.08358817533129;-0.7049608;-6.767624
6.07;106;84;278;298;78.08358817533129;-0.74020886;-6.802872
6.08;106;84;278;298;78.08358817533129;-0.74020886;-6.802872
6.09;106;84;278;298;78.08358817533129;-0.74020886;-6.802872
6.1;105;84;278;298;77.98165137614679;-0.7235294;-6.829412
6.11;105;84;278;299;78.08358817533129;-0.74020886;-6.83812
6.12;105;84;278;299;78.08358817533129;-0.74020886;-6.83812
6.13;105;84;278;299;78.08358817533129;-0.74020886;-6.83812
6.14;105;83;278;299;77.98165137614679;-0.7588235;-6.864706
6.15;105;83;278;299;77.98165137614679;-0.7588235;-6.864706
6.16;105;83;278;299;77.98165137614679;-0.7588235;-6.864706
6.17;105;83;278;299;77.98165137614679;-0.7588235;-6.864706
6.18;106;83;278;299;78.08358817533129;-0.7754569;-6.83812
6.19;106;83;278;299;78.08358817533129;-0.7754569;-6.83812
6.2;106;84;278;299;78.1855249745158;-0.7568449;-6.8116035
6.21;106;84;278;299;78.1855249745158;-0.7568449;-6.8116035
6.22;106;84;277;299;78.08358817533129;-0.7754569;-6.802872
6.23;106;84;277;299;78.08358817533129;-0.7754569;-6.802872
6.24;106;84;277;299;78.08358817533129;-0.7754569;-6.802872
6.25;106;83;277;299;77.98165137614679;-0.7941176;-6.829412
6.26;106;83;277;299;77.98165137614679;-0.7941176;-6.829412
6.27;106;83;277;300;78.08358817533129;-0.81070495;-6.83812
6.28;106;83;277;300;78.08358817533129;-0.81070495;-6.83812
6.29;106;83;277;300;78.08358817533129;-0.81070495;-6.83812
6.3;106;83;277;300;78.08358817533129;-0.81070495;-6.83812
6.31;106;83;277;300;78.08358817533129;-0.81070495;-6.83812
6.32;106;83;277;300;78.08358817533129;-0.81070495;-6.83812
6.33;106;83;277;300;78.08358817533129;-0.81070495;-6.83812
6.34;106;83;277;300;78.08358817533129;-0.81070495;-6.83812
6.35;106;83;276;301;78.08358817533129;-0.845953;-6.83812
6.36;106;83;276;301;78.08358817533129;-0.845953;-6.83812
6.37;106;83;276;301;78.08358817533129;-0.845953;-6.83812
6.38;106;83;276;301;78.08358817533129;-0.845953;-6.83812
6.39;106;83;276;301;78.08358817533129;-0.845953;-6.83812
6.4;106;83;275;301;77.98165137614679;-0.86470586;-6.829412
6.41;107;83;275;301;78.08358817533129;-0.881201;-6.802872
6.42;107;83;275;301;78.08358817533129;-0.881201;-6.802872
6.43;107;83;274;302;78.08358817533129;-0.91644907;-6.802872
6.44;107;83;274;302;78.08358817533129;-0.91644907;-6.802872
6.45;107;83;274;302;78.08358817533129;-0.91644907;-6.802872
6.46;107;83;274;302;78.08358817533129;-0.91644907;-6.802872
6.47;107;82;274;302;77.98165137614679;-0.9352941;-6.829412
6.48;107;82;273;303;77.98165137614679;-0.9705882;-6.829412
6.49;108;82;273;303;78.08358817533129;-0.98694515;-6.802872
6.5;108;82;273;303;78.08358817533129;-0.98694515;-6.802872
6.51;108;82;273;303;78.08358817533129;-0.98694515;-6.802872
6.52;108;82;273;303;78.08358817533129;-0.98694515;-6.802872
6.53;108;82;273;304;78.1855249745158;-1.0032594;-6.8116035
6.54;108;82;273;304;78.1855249745158;-1.0032594;-6.8116035
6.55;108;82;273;304;78.1855249745158;-1.0032594;-6.8116035
6.56;108;82;272;304;78.08358817533129;-1.0221932;-6.802872
6.57;108;82;272;304;78.08358817533129;-1.0221932;-6.802872
6.58;108;82;272;304;78.08358817533129;-1.0221932;-6.802872
6.59;109;82;272;305;78.2874617737003;-1.0546875;-6.7851562
6.6;109;82;272;305;78.2874617737003;-1.0546875;-6.7851562
6.61;109;81;272;305;78.1855249745158;-1.0736636;-6.8116035
6.62;109;81;271;305;78.08358817533129;-1.0926893;-6.802872
6.63;109;81;271;305;78.08358817533129;-1.0926893;-6.802872
6.64;109;81;271;305;78.08358817533129;-1.0926893;-6.802872
6.65;109;81;271;305;78.08358817533129;-1.0926893;-6.802872
6.66;109;81;271;305;78.08358817533129;-1.0926893;-6.802872
6.67;109;81;270;306;78.08358817533129;-1.1279373;-6.802872
6.68;109;81;270;306;78.08358817533129;-1.1279373;-6.802872
6.69;109;81;270;306;78.08358817533129;-1.1279373;-6.802872
6.7;110;81;270;306;78.1855249745158;-1.1440678;-6.7764015
6.71;110;81;270;306;78.1855249745158;-1.1440678;-6.7764015
6.72;110;81;270;306;78.1855249745158;-1.1440678;-6.7764015
6.73;110;81;269;306;78.08358817533129;-1.1631854;-6.767624
6.74;110;81;269;306;78.08358817533129;-1.1631854;-6.767624
6.75;110;81;269;306;78.08358817533129;-1.1631854;-6.767624
6.76;110;81;269;306;78.08358817533129;-1.1631854;-6.767624
6.77;111;81;268;306;78.08358817533129;-1.1984334;-6.732376
6.78;111;81;268;306;78.08358817533129;-1.1984334;-6.732376
6.79;111;81;268;306;78.08358817533129;-1.1984334;-6.732376
6.8;111;81;268;307;78.1855249745158;-1.2144719;-6.7411995
6.81;111;81;268;307;78.1855249745158;-1.2144719;-6.7411995
6.82;111;81;267;307;78.08358817533129;-1.2336814;-6.732376
6.83;111;81;267;307;78.08358817533129;-1.2336814;-6.732376
6.84;111;81;267;307;78.08358817533129;-1.2336814;-6.732376
6.85;112;81;266;307;78.08358817533129;-1.2689295;-6.697128
6.86;112;81;266;307;78.08358817533129;-1.2689295;-6.697128
6.87;112;81;266;307;78.08358817533129;-1.2689295;-6.697128
6.88;112;81;265;307;77.98165137614679;-1.2882353;-6.6882353
6.89;112;81;265;307;77.98165137614679;-1.2882353;-6.6882353
6.9;113;81;265;307;78.08358817533129;-1.3041775;-6.66188
6.91;113;81;264;307;77.98165137614679;-1.3235294;-6.652941
6.92;113;81;264;307;77.98165137614679;-1.3235294;-6.652941
6.93;114;82;263;307;78.08358817533129;-1.3394256;-6.591384
6.94;114;82;263;307;78.08358817533129;-1.3394256;-6.591384
6.95;115;82;262;308;78.1855249745158;-1.3904824;-6.565189
6.96;115;82;262;308;78.1855249745158;-1.3904824;-6.565189
6.97;116;82;261;308;78.1855249745158;-1.4256845;-6.529987
6.98;117;82;260;307;78.08358817533129;-1.4451697;-6.4856396
6.99;117;82;259;307;77.98165137614679;-1.4647058;-6.4764705
7.0;118;82;259;307;78.08358817533129;-1.4804177;-6.450392
7.01;118;82;258;307;77.98165137614679;-1.5;-6.4411764
7.02;119;82;257;307;77.98165137614679;-1.5352942;-6.4058824
7.03;120;82;256;306;77.87971457696229;-1.5549738;-6.3612566
7.04;120;83;256;306;77.98165137614679;-1.5352942;-6.3352942
7.05;121;83;255;306;77.98165137614679;-1.5705882;-6.3
7.06;121;83;255;306;77.98165137614679;-1.5705882;-6.3
7.07;122;83;254;306;77.98165137614679;-1.6058824;-6.2647057
7.08;122;83;254;306;77.98165137614679;-1.6058824;-6.2647057
7.09;123;84;254;306;78.1855249745158;-1.601695;-6.213168
7.1;123;84;253;305;77.98165137614679;-1.6058824;-6.1941175
7.11;123;84;253;305;77.98165137614679;-1.6058824;-6.1941175
7.12;124;84;253;305;78.08358817533129;-1.6214099;-6.1684074
7.13;124;84;252;305;77.98165137614679;-1.6411765;-6.1588235
7.14;124;84;252;305;77.98165137614679;-1.6411765;-6.1588235
7.15;124;84;252;305;77.98165137614679;-1.6411765;-6.1588235
7.16;124;84;252;305;77.98165137614679;-1.6411765;-6.1588235
7.17;124;84;251;305;77.87971457696229;-1.6609948;-6.1492147
7.18;125;84;251;305;77.98165137614679;-1.6764706;-6.1235294
7.19;125;84;251;305;77.98165137614679;-1.6764706;-6.1235294
7.2;125;85;251;305;78.08358817533129;-1.6566579;-6.0979114
7.21;125;85;251;305;78.08358817533129;-1.6566579;-6.0979114
7.22;125;85;251;305;78.08358817533129;-1.6566579;-6.0979114
7.23;125;85;250;305;77.98165137614679;-1.6764706;-6.0882354
7.24;125;85;250;305;77.98165137614679;-1.6764706;-6.0882354
7.25;126;85;250;305;78.08358817533129;-1.691906;-6.062663
7.26;126;85;250;305;78.08358817533129;-1.691906;-6.062663
7.27;126;85;250;305;78.08358817533129;-1.691906;-6.062663
7.28;126;85;249;305;77.98165137614679;-1.7117647;-6.0529413
7.29;126;85;249;305;77.98165137614679;-1.7117647;-6.0529413
7.3;126;85;249;305;77.98165137614679;-1.7117647;-6.0529413
7.31;126;85;249;305;77.98165137614679;-1.7117647;-6.0529413
7.32;126;85;249;305;77.98165137614679;-1.7117647;-6.0529413
7.33;126;85;249;305;77.98165137614679;-1.7117647;-6.0529413
7.34;126;85;249;305;77.98165137614679;-1.7117647;-6.0529413
7.35;126;85;249;305;77.98165137614679;-1.7117647;-6.0529413
7.36;126;85;248;305;77.87971457696229;-1.7316754;-6.043194
7.37;126;85;248;306;77.98165137614679;-1.7470589;-6.0529413
7.38;126;85;248;306;77.98165137614679;-1.7470589;-6.0529413
7.39;126;85;248;306;77.98165137614679;-1.7470589;-6.0529413
7.4;126;85;248;306;77.98165137614679;-1.7470589;-6.0529413
7.41;126;85;248;306;77.98165137614679;-1.7470589;-6.0529413
7.42;126;85;248;306;77.98165137614679;-1.7470589;-6.0529413
7.43;126;85;248;306;77.98165137614679;-1.7470589;-6.0529413
7.44;126;85;248;306;77.98165137614679;-1.7470589;-6.0529413
7.45;126;85;248;306;77.98165137614679;-1.7470589;-6.0529413
7.46;126;85;248;306;77.98165137614679;-1.7470589;-6.0529413
7.47;126;85;248;306;77.98165137614679;-1.7470589;-6.0529413
7.48;126;85;247;306;77.87971457696229;-1.7670157;-6.043194
7.49;126;85;247;307;77.98165137614679;-1.7823529;-6.0529413
7.5;127;85;247;307;78.08358817533129;-1.7976501;-6.0274153
7.51;127;85;247;307;78.08358817533129;-1.7976501;-6.0274153
7.52;127;85;247;307;78.08358817533129;-1.7976501;-6.0274153
7.53;127;85;247;307;78.08358817533129;-1.7976501;-6.0274153
7.54;127;85;247;308;78.1855249745158;-1.8129075;-6.0371575
7.55;127;85;247;308;78.1855249745158;-1.8129075;-6.0371575
7.56;127;85;247;308;78.1855249745158;-1.8129075;-6.0371575
7.57;126;85;247;308;78.08358817533129;-1.7976501;-6.062663
7.58;126;85;247;309;78.1855249745158;-1.8129075;-6.07236
7.59;126;84;247;309;78.08358817533129;-1.8328981;-6.0979114
7.6;126;84;247;309;78.08358817533129;-1.8328981;-6.0979114
7.61;126;84;247;309;78.08358817533129;-1.8328981;-6.0979114
7.62;126;84;246;309;77.98165137614679;-1.8529412;-6.0882354
7.63;126;84;246;310;78.08358817533129;-1.8681462;-6.0979114
7.64;126;84;246;310;78.08358817533129;-1.8681462;-6.0979114
7.65;126;84;246;310;78.08358817533129;-1.8681462;-6.0979114
7.66;126;83;246;310;77.98165137614679;-1.8882353;-6.1235294
7.67;125;83;246;310;77.87971457696229;-1.8730366;-6.1492147
7.68;125;83;246;310;77.87971457696229;-1.8730366;-6.1492147
7.69;125;83;246;311;77.98165137614679;-1.8882353;-6.1588235
7.7;125;83;246;311;77.98165137614679;-1.8882353;-6.1588235
7.71;125;83;246;311;77.98165137614679;-1.8882353;-6.1588235
7.72;125;83;246;311;77.98165137614679;-1.8882353;-6.1588235
7.73;125;83;246;312;78.08358817533129;-1.9033942;-6.1684074
7.74;125;83;246;312;78.08358817533129;-1.9033942;-6.1684074
7.75;125;83;246;312;78.08358817533129;-1.9033942;-6.1684074
7.76;125;83;246;312;78.08358817533129;-1.9033942;-6.1684074
7.77;125;83;246;312;78.08358817533129;-1.9033942;-6.1684074
7.78;125;83;246;312;78.08358817533129;-1.9033942;-6.1684074
7.79;125;83;246;312;78.08358817533129;-1.9033942;-6.1684074
7.8;125;83;246;312;78.08358817533129;-1.9033942;-6.1684074
7.81;125;83;246;312;78.08358817533129;-1.9033942;-6.1684074
7.82;125;83;246;313;78.1855249745158;-1.9185137;-6.177966
7.83;125;83;246;313;78.1855249745158;-1.9185137;-6.177966
7.84;125;83;246;313;78.1855249745158;-1.9185137;-6.177966
7.85;125;83;246;313;78.1855249745158;-1.9185137;-6.177966
7.86;125;83;246;313;78.1855249745158;-1.9185137;-6.177966
7.87;125;83;247;313;78.2874617737003;-1.8984375;-6.1875
7.88;125;83;247;313;78.2874617737003;-1.8984375;-6.1875
7.89;125;83;247;313;78.2874617737003;-1.8984375;-6.1875
7.9;124;82;247;313;78.08358817533129;-1.9033942;-6.2389035
7.91;124;82;248;313;78.1855249745158;-1.8833116;-6.24837
7.92;124;82;248;313;78.1855249745158;-1.8833116;-6.24837
7.93;124;82;248;313;78.1855249745158;-1.8833116;-6.24837
7.94;123;82;248;313;78.08358817533129;-1.8681462;-6.2741513
7.95;123;82;248;314;78.1855249745158;-1.8833116;-6.283572
7.96;123;82;248;314;78.1855249745158;-1.8833116;-6.283572
7.97;122;81;249;314;78.08358817533129;-1.8681462;-6.3446474
7.98;122;81;249;314;78.08358817533129;-1.8681462;-6.3446474
7.99;122;81;249;314;78.08358817533129;-1.8681462;-6.3446474
8.0;122;81;249;314;78.08358817533129;-1.8681462;-6.3446474
8.01;121;81;249;314;77.98165137614679;-1.8529412;-6.3705883
8.02;121;81;249;314;77.98165137614679;-1.8529412;-6.3705883
8.03;121;81;250;314;78.08358817533129;-1.8328981;-6.3798957
8.04;121;81;250;315;78.1855249745158;-1.8481095;-6.3891788
8.05;121;80;250;315;78.08358817533129;-1.8681462;-6.4151435
8.06;121;80;250;315;78.08358817533129;-1.8681462;-6.4151435
8.07;120;80;250;315;77.98165137614679;-1.8529412;-6.4411764
8.08;120;80;250;315;77.98165137614679;-1.8529412;-6.4411764
8.09;120;80;250;315;77.98165137614679;-1.8529412;-6.4411764
8.1;120;80;250;315;77.98165137614679;-1.8529412;-6.4411764
8.11;120;80;250;315;77.98165137614679;-1.8529412;-6.4411764
8.12;120;80;250;316;78.08358817533129;-1.8681462;-6.450392
8.13;120;80;250;316;78.08358817533129;-1.8681462;-6.450392
8.14;120;80;250;316;78.08358817533129;-1.8681462;-6.450392
8.15;120;80;250;316;78.08358817533129;-1.8681462;-6.450392
8.16;120;80;250;316;78.08358817533129;-1.8681462;-6.450392
8.17;120;80;250;316;78.08358817533129;-1.8681462;-6.450392
8.18;120;80;250;316;78.08358817533129;-1.8681462;-6.450392
8.19;120;80;250;315;77.98165137614679;-1.8529412;-6.4411764
8.2;120;80;250;315;77.98165137614679;-1.8529412;-6.4411764
8.21;119;80;250;315;77.87971457696229;-1.8376963;-6.4672775
8.22;119;80;250;315;77.87971457696229;-1.8376963;-6.4672775
8.23;119;80;250;315;77.87971457696229;-1.8376963;-6.4672775
8.24;119;80;250;315;77.87971457696229;-1.8376963;-6.4672775
8.25;119;80;250;315;77.87971457696229;-1.8376963;-6.4672775
8.26;119;80;250;315;77.87971457696229;-1.8376963;-6.4672775
8.27;119;80;250;315;77.87971457696229;-1.8376963;-6.4672775
8.28;120;80;250;315;77.98165137614679;-1.8529412;-6.4411764
8.29;120;80;250;316;78.08358817533129;-1.8681462;-6.450392
8.3;120;80;250;316;78.08358817533129;-1.8681462;-6.450392
8.31;120;80;250;315;77.98165137614679;-1.8529412;-6.4411764
8.32;120;80;250;315;77.98165137614679;-1.8529412;-6.4411764
8.33;121;81;250;315;78.1855249745158;-1.8481095;-6.3891788
8.34;121;81;250;315;78.1855249745158;-1.8481095;-6.3891788
8.35;121;81;250;315;78.1855249745158;-1.8481095;-6.3891788
8.36;121;81;250;314;78.08358817533129;-1.8328981;-6.3798957
8.37;121;81;250;314;78.08358817533129;-1.8328981;-6.3798957
8.38;121;81;249;314;77.98165137614679;-1.8529412;-6.3705883
8.39;121;82;249;314;78.08358817533129;-1.8328981;-6.3446474
8.4;122;82;249;314;78.1855249745158;-1.8481095;-6.318774
8.41;122;82;249;313;78.08358817533129;-1.8328981;-6.3093996
8.42;122;82;249;313;78.08358817533129;-1.8328981;-6.3093996
8.43;122;82;249;313;78.08358817533129;-1.8328981;-6.3093996
8.44;122;82;249;313;78.08358817533129;-1.8328981;-6.3093996
8.45;122;82;249;313;78.08358817533129;-1.8328981;-6.3093996
8.46;122;82;249;313;78.08358817533129;-1.8328981;-6.3093996
8.47;122;82;249;313;78.08358817533129;-1.8328981;-6.3093996
8.48;122;82;249;313;78.08358817533129;-1.8328981;-6.3093996
8.49;123;83;248;312;78.08358817533129;-1.8328981;-6.2389035
8.5;123;83;248;312;78.08358817533129;-1.8328981;-6.2389035
8.51;123;83;248;312;78.08358817533129;-1.8328981;-6.2389035
8.52;123;83;248;312;78.08358817533129;-1.8328981;-6.2389035
8.53;123;83;248;311;77.98165137614679;-1.8176471;-6.2294116
8.54;123;83;248;311;77.98165137614679;-1.8176471;-6.2294116
8.55;123;83;248;311;77.98165137614679;-1.8176471;-6.2294116
8.56;124;83;248;311;78.08358817533129;-1.8328981;-6.2036552
8.57;124;83;248;311;78.08358817533129;-1.8328981;-6.2036552
8.58;124;84;248;311;78.1855249745158;-1.8129075;-6.177966
8.59;124;84;248;310;78.08358817533129;-1.7976501;-6.1684074
8.6;124;84;248;310;78.08358817533129;-1.7976501;-6.1684074
8.61;124;84;248;310;78.08358817533129;-1.7976501;-6.1684074
8.62;124;84;248;309;77.98165137614679;-1.7823529;-6.1588235
8.63;124;84;248;309;77.98165137614679;-1.7823529;-6.1588235
8.64;124;85;247;308;77.87971457696229;-1.7670157;-6.1138744
8.65;124;85;248;308;77.98165137614679;-1.7470589;-6.1235294
8.66;124;85;248;308;77.98165137614679;-1.7470589;-6.1235294
8.67;124;85;248;308;77.98165137614679;-1.7470589;-6.1235294
8.68;124;85;249;308;78.08358817533129;-1.727154;-6.133159
8.69;124;86;249;308;78.1855249745158;-1.7073011;-6.107562
8.7;124;86;249;308;78.1855249745158;-1.7073011;-6.107562
8.71;124;86;250;307;78.1855249745158;-1.6720991;-6.107562
8.72;124;86;250;307;78.1855249745158;-1.6720991;-6.107562
8.73;124;87;250;306;78.1855249745158;-1.636897;-6.07236
8.74;124;87;250;306;78.1855249745158;-1.636897;-6.07236
8.75;124;87;250;305;78.08358817533129;-1.6214099;-6.062663
8.76;124;87;250;305;78.08358817533129;-1.6214099;-6.062663
8.77;124;87;250;304;77.98165137614679;-1.6058824;-6.0529413
8.78;124;87;250;304;77.98165137614679;-1.6058824;-6.0529413
8.79;124;88;250;304;78.08358817533129;-1.5861619;-6.0274153
8.8;124;88;250;303;77.98165137614679;-1.5705882;-6.0176473
8.81;124;88;250;303;77.98165137614679;-1.5705882;-6.0176473
8.82;124;88;250;303;77.98165137614679;-1.5705882;-6.0176473
8.83;124;88;250;303;77.98165137614679;-1.5705882;-6.0176473
8.84;124;89;250;303;78.08358817533129;-1.5509138;-5.992167
8.85;124;89;250;302;77.98165137614679;-1.5352942;-5.9823527
8.86;124;89;250;302;77.98165137614679;-1.5352942;-5.9823527
8.87;124;89;250;302;77.98165137614679;-1.5352942;-5.9823527
8.88;124;89;250;302;77.98165137614679;-1.5352942;-5.9823527
8.89;124;89;250;302;77.98165137614679;-1.5352942;-5.9823527
8.9;125;89;250;302;78.08358817533129;-1.5509138;-5.956919
8.91;125;89;250;302;78.08358817533129;-1.5509138;-5.956919
8.92;125;89;250;302;78.08358817533129;-1.5509138;-5.956919
8.93;125;89;250;301;77.98165137614679;-1.5352942;-5.9470587
8.94;125;89;250;301;77.98165137614679;-1.5352942;-5.9470587
8.95;125;89;250;301;77.98165137614679;-1.5352942;-5.9470587
8.96;125;89;250;301;77.98165137614679;-1.5352942;-5.9470587
8.97;125;89;250;302;78.08358817533129;-1.5509138;-5.956919
8.98;125;89;250;301;77.98165137614679;-1.5352942;-5.9470587
8.99;125;89;250;301;77.98165137614679;-1.5352942;-5.9470587
9.0;125;89;250;302;78.08358817533129;-1.5509138;-5.956919
9.01;125;89;250;302;78.08358817533129;-1.5509138;-5.956919
9.02;125;90;250;302;78.1855249745158;-1.5312908;-5.9315515
9.03;125;90;250;302;78.1855249745158;-1.5312908;-5.9315515
9.04;125;90;249;302;78.08358817533129;-1.5509138;-5.921671
9.05;125;90;249;301;77.98165137614679;-1.5352942;-5.9117646
9.06;125;90;249;301;77.98165137614679;-1.5352942;-5.9117646
9.07;125;90;249;301;77.98165137614679;-1.5352942;-5.9117646
9.08;125;90;249;301;77.98165137614679;-1.5352942;-5.9117646
9.09;125;90;249;301;77.98165137614679;-1.5352942;-5.9117646
9.1;125;90;249;301;77.98165137614679;-1.5352942;-5.9117646
9.11;125;90;249;301;77.98165137614679;-1.5352942;-5.9117646
9.12;125;90;249;301;77.98165137614679;-1.5352942;-5.9117646
9.13;125;90;249;301;77.98165137614679;-1.5352942;-5.9117646
9.14;125;90;249;301;77.98165137614679;-1.5352942;-5.9117646
9.15;125;90;249;301;77.98165137614679;-1.5352942;-5.9117646
9.16;125;90;249;301;77.98165137614679;-1.5352942;-5.9117646
9.17;125;90;249;301;77.98165137614679;-1.5352942;-5.9117646
9.18;125;90;249;301;77.98165137614679;-1.5352942;-5.9117646
9.19;125;90;249;301;77.98165137614679;-1.5352942;-5.9117646
9.2;125;90;250;301;78.08358817533129;-1.5156658;-5.921671
9.21;125;90;250;301;78.08358817533129;-1.5156658;-5.921671
9.22;125;90;250;301;78.08358817533129;-1.5156658;-5.921671
9.23;125;90;250;301;78.08358817533129;-1.5156658;-5.921671
9.24;125;90;250;301;78.08358817533129;-1.5156658;-5.921671
9.25;125;90;250;301;78.08358817533129;-1.5156658;-5.921671
9.26;125;90;250;301;78.08358817533129;-1.5156658;-5.921671
9.27;125;90;250;301;78.08358817533129;-1.5156658;-5.921671
9.28;125;90;250;301;78.08358817533129;-1.5156658;-5.921671
9.29;125;90;250;301;78.08358817533129;-1.5156658;-5.921671
9.3;125;90;250;301;78.08358817533129;-1.5156658;-5.921671
9.31;125;90;250;301;78.08358817533129;-1.5156658;-5.921671
9.32;125;90;250;300;77.98165137614679;-1.5;-5.9117646
9.33;125;90;250;300;77.98165137614679;-1.5;-5.9117646
9.34;125;90;250;300;77.98165137614679;-1.5;-5.9117646
9.35;125;90;250;300;77.98165137614679;-1.5;-5.9117646
9.36;125;90;250;300;77.98165137614679;-1.5;-5.9117646
9.37;125;90;250;300;77.98165137614679;-1.5;-5.9117646
9.38;125;90;250;300;77.98165137614679;-1.5;-5.9117646
9.39;125;90;251;300;78.08358817533129;-1.4804177;-5.921671
9.4;125;90;251;300;78.08358817533129;-1.4804177;-5.921671
9.41;125;90;251;300;78.08358817533129;-1.4804177;-5.921671
9.42;125;90;251;300;78.08358817533129;-1.4804177;-5.921671
9.43;125;90;251;300;78.08358817533129;-1.4804177;-5.921671
9.44;125;90;251;300;78.08358817533129;-1.4804177;-5.921671
9.45;125;90;251;300;78.08358817533129;-1.4804177;-5.921671
9.46;124;91;251;299;77.98165137614679;-1.4294118;-5.9117646
9.47;124;91;251;299;77.98165137614679;-1.4294118;-5.9117646
9.48;124;91;251;299;77.98165137614679;-1.4294118;-5.9117646
9.49;124;91;251;299;77.98165137614679;-1.4294118;-5.9117646
9.5;124;91;251;299;77.98165137614679;-1.4294118;-5.9117646
9.51;124;91;252;299;78.08358817533129;-1.4099216;-5.921671
9.52;124;91;252;299;78.08358817533129;-1.4099216;-5.921671
9.53;124;91;252;299;78.08358817533129;-1.4099216;-5.921671
9.54;124;91;252;299;78.08358817533129;-1.4099216;-5.921671
9.55;124;91;252;299;78.08358817533129;-1.4099216;-5.921671
9.56;124;91;252;299;78.08358817533129;-1.4099216;-5.921671
9.57;124;91;252;299;78.08358817533129;-1.4099216;-5.921671
9.58;124;91;252;299;78.08358817533129;-1.4099216;-5.921671
9.59;124;91;252;298;77.98165137614679;-1.3941176;-5.9117646
9.6;124;91;252;298;77.98165137614679;-1.3941176;-5.9117646
9.61;124;91;252;298;77.98165137614679;-1.3941176;-5.9117646
9.62;124;91;252;298;77.98165137614679;-1.3941176;-5.9117646
9.63;124;91;252;298;77.98165137614679;-1.3941176;-5.9117646
9.64;124;91;252;298;77.98165137614679;-1.3941176;-5.9117646
9.65;123;91;252;298;77.87971457696229;-1.3782723;-5.937173
9.66;123;91;252;298;77.87971457696229;-1.3782723;-5.937173
9.67;123;91;252;298;77.87971457696229;-1.3782723;-5.937173
9.68;123;91;253;298;77.98165137614679;-1.3588235;-5.9470587
9.69;123;91;253;299;78.08358817533129;-1.3746736;-5.956919
9.7;123;91;253;299;78.08358817533129;-1.3746736;-5.956919
9.71;123;91;253;299;78.08358817533129;-1.3746736;-5.956919
9.72;123;91;253;299;78.08358817533129;-1.3746736;-5.956919
9.73;123;91;253;299;78.08358817533129;-1.3746736;-5.956919
9.74;123;91;253;299;78.08358817533129;-1.3746736;-5.956919
9.75;123;91;253;299;78.08358817533129;-1.3746736;-5.956919
9.76;123;91;254;299;78.1855249745158;-1.3552803;-5.9667535
9.77;123;91;254;298;78.08358817533129;-1.3394256;-5.956919
9.78;123;91;254;298;78.08358817533129;-1.3394256;-5.956919
9.79;123;91;254;298;78.08358817533129;-1.3394256;-5.956919
9.8;123;91;254;298;78.08358817533129;-1.3394256;-5.956919
9.81;123;91;254;298;78.08358817533129;-1.3394256;-5.956919
9.82;123;91;254;298;78.08358817533129;-1.3394256;-5.956919
9.83;123;91;254;298;78.08358817533129;-1.3394256;-5.956919
9.84;123;91;254;298;78.08358817533129;-1.3394256;-5.956919
9.85;123;91;254;298;78.08358817533129;-1.3394256;-5.956919
9.86;123;91;254;298;78.08358817533129;-1.3394256;-5.956919
9.87;122;91;254;298;77.98165137614679;-1.3235294;-5.9823527
9.88;122;91;254;298;77.98165137614679;-1.3235294;-5.9823527
9.89;122;91;254;298;77.98165137614679;-1.3235294;-5.9823527
9.9;122;91;254;298;77.98165137614679;-1.3235294;-5.9823527
9.91;122;91;254;298;77.98165137614679;-1.3235294;-5.9823527
9.92;122;91;254;298;77.98165137614679;-1.3235294;-5.9823527
9.93;122;91;254;298;77.98165137614679;-1.3235294;-5.9823527
9.94;122;91;254;298;77.98165137614679;-1.3235294;-5.9823527
9.95;122;91;254;298;77.98165137614679;-1.3235294;-5.9823527
9.96;122;91;254;298;77.98165137614679;-1.3235294;-5.9823527
9.97;122;91;254;298;77.98165137614679;-1.3235294;-5.9823527
9.98;122;91;254;298;77.98165137614679;-1.3235294;-5.9823527
9.99;122;91;254;298;77.98165137614679;-1.3235294;-5.9823527
10.0;122;91;254;297;77.87971457696229;-1.3075917;-5.972513
10.01;122;91;254;297;77.87971457696229;-1.3075917;-5.972513
10.02;122;91;254;297;77.87971457696229;-1.3075917;-5.972513
10.03;122;91;254;297;77.87971457696229;-1.3075917;-5.972513
10.04;122;91;254;297;77.87971457696229;-1.3075917;-5.972513
10.05;122;91;254;297;77.87971457696229;-1.3075917;-5.972513
10.06;122;91;254;297;77.87971457696229;-1.3075917;-5.972513
10.07;122;91;254;297;77.87971457696229;-1.3075917;-5.972513
10.08;122;92;255;297;78.08358817533129;-1.2689295;-5.956919
10.09;122;92;255;297;78.08358817533129;-1.2689295;-5.956919
10.1;122;92;255;297;78.08358817533129;-1.2689295;-5.956919
10.11;122;92;255;297;78.08358817533129;-1.2689295;-5.956919
10.12;122;92;255;297;78.08358817533129;-1.2689295;-5.956919
10.13;122;92;255;297;78.08358817533129;-1.2689295;-5.956919
10.14;122;92;255;297;78.08358817533129;-1.2689295;-5.956919
10.15;122;92;255;297;78.08358817533129;-1.2689295;-5.956919
10.16;122;91;255;297;77.98165137614679;-1.2882353;-5.9823527
10.17;122;91;255;297;77.98165137614679;-1.2882353;-5.9823527
10.18;122;91;255;297;77.98165137614679;-1.2882353;-5.9823527
10.19;122;91;255;297;77.98165137614679;-1.2882353;-5.9823527
10.2;122;91;255;297;77.98165137614679;-1.2882353;-5.9823527
10.21;122;91;255;297;77.98165137614679;-1.2882353;-5.9823527
10.22;122;91;255;297;77.98165137614679;-1.2882353;-5.9823527
10.23;122;91;255;297;77.98165137614679;-1.2882353;-5.9823527
10.24;122;91;255;297;77.98165137614679;-1.2882353;-5.9823527
10.25;121;91;255;297;77.87971457696229;-1.2722514;-6.0078535
10.26;121;91;255;297;77.87971457696229;-1.2722514;-6.0078535
10.27;121;91;255;297;77.87971457696229;-1.2722514;-6.0078535
10.28;121;91;255;297;77.87971457696229;-1.2722514;-6.0078535
10.29;121;91;256;297;77.98165137614679;-1.2529411;-6.0176473
10.3;121;91;256;297;77.98165137614679;-1.2529411;-6.0176473
10.31;121;91;256;297;77.98165137614679;-1.2529411;-6.0176473
10.32;121;91;256;297;77.98165137614679;-1.2529411;-6.0176473
10.33;121;91;256;297;77.98165137614679;-1.2529411;-6.0176473
10.34;121;91;256;297;77.98165137614679;-1.2529411;-6.0176473
10.35;121;91;256;297;77.98165137614679;-1.2529411;-6.0176473
10.36;121;91;257;297;78.08358817533129;-1.2336814;-6.0274153
10.37;121;91;257;297;78.08358817533129;-1.2336814;-6.0274153
10.38;121;91;257;297;78.08358817533129;-1.2336814;-6.0274153
10.39;121;91;257;297;78.08358817533129;-1.2336814;-6.0274153
10.4;121;91;257;297;78.08358817533129;-1.2336814;-6.0274153
10.41;121;91;257;297;78.08358817533129;-1.2336814;-6.0274153
10.42;121;91;257;297;78.08358817533129;-1.2336814;-6.0274153
10.43;121;91;257;297;78.08358817533129;-1.2336814;-6.0274153
10.44;121;91;257;297;78.08358817533129;-1.2336814;-6.0274153
10.45;121;91;257;297;78.08358817533129;-1.2336814;-6.0274153
10.46;121;91;257;297;78.08358817533129;-1.2336814;-6.0274153
10.47;120;91;257;297;77.98165137614679;-1.2176471;-6.0529413
10.48;120;91;257;297;77.98165137614679;-1.2176471;-6.0529413
10.49;120;91;257;297;77.98165137614679;-1.2176471;-6.0529413
10.5;120;91;257;297;77.98165137614679;-1.2176471;-6.0529413
10.51;120;91;257;297;77.98165137614679;-1.2176471;-6.0529413
10.52;120;91;257;297;77.98165137614679;-1.2176471;-6.0529413
10.53;120;91;257;297;77.98165137614679;-1.2176471;-6.0529413
10.54;120;91;256;297;77.87971457696229;-1.2369109;-6.043194
10.55;120;91;256;297;77.87971457696229;-1.2369109;-6.043194
10.56;120;91;256;298;77.98165137614679;-1.2529411;-6.0529413
10.57;120;91;256;298;77.98165137614679;-1.2529411;-6.0529413
10.58;120;91;256;298;77.98165137614679;-1.2529411;-6.0529413
10.59;120;91;256;298;77.98165137614679;-1.2529411;-6.0529413
10.6;120;91;256;298;77.98165137614679;-1.2529411;-6.0529413
10.61;120;91;256;298;77.98165137614679;-1.2529411;-6.0529413
10.62;120;91;256;298;77.98165137614679;-1.2529411;-6.0529413
10.63;120;91;256;298;77.98165137614679;-1.2529411;-6.0529413
10.64;120;90;256;298;77.87971457696229;-1.2722514;-6.078534
10.65;120;90;256;298;77.87971457696229;-1.2722514;-6.078534
10.66;120;90;256;298;77.87971457696229;-1.2722514;-6.078534
10.67;120;90;256;299;77.98165137614679;-1.2882353;-6.0882354
10.68;120;90;256;299;77.98165137614679;-1.2882353;-6.0882354
10.69;120;90;256;299;77.98165137614679;-1.2882353;-6.0882354
10.7;120;90;256;299;77.98165137614679;-1.2882353;-6.0882354
10.71;120;90;256;299;77.98165137614679;-1.2882353;-6.0882354
10.72;120;90;256;299;77.98165137614679;-1.2882353;-6.0882354
10.73;120;90;256;299;77.98165137614679;-1.2882353;-6.0882354
10.74;120;90;256;299;77.98165137614679;-1.2882353;-6.0882354
10.75;120;90;256;299;77.98165137614679;-1.2882353;-6.0882354
10.76;120;90;256;300;78.08358817533129;-1.3041775;-6.0979114
10.77;120;90;256;300;78.08358817533129;-1.3041775;-6.0979114
10.78;120;90;256;300;78.08358817533129;-1.3041775;-6.0979114
10.79;120;89;256;300;77.98165137614679;-1.3235294;-6.1235294
10.8;120;89;256;300;77.98165137614679;-1.3235294;-6.1235294
10.81;120;89;256;300;77.98165137614679;-1.3235294;-6.1235294
10.82;120;89;256;300;77.98165137614679;-1.3235294;-6.1235294
10.83;120;89;256;300;77.98165137614679;-1.3235294;-6.1235294
10.84;120;89;256;300;77.98165137614679;-1.3235294;-6.1235294
10.85;120;89;256;300;77.98165137614679;-1.3235294;-6.1235294
10.86;120;89;256;300;77.98165137614679;-1.3235294;-6.1235294
10.87;120;89;256;300;77.98165137614679;-1.3235294;-6.1235294
10.88;120;89;256;300;77.98165137614679;-1.3235294;-6.1235294
10.89;120;89;256;300;77.98165137614679;-1.3235294;-6.1235294
10.9;120;89;256;301;78.08358817533129;-1.3394256;-6.133159
10.91;120;89;256;301;78.08358817533129;-1.3394256;-6.133159
10.92;120;89;256;301;78.08358817533129;-1.3394256;-6.133159
10.93;120;88;256;301;77.98165137614679;-1.3588235;-6.1588235
10.94;120;88;256;301;77.98165137614679;-1.3588235;-6.1588235
10.95;120;88;256;301;77.98165137614679;-1.3588235;-6.1588235
10.96;120;88;256;301;77.98165137614679;-1.3588235;-6.1588235
10.97;120;88;256;302;78.08358817533129;-1.3746736;-6.1684074
10.98;120;88;256;302;78.08358817533129;-1.3746736;-6.1684074
10.99;120;88;256;302;78.08358817533129;-1.3746736;-6.1684074
11.0;120;88;256;302;78.08358817533129;-1.3746736;-6.1684074
11.01;120;88;256;302;78.08358817533129;-1.3746736;-6.1684074
11.02;120;88;256;302;78.08358817533129;-1.3746736;-6.1684074
11.03;120;88;256;302;78.08358817533129;-1.3746736;-6.1684074
11.04;120;87;256;303;78.08358817533129;-1.4099216;-6.2036552
11.05;120;87;256;303;78.08358817533129;-1.4099216;-6.2036552
11.06;119;87;256;303;77.98165137614679;-1.3941176;-6.2294116
11.07;119;87;256;303;77.98165137614679;-1.3941176;-6.2294116
11.08;119;87;256;303;77.98165137614679;-1.3941176;-6.2294116
11.09;119;87;256;303;77.98165137614679;-1.3941176;-6.2294116
11.1;119;86;256;304;77.98165137614679;-1.4294118;-6.2647057
11.11;119;86;256;304;77.98165137614679;-1.4294118;-6.2647057
11.12;119;86;256;304;77.98165137614679;-1.4294118;-6.2647057
11.13;119;86;256;304;77.98165137614679;-1.4294118;-6.2647057
11.14;119;86;256;304;77.98165137614679;-1.4294118;-6.2647057
11.15;119;85;257;304;77.98165137614679;-1.4294118;-6.3
11.16;119;85;257;305;78.08358817533129;-1.4451697;-6.3093996
11.17;119;85;257;305;78.08358817533129;-1.4451697;-6.3093996
11.18;119;85;257;305;78.08358817533129;-1.4451697;-6.3093996
11.19;119;85;257;305;78.08358817533129;-1.4451697;-6.3093996
11.2;118;85;257;305;77.98165137614679;-1.4294118;-6.3352942
11.21;118;85;257;306;78.08358817533129;-1.4451697;-6.3446474
11.22;118;84;257;306;77.98165137614679;-1.4647058;-6.3705883
11.23;118;84;257;306;77.98165137614679;-1.4647058;-6.3705883
11.24;118;84;257;306;77.98165137614679;-1.4647058;-6.3705883
11.25;118;84;257;306;77.98165137614679;-1.4647058;-6.3705883
11.26;118;84;257;306;77.98165137614679;-1.4647058;-6.3705883
11.27;118;84;257;306;77.98165137614679;-1.4647058;-6.3705883
11.28;118;84;257;306;77.98165137614679;-1.4647058;-6.3705883
11.29;118;84;257;306;77.98165137614679;-1.4647058;-6.3705883
11.3;118;84;257;306;77.98165137614679;-1.4647058;-6.3705883
11.31;118;84;257;306;77.98165137614679;-1.4647058;-6.3705883
11.32;118;84;257;306;77.98165137614679;-1.4647058;-6.3705883
11.33;118;84;257;306;77.98165137614679;-1.4647058;-6.3705883
11.34;118;84;257;306;77.98165137614679;-1.4647058;-6.3705883
11.35;118;84;257;306;77.98165137614679;-1.4647058;-6.3705883
11.36;118;85;257;306;78.08358817533129;-1.4451697;-6.3446474
11.37;118;85;257;306;78.08358817533129;-1.4451697;-6.3446474
11.38;118;85;257;306;78.08358817533129;-1.4451697;-6.3446474
11.39;118;85;257;306;78.08358817533129;-1.4451697;-6.3446474
11.4;118;85;257;306;78.08358817533129;-1.4451697;-6.3446474
11.41;118;85;256;306;77.98165137614679;-1.4647058;-6.3352942
11.42;118;85;256;306;77.98165137614679;-1.4647058;-6.3352942
11.43;118;85;256;306;77.98165137614679;-1.4647058;-6.3352942
11.44;118;85;256;306;77.98165137614679;-1.4647058;-6.3352942
11.45;118;85;256;306;77.98165137614679;-1.4647058;-6.3352942
11.46;118;85;256;306;77.98165137614679;-1.4647058;-6.3352942
11.47;118;85;256;306;77.98165137614679;-1.4647058;-6.3352942
11.48;118;85;256;306;77.98165137614679;-1.4647058;-6.3352942
11.49;118;85;256;306;77.98165137614679;-1.4647058;-6.3352942
11.5;118;84;256;306;77.87971457696229;-1.4842932;-6.3612566
11.51;118;84;256;306;77.87971457696229;-1.4842932;-6.3612566
11.52;118;84;256;306;77.87971457696229;-1.4842932;-6.3612566
11.53;118;84;256;307;77.98165137614679;-1.5;-6.3705883
11.54;118;84;255;307;77.87971457696229;-1.5196335;-6.3612566
11.55;118;84;255;307;77.87971457696229;-1.5196335;-6.3612566
11.56;118;84;255;307;77.87971457696229;-1.5196335;-6.3612566
11.57;119;84;255;307;77.98165137614679;-1.5352942;-6.3352942
11.58;119;84;255;308;78.08358817533129;-1.5509138;-6.3446474
11.59;119;84;255;308;78.08358817533129;-1.5509138;-6.3446474
11.6;119;84;255;308;78.08358817533129;-1.5509138;-6.3446474
11.61;119;84;255;308;78.08358817533129;-1.5509138;-6.3446474
11.62;119;84;255;309;78.1855249745158;-1.5664928;-6.3539767
11.63;119;84;255;309;78.1855249745158;-1.5664928;-6.3539767
11.64;119;83;255;309;78.08358817533129;-1.5861619;-6.3798957
11.65;119;83;255;309;78.08358817533129;-1.5861619;-6.3798957
11.66;119;83;255;309;78.08358817533129;-1.5861619;-6.3798957
11.67;119;83;254;310;78.08358817533129;-1.6214099;-6.3798957
11.68;119;83;254;310;78.08358817533129;-1.6214099;-6.3798957
11.69;119;83;254;310;78.08358817533129;-1.6214099;-6.3798957
11.7;119;83;254;310;78.08358817533129;-1.6214099;-6.3798957
11.71;118;82;254;310;77.87971457696229;-1.6256545;-6.431937
11.72;118;82;254;311;77.98165137614679;-1.6411765;-6.4411764
11.73;118;82;254;311;77.98165137614679;-1.6411765;-6.4411764
11.74;118;82;254;311;77.98165137614679;-1.6411765;-6.4411764
11.75;118;82;254;311;77.98165137614679;-1.6411765;-6.4411764
11.76;118;82;254;311;77.98165137614679;-1.6411765;-6.4411764
11.77;118;81;255;312;78.08358817533129;-1.6566579;-6.4856396
11.78;118;81;255;312;78.08358817533129;-1.6566579;-6.4856396
11.79;118;81;255;312;78.08358817533129;-1.6566579;-6.4856396
11.8;118;81;255;312;78.08358817533129;-1.6566579;-6.4856396
11.81;118;81;255;312;78.08358817533129;-1.6566579;-6.4856396
11.82;117;81;255;313;78.08358817533129;-1.6566579;-6.520888
11.83;117;81;255;313;78.08358817533129;-1.6566579;-6.520888
11.84;117;80;255;313;77.98165137614679;-1.6764706;-6.547059
11.85;117;80;255;313;77.98165137614679;-1.6764706;-6.547059
11.86;117;80;255;313;77.98165137614679;-1.6764706;-6.547059
11.87;117;80;255;313;77.98165137614679;-1.6764706;-6.547059
11.88;117;80;255;313;77.98165137614679;-1.6764706;-6.547059
11.89;117;80;255;313;77.98165137614679;-1.6764706;-6.547059
11.9;117;80;255;313;77.98165137614679;-1.6764706;-6.547059
11.91;117;80;255;313;77.98165137614679;-1.6764706;-6.547059
11.92;117;80;255;313;77.98165137614679;-1.6764706;-6.547059
11.93;117;80;255;313;77.98165137614679;-1.6764706;-6.547059
11.94;117;80;256;313;78.08358817533129;-1.6566579;-6.5561357
11.95;117;80;256;313;78.08358817533129;-1.6566579;-6.5561357
11.96;117;79;256;314;78.08358817533129;-1.691906;-6.591384
11.97;117;79;256;314;78.08358817533129;-1.691906;-6.591384
11.98;117;79;256;314;78.08358817533129;-1.691906;-6.591384
11.99;117;79;256;314;78.08358817533129;-1.691906;-6.591384
12.0;117;79;256;314;78.08358817533129;-1.691906;-6.591384
12.01;117;79;256;314;78.08358817533129;-1.691906;-6.591384
12.02;117;79;256;314;78.08358817533129;-1.691906;-6.591384
12.03;117;79;256;314;78.08358817533129;-1.691906;-6.591384
12.04;117;79;256;314;78.08358817533129;-1.691906;-6.591384
12.05;117;79;257;314;78.1855249745158;-1.6720991;-6.600391
12.06;117;79;257;314;78.1855249745158;-1.6720991;-6.600391
12.07;117;79;257;314;78.1855249745158;-1.6720991;-6.600391
12.08;117;79;257;315;78.2874617737003;-1.6875;-6.609375
12.09;117;79;257;315;78.2874617737003;-1.6875;-6.609375
12.1;117;79;257;315;78.2874617737003;-1.6875;-6.609375
12.11;117;78;257;314;78.08358817533129;-1.691906;-6.6266317
12.12;116;78;257;314;77.98165137614679;-1.6764706;-6.652941
12.13;116;78;256;314;77.87971457696229;-1.6963351;-6.643979
12.14;116;78;256;314;77.87971457696229;-1.6963351;-6.643979
12.15;116;78;256;314;77.87971457696229;-1.6963351;-6.643979
12.16;116;78;256;314;77.87971457696229;-1.6963351;-6.643979
12.17;116;78;256;314;77.87971457696229;-1.6963351;-6.643979
12.18;116;78;256;314;77.87971457696229;-1.6963351;-6.643979
12.19;116;78;256;314;77.87971457696229;-1.6963351;-6.643979
12.2;116;78;256;314;77.87971457696229;-1.6963351;-6.643979
12.21;116;78;257;314;77.98165137614679;-1.6764706;-6.652941
12.22;116;78;257;315;78.08358817533129;-1.691906;-6.66188
12.23;115;78;257;315;77.98165137614679;-1.6764706;-6.6882353
12.24;115;78;257;315;77.98165137614679;-1.6764706;-6.6882353
12.25;115;78;257;315;77.98165137614679;-1.6764706;-6.6882353
12.26;115;78;257;315;77.98165137614679;-1.6764706;-6.6882353
12.27;115;78;258;315;78.08358817533129;-1.6566579;-6.697128
12.28;115;78;258;315;78.08358817533129;-1.6566579;-6.697128
12.29;115;78;258;315;78.08358817533129;-1.6566579;-6.697128
12.3;115;78;258;314;77.98165137614679;-1.6411765;-6.6882353
12.31;115;78;258;314;77.98165137614679;-1.6411765;-6.6882353
12.32;115;78;258;314;77.98165137614679;-1.6411765;-6.6882353
12.33;115;78;258;314;77.98165137614679;-1.6411765;-6.6882353
12.34;115;78;258;314;77.98165137614679;-1.6411765;-6.6882353
12.35;115;78;258;314;77.98165137614679;-1.6411765;-6.6882353
12.36;115;78;259;314;78.08358817533129;-1.6214099;-6.697128
12.37;115;78;259;314;78.08358817533129;-1.6214099;-6.697128
12.38;114;78;259;314;77.98165137614679;-1.6058824;-6.7235293
12.39;114;78;259;315;78.08358817533129;-1.6214099;-6.732376
12.4;114;78;259;315;78.08358817533129;-1.6214099;-6.732376
12.41;114;78;259;315;78.08358817533129;-1.6214099;-6.732376
12.42;114;78;260;315;78.1855249745158;-1.601695;-6.7411995
12.43;114;77;260;315;78.08358817533129;-1.6214099;-6.767624
12.44;114;77;260;315;78.08358817533129;-1.6214099;-6.767624
12.45;114;77;260;315;78.08358817533129;-1.6214099;-6.767624
12.46;114;77;260;315;78.08358817533129;-1.6214099;-6.767624
12.47;114;77;260;315;78.08358817533129;-1.6214099;-6.767624
12.48;114;77;260;315;78.08358817533129;-1.6214099;-6.767624
12.49;114;77;260;315;78.08358817533129;-1.6214099;-6.767624
12.5;114;77;260;315;78.08358817533129;-1.6214099;-6.767624
12.51;113;77;260;315;77.98165137614679;-1.6058824;-6.7941175
12.52;113;77;260;315;77.98165137614679;-1.6058824;-6.7941175
12.53;113;77;260;315;77.98165137614679;-1.6058824;-6.7941175
12.54;113;77;260;315;77.98165137614679;-1.6058824;-6.7941175
12.55;113;77;260;315;77.98165137614679;-1.6058824;-6.7941175
12.56;113;77;260;314;77.87971457696229;-1.5903141;-6.7853403
12.57;113;77;260;314;77.87971457696229;-1.5903141;-6.7853403
12.58;113;77;260;314;77.87971457696229;-1.5903141;-6.7853403
12.59;113;77;261;314;77.98165137614679;-1.5705882;-6.7941175
12.6;113;77;261;314;77.98165137614679;-1.5705882;-6.7941175
12.61;113;77;261;314;77.98165137614679;-1.5705882;-6.7941175
12.62;113;77;261;314;77.98165137614679;-1.5705882;-6.7941175
12.63;113;77;261;314;77.98165137614679;-1.5705882;-6.7941175
12.64;113;78;262;314;78.1855249745158;-1.5312908;-6.7764015
12.65;113;78;262;314;78.1855249745158;-1.5312908;-6.7764015
12.66;113;78;262;313;78.08358817533129;-1.5156658;-6.767624
12.67;113;78;262;313;78.08358817533129;-1.5156658;-6.767624
12.68;113;78;262;313;78.08358817533129;-1.5156658;-6.767624
12.69;113;78;262;313;78.08358817533129;-1.5156658;-6.767624
12.7;113;78;262;312;77.98165137614679;-1.5;-6.7588234
12.71;113;79;262;312;78.08358817533129;-1.4804177;-6.732376
12.72;113;79;262;312;78.08358817533129;-1.4804177;-6.732376
12.73;113;79;262;312;78.08358817533129;-1.4804177;-6.732376
12.74;113;79;262;311;77.98165137614679;-1.4647058;-6.7235293
12.75;113;79;262;311;77.98165137614679;-1.4647058;-6.7235293
12.76;113;79;262;311;77.98165137614679;-1.4647058;-6.7235293
12.77;113;79;262;311;77.98165137614679;-1.4647058;-6.7235293
12.78;113;79;262;311;77.98165137614679;-1.4647058;-6.7235293
12.79;113;80;262;311;78.08358817533129;-1.4451697;-6.697128
12.8;113;80;262;311;78.08358817533129;-1.4451697;-6.697128
12.81;113;80;262;310;77.98165137614679;-1.4294118;-6.6882353
12.82;113;80;262;310;77.98165137614679;-1.4294118;-6.6882353
12.83;113;80;262;310;77.98165137614679;-1.4294118;-6.6882353
12.84;113;80;262;310;77.98165137614679;-1.4294118;-6.6882353
12.85;113;81;262;309;77.98165137614679;-1.3941176;-6.652941
12.86;113;81;262;309;77.98165137614679;-1.3941176;-6.652941
12.87;113;81;261;309;77.87971457696229;-1.4136126;-6.643979
12.88;113;81;261;308;77.77777777777777;-1.397772;-6.6349936
12.89;113;81;261;308;77.77777777777777;-1.397772;-6.6349936
12.9;113;82;262;308;77.98165137614679;-1.3588235;-6.617647
12.91;114;82;262;308;78.08358817533129;-1.3746736;-6.591384
12.92;114;82;262;308;78.08358817533129;-1.3746736;-6.591384
12.93;114;82;262;308;78.08358817533129;-1.3746736;-6.591384
12.94;114;83;262;308;78.1855249745158;-1.3552803;-6.565189
12.95;114;83;262;307;78.08358817533129;-1.3394256;-6.5561357
12.96;115;83;261;307;78.08358817533129;-1.3746736;-6.520888
12.97;115;84;261;307;78.1855249745158;-1.3552803;-6.494785
12.98;115;84;261;306;78.08358817533129;-1.3394256;-6.4856396
12.99;115;84;261;306;78.08358817533129;-1.3394256;-6.4856396
13.0;115;85;260;305;77.98165137614679;-1.3235294;-6.4411764
13.01;116;85;260;305;78.08358817533129;-1.3394256;-6.4151435
13.02;116;85;260;304;77.98165137614679;-1.3235294;-6.4058824
13.03;116;85;260;304;77.98165137614679;-1.3235294;-6.4058824
13.04;116;86;260;304;78.08358817533129;-1.3041775;-6.3798957
13.05;116;86;259;304;77.98165137614679;-1.3235294;-6.3705883
13.06;116;86;259;303;77.87971457696229;-1.3075917;-6.3612566
13.07;116;86;259;303;77.87971457696229;-1.3075917;-6.3612566
13.08;116;87;259;303;77.98165137614679;-1.2882353;-6.3352942
13.09;117;87;259;302;77.98165137614679;-1.2882353;-6.3
13.1;117;87;258;302;77.87971457696229;-1.3075917;-6.290576
13.11;117;87;258;302;77.87971457696229;-1.3075917;-6.290576
13.12;117;88;258;301;77.87971457696229;-1.2722514;-6.2552357
13.13;117;88;258;301;77.87971457696229;-1.2722514;-6.2552357
13.14;119;93;258;295;77.98165137614679;-1.1117647;-6.0176473
13.15;119;93;258;295;77.98165137614679;-1.1117647;-6.0176473
13.16;119;94;258;295;78.08358817533129;-1.0926893;-5.992167
13.17;119;94;258;295;78.08358817533129;-1.0926893;-5.992167
13.18;119;94;258;294;77.98165137614679;-1.0764706;-5.9823527
13.19;119;94;258;294;77.98165137614679;-1.0764706;-5.9823527
13.2;119;94;258;294;77.98165137614679;-1.0764706;-5.9823527
13.21;119;94;258;294;77.98165137614679;-1.0764706;-5.9823527
13.22;119;94;258;294;77.98165137614679;-1.0764706;-5.9823527
13.23;119;94;258;294;77.98165137614679;-1.0764706;-5.9823527
13.24;119;94;258;294;77.98165137614679;-1.0764706;-5.9823527
13.25;119;94;258;294;77.98165137614679;-1.0764706;-5.9823527
13.26;119;94;258;294;77.98165137614679;-1.0764706;-5.9823527
13.27;119;94;258;294;77.98165137614679;-1.0764706;-5.9823527
13.28;119;94;257;294;77.87971457696229;-1.0955497;-5.972513
13.29;119;94;257;294;77.87971457696229;-1.0955497;-5.972513
13.3;119;94;257;294;77.87971457696229;-1.0955497;-5.972513
13.31;120;94;257;294;77.98165137614679;-1.1117647;-5.9470587
13.32;120;94;257;294;77.98165137614679;-1.1117647;-5.9470587
13.33;120;94;257;294;77.98165137614679;-1.1117647;-5.9470587
13.34;120;94;256;294;77.87971457696229;-1.13089;-5.937173
13.35;120;94;257;294;77.98165137614679;-1.1117647;-5.9470587
13.36;120;94;257;294;77.98165137614679;-1.1117647;-5.9470587
13.37;120;94;257;294;77.98165137614679;-1.1117647;-5.9470587
13.38;120;95;257;294;78.08358817533129;-1.0926893;-5.921671
13.39;120;95;257;294;78.08358817533129;-1.0926893;-5.921671
13.4;120;95;257;294;78.08358817533129;-1.0926893;-5.921671
13.41;120;95;257;294;78.08358817533129;-1.0926893;-5.921671
13.42;120;95;257;294;78.08358817533129;-1.0926893;-5.921671
13.43;120;95;257;294;78.08358817533129;-1.0926893;-5.921671
13.44;120;95;257;294;78.08358817533129;-1.0926893;-5.921671
13.45;120;95;257;293;77.98165137614679;-1.0764706;-5.9117646
13.46;120;95;257;293;77.98165137614679;-1.0764706;-5.9117646
13.47;120;95;257;293;77.98165137614679;-1.0764706;-5.9117646
13.48;120;95;257;293;77.98165137614679;-1.0764706;-5.9117646
13.49;120;95;257;293;77.98165137614679;-1.0764706;-5.9117646
13.5;120;95;257;293;77.98165137614679;-1.0764706;-5.9117646
13.51;120;95;257;293;77.98165137614679;-1.0764706;-5.9117646
13.52;120;95;257;293;77.98165137614679;-1.0764706;-5.9117646
13.53;120;95;257;293;77.98165137614679;-1.0764706;-5.9117646
13.54;120;95;257;293;77.98165137614679;-1.0764706;-5.9117646
13.55;120;95;257;293;77.98165137614679;-1.0764706;-5.9117646
13.56;120;95;257;293;77.98165137614679;-1.0764706;-5.9117646
13.57;120;95;257;293;77.98165137614679;-1.0764706;-5.9117646
13.58;120;95;257;293;77.98165137614679;-1.0764706;-5.9117646
13.59;120;95;257;293;77.98165137614679;-1.0764706;-5.9117646
13.6;120;95;257;293;77.98165137614679;-1.0764706;-5.9117646
13.61;120;95;257;293;77.98165137614679;-1.0764706;-5.9117646
13.62;120;95;257;293;77.98165137614679;-1.0764706;-5.9117646
13.63;119;95;257;293;77.87971457696229;-1.0602094;-5.937173
13.64;119;95;257;293;77.87971457696229;-1.0602094;-5.937173
13.65;119;95;257;293;77.87971457696229;-1.0602094;-5.937173
13.66;119;94;258;293;77.87971457696229;-1.0602094;-5.972513
13.67;119;94;258;293;77.87971457696229;-1.0602094;-5.972513
13.68;119;94;258;293;77.87971457696229;-1.0602094;-5.972513
13.69;119;94;258;293;77.87971457696229;-1.0602094;-5.972513
13.7;119;94;258;293;77.87971457696229;-1.0602094;-5.972513
13.71;119;94;258;293;77.87971457696229;-1.0602094;-5.972513
13.72;119;94;258;293;77.87971457696229;-1.0602094;-5.972513
13.73;119;94;258;293;77.87971457696229;-1.0602094;-5.972513
13.74;119;94;258;293;77.87971457696229;-1.0602094;-5.972513
13.75;119;95;258;293;77.98165137614679;-1.0411764;-5.9470587
13.76;119;95;258;293;77.98165137614679;-1.0411764;-5.9470587
13.77;119;95;258;293;77.98165137614679;-1.0411764;-5.9470587
13.78;119;95;258;293;77.98165137614679;-1.0411764;-5.9470587
13.79;119;95;258;293;77.98165137614679;-1.0411764;-5.9470587
13.8;119;95;258;293;77.98165137614679;-1.0411764;-5.9470587
13.81;119;95;258;293;77.98165137614679;-1.0411764;-5.9470587
13.82;119;95;259;293;78.08358817533129;-1.0221932;-5.956919
13.83;119;95;259;293;78.08358817533129;-1.0221932;-5.956919
13.84;119;95;259;293;78.08358817533129;-1.0221932;-5.956919
13.85;119;95;259;293;78.08358817533129;-1.0221932;-5.956919
13.86;119;95;259;293;78.08358817533129;-1.0221932;-5.956919
13.87;118;95;259;293;77.98165137614679;-1.0058824;-5.9823527
13.88;118;95;259;293;77.98165137614679;-1.0058824;-5.9823527
13.89;118;95;259;293;77.98165137614679;-1.0058824;-5.9823527
13.9;118;95;259;293;77.98165137614679;-1.0058824;-5.9823527
13.91;118;94;259;293;77.87971457696229;-1.0248691;-6.0078535
13.92;118;94;259;293;77.87971457696229;-1.0248691;-6.0078535
13.93;118;94;259;293;77.87971457696229;-1.0248691;-6.0078535
13.94;118;94;259;293;77.87971457696229;-1.0248691;-6.0078535
13.95;118;94;259;293;77.87971457696229;-1.0248691;-6.0078535
13.96;118;94;259;293;77.87971457696229;-1.0248691;-6.0078535
13.97;118;94;259;293;77.87971457696229;-1.0248691;-6.0078535
13.98;118;94;259;293;77.87971457696229;-1.0248691;-6.0078535
13.99;118;94;259;293;77.87971457696229;-1.0248691;-6.0078535
14.0;118;94;259;293;77.87971457696229;-1.0248691;-6.0078535
14.01;118;94;259;293;77.87971457696229;-1.0248691;-6.0078535
14.02;118;94;259;293;77.87971457696229;-1.0248691;-6.0078535
14.03;118;94;259;293;77.87971457696229;-1.0248691;-6.0078535
14.04;118;94;259;292;77.77777777777777;-1.008519;-5.998034
14.05;118;94;259;292;77.77777777777777;-1.008519;-5.998034
14.06;118;94;259;292;77.77777777777777;-1.008519;-5.998034
14.07;118;95;259;292;77.87971457696229;-0.9895288;-5.972513
14.08;118;95;259;292;77.87971457696229;-0.9895288;-5.972513
14.09;118;95;259;292;77.87971457696229;-0.9895288;-5.972513
14.1;118;95;259;292;77.87971457696229;-0.9895288;-5.972513
14.11;118;95;259;292;77.87971457696229;-0.9895288;-5.972513
14.12;118;95;259;292;77.87971457696229;-0.9895288;-5.972513
14.13;118;95;259;292;77.87971457696229;-0.9895288;-5.972513
14.14;118;95;259;292;77.87971457696229;-0.9895288;-5.972513
14.15;118;96;259;292;77.98165137614679;-0.9705882;-5.9470587
14.16;118;96;259;292;77.98165137614679;-0.9705882;-5.9470587
14.17;118;96;259;292;77.98165137614679;-0.9705882;-5.9470587
14.18;118;96;259;291;77.87971457696229;-0.95418847;-5.937173
14.19;118;96;259;291;77.87971457696229;-0.95418847;-5.937173
14.2;118;96;259;291;77.87971457696229;-0.95418847;-5.937173
14.21;118;97;259;291;77.98165137614679;-0.9352941;-5.9117646
14.22;119;97;259;290;77.98165137614679;-0.9352941;-5.8764706
14.23;119;97;259;290;77.98165137614679;-0.9352941;-5.8764706
14.24;119;97;259;290;77.98165137614679;-0.9352941;-5.8764706
14.25;119;97;259;290;77.98165137614679;-0.9352941;-5.8764706
14.26;119;97;259;290;77.98165137614679;-0.9352941;-5.8764706
14.27;119;97;258;290;77.87971457696229;-0.95418847;-5.8664923
14.28;119;97;258;290;77.87971457696229;-0.95418847;-5.8664923
14.29;120;97;258;290;77.98165137614679;-0.9705882;-5.8411765
14.3;120;97;257;290;77.87971457696229;-0.9895288;-5.831152
14.31;120;97;257;290;77.87971457696229;-0.9895288;-5.831152
14.32;120;97;257;290;77.87971457696229;-0.9895288;-5.831152
14.33;121;97;256;290;77.87971457696229;-1.0248691;-5.7958117
14.34;121;97;256;291;77.98165137614679;-1.0411764;-5.8058825
14.35;121;97;256;291;77.98165137614679;-1.0411764;-5.8058825
14.36;122;96;255;291;77.87971457696229;-1.0955497;-5.7958117
14.37;122;96;255;291;77.87971457696229;-1.0955497;-5.7958117
14.38;123;96;254;291;77.87971457696229;-1.13089;-5.7604713
14.39;123;96;254;291;77.87971457696229;-1.13089;-5.7604713
14.4;123;96;253;291;77.77777777777777;-1.1500655;-5.7503276
14.41;124;96;252;291;77.77777777777777;-1.1854521;-5.714941
14.42;124;96;251;291;77.67584097859327;-1.2047244;-5.7047243
14.43;125;95;250;292;77.67584097859327;-1.2755905;-5.7047243
14.44;125;95;249;292;77.57390417940876;-1.2950065;-5.694481
14.45;126;95;249;292;77.67584097859327;-1.3110236;-5.6692915
14.46;127;95;248;292;77.67584097859327;-1.3464566;-5.633858
14.47;127;95;247;292;77.57390417940876;-1.3659658;-5.623522
14.48;128;94;247;293;77.67584097859327;-1.4173229;-5.633858
14.49;128;94;246;293;77.57390417940876;-1.436925;-5.623522
14.5;129;94;246;293;77.67584097859327;-1.4527559;-5.5984254
14.51;129;94;245;293;77.57390417940876;-1.4724047;-5.5880423
14.52;130;94;245;293;77.67584097859327;-1.488189;-5.562992
14.53;130;93;244;294;77.57390417940876;-1.543364;-5.5880423
14.54;131;93;244;294;77.67584097859327;-1.5590551;-5.562992
14.55;131;93;243;294;77.57390417940876;-1.5788436;-5.552562
14.56;132;93;243;295;77.77777777777777;-1.6100917;-5.5380077
14.57;132;93;243;295;77.77777777777777;-1.6100917;-5.5380077
14.58;132;93;242;295;77.67584097859327;-1.6299213;-5.5275593
14.59;132;92;242;295;77.57390417940876;-1.6498029;-5.552562
14.6;133;92;241;295;77.57390417940876;-1.6852825;-5.5170827
14.61;133;92;241;295;77.57390417940876;-1.6852825;-5.5170827
14.62;133;92;241;296;77.67584097859327;-1.7007874;-5.5275593
14.63;134;91;241;297;77.77777777777777;-1.7516383;-5.5380077
14.64;134;91;242;298;77.98165137614679;-1.7470589;-5.5588236
14.65;134;91;242;299;78.08358817533129;-1.762402;-5.5691905
14.66;134;91;243;300;78.2874617737003;-1.7578125;-5.5898438
14.67;134;91;243;300;78.2874617737003;-1.7578125;-5.5898438
14.68;134;90;243;301;78.2874617737003;-1.7929688;-5.625
14.69;134;90;243;301;78.2874617737003;-1.7929688;-5.625
14.7;134;90;243;302;78.3893985728848;-1.8081925;-5.6352406
14.71;134;89;244;302;78.3893985728848;-1.8081925;-5.670351
14.72;134;89;244;303;78.49133537206932;-1.8233767;-5.6805196
14.73;134;88;244;304;78.49133537206932;-1.8584416;-5.7155843
14.74;133;88;245;305;78.59327217125382;-1.8385214;-5.7607
14.75;133;87;245;306;78.59327217125382;-1.8735409;-5.7957196
14.76;133;87;245;307;78.69520897043833;-1.8886011;-5.8056993
14.77;132;86;245;308;78.59327217125382;-1.9085603;-5.865759
14.78;132;85;245;308;78.49133537206932;-1.9285715;-5.890909
14.79;131;85;245;309;78.49133537206932;-1.9285715;-5.925974
14.8;130;84;245;309;78.2874617737003;-1.9335938;-5.9765625
14.81;129;83;245;309;78.08358817533129;-1.9386423;-6.0274153
14.82;128;83;245;309;77.98165137614679;-1.9235294;-6.0529413
14.83;127;82;246;309;77.87971457696229;-1.9083769;-6.1138744
14.84;126;81;246;308;77.57390417940876;-1.8981603;-6.155716
14.85;124;80;247;308;77.37003058103976;-1.8675889;-6.243083
14.86;123;80;247;307;77.16615698267074;-1.836856;-6.2595773
14.87;122;79;248;307;77.06422018348623;-1.8214285;-6.321429
14.88;120;78;249;306;76.75840978593271;-1.7749004;-6.4003983
14.89;119;77;250;306;76.65647298674821;-1.7593085;-6.462766
14.9;118;77;252;307;76.86034658511723;-1.7188329;-6.5172415
14.91;117;76;254;307;76.86034658511723;-1.6830239;-6.5888596
14.92;116;76;257;307;77.06422018348623;-1.6071428;-6.642857
14.93;114;75;260;307;77.06422018348623;-1.5357143;-6.75
14.94;113;75;262;307;77.16615698267074;-1.4801849;-6.794584
14.95;112;74;265;307;77.26809378185524;-1.4248021;-6.87467
14.96;111;74;267;307;77.37003058103976;-1.3695652;-6.9189725
14.97;110;73;270;307;77.47196738022426;-1.3144736;-6.9986844
14.98;109;73;272;307;77.57390417940876;-1.259527;-7.042707
14.99;108;73;274;307;77.67584097859327;-1.2047244;-7.086614
15.0;108;73;276;306;77.77777777777777;-1.1500655;-7.09502
15.01;107;73;278;305;77.77777777777777;-1.0792923;-7.1304064
15.02;106;73;280;303;77.67584097859327;-0.992126;-7.1574802
15.03;105;73;283;301;77.67584097859327;-0.88582677;-7.1929135
15.04;104;73;285;299;77.57390417940876;-0.79829174;-7.220105
15.05;103;74;287;297;77.57390417940876;-0.6918528;-7.220105
15.06;103;74;288;294;77.37003058103976;-0.6225296;-7.2035575
15.07;102;74;290;291;77.16615698267074;-0.51717305;-7.222589
15.08;102;74;292;288;77.06422018348623;-0.42857143;-7.214286
15.09;101;75;294;285;76.96228338430173;-0.3039735;-7.2059603
15.1;101;75;296;281;76.75840978593271;-0.19721116;-7.189243
15.11;100;76;298;276;76.4525993883792;-0.036;-7.164
15.12;100;77;301;271;76.3506625891947;0.12616822;-7.1194925
15.13;99;78;303;265;75.94291539245667;0.3080537;-7.085235
15.14;98;79;307;258;75.63710499490315;0.5458221;-7.059299
15.15;97;80;310;251;75.22935779816514;0.76829267;-7.02439
15.16;96;82;314;244;75.02548419979613;1.0271739;-6.9701085
15.17;93;83;319;236;74.5158002038736;1.3481532;-6.999316
15.18;90;84;325;229;74.20998980632008;1.668956;-7.0467033
15.19;86;86;332;221;73.90417940876657;2.0668964;-7.094483
15.2;81;87;340;214;73.59836901121304;2.468144;-7.2174516
15.21;76;89;349;208;73.59836901121304;2.8795013;-7.32964
15.22;70;91;360;202;73.70030581039755;3.3423235;-7.4875517
15.23;65;93;372;199;74.31192660550458;3.7222223;-7.648148
15.24;61;95;385;197;75.22935779816514;4.0609756;-7.792683
15.25;56;97;399;197;76.3506625891947;4.37984;-7.9846463
15.26;52;99;412;197;77.47196738022426;4.6539474;-8.135527
15.27;48;101;426;197;78.69520897043833;4.9313474;-8.28886
15.28;44;104;438;197;79.81651376146789;5.1896553;-8.396552
15.29;40;106;449;197;80.73394495412843;5.4204545;-8.522727
15.3;37;108;459;198;81.75331294597349;5.5885286;-8.618454
15.31;35;110;467;198;82.56880733944953;5.733333;-8.666667
15.32;33;112;475;198;83.38430173292558;5.8753057;-8.713937
15.33;31;113;481;199;83.99592252803262;5.963592;-8.781553
15.34;31;115;485;199;84.60754332313965;6.018072;-8.750603
15.35;31;116;487;200;85.01529051987767;6.0215826;-8.741007
15.36;32;117;486;199;85.01529051987767;6.0215826;-8.676259
15.37;32;117;484;198;84.70948012232415;6.027076;-8.658845
15.38;32;117;481;196;84.19979612640162;6.0472155;-8.6295395
15.39;32;117;476;193;83.38430173292558;6.0733495;-8.581907
15.4;32;116;469;190;82.26299694189602;6.0724907;-8.548327
15.41;32;115;463;187;81.24362895005096;6.0809283;-8.520075
15.42;31;113;456;183;79.81651376146789;6.12069;-8.534483
15.43;31;112;449;180;78.69520897043833;6.120466;-8.498705
15.44;31;111;442;177;77.57390417940876;6.1202364;-8.461892
15.45;31;109;436;174;76.4525993883792;6.12;-8.46
15.46;30;108;430;172;75.43323139653414;6.1297297;-8.464865
15.47;30;107;425;170;74.6177370030581;6.122951;-8.446721
15.48;30;106;421;168;73.90417940876657;6.126207;-8.435172
15.49;29;105;419;167;73.39449541284404;6.15;-8.475
15.5;29;104;418;167;73.19062181447502;6.1295266;-8.498608
15.51;29;103;418;167;73.08868501529052;6.119247;-8.529288
15.52;28;102;420;168;73.19062181447502;6.1295266;-8.611421
15.53;28;101;422;169;73.39449541284404;6.1125;-8.6625
15.54;28;100;425;170;73.70030581039755;6.105809;-8.719917
15.55;27;99;428;171;73.90417940876657;6.126207;-8.807587
15.56;27;98;431;173;74.31192660550458;6.0925927;-8.87037
15.57;27;98;435;175;74.92354740061161;6.0795918;-8.908163
15.58;27;97;438;176;75.22935779816514;6.0731707;-8.963414
15.59;26;96;442;178;75.63710499490315;6.0768194;-9.060647
15.6;26;95;445;180;76.04485219164118;6.0442357;-9.120644
15.61;26;93;449;182;76.4525993883792;6.012;-9.216
15.62;25;92;452;184;76.75840978593271;6.005976;-9.304781
15.63;24;90;454;185;76.75840978593271;6.005976;-9.412351
15.64;24;89;457;186;77.06422018348623;6.0;-9.464286
15.65;23;87;459;187;77.06422018348623;6.0;-9.571428
15.66;23;85;461;188;77.16615698267074;5.9742403;-9.647952
15.67;22;83;462;189;77.06422018348623;5.964286;-9.75
15.68;21;81;463;190;76.96228338430173;5.9543047;-9.852318
15.69;21;79;463;190;76.75840978593271;5.9342628;-9.914343
15.7;20;77;462;190;76.3506625891947;5.9299064;-10.003338
15.71;20;76;462;190;76.24872579001018;5.919786;-10.0347595
15.72;19;74;461;190;75.84097859327217;5.915323;-10.125
15.73;19;72;461;190;75.63710499490315;5.894879;-10.18868
15.74;18;70;461;191;75.43323139653414;5.8743243;-10.289189
15.75;18;68;460;191;75.12742099898063;5.8432837;-10.349389
15.76;18;67;459;191;74.92354740061161;5.822449;-10.377551
15.77;17;66;458;191;74.6177370030581;5.827869;-10.438524
15.78;17;65;457;191;74.4138634046891;5.8068495;-10.467123
15.79;17;64;456;190;74.10805300713557;5.812242;-10.491747
15.8;16;63;455;190;73.80224260958205;5.8176794;-10.553867
15.81;16;62;454;190;73.59836901121304;5.796399;-10.583102
15.82;16;62;453;190;73.49643221202854;5.785714;-10.579057
15.83;16;62;453;190;73.49643221202854;5.785714;-10.579057
15.84;16;61;452;190;73.29255861365952;5.764256;-10.608484
15.85;16;61;452;190;73.29255861365952;5.764256;-10.608484
15.86;16;61;450;190;73.08868501529052;5.7426777;-10.600418
15.87;16;61;449;189;72.88481141692151;5.7587414;-10.592308
15.88;16;61;446;188;72.47706422018348;5.753165;-10.57595
15.89;16;61;443;187;72.06931702344546;5.7475247;-10.559406
15.9;16;61;439;185;71.45769622833842;5.7582026;-10.534237
15.91;16;61;433;182;70.54026503567788;5.7745667;-10.495665
15.92;16;60;426;179;69.41896024464832;5.7687225;-10.486784
15.93;15;59;417;174;67.78797145769623;5.826316;-10.495489
15.94;15;58;407;169;66.15698267074414;5.845146;-10.46302
15.95;15;57;395;163;64.22018348623853;5.8714285;-10.414286
15.96;14;56;381;157;61.97757390417941;5.90625;-10.391447
15.97;14;54;365;150;59.42915392456676;5.904803;-10.350772
15.98;14;52;349;143;56.88073394495412;5.903226;-10.306452
15.99;13;51;333;136;54.332313965341484;5.9521575;-10.257974
16.0;13;49;318;130;51.98776758409786;5.929412;-10.217647
16.01;13;48;305;125;50.05096839959225;5.911405;-10.145621
16.02;13;47;294;120;48.318042813455655;5.924051;-10.082278
16.03;12;46;284;117;46.788990825688074;5.9117646;-10.088235
16.04;12;45;273;113;45.15800203873598;5.8814898;-10.025959
16.05;12;43;262;108;43.32313965341488;5.8764706;-10.005882
16.06;11;41;248;103;41.08053007135576;5.8622828;-10.0161295
16.07;11;39;230;96;38.328236493374106;5.816489;-9.9095745
16.08;10;36;211;88;35.16819571865443;5.830435;-9.9
16.09;9;34;191;79;31.90621814475025;5.9089456;-9.790735
16.1;8;31;173;72;28.95005096839959;5.8943663;-9.7922535
16.11;7;28;156;65;26.095820591233434;5.90625;-9.808594
16.12;6;25;139;58;23.241590214067276;5.9210525;-9.828947
16.13;5;22;123;52;20.59123343527013;5.881188;-9.891089
16.14;3;19;108;45;17.83893985728848;6.0942855;-10.105714
16.15;2;15;93;40;15.290519877675841;5.94;-10.44
16.16;1;12;80;34;12.945973496432211;6.0590553;-10.73622
16.17;0;9;68;30;10.9072375127421;5.9299064;-11.228972
16.18;0;6;59;26;9.27624872579001;5.785714;-11.71978
16.19;0;5;51;23;8.053007135575942;5.6392407;-11.79114
16.2;0;3;44;20;6.829765545361875;5.4402986;-12.291045
16.21;0;2;38;17;5.810397553516819;5.4473686;-12.552631
16.22;0;1;33;15;4.994903160040774;5.234694;-12.948979
16.23;0;0;27;13;4.077471967380224;4.725;-13.5
16.24;0;0;23;11;3.4658511722731906;4.7647057;-13.5
16.25;0;0;19;9;2.854230377166157;4.821429;-13.5
16.26;0;0;15;7;2.2426095820591234;4.909091;-13.5
16.27;0;0;12;5;1.7329255861365953;5.5588236;-13.5
16.28;0;0;8;3;1.1213047910295617;6.1363635;-13.5
16.29;0;0;4;2;0.6116207951070336;4.5;-13.5
16.3;0;0;1;0;0.1019367991845056;13.5;-13.5
16.31;0;0;0;0;0.0;0.0;0.0
16.32;0;0;0;0;0.0;0.0;0.0
16.33;0;0;0;0;0.0;0.0;0.0
16.34;0;0;0;0;0.0;0.0;0.0
16.35;0;0;0;0;0.0;0.0;0.0
16.36;0;0;0;0;0.0;0.0;0.0
16.37;0;0;0;0;0.0;0.0;0.0
16.38;0;0;0;0;0.0;0.0;0.0
16.39;0;0;0;0;0.0;0.0;0.0
16.4;0;0;0;0;0.0;0.0;0.0
16.41;0;0;0;0;0.0;0.0;0.0
16.42;0;0;0;0;0.0;0.0;0.0
16.43;0;0;0;0;0.0;0.0;0.0
16.44;0;0;0;0;0.0;0.0;0.0
16.45;0;0;0;0;0.0;0.0;0.0
16.46;0;0;0;0;0.0;0.0;0.0
16.47;0;0;0;0;0.0;0.0;0.0
16.48;0;0;0;0;0.0;0.0;0.0
16.49;0;0;0;0;0.0;0.0;0.0
16.5;0;0;0;0;0.0;0.0;0.0
16.51;0;0;0;0;0.0;0.0;0.0
16.52;0;0;0;0;0.0;0.0;0.0
16.53;0;0;0;0;0.0;0.0;0.0
16.54;0;0;0;0;0.0;0.0;0.0
16.55;0;0;0;0;0.0;0.0;0.0
16.56;0;0;0;0;0.0;0.0;0.0
16.57;0;0;0;0;0.0;0.0;0.0
16.58;0;0;0;0;0.0;0.0;0.0
16.59;0;0;0;0;0.0;0.0;0.0
16.6;0;0;0;0;0.0;0.0;0.0
16.61;0;0;0;0;0.0;0.0;0.0
16.62;0;0;0;0;0.0;0.0;0.0
16.63;0;0;0;0;0.0;0.0;0.0
16.64;0;0;0;0;0.0;0.0;0.0
16.65;0;0;0;0;0.0;0.0;0.0
16.66;0;0;0;0;0.0;0.0;0.0
16.67;0;0;0;0;0.0;0.0;0.0
16.68;0;0;0;0;0.0;0.0;0.0
16.69;0;0;0;0;0.0;0.0;0.0
16.7;0;0;0;0;0.0;0.0;0.0
16.71;0;0;0;0;0.0;0.0;0.0
16.72;0;0;0;0;0.0;0.0;0.0
16.73;0;0;0;0;0.0;0.0;0.0
16.74;0;0;0;0;0.0;0.0;0.0
16.75;0;0;0;0;0.0;0.0;0.0
16.76;0;0;0;0;0.0;0.0;0.0
16.77;0;0;0;0;0.0;0.0;0.0
16.78;0;0;0;0;0.0;0.0;0.0
16.79;0;0;0;0;0.0;0.0;0.0
16.8;0;0;0;0;0.0;0.0;0.0
16.81;0;0;0;0;0.0;0.0;0.0
16.82;0;0;0;0;0.0;0.0;0.0
16.83;0;0;0;0;0.0;0.0;0.0
16.84;0;0;0;0;0.0;0.0;0.0
16.85;0;0;0;0;0.0;0.0;0.0
16.86;0;0;0;0;0.0;0.0;0.0
16.87;0;0;0;0;0.0;0.0;0.0
16.88;0;0;0;0;0.0;0.0;0.0
16.89;0;0;0;0;0.0;0.0;0.0
16.9;0;0;0;0;0.0;0.0;0.0
16.91;0;0;0;0;0.0;0.0;0.0
16.92;0;0;0;0;0.0;0.0;0.0
16.93;0;0;0;0;0.0;0.0;0.0
16.94;0;0;0;0;0.0;0.0;0.0
16.95;0;0;0;0;0.0;0.0;0.0
16.96;0;0;0;0;0.0;0.0;0.0
16.97;0;0;0;0;0.0;0.0;0.0
16.98;0;0;0;0;0.0;0.0;0.0
16.99;0;0;0;0;0.0;0.0;0.0
17.0;0;0;0;0;0.0;0.0;0.0
17.01;0;0;0;0;0.0;0.0;0.0
17.02;0;0;0;0;0.0;0.0;0.0
17.03;0;0;0;0;0.0;0.0;0.0
17.04;0;0;0;0;0.0;0.0;0.0
17.05;0;0;0;0;0.0;0.0;0.0
17.06;0;0;0;0;0.0;0.0;0.0
17.07;0;0;0;0;0.0;0.0;0.0
17.08;0;0;0;0;0.0;0.0;0.0
17.09;0;0;0;0;0.0;0.0;0.0
17.1;0;0;0;0;0.0;0.0;0.0
17.11;0;0;0;0;0.0;0.0;0.0
17.12;0;0;0;0;0.0;0.0;0.0
17.13;0;0;0;0;0.0;0.0;0.0
17.14;0;0;0;0;0.0;0.0;0.0
17.15;0;0;0;0;0.0;0.0;0.0
17.16;0;0;0;0;0.0;0.0;0.0
17.17;0;0;0;0;0.0;0.0;0.0
17.18;0;0;0;0;0.0;0.0;0.0
17.19;0;0;0;0;0.0;0.0;0.0
17.2;0;0;0;0;0.0;0.0;0.0
17.21;0;0;0;0;0.0;0.0;0.0
17.22;0;0;0;0;0.0;0.0;0.0
17.23;0;0;0;0;0.0;0.0;0.0
17.24;0;0;0;0;0.0;0.0;0.0
17.25;0;0;0;0;0.0;0.0;0.0
17.26;0;0;0;0;0.0;0.0;0.0
17.27;0;0;0;0;0.0;0.0;0.0
17.28;0;0;0;0;0.0;0.0;0.0
17.29;0;0;0;0;0.0;0.0;0.0
17.3;0;0;0;0;0.0;0.0;0.0
17.31;0;0;0;0;0.0;0.0;0.0
17.32;0;0;0;0;0.0;0.0;0.0
17.33;0;0;0;0;0.0;0.0;0.0
17.34;0;0;0;0;0.0;0.0;0.0
17.35;0;0;0;0;0.0;0.0;0.0
17.36;0;0;0;0;0.0;0.0;0.0
17.37;0;0;0;0;0.0;0.0;0.0
17.38;0;0;0;0;0.0;0.0;0.0
17.39;0;0;0;0;0.0;0.0;0.0
17.4;0;0;0;0;0.0;0.0;0.0
17.41;0;0;0;0;0.0;0.0;0.0
17.42;0;0;0;0;0.0;0.0;0.0
17.43;0;0;0;0;0.0;0.0;0.0
17.44;0;0;0;0;0.0;0.0;0.0
17.45;0;0;0;0;0.0;0.0;0.0
17.46;0;0;0;0;0.0;0.0;0.0
17.47;0;0;0;0;0.0;0.0;0.0
17.48;0;0;0;0;0.0;0.0;0.0
17.49;0;0;0;0;0.0;0.0;0.0
17.5;0;0;0;0;0.0;0.0;0.0
17.51;0;0;0;0;0.0;0.0;0.0
17.52;0;0;0;0;0.0;0.0;0.0
17.53;0;0;0;0;0.0;0.0;0.0
17.54;0;0;0;0;0.0;0.0;0.0
17.55;0;0;0;0;0.0;0.0;0.0
17.56;0;0;0;0;0.0;0.0;0.0
17.57;0;0;0;0;0.0;0.0;0.0
17.58;0;0;0;0;0.0;0.0;0.0
17.59;0;0;0;0;0.0;0.0;0.0
17.6;0;0;0;0;0.0;0.0;0.0
17.61;0;0;0;0;0.0;0.0;0.0
17.62;0;0;0;0;0.0;0.0;0.0
17.63;0;0;0;0;0.0;0.0;0.0
17.64;0;0;0;0;0.0;0.0;0.0
17.65;0;0;0;0;0.0;0.0;0.0
17.66;0;0;0;0;0.0;0.0;0.0
17.67;0;0;0;0;0.0;0.0;0.0
17.68;0;0;0;0;0.0;0.0;0.0
17.69;0;0;0;0;0.0;0.0;0.0
17.7;0;0;0;0;0.0;0.0;0.0
17.71;0;0;0;0;0.0;0.0;0.0
17.72;0;0;0;0;0.0;0.0;0.0
17.73;0;0;0;0;0.0;0.0;0.0
17.74;0;0;0;0;0.0;0.0;0.0
17.75;0;0;0;0;0.0;0.0;0.0
17.76;0;0;0;0;0.0;0.0;0.0
17.77;0;0;0;0;0.0;0.0;0.0
17.78;0;0;0;0;0.0;0.0;0.0
17.79;0;0;0;0;0.0;0.0;0.0
17.8;0;0;0;0;0.0;0.0;0.0
17.81;0;0;0;0;0.0;0.0;0.0
17.82;0;0;0;0;0.0;0.0;0.0
17.83;0;0;0;0;0.0;0.0;0.0
17.84;0;0;0;0;0.0;0.0;0.0
17.85;0;0;0;0;0.0;0.0;0.0
17.86;0;0;0;0;0.0;0.0;0.0
17.87;0;0;0;0;0.0;0.0;0.0
17.88;0;0;0;0;0.0;0.0;0.0
17.89;0;0;0;0;0.0;0.0;0.0
17.9;0;0;0;0;0.0;0.0;0.0
17.91;0;0;0;0;0.0;0.0;0.0
17.92;0;0;0;0;0.0;0.0;0.0
17.93;0;0;0;0;0.0;0.0;0.0
17.94;0;0;0;0;0.0;0.0;0.0
17.95;0;0;0;0;0.0;0.0;0.0
17.96;0;0;0;0;0.0;0.0;0.0
17.97;0;0;0;0;0.0;0.0;0.0
17.98;0;0;0;0;0.0;0.0;0.0
17.99;0;0;0;0;0.0;0.0;0.0
18.0;0;0;0;0;0.0;0.0;0.0
18.01;0;0;0;0;0.0;0.0;0.0
18.02;0;0;0;0;0.0;0.0;0.0
18.03;0;0;0;0;0.0;0.0;0.0
18.04;0;0;0;0;0.0;0.0;0.0
18.05;0;0;0;0;0.0;0.0;0.0
18.06;0;0;0;0;0.0;0.0;0.0
18.07;0;0;0;0;0.0;0.0;0.0
18.08;0;0;0;0;0.0;0.0;0.0
18.09;0;0;0;0;0.0;0.0;0.0
18.1;0;0;0;0;0.0;0.0;0.0
18.11;0;0;0;0;0.0;0.0;0.0
18.12;0;0;0;0;0.0;0.0;0.0
18.13;0;0;0;0;0.0;0.0;0.0
18.14;0;0;0;0;0.0;0.0;0.0
18.15;0;0;0;0;0.0;0.0;0.0
18.16;0;0;0;0;0.0;0.0;0.0
18.17;0;0;0;0;0.0;0.0;0.0
18.18;0;0;0;0;0.0;0.0;0.0
18.19;0;0;0;0;0.0;0.0;0.0
18.2;0;0;0;0;0.0;0.0;0.0
18.21;0;0;0;0;0.0;0.0;0.0
18.22;0;0;0;0;0.0;0.0;0.0
18.23;0;0;0;0;0.0;0.0;0.0
18.24;0;0;0;0;0.0;0.0;0.0
18.25;0;0;0;0;0.0;0.0;0.0
18.26;0;0;0;0;0.0;0.0;0.0
18.27;0;0;0;0;0.0;0.0;0.0
18.28;0;0;0;0;0.0;0.0;0.0
18.29;0;0;0;0;0.0;0.0;0.0
