 Height:  Visitor ;  Weight:  Visitor ;  Age:  -1 ;  Gender:  Visitor; name: alexi; color: green; situation: closed eyes
Temps (s);F1 (N);F2 (N);F3 (N);F4 (N);Fz (kg);ML (cm);AP (cm);Poids (kg);Instant apparition poids (s);Score equilibre;Vitesse de la phase de montee;Surface du stabilogramme;Vitesse de deplacement du centre des pressions;Phase de stabilisation
0.01;0;0;0;0;0.0;0.0;0.0;69.41896024464832;15.39;10;4;0;2;4; 199.50487840396076; 15.876163883485225; 3.337925809112205; 1.1126041683062793
0.02;0;0;0;0;0.0;0.0;0.0
0.03;0;0;0;0;0.0;0.0;0.0
0.04;0;0;0;0;0.0;0.0;0.0
0.05;0;0;0;0;0.0;0.0;0.0
0.06;0;0;0;0;0.0;0.0;0.0
0.07;0;0;0;0;0.0;0.0;0.0
0.08;0;0;0;0;0.0;0.0;0.0
0.09;0;0;0;0;0.0;0.0;0.0
0.1;0;0;0;0;0.0;0.0;0.0
0.11;0;0;0;0;0.0;0.0;0.0
0.12;0;0;0;0;0.0;0.0;0.0
0.13;0;0;0;0;0.0;0.0;0.0
0.14;0;0;0;0;0.0;0.0;0.0
0.15;0;0;0;0;0.0;0.0;0.0
0.16;0;0;0;0;0.0;0.0;0.0
0.17;0;0;0;0;0.0;0.0;0.0
0.18;0;0;0;0;0.0;0.0;0.0
0.19;0;0;0;0;0.0;0.0;0.0
0.2;0;0;0;0;0.0;0.0;0.0
0.21;0;0;0;0;0.0;0.0;0.0
0.22;0;0;0;0;0.0;0.0;0.0
0.23;0;0;0;0;0.0;0.0;0.0
0.24;0;0;0;0;0.0;0.0;0.0
0.25;0;0;0;0;0.0;0.0;0.0
0.26;0;0;0;0;0.0;0.0;0.0
0.27;0;0;0;0;0.0;0.0;0.0
0.28;0;0;0;0;0.0;0.0;0.0
0.29;0;0;0;0;0.0;0.0;0.0
0.3;0;0;0;0;0.0;0.0;0.0
0.31;0;0;0;0;0.0;0.0;0.0
0.32;0;0;0;0;0.0;0.0;0.0
0.33;0;0;0;0;0.0;0.0;0.0
0.34;0;0;0;0;0.0;0.0;0.0
0.35;0;0;0;0;0.0;0.0;0.0
0.36;0;0;0;0;0.0;0.0;0.0
0.37;0;0;0;0;0.0;0.0;0.0
0.38;0;0;0;0;0.0;0.0;0.0
0.39;0;0;0;0;0.0;0.0;0.0
0.4;0;0;0;0;0.0;0.0;0.0
0.41;0;0;0;0;0.0;0.0;0.0
0.42;0;0;0;0;0.0;0.0;0.0
0.43;0;0;0;0;0.0;0.0;0.0
0.44;0;0;0;0;0.0;0.0;0.0
0.45;0;0;0;0;0.0;0.0;0.0
0.46;0;0;0;0;0.0;0.0;0.0
0.47;0;0;0;0;0.0;0.0;0.0
0.48;0;0;0;0;0.0;0.0;0.0
0.49;0;0;0;0;0.0;0.0;0.0
0.5;0;0;0;0;0.0;0.0;0.0
0.51;0;0;0;0;0.0;0.0;0.0
0.52;0;0;0;0;0.0;0.0;0.0
0.53;0;0;0;0;0.0;0.0;0.0
0.54;0;0;0;0;0.0;0.0;0.0
0.55;0;0;0;0;0.0;0.0;0.0
0.56;0;0;0;0;0.0;0.0;0.0
0.57;0;0;0;0;0.0;0.0;0.0
0.58;0;0;0;0;0.0;0.0;0.0
0.59;0;0;0;0;0.0;0.0;0.0
0.6;0;0;0;0;0.0;0.0;0.0
0.61;0;0;0;0;0.0;0.0;0.0
0.62;0;0;0;0;0.0;0.0;0.0
0.63;0;0;0;0;0.0;0.0;0.0
0.64;0;0;0;0;0.0;0.0;0.0
0.65;0;0;0;0;0.0;0.0;0.0
0.66;0;0;0;0;0.0;0.0;0.0
0.67;0;0;0;0;0.0;0.0;0.0
0.68;0;0;0;0;0.0;0.0;0.0
0.69;0;0;0;0;0.0;0.0;0.0
0.7;0;0;0;0;0.0;0.0;0.0
0.71;0;0;0;0;0.0;0.0;0.0
0.72;0;0;0;0;0.0;0.0;0.0
0.73;0;0;0;0;0.0;0.0;0.0
0.74;0;0;0;0;0.0;0.0;0.0
0.75;0;0;0;0;0.0;0.0;0.0
0.76;0;0;0;0;0.0;0.0;0.0
0.77;0;0;0;0;0.0;0.0;0.0
0.78;0;0;0;0;0.0;0.0;0.0
0.79;0;0;0;0;0.0;0.0;0.0
0.8;0;0;0;0;0.0;0.0;0.0
0.81;0;0;0;0;0.0;0.0;0.0
0.82;0;0;0;0;0.0;0.0;0.0
0.83;0;0;0;0;0.0;0.0;0.0
0.84;0;0;0;0;0.0;0.0;0.0
0.85;0;0;0;0;0.0;0.0;0.0
0.86;0;0;0;0;0.0;0.0;0.0
0.87;0;0;0;0;0.0;0.0;0.0
0.88;0;0;0;0;0.0;0.0;0.0
0.89;0;0;0;0;0.0;0.0;0.0
0.9;0;0;0;0;0.0;0.0;0.0
0.91;0;0;0;0;0.0;0.0;0.0
0.92;0;0;0;0;0.0;0.0;0.0
0.93;0;0;0;0;0.0;0.0;0.0
0.94;0;0;0;0;0.0;0.0;0.0
0.95;0;0;0;0;0.0;0.0;0.0
0.96;0;0;0;0;0.0;0.0;0.0
0.97;0;0;0;0;0.0;0.0;0.0
0.98;0;0;0;0;0.0;0.0;0.0
0.99;0;0;0;0;0.0;0.0;0.0
1.0;0;0;0;0;0.0;0.0;0.0
1.01;0;0;0;0;0.0;0.0;0.0
1.02;0;0;0;0;0.0;0.0;0.0
1.03;0;0;0;0;0.0;0.0;0.0
1.04;0;0;0;0;0.0;0.0;0.0
1.05;0;0;0;0;0.0;0.0;0.0
1.06;0;0;0;0;0.0;0.0;0.0
1.07;0;0;0;0;0.0;0.0;0.0
1.08;0;0;0;0;0.0;0.0;0.0
1.09;0;0;0;0;0.0;0.0;0.0
1.1;0;0;0;0;0.0;0.0;0.0
1.11;0;0;0;0;0.0;0.0;0.0
1.12;0;0;0;0;0.0;0.0;0.0
1.13;0;0;0;0;0.0;0.0;0.0
1.14;0;0;0;0;0.0;0.0;0.0
1.15;0;0;0;0;0.0;0.0;0.0
1.16;0;0;0;0;0.0;0.0;0.0
1.17;0;0;0;0;0.0;0.0;0.0
1.18;0;0;0;0;0.0;0.0;0.0
1.19;0;0;0;0;0.0;0.0;0.0
1.2;0;0;0;0;0.0;0.0;0.0
1.21;0;0;0;0;0.0;0.0;0.0
1.22;0;0;0;0;0.0;0.0;0.0
1.23;0;0;0;0;0.0;0.0;0.0
1.24;0;0;0;0;0.0;0.0;0.0
1.25;0;0;0;0;0.0;0.0;0.0
1.26;0;0;0;0;0.0;0.0;0.0
1.27;0;0;0;0;0.0;0.0;0.0
1.28;0;0;0;0;0.0;0.0;0.0
1.29;0;0;0;0;0.0;0.0;0.0
1.3;0;0;0;0;0.0;0.0;0.0
1.31;0;0;0;0;0.0;0.0;0.0
1.32;0;0;0;0;0.0;0.0;0.0
1.33;0;0;0;0;0.0;0.0;0.0
1.34;0;0;0;0;0.0;0.0;0.0
1.35;0;0;0;0;0.0;0.0;0.0
1.36;0;0;0;0;0.0;0.0;0.0
1.37;0;0;0;0;0.0;0.0;0.0
1.38;0;0;0;0;0.0;0.0;0.0
1.39;0;0;0;0;0.0;0.0;0.0
1.4;0;0;0;0;0.0;0.0;0.0
1.41;0;0;0;0;0.0;0.0;0.0
1.42;0;0;0;0;0.0;0.0;0.0
1.43;0;0;0;0;0.0;0.0;0.0
1.44;0;0;0;0;0.0;0.0;0.0
1.45;0;0;0;0;0.0;0.0;0.0
1.46;0;0;0;0;0.0;0.0;0.0
1.47;0;0;0;0;0.0;0.0;0.0
1.48;0;0;0;0;0.0;0.0;0.0
1.49;0;0;0;0;0.0;0.0;0.0
1.5;0;0;0;0;0.0;0.0;0.0
1.51;0;0;0;0;0.0;0.0;0.0
1.52;0;0;0;0;0.0;0.0;0.0
1.53;0;0;0;0;0.0;0.0;0.0
1.54;0;0;0;0;0.0;0.0;0.0
1.55;0;0;0;0;0.0;0.0;0.0
1.56;0;0;0;0;0.0;0.0;0.0
1.57;0;0;0;0;0.0;0.0;0.0
1.58;0;0;0;0;0.0;0.0;0.0
1.59;0;0;0;0;0.0;0.0;0.0
1.6;0;0;0;0;0.0;0.0;0.0
1.61;0;0;0;0;0.0;0.0;0.0
1.62;0;0;0;0;0.0;0.0;0.0
1.63;0;0;0;0;0.0;0.0;0.0
1.64;0;0;0;0;0.0;0.0;0.0
1.65;0;0;0;0;0.0;0.0;0.0
1.66;0;0;0;0;0.0;0.0;0.0
1.67;0;0;0;0;0.0;0.0;0.0
1.68;0;0;0;0;0.0;0.0;0.0
1.69;0;0;0;0;0.0;0.0;0.0
1.7;0;0;0;0;0.0;0.0;0.0
1.71;0;0;0;0;0.0;0.0;0.0
1.72;0;0;0;0;0.0;0.0;0.0
1.73;0;0;0;0;0.0;0.0;0.0
1.74;0;0;0;0;0.0;0.0;0.0
1.75;0;0;0;0;0.0;0.0;0.0
1.76;0;0;0;0;0.0;0.0;0.0
1.77;0;0;0;0;0.0;0.0;0.0
1.78;0;0;0;0;0.0;0.0;0.0
1.79;0;0;0;0;0.0;0.0;0.0
1.8;0;0;0;0;0.0;0.0;0.0
1.81;0;0;0;0;0.0;0.0;0.0
1.82;0;0;0;0;0.0;0.0;0.0
1.83;0;0;0;0;0.0;0.0;0.0
1.84;0;0;0;0;0.0;0.0;0.0
1.85;0;0;0;0;0.0;0.0;0.0
1.86;0;0;0;0;0.0;0.0;0.0
1.87;0;0;0;0;0.0;0.0;0.0
1.88;0;0;0;0;0.0;0.0;0.0
1.89;0;0;0;0;0.0;0.0;0.0
1.9;0;0;0;0;0.0;0.0;0.0
1.91;0;0;0;0;0.0;0.0;0.0
1.92;0;0;0;0;0.0;0.0;0.0
1.93;0;0;0;0;0.0;0.0;0.0
1.94;0;0;0;0;0.0;0.0;0.0
1.95;0;0;0;0;0.0;0.0;0.0
1.96;0;0;0;0;0.0;0.0;0.0
1.97;0;0;0;0;0.0;0.0;0.0
1.98;0;0;0;0;0.0;0.0;0.0
1.99;0;0;0;0;0.0;0.0;0.0
2.0;0;0;0;0;0.0;0.0;0.0
2.01;0;0;0;0;0.0;0.0;0.0
2.02;0;0;0;0;0.0;0.0;0.0
2.03;0;0;0;0;0.0;0.0;0.0
2.04;0;0;0;0;0.0;0.0;0.0
2.05;0;0;0;0;0.0;0.0;0.0
2.06;0;0;0;0;0.0;0.0;0.0
2.07;0;0;0;0;0.0;0.0;0.0
2.08;0;0;0;0;0.0;0.0;0.0
2.09;0;0;0;0;0.0;0.0;0.0
2.1;0;0;0;0;0.0;0.0;0.0
2.11;0;0;0;0;0.0;0.0;0.0
2.12;0;0;0;0;0.0;0.0;0.0
2.13;0;0;0;0;0.0;0.0;0.0
2.14;0;0;0;0;0.0;0.0;0.0
2.15;0;0;0;0;0.0;0.0;0.0
2.16;0;0;0;0;0.0;0.0;0.0
2.17;0;0;0;0;0.0;0.0;0.0
2.18;0;0;0;0;0.0;0.0;0.0
2.19;0;0;0;0;0.0;0.0;0.0
2.2;0;0;0;0;0.0;0.0;0.0
2.21;0;0;0;0;0.0;0.0;0.0
2.22;0;0;0;0;0.0;0.0;0.0
2.23;0;0;0;0;0.0;0.0;0.0
2.24;0;0;0;0;0.0;0.0;0.0
2.25;0;0;0;0;0.0;0.0;0.0
2.26;0;0;0;0;0.0;0.0;0.0
2.27;0;0;0;0;0.0;0.0;0.0
2.28;0;0;0;0;0.0;0.0;0.0
2.29;0;0;0;0;0.0;0.0;0.0
2.3;0;0;0;0;0.0;0.0;0.0
2.31;0;0;0;0;0.0;0.0;0.0
2.32;0;0;0;0;0.0;0.0;0.0
2.33;0;0;0;0;0.0;0.0;0.0
2.34;0;0;0;0;0.0;0.0;0.0
2.35;0;0;0;0;0.0;0.0;0.0
2.36;0;0;0;0;0.0;0.0;0.0
2.37;0;0;0;0;0.0;0.0;0.0
2.38;0;0;0;0;0.0;0.0;0.0
2.39;0;0;0;0;0.0;0.0;0.0
2.4;0;0;0;0;0.0;0.0;0.0
2.41;0;0;0;0;0.0;0.0;0.0
2.42;0;0;0;0;0.0;0.0;0.0
2.43;0;0;0;0;0.0;0.0;0.0
2.44;0;0;0;0;0.0;0.0;0.0
2.45;0;0;0;0;0.0;0.0;0.0
2.46;0;0;0;0;0.0;0.0;0.0
2.47;0;0;0;0;0.0;0.0;0.0
2.48;0;0;0;0;0.0;0.0;0.0
2.49;0;0;0;0;0.0;0.0;0.0
2.5;0;0;0;0;0.0;0.0;0.0
2.51;0;0;0;0;0.0;0.0;0.0
2.52;0;0;0;0;0.0;0.0;0.0
2.53;0;0;0;0;0.0;0.0;0.0
2.54;0;0;0;0;0.0;0.0;0.0
2.55;0;0;0;0;0.0;0.0;0.0
2.56;0;0;0;0;0.0;0.0;0.0
2.57;0;0;0;0;0.0;0.0;0.0
2.58;0;0;0;0;0.0;0.0;0.0
2.59;0;0;0;0;0.0;0.0;0.0
2.6;0;0;0;0;0.0;0.0;0.0
2.61;0;0;0;0;0.0;0.0;0.0
2.62;0;0;0;0;0.0;0.0;0.0
2.63;0;0;0;0;0.0;0.0;0.0
2.64;0;0;0;0;0.0;0.0;0.0
2.65;0;0;0;0;0.0;0.0;0.0
2.66;0;0;0;0;0.0;0.0;0.0
2.67;0;0;0;0;0.0;0.0;0.0
2.68;0;0;0;0;0.0;0.0;0.0
2.69;0;0;0;0;0.0;0.0;0.0
2.7;0;0;0;0;0.0;0.0;0.0
2.71;0;0;0;0;0.0;0.0;0.0
2.72;0;0;0;0;0.0;0.0;0.0
2.73;0;0;0;0;0.0;0.0;0.0
2.74;0;0;0;0;0.0;0.0;0.0
2.75;0;0;0;0;0.0;0.0;0.0
2.76;0;0;0;0;0.0;0.0;0.0
2.77;0;0;0;0;0.0;0.0;0.0
2.78;0;0;0;0;0.0;0.0;0.0
2.79;0;0;0;0;0.0;0.0;0.0
2.8;0;0;0;0;0.0;0.0;0.0
2.81;0;0;0;0;0.0;0.0;0.0
2.82;0;0;0;0;0.0;0.0;0.0
2.83;0;0;0;0;0.0;0.0;0.0
2.84;0;0;0;0;0.0;0.0;0.0
2.85;0;0;0;0;0.0;0.0;0.0
2.86;0;0;0;0;0.0;0.0;0.0
2.87;0;0;0;0;0.0;0.0;0.0
2.88;0;0;0;0;0.0;0.0;0.0
2.89;0;0;0;0;0.0;0.0;0.0
2.9;0;0;0;0;0.0;0.0;0.0
2.91;0;0;0;0;0.0;0.0;0.0
2.92;0;0;0;0;0.0;0.0;0.0
2.93;0;0;0;0;0.0;0.0;0.0
2.94;0;0;0;0;0.0;0.0;0.0
2.95;0;0;0;0;0.0;0.0;0.0
2.96;0;0;0;0;0.0;0.0;0.0
2.97;0;0;0;0;0.0;0.0;0.0
2.98;0;0;0;0;0.0;0.0;0.0
2.99;0;0;0;0;0.0;0.0;0.0
3.0;0;0;0;0;0.0;0.0;0.0
3.01;0;0;0;0;0.0;0.0;0.0
3.02;0;0;0;0;0.0;0.0;0.0
3.03;0;0;0;0;0.0;0.0;0.0
3.04;0;0;0;0;0.0;0.0;0.0
3.05;0;0;0;0;0.0;0.0;0.0
3.06;0;0;0;0;0.0;0.0;0.0
3.07;0;0;0;0;0.0;0.0;0.0
3.08;0;0;0;0;0.0;0.0;0.0
3.09;0;0;0;0;0.0;0.0;0.0
3.1;0;0;0;0;0.0;0.0;0.0
3.11;0;0;0;0;0.0;0.0;0.0
3.12;0;0;0;0;0.0;0.0;0.0
3.13;0;0;0;0;0.0;0.0;0.0
3.14;0;0;0;0;0.0;0.0;0.0
3.15;0;0;0;0;0.0;0.0;0.0
3.16;0;0;0;0;0.0;0.0;0.0
3.17;0;0;0;0;0.0;0.0;0.0
3.18;0;0;0;0;0.0;0.0;0.0
3.19;0;0;0;0;0.0;0.0;0.0
3.2;0;0;0;0;0.0;0.0;0.0
3.21;0;0;0;0;0.0;0.0;0.0
3.22;0;0;0;0;0.0;0.0;0.0
3.23;0;0;0;0;0.0;0.0;0.0
3.24;0;0;0;0;0.0;0.0;0.0
3.25;0;0;0;0;0.0;0.0;0.0
3.26;0;0;0;0;0.0;0.0;0.0
3.27;0;0;0;0;0.0;0.0;0.0
3.28;0;0;0;0;0.0;0.0;0.0
3.29;0;0;0;0;0.0;0.0;0.0
3.3;0;0;0;0;0.0;0.0;0.0
3.31;0;0;0;0;0.0;0.0;0.0
3.32;0;0;0;0;0.0;0.0;0.0
3.33;0;0;0;0;0.0;0.0;0.0
3.34;0;0;0;0;0.0;0.0;0.0
3.35;0;0;0;0;0.0;0.0;0.0
3.36;0;0;0;0;0.0;0.0;0.0
3.37;0;0;4;1;0.509683995922528;8.1;-13.5
3.38;1;0;14;3;1.8348623853211008;7.5;-12.0
3.39;2;0;24;5;3.1600407747196737;7.403226;-11.758064
3.4;5;0;34;6;4.587155963302752;6.9;-10.5
3.41;8;0;42;6;5.708460754332314;6.75;-9.642858
3.42;9;0;47;6;6.320081549439347;6.967742;-9.580646
3.43;11;0;50;6;6.829765545361875;6.649254;-9.067164
3.44;12;0;53;5;7.135575942915392;6.9428573;-8.8714285
3.45;14;0;58;5;7.8491335372069315;6.837662;-8.590909
3.46;16;0;64;4;8.56269113149847;7.071429;-8.357142
3.47;20;0;72;2;9.582059123343527;7.180851;-7.755319
3.48;25;0;83;0;11.009174311926605;7.25;-7.25
3.49;29;6;95;0;13.251783893985728;7.476923;-6.230769
3.5;32;13;106;0;15.392456676860347;7.778146;-5.4536424
3.51;39;16;123;0;18.144750254842;7.5842695;-5.1573033
3.52;43;24;136;0;20.693170234454637;7.780788;-4.58867
3.53;48;32;152;1;23.751274209989806;7.8218884;-4.229614
3.54;52;41;167;2;26.707441386340466;7.9351144;-3.9160306
3.55;54;53;181;6;29.969418960244646;7.9897957;-3.6734693
3.56;57;63;194;8;32.82364933741081;8.049689;-3.4378881
3.57;59;74;206;11;35.67787971457696;8.1;-3.24
3.58;61;84;217;13;38.2262996941896;8.172;-3.06
3.59;63;93;227;15;40.57084607543323;8.208543;-2.9170854
3.6;65;101;238;17;42.915392456676855;8.241093;-2.8539193
3.61;67;110;248;19;45.25993883792049;8.27027;-2.7364864
3.62;69;118;258;21;47.50254841997961;8.285408;-2.665236
3.63;70;125;267;23;49.439347604485214;8.32268;-2.6443298
3.64;71;132;275;24;51.17227319062181;8.390438;-2.5816734
3.65;73;138;282;26;52.905198776758404;8.349711;-2.5231214
3.66;74;143;289;27;54.332313965341484;8.3836775;-2.5075047
3.67;74;148;296;29;55.759429153924565;8.415905;-2.5420475
3.68;75;153;304;30;57.288481141692145;8.455516;-2.5462635
3.69;76;158;313;32;59.02140672782874;8.463731;-2.5880828
3.7;77;163;321;33;60.55045871559633;8.5;-2.590909
3.71;78;169;327;34;61.97757390417941;8.526316;-2.53125
3.72;79;174;331;34;62.99694189602446;8.563107;-2.4466019
3.73;80;179;334;34;63.91437308868501;8.590909;-2.34689
3.74;80;183;336;34;64.52599388379204;8.637441;-2.2819905
3.75;81;187;338;33;65.13761467889908;8.683099;-2.1760564
3.76;82;190;339;33;65.64729867482161;8.678572;-2.0962732
3.77;82;192;339;33;65.85117227319061;8.693499;-2.0479877
3.78;83;194;339;33;66.15698267074414;8.674114;-1.9761171
3.79;83;196;339;33;66.36085626911314;8.68894;-1.9285715
3.8;84;197;339;33;66.56472986748216;8.662328;-1.881317
3.81;84;198;338;33;66.56472986748216;8.662328;-1.8399694
3.82;85;198;337;33;66.56472986748216;8.62098;-1.7986218
3.83;85;198;335;32;66.25891946992864;8.64;-1.7446154
3.84;86;198;332;32;66.05504587155963;8.583333;-1.6666666
3.85;85;197;330;31;65.5453618756371;8.629083;-1.6586314
3.86;85;196;327;31;65.13761467889908;8.598592;-1.6267606
3.87;85;195;324;30;64.62793068297655;8.602524;-1.5757098
3.88;85;194;321;29;64.11824668705403;8.606519;-1.5238473
3.89;85;194;318;28;63.710499490316;8.6184;-1.4472
3.9;85;195;315;27;63.40468909276248;8.638264;-1.3456591
3.91;85;196;312;26;63.09887869520897;8.658319;-1.2431341
3.92;85;198;310;25;62.99694189602446;8.694175;-1.1359223
3.93;86;200;309;24;63.09887869520897;8.701939;-1.0250404
3.94;87;203;308;24;63.40468909276248;8.681672;-0.91157556
3.95;87;206;308;24;63.710499490316;8.7048;-0.8424
3.96;88;209;309;24;64.22018348623853;8.7;-0.7714286
3.97;89;212;311;24;64.83180428134557;8.70283;-0.7216981
3.98;89;215;313;24;65.34148827726808;8.74025;-0.6950078
3.99;90;217;315;25;65.95310907237513;8.700928;-0.6885626
4.0;91;220;317;25;66.56472986748216;8.703675;-0.6408882
4.01;92;223;319;25;67.17635066258919;8.706373;-0.59408194
4.02;92;225;320;26;67.58409785932722;8.694571;-0.59049773
4.03;94;227;322;27;68.29765545361876;8.62388;-0.5641791
4.04;99;229;324;30;69.52089704383282;8.3929615;-0.51466274
4.05;101;230;325;31;70.03058103975535;8.312227;-0.49126637
4.06;101;230;326;30;70.03058103975535;8.351528;-0.49126637
4.07;102;229;324;31;69.92864424057085;8.265306;-0.4723032
4.08;105;229;321;31;69.92864424057085;8.14723;-0.3542274
4.09;107;227;317;32;69.62283384301733;8.005124;-0.29648608
4.1;110;225;310;34;69.2150866462793;7.7739325;-0.17893961
4.11;115;223;302;37;69.01121304791029;7.4379616;-0.019940916
4.12;121;221;294;42;69.1131498470948;7.0088496;0.119469024
4.13;128;218;289;50;69.82670744138633;6.4839416;0.1379562
4.14;134;215;286;58;70.64220183486238;6.0194807;0.097402595
4.15;140;212;284;66;71.55963302752293;5.576923;0.03846154
4.16;144;208;281;72;71.86544342507645;5.2276597;-0.019148936
4.17;148;203;276;76;71.66156982670744;4.8968706;-0.019203413
4.18;151;198;271;80;71.35575942915392;4.59;-0.03857143
4.19;153;192;266;83;70.74413863404689;4.318444;-0.077809796
4.2;155;185;260;86;69.92864424057085;4.0145774;-0.1180758
4.21;157;179;256;90;69.52089704383282;3.7214077;-0.19794722
4.22;158;173;253;94;69.1131498470948;3.4646018;-0.31858408
4.23;160;168;250;98;68.90927624872579;3.1952662;-0.39940828
4.24;162;162;248;101;68.60346585117227;2.948737;-0.5014859
4.25;165;158;246;105;68.70540265035677;2.6839762;-0.56083083
4.26;167;153;244;108;68.50152905198776;2.450893;-0.64285713
4.27;168;150;242;111;68.39959225280326;2.2734725;-0.70417285
4.28;170;146;241;114;68.39959225280326;2.0722802;-0.7846498
4.29;171;143;240;117;68.39959225280326;1.9113264;-0.86512667
4.3;172;139;240;120;68.39959225280326;1.7503725;-0.98584205
4.31;172;136;240;122;68.29765545361876;1.6522388;-1.0880597
4.32;172;133;239;125;68.19571865443424;1.5134529;-1.190583
4.33;172;130;239;128;68.19571865443424;1.3923767;-1.3116592
4.34;172;126;238;131;67.99184505606523;1.2346327;-1.4370315
4.35;172;122;238;135;67.99184505606523;1.0727136;-1.5989505
4.36;171;119;239;139;68.09378185524974;0.9700599;-1.7784431
4.37;171;116;240;142;68.19571865443424;0.86771303;-1.9170403
4.38;170;112;241;146;68.19571865443424;0.74663675;-2.118834
4.39;170;110;243;150;68.60346585117227;0.6619614;-2.2667162
4.4;170;107;245;154;68.90927624872579;0.5591716;-2.4363906
4.41;171;104;247;158;69.3170234454638;0.43676472;-2.5808823
4.42;172;102;249;162;69.82670744138633;0.3350365;-2.7
4.43;172;99;251;164;69.92864424057085;0.2755102;-2.8338192
4.44;172;97;252;165;69.92864424057085;0.2361516;-2.9125364
4.45;171;95;254;165;69.82670744138633;0.25620437;-3.0153284
4.46;170;93;256;165;69.72477064220183;0.27631578;-3.118421
4.47;169;92;257;164;69.52089704383282;0.31671554;-3.1671555
4.48;167;91;259;164;69.41896024464832;0.37665197;-3.270925
4.49;165;90;261;163;69.2150866462793;0.45729014;-3.3600883
4.5;164;89;263;162;69.1131498470948;0.5176991;-3.4247787
4.51;162;89;265;161;69.01121304791029;0.6181684;-3.4896603
4.52;160;88;267;162;69.01121304791029;0.65805024;-3.6093059
4.53;159;88;270;163;69.3170234454638;0.7147059;-3.692647
4.54;157;87;272;164;69.3170234454638;0.75441176;-3.8117647
4.55;156;87;275;167;69.82670744138633;0.76861316;-3.921898
4.56;156;87;278;170;70.43832823649338;0.7619392;-4.005065
4.57;155;87;280;173;70.84607543323139;0.75755394;-4.0985613
4.58;155;86;282;177;71.35575942915392;0.6942857;-4.2042856
4.59;155;85;284;180;71.76350662589195;0.6519886;-4.2954545
4.6;155;85;284;183;72.06931702344546;0.5919378;-4.334512
4.61;156;84;284;185;72.27319062181446;0.51410437;-4.360367
4.62;156;84;283;186;72.27319062181446;0.47602257;-4.360367
4.63;157;83;281;185;71.96738022426095;0.4206799;-4.32153
4.64;157;82;278;184;71.45769622833842;0.36590585;-4.294579
4.65;157;81;276;183;71.0499490316004;0.3292683;-4.280488
4.66;157;80;273;182;70.54026503567788;0.2731214;-4.25289
4.67;157;79;270;181;70.03058103975535;0.2161572;-4.2248907
4.68;157;79;268;180;69.72477064220183;0.19736843;-4.1842103
4.69;157;78;266;178;69.2150866462793;0.17893961;-4.1553755
4.7;156;78;264;177;68.80733944954127;0.18;-4.14
4.71;156;77;262;177;68.50152905198776;0.12053572;-4.138393
4.72;156;77;261;176;68.29765545361876;0.12089552;-4.110448
4.73;156;77;261;175;68.19571865443424;0.1412556;-4.0964127
4.74;156;77;260;175;68.09378185524974;0.121257484;-4.0823355
4.75;156;78;261;175;68.29765545361876;0.16119403;-4.0701494
4.76;157;79;261;174;68.39959225280326;0.18107302;-4.003726
4.77;157;80;262;174;68.60346585117227;0.22065379;-3.9918277
4.78;158;80;262;174;68.70540265035677;0.20029673;-3.9658754
4.79;159;81;263;174;69.01121304791029;0.21935007;-3.9283605
4.8;159;83;265;174;69.41896024464832;0.2973568;-3.9052863
4.81;160;84;265;173;69.52089704383282;0.31671554;-3.8401759
4.82;161;85;266;173;69.82670744138633;0.3350365;-3.8036497
4.83;162;86;267;173;70.13251783893985;0.35319766;-3.7674417
4.84;163;87;267;172;70.23445463812436;0.37227866;-3.703193
4.85;165;89;267;170;70.43832823649338;0.41027495;-3.5752532
4.86;166;90;266;169;70.43832823649338;0.41027495;-3.4971056
4.87;167;91;266;167;70.43832823649338;0.44934878;-3.418958
4.88;168;92;265;164;70.23445463812436;0.48984036;-3.3113208
4.89;168;93;264;162;70.03058103975535;0.5305677;-3.242358
4.9;168;93;263;160;69.72477064220183;0.55263156;-3.1973684
4.91;168;94;263;159;69.72477064220183;0.59210527;-3.1578948
4.92;168;94;262;157;69.41896024464832;0.6145374;-3.1123347
4.93;167;94;262;156;69.2150866462793;0.65611196;-3.1215022
4.94;167;94;262;155;69.1131498470948;0.67699116;-3.1061947
4.95;167;94;261;155;69.01121304791029;0.65805024;-3.090842
4.96;167;94;261;154;68.90927624872579;0.67899406;-3.0754437
4.97;166;94;261;154;68.80733944954127;0.7;-3.1
4.98;166;94;261;154;68.80733944954127;0.7;-3.1
4.99;166;94;262;154;68.90927624872579;0.7189349;-3.1153846
5.0;165;94;262;155;68.90927624872579;0.7189349;-3.1553254
5.01;165;94;262;155;68.90927624872579;0.7189349;-3.1553254
5.02;166;94;263;156;69.2150866462793;0.6958763;-3.1612666
5.03;166;94;263;156;69.2150866462793;0.6958763;-3.1612666
5.04;166;94;264;156;69.3170234454638;0.7147059;-3.1764705
5.05;166;94;264;156;69.3170234454638;0.7147059;-3.1764705
5.06;166;94;265;157;69.52089704383282;0.71260995;-3.206745
5.07;166;95;265;157;69.62283384301733;0.73133236;-3.182284
5.08;166;95;266;157;69.72477064220183;0.75;-3.1973684
5.09;165;95;266;158;69.72477064220183;0.75;-3.2368422
5.1;165;94;267;159;69.82670744138633;0.7291971;-3.291241
5.11;165;94;268;159;69.92864424057085;0.7478134;-3.3061225
5.12;164;94;268;160;69.92864424057085;0.7478134;-3.3454812
5.13;164;93;268;161;69.92864424057085;0.7084548;-3.3848395
5.14;163;93;268;162;69.92864424057085;0.7084548;-3.4241982
5.15;163;92;267;163;69.82670744138633;0.65036494;-3.448905
5.16;162;91;267;164;69.72477064220183;0.6315789;-3.5131578
5.17;162;90;266;165;69.62283384301733;0.5732064;-3.5380673
5.18;161;89;265;167;69.52089704383282;0.51466274;-3.6026392
5.19;160;89;265;168;69.52089704383282;0.51466274;-3.6422288
5.2;160;88;264;170;69.52089704383282;0.43548387;-3.6818182
5.21;160;87;263;171;69.41896024464832;0.37665197;-3.7070484
5.22;160;87;263;172;69.52089704383282;0.35630497;-3.7214077
5.23;160;86;262;172;69.3170234454638;0.31764707;-3.732353
5.24;160;86;261;172;69.2150866462793;0.2982327;-3.7179675
5.25;160;85;261;172;69.1131498470948;0.27876106;-3.743363
5.26;159;85;261;173;69.1131498470948;0.27876106;-3.783186
5.27;159;84;261;173;69.01121304791029;0.2592319;-3.8087149
5.28;159;84;262;174;69.2150866462793;0.25846833;-3.8372607
5.29;158;83;263;175;69.2150866462793;0.25846833;-3.9167893
5.3;158;83;264;176;69.41896024464832;0.25770926;-3.944934
5.31;158;82;265;177;69.52089704383282;0.23753665;-3.9985337
5.32;158;82;266;178;69.72477064220183;0.23684211;-4.0263157
5.33;157;82;267;178;69.72477064220183;0.27631578;-4.0657897
5.34;157;82;268;179;69.92864424057085;0.2755102;-4.0932946
5.35;158;82;268;179;70.03058103975535;0.2554585;-4.0676856
5.36;158;82;269;179;70.13251783893985;0.2747093;-4.081395
5.37;159;83;268;178;70.13251783893985;0.2747093;-4.002907
5.38;159;83;268;177;70.03058103975535;0.29475984;-3.989083
5.39;160;83;267;176;69.92864424057085;0.2755102;-3.9358602
5.4;160;84;267;174;69.82670744138633;0.3350365;-3.8824818
5.41;161;85;266;173;69.82670744138633;0.3350365;-3.8036497
5.42;162;85;265;171;69.62283384301733;0.33601758;-3.7357247
5.43;163;86;264;170;69.62283384301733;0.33601758;-3.6566617
5.44;163;87;263;169;69.52089704383282;0.35630497;-3.6026392
5.45;164;87;263;168;69.52089704383282;0.35630497;-3.5630498
5.46;164;87;262;167;69.3170234454638;0.35735294;-3.5338235
5.47;165;88;262;166;69.41896024464832;0.37665197;-3.469163
5.48;166;89;261;164;69.3170234454638;0.3970588;-3.375
5.49;167;89;260;163;69.2150866462793;0.37776142;-3.320324
5.5;168;90;259;162;69.2150866462793;0.37776142;-3.2407954
5.51;169;90;258;161;69.1131498470948;0.35840708;-3.1858406
5.52;170;91;257;160;69.1131498470948;0.35840708;-3.1061947
5.53;171;91;256;159;69.01121304791029;0.33899558;-3.05096
5.54;172;92;255;159;69.1131498470948;0.31858408;-2.9867256
5.55;173;92;255;158;69.1131498470948;0.31858408;-2.9469028
5.56;175;93;254;158;69.3170234454638;0.27794117;-2.8588235
5.57;176;93;254;157;69.3170234454638;0.27794117;-2.8191175
5.58;177;94;253;156;69.3170234454638;0.27794117;-2.7397058
5.59;178;94;253;156;69.41896024464832;0.25770926;-2.715859
5.6;179;95;253;156;69.62283384301733;0.2569546;-2.6683748
5.61;179;95;252;155;69.41896024464832;0.25770926;-2.6365638
5.62;179;95;252;155;69.41896024464832;0.25770926;-2.6365638
5.63;179;95;252;155;69.41896024464832;0.25770926;-2.6365638
5.64;179;95;252;155;69.41896024464832;0.25770926;-2.6365638
5.65;179;95;253;155;69.52089704383282;0.2771261;-2.6524928
5.66;179;95;253;155;69.52089704383282;0.2771261;-2.6524928
5.67;179;95;252;155;69.41896024464832;0.25770926;-2.6365638
5.68;179;95;252;155;69.41896024464832;0.25770926;-2.6365638
5.69;179;95;252;155;69.41896024464832;0.25770926;-2.6365638
5.7;179;95;251;154;69.2150866462793;0.25846833;-2.6045656
5.71;179;95;251;154;69.2150866462793;0.25846833;-2.6045656
5.72;179;95;251;154;69.2150866462793;0.25846833;-2.6045656
5.73;179;95;251;154;69.2150866462793;0.25846833;-2.6045656
5.74;179;95;251;154;69.2150866462793;0.25846833;-2.6045656
5.75;179;96;252;154;69.41896024464832;0.2973568;-2.5969162
5.76;179;96;252;154;69.41896024464832;0.2973568;-2.5969162
5.77;179;96;252;153;69.3170234454638;0.31764707;-2.5808823
5.78;179;96;252;153;69.3170234454638;0.31764707;-2.5808823
5.79;179;97;253;153;69.52089704383282;0.35630497;-2.5733137
5.8;178;97;253;153;69.41896024464832;0.37665197;-2.5969162
5.81;178;97;254;153;69.52089704383282;0.39589444;-2.612903
5.82;177;97;255;152;69.41896024464832;0.45594713;-2.6365638
5.83;177;97;255;152;69.41896024464832;0.45594713;-2.6365638
5.84;176;97;256;152;69.41896024464832;0.4955947;-2.6762114
5.85;176;97;256;152;69.41896024464832;0.4955947;-2.6762114
5.86;175;97;257;152;69.41896024464832;0.5352423;-2.715859
5.87;175;97;257;152;69.41896024464832;0.5352423;-2.715859
5.88;174;97;258;152;69.41896024464832;0.57488984;-2.7555065
5.89;174;97;258;152;69.41896024464832;0.57488984;-2.7555065
5.9;173;96;259;152;69.3170234454638;0.5955882;-2.8191175
5.91;173;96;259;152;69.3170234454638;0.5955882;-2.8191175
5.92;173;96;259;153;69.41896024464832;0.57488984;-2.8348017
5.93;173;96;259;152;69.3170234454638;0.5955882;-2.8191175
5.94;172;96;259;152;69.2150866462793;0.61634755;-2.8431518
5.95;172;96;259;152;69.2150866462793;0.61634755;-2.8431518
5.96;173;96;259;152;69.3170234454638;0.5955882;-2.8191175
5.97;173;97;259;152;69.41896024464832;0.6145374;-2.795154
5.98;173;97;259;152;69.41896024464832;0.6145374;-2.795154
5.99;173;97;259;152;69.41896024464832;0.6145374;-2.795154
6.0;173;97;259;152;69.41896024464832;0.6145374;-2.795154
6.01;174;97;259;152;69.52089704383282;0.5938417;-2.771261
6.02;174;97;259;151;69.41896024464832;0.6145374;-2.7555065
6.03;174;97;259;151;69.41896024464832;0.6145374;-2.7555065
6.04;174;97;259;151;69.41896024464832;0.6145374;-2.7555065
6.05;174;97;259;151;69.41896024464832;0.6145374;-2.7555065
6.06;174;97;259;151;69.41896024464832;0.6145374;-2.7555065
6.07;174;97;259;151;69.41896024464832;0.6145374;-2.7555065
6.08;175;97;259;151;69.52089704383282;0.5938417;-2.7316716
6.09;175;97;258;151;69.41896024464832;0.57488984;-2.715859
6.1;175;97;258;151;69.41896024464832;0.57488984;-2.715859
6.11;175;97;258;151;69.41896024464832;0.57488984;-2.715859
6.12;175;98;258;150;69.41896024464832;0.6145374;-2.6762114
6.13;175;97;258;150;69.3170234454638;0.5955882;-2.7
6.14;175;97;258;150;69.3170234454638;0.5955882;-2.7
6.15;175;97;258;150;69.3170234454638;0.5955882;-2.7
6.16;174;97;258;150;69.2150866462793;0.61634755;-2.7238586
6.17;174;97;259;151;69.41896024464832;0.6145374;-2.7555065
6.18;174;97;259;151;69.41896024464832;0.6145374;-2.7555065
6.19;174;97;260;151;69.52089704383282;0.6334311;-2.771261
6.2;173;97;261;152;69.62283384301733;0.6522694;-2.8265007
6.21;173;97;261;152;69.62283384301733;0.6522694;-2.8265007
6.22;172;97;262;152;69.62283384301733;0.6918009;-2.8660321
6.23;172;97;262;152;69.62283384301733;0.6918009;-2.8660321
6.24;172;97;262;152;69.62283384301733;0.6918009;-2.8660321
6.25;172;96;262;152;69.52089704383282;0.67302054;-2.8900294
6.26;171;96;262;151;69.3170234454638;0.7147059;-2.8985295
6.27;171;96;262;151;69.3170234454638;0.7147059;-2.8985295
6.28;171;96;262;151;69.3170234454638;0.7147059;-2.8985295
6.29;171;97;262;151;69.41896024464832;0.73348016;-2.8744493
6.3;170;97;262;151;69.3170234454638;0.75441176;-2.8985295
6.31;170;97;262;150;69.2150866462793;0.775405;-2.882916
6.32;170;97;263;150;69.3170234454638;0.7941176;-2.8985295
6.33;170;97;263;150;69.3170234454638;0.7941176;-2.8985295
6.34;170;97;263;150;69.3170234454638;0.7941176;-2.8985295
6.35;170;98;263;150;69.41896024464832;0.8127753;-2.8744493
6.36;169;98;264;150;69.41896024464832;0.8524229;-2.9140968
6.37;169;98;264;150;69.41896024464832;0.8524229;-2.9140968
6.38;169;98;264;150;69.41896024464832;0.8524229;-2.9140968
6.39;169;99;265;150;69.62283384301733;0.8894583;-2.9055636
6.4;169;99;265;150;69.62283384301733;0.8894583;-2.9055636
6.41;168;99;265;149;69.41896024464832;0.93171805;-2.9140968
6.42;168;99;265;149;69.41896024464832;0.93171805;-2.9140968
6.43;168;100;266;149;69.62283384301733;0.96852124;-2.9055636
6.44;168;100;266;148;69.52089704383282;0.9897361;-2.8900294
6.45;167;101;266;148;69.52089704383282;1.0293255;-2.8900294
6.46;167;101;266;148;69.52089704383282;1.0293255;-2.8900294
6.47;167;101;266;147;69.41896024464832;1.0506608;-2.8744493
6.48;167;101;266;147;69.41896024464832;1.0506608;-2.8744493
6.49;167;102;267;146;69.52089704383282;1.1085044;-2.8504398
6.5;167;102;267;146;69.52089704383282;1.1085044;-2.8504398
6.51;167;102;267;146;69.52089704383282;1.1085044;-2.8504398
6.52;167;103;267;145;69.52089704383282;1.1480938;-2.8108504
6.53;167;103;267;145;69.52089704383282;1.1480938;-2.8108504
6.54;167;103;267;145;69.52089704383282;1.1480938;-2.8108504
6.55;167;103;267;144;69.41896024464832;1.1696035;-2.795154
6.56;167;103;267;144;69.41896024464832;1.1696035;-2.795154
6.57;167;104;267;144;69.52089704383282;1.1876833;-2.771261
6.58;167;104;267;144;69.52089704383282;1.1876833;-2.771261
6.59;167;104;267;143;69.41896024464832;1.209251;-2.7555065
6.6;168;105;266;143;69.52089704383282;1.1876833;-2.6920822
6.61;168;105;266;142;69.41896024464832;1.209251;-2.6762114
6.62;168;105;266;142;69.41896024464832;1.209251;-2.6762114
6.63;168;105;266;142;69.41896024464832;1.209251;-2.6762114
6.64;168;105;266;142;69.41896024464832;1.209251;-2.6762114
6.65;168;105;266;141;69.3170234454638;1.2308824;-2.660294
6.66;169;105;265;141;69.3170234454638;1.1911764;-2.6205883
6.67;169;105;265;141;69.3170234454638;1.1911764;-2.6205883
6.68;169;106;265;141;69.41896024464832;1.209251;-2.5969162
6.69;169;106;264;141;69.3170234454638;1.1911764;-2.5808823
6.7;170;106;264;141;69.41896024464832;1.1696035;-2.5572686
6.71;170;106;264;141;69.41896024464832;1.1696035;-2.5572686
6.72;170;106;264;141;69.41896024464832;1.1696035;-2.5572686
6.73;170;107;263;141;69.41896024464832;1.1696035;-2.517621
6.74;170;107;263;140;69.3170234454638;1.1911764;-2.5014706
6.75;170;107;263;140;69.3170234454638;1.1911764;-2.5014706
6.76;170;107;263;140;69.3170234454638;1.1911764;-2.5014706
6.77;170;107;264;140;69.41896024464832;1.209251;-2.517621
6.78;170;107;264;140;69.41896024464832;1.209251;-2.517621
6.79;170;107;264;140;69.41896024464832;1.209251;-2.517621
6.8;170;107;264;140;69.41896024464832;1.209251;-2.517621
6.81;170;107;264;140;69.41896024464832;1.209251;-2.517621
6.82;170;108;264;139;69.41896024464832;1.2488986;-2.4779735
6.83;170;108;264;139;69.41896024464832;1.2488986;-2.4779735
6.84;170;108;264;139;69.41896024464832;1.2488986;-2.4779735
6.85;170;108;264;139;69.41896024464832;1.2488986;-2.4779735
6.86;170;108;264;139;69.41896024464832;1.2488986;-2.4779735
6.87;170;108;264;139;69.41896024464832;1.2488986;-2.4779735
6.88;170;108;264;138;69.3170234454638;1.2705883;-2.4617648
6.89;170;108;264;138;69.3170234454638;1.2705883;-2.4617648
6.9;170;108;264;138;69.3170234454638;1.2705883;-2.4617648
6.91;169;108;265;138;69.3170234454638;1.3102942;-2.5014706
6.92;169;109;265;138;69.41896024464832;1.3281938;-2.4779735
6.93;169;109;265;138;69.41896024464832;1.3281938;-2.4779735
6.94;169;109;266;138;69.52089704383282;1.3460411;-2.494135
6.95;169;108;266;139;69.52089704383282;1.3064516;-2.5337243
6.96;169;108;266;139;69.52089704383282;1.3064516;-2.5337243
6.97;168;108;266;139;69.41896024464832;1.3281938;-2.5572686
6.98;168;108;267;139;69.52089704383282;1.3460411;-2.5733137
6.99;168;108;267;139;69.52089704383282;1.3460411;-2.5733137
7.0;168;108;266;139;69.41896024464832;1.3281938;-2.5572686
7.01;168;108;266;139;69.41896024464832;1.3281938;-2.5572686
7.02;168;108;266;139;69.41896024464832;1.3281938;-2.5572686
7.03;168;107;266;139;69.3170234454638;1.3102942;-2.5808823
7.04;168;107;265;139;69.2150866462793;1.2923417;-2.5648012
7.05;168;107;265;139;69.2150866462793;1.2923417;-2.5648012
7.06;168;107;265;139;69.2150866462793;1.2923417;-2.5648012
7.07;168;107;265;139;69.2150866462793;1.2923417;-2.5648012
7.08;168;106;266;139;69.2150866462793;1.2923417;-2.6045656
7.09;168;106;266;140;69.3170234454638;1.2705883;-2.6205883
7.1;168;106;266;140;69.3170234454638;1.2705883;-2.6205883
7.11;168;106;266;141;69.41896024464832;1.2488986;-2.6365638
7.12;168;106;267;141;69.52089704383282;1.2668622;-2.6524928
7.13;168;105;267;142;69.52089704383282;1.2272727;-2.6920822
7.14;167;105;267;142;69.41896024464832;1.2488986;-2.715859
7.15;167;104;267;143;69.41896024464832;1.209251;-2.7555065
7.16;167;104;267;144;69.52089704383282;1.1876833;-2.771261
7.17;167;103;268;144;69.52089704383282;1.1876833;-2.8108504
7.18;166;102;268;145;69.41896024464832;1.1696035;-2.8744493
7.19;166;102;268;146;69.52089704383282;1.1480938;-2.8900294
7.2;166;101;269;147;69.62283384301733;1.1266471;-2.945095
7.21;165;100;269;147;69.41896024464832;1.1299559;-2.993392
7.22;165;99;269;148;69.41896024464832;1.0903084;-3.0330396
7.23;164;99;269;149;69.41896024464832;1.0903084;-3.0726871
7.24;164;98;270;150;69.52089704383282;1.068915;-3.127566
7.25;163;97;270;150;69.3170234454638;1.0720588;-3.1764705
7.26;163;96;270;151;69.3170234454638;1.0323529;-3.2161765
7.27;163;96;270;152;69.41896024464832;1.0110133;-3.2312775
7.28;163;95;270;152;69.3170234454638;0.99264705;-3.2558823
7.29;163;95;271;153;69.52089704383282;0.9897361;-3.2859237
7.3;163;94;271;153;69.41896024464832;0.97136563;-3.3105726
7.31;164;94;271;154;69.62283384301733;0.92898977;-3.3008785
7.32;164;94;271;154;69.62283384301733;0.92898977;-3.3008785
7.33;164;94;271;154;69.62283384301733;0.92898977;-3.3008785
7.34;164;94;271;154;69.62283384301733;0.92898977;-3.3008785
7.35;164;94;271;154;69.62283384301733;0.92898977;-3.3008785
7.36;165;94;270;154;69.62283384301733;0.8894583;-3.261347
7.37;165;94;270;154;69.62283384301733;0.8894583;-3.261347
7.38;164;94;270;154;69.52089704383282;0.9105572;-3.2859237
7.39;164;94;270;153;69.41896024464832;0.93171805;-3.270925
7.4;164;95;270;153;69.52089704383282;0.9501466;-3.2463343
7.41;164;95;270;153;69.52089704383282;0.9501466;-3.2463343
7.42;164;95;270;153;69.52089704383282;0.9501466;-3.2463343
7.43;164;95;270;153;69.52089704383282;0.9501466;-3.2463343
7.44;164;95;270;153;69.52089704383282;0.9501466;-3.2463343
7.45;164;95;270;152;69.41896024464832;0.97136563;-3.2312775
7.46;164;95;270;152;69.41896024464832;0.97136563;-3.2312775
7.47;164;96;271;152;69.62283384301733;1.0080527;-3.2218156
7.48;164;96;271;152;69.62283384301733;1.0080527;-3.2218156
7.49;164;96;271;151;69.52089704383282;1.0293255;-3.206745
7.5;164;96;271;151;69.52089704383282;1.0293255;-3.206745
7.51;164;97;271;151;69.62283384301733;1.0475842;-3.182284
7.52;164;97;271;150;69.52089704383282;1.068915;-3.1671555
7.53;164;98;271;150;69.62283384301733;1.0871156;-3.1427526
7.54;164;98;271;149;69.52089704383282;1.1085044;-3.127566
7.55;164;99;271;149;69.62283384301733;1.1266471;-3.1032212
7.56;164;99;271;148;69.52089704383282;1.1480938;-3.0879765
7.57;164;100;271;147;69.52089704383282;1.1876833;-3.048387
7.58;164;101;271;147;69.62283384301733;1.20571;-3.0241582
7.59;164;102;270;146;69.52089704383282;1.2272727;-2.9692082
7.6;165;102;270;145;69.52089704383282;1.2272727;-2.9296188
7.61;165;103;269;144;69.41896024464832;1.2488986;-2.8744493
7.62;166;104;269;144;69.62283384301733;1.2452415;-2.8265007
7.63;167;105;268;143;69.62283384301733;1.2452415;-2.7474377
7.64;167;106;268;142;69.62283384301733;1.2847731;-2.7079062
7.65;167;107;267;142;69.62283384301733;1.2847731;-2.6683748
7.66;168;107;266;141;69.52089704383282;1.2668622;-2.612903
7.67;168;107;266;140;69.41896024464832;1.2885462;-2.5969162
7.68;168;108;265;140;69.41896024464832;1.2885462;-2.5572686
7.69;168;108;265;140;69.41896024464832;1.2885462;-2.5572686
7.7;168;108;264;139;69.2150866462793;1.2923417;-2.5250368
7.71;169;109;264;139;69.41896024464832;1.2885462;-2.4779735
7.72;169;109;263;138;69.2150866462793;1.2923417;-2.445508
7.73;169;109;263;138;69.2150866462793;1.2923417;-2.445508
7.74;169;109;262;138;69.1131498470948;1.2743363;-2.4292035
7.75;169;109;262;138;69.1131498470948;1.2743363;-2.4292035
7.76;169;108;262;138;69.01121304791029;1.2562777;-2.4527326
7.77;169;108;263;138;69.1131498470948;1.2743363;-2.4690266
7.78;169;108;263;139;69.2150866462793;1.2525773;-2.4852724
7.79;169;108;263;139;69.2150866462793;1.2525773;-2.4852724
7.8;169;108;264;139;69.3170234454638;1.2705883;-2.5014706
7.81;170;109;264;139;69.52089704383282;1.2668622;-2.4545455
7.82;170;109;264;139;69.52089704383282;1.2668622;-2.4545455
7.83;170;109;264;139;69.52089704383282;1.2668622;-2.4545455
7.84;170;109;264;139;69.52089704383282;1.2668622;-2.4545455
7.85;170;110;263;139;69.52089704383282;1.2668622;-2.414956
7.86;170;110;263;138;69.41896024464832;1.2885462;-2.3986783
7.87;170;110;263;138;69.41896024464832;1.2885462;-2.3986783
7.88;170;110;263;138;69.41896024464832;1.2885462;-2.3986783
7.89;170;110;263;138;69.41896024464832;1.2885462;-2.3986783
7.9;170;110;263;138;69.41896024464832;1.2885462;-2.3986783
7.91;170;110;263;138;69.41896024464832;1.2885462;-2.3986783
7.92;170;110;262;138;69.3170234454638;1.2705883;-2.3823528
7.93;170;110;262;138;69.3170234454638;1.2705883;-2.3823528
7.94;170;110;262;138;69.3170234454638;1.2705883;-2.3823528
7.95;170;110;262;138;69.3170234454638;1.2705883;-2.3823528
7.96;171;110;262;138;69.41896024464832;1.2488986;-2.3590307
7.97;171;110;262;137;69.3170234454638;1.2705883;-2.342647
7.98;171;110;262;137;69.3170234454638;1.2705883;-2.342647
7.99;171;110;262;137;69.3170234454638;1.2705883;-2.342647
8.0;170;110;262;137;69.2150866462793;1.2923417;-2.3659794
8.01;170;110;262;138;69.3170234454638;1.2705883;-2.3823528
8.02;170;110;262;138;69.3170234454638;1.2705883;-2.3823528
8.03;171;110;262;138;69.41896024464832;1.2488986;-2.3590307
8.04;171;110;262;138;69.41896024464832;1.2488986;-2.3590307
8.05;171;110;262;138;69.41896024464832;1.2488986;-2.3590307
8.06;171;110;262;138;69.41896024464832;1.2488986;-2.3590307
8.07;171;110;262;138;69.41896024464832;1.2488986;-2.3590307
8.08;171;110;262;138;69.41896024464832;1.2488986;-2.3590307
8.09;171;110;262;138;69.41896024464832;1.2488986;-2.3590307
8.1;171;110;262;138;69.41896024464832;1.2488986;-2.3590307
8.11;171;110;262;138;69.41896024464832;1.2488986;-2.3590307
8.12;171;110;262;138;69.41896024464832;1.2488986;-2.3590307
8.13;171;110;263;139;69.62283384301733;1.2452415;-2.3916545
8.14;171;110;263;139;69.62283384301733;1.2452415;-2.3916545
8.15;171;110;263;139;69.62283384301733;1.2452415;-2.3916545
8.16;171;109;263;139;69.52089704383282;1.2272727;-2.414956
8.17;171;109;263;139;69.52089704383282;1.2272727;-2.414956
8.18;171;109;263;139;69.52089704383282;1.2272727;-2.414956
8.19;170;109;262;139;69.3170234454638;1.2308824;-2.4220588
8.2;170;109;262;139;69.3170234454638;1.2308824;-2.4220588
8.21;170;108;262;139;69.2150866462793;1.212813;-2.445508
8.22;170;108;262;140;69.3170234454638;1.1911764;-2.4617648
8.23;170;108;262;140;69.3170234454638;1.1911764;-2.4617648
8.24;170;108;263;140;69.41896024464832;1.209251;-2.4779735
8.25;170;107;263;140;69.3170234454638;1.1911764;-2.5014706
8.26;170;107;263;141;69.41896024464832;1.1696035;-2.517621
8.27;170;107;263;141;69.41896024464832;1.1696035;-2.517621
8.28;170;107;263;141;69.41896024464832;1.1696035;-2.517621
8.29;170;106;263;142;69.41896024464832;1.1299559;-2.5572686
8.3;170;106;263;142;69.41896024464832;1.1299559;-2.5572686
8.31;171;107;263;142;69.62283384301733;1.1266471;-2.510249
8.32;171;107;263;142;69.62283384301733;1.1266471;-2.510249
8.33;171;107;263;142;69.62283384301733;1.1266471;-2.510249
8.34;171;107;263;142;69.62283384301733;1.1266471;-2.510249
8.35;171;107;262;142;69.52089704383282;1.1085044;-2.494135
8.36;171;107;262;142;69.52089704383282;1.1085044;-2.494135
8.37;171;107;262;141;69.41896024464832;1.1299559;-2.4779735
8.38;171;107;262;141;69.41896024464832;1.1299559;-2.4779735
8.39;171;106;261;141;69.2150866462793;1.0935199;-2.4852724
8.4;171;106;261;141;69.2150866462793;1.0935199;-2.4852724
8.41;171;106;261;141;69.2150866462793;1.0935199;-2.4852724
8.42;171;107;261;141;69.3170234454638;1.1117647;-2.4617648
8.43;171;107;261;141;69.3170234454638;1.1117647;-2.4617648
8.44;172;107;260;141;69.3170234454638;1.0720588;-2.4220588
8.45;172;107;260;141;69.3170234454638;1.0720588;-2.4220588
8.46;172;107;260;141;69.3170234454638;1.0720588;-2.4220588
8.47;172;107;260;141;69.3170234454638;1.0720588;-2.4220588
8.48;172;107;261;141;69.41896024464832;1.0903084;-2.438326
8.49;172;107;261;141;69.41896024464832;1.0903084;-2.438326
8.5;172;107;261;142;69.52089704383282;1.068915;-2.4545455
8.51;172;107;261;142;69.52089704383282;1.068915;-2.4545455
8.52;172;107;261;142;69.52089704383282;1.068915;-2.4545455
8.53;172;107;261;142;69.52089704383282;1.068915;-2.4545455
8.54;172;107;261;142;69.52089704383282;1.068915;-2.4545455
8.55;172;107;261;142;69.52089704383282;1.068915;-2.4545455
8.56;172;107;261;142;69.52089704383282;1.068915;-2.4545455
8.57;172;108;260;141;69.41896024464832;1.0903084;-2.3986783
8.58;173;108;260;141;69.52089704383282;1.068915;-2.3753667
8.59;173;108;260;141;69.52089704383282;1.068915;-2.3753667
8.6;173;108;260;141;69.52089704383282;1.068915;-2.3753667
8.61;173;108;260;141;69.52089704383282;1.068915;-2.3753667
8.62;173;108;259;141;69.41896024464832;1.0506608;-2.3590307
8.63;173;108;259;141;69.41896024464832;1.0506608;-2.3590307
8.64;173;108;259;141;69.41896024464832;1.0506608;-2.3590307
8.65;172;108;259;141;69.3170234454638;1.0720588;-2.3823528
8.66;172;107;259;141;69.2150866462793;1.0537555;-2.4057438
8.67;172;107;259;141;69.2150866462793;1.0537555;-2.4057438
8.68;172;107;259;141;69.2150866462793;1.0537555;-2.4057438
8.69;172;107;259;141;69.2150866462793;1.0537555;-2.4057438
8.7;172;107;259;141;69.2150866462793;1.0537555;-2.4057438
8.71;172;107;259;141;69.2150866462793;1.0537555;-2.4057438
8.72;172;107;259;142;69.3170234454638;1.0323529;-2.4220588
8.73;172;107;259;142;69.3170234454638;1.0323529;-2.4220588
8.74;172;107;259;142;69.3170234454638;1.0323529;-2.4220588
8.75;172;107;259;142;69.3170234454638;1.0323529;-2.4220588
8.76;172;107;259;142;69.3170234454638;1.0323529;-2.4220588
8.77;172;107;259;143;69.41896024464832;1.0110133;-2.438326
8.78;172;106;260;143;69.41896024464832;1.0110133;-2.4779735
8.79;172;106;260;143;69.41896024464832;1.0110133;-2.4779735
8.8;172;106;260;144;69.52089704383282;0.9897361;-2.494135
8.81;172;106;260;144;69.52089704383282;0.9897361;-2.494135
8.82;172;106;260;144;69.52089704383282;0.9897361;-2.494135
8.83;171;105;260;144;69.3170234454638;0.99264705;-2.5411766
8.84;171;105;260;145;69.41896024464832;0.97136563;-2.5572686
8.85;171;105;260;145;69.41896024464832;0.97136563;-2.5572686
8.86;172;105;260;145;69.52089704383282;0.9501466;-2.5337243
8.87;172;104;260;145;69.41896024464832;0.93171805;-2.5572686
8.88;172;104;260;145;69.41896024464832;0.93171805;-2.5572686
8.89;172;104;259;145;69.3170234454638;0.9132353;-2.5411766
8.9;172;104;259;145;69.3170234454638;0.9132353;-2.5411766
8.91;172;104;259;145;69.3170234454638;0.9132353;-2.5411766
8.92;172;104;259;145;69.3170234454638;0.9132353;-2.5411766
8.93;172;104;260;145;69.41896024464832;0.93171805;-2.5572686
8.94;172;104;260;145;69.41896024464832;0.93171805;-2.5572686
8.95;172;104;260;145;69.41896024464832;0.93171805;-2.5572686
8.96;172;104;260;145;69.41896024464832;0.93171805;-2.5572686
8.97;173;105;260;145;69.62283384301733;0.92898977;-2.510249
8.98;173;105;260;145;69.62283384301733;0.92898977;-2.510249
8.99;173;105;260;145;69.62283384301733;0.92898977;-2.510249
9.0;173;105;260;145;69.62283384301733;0.92898977;-2.510249
9.01;173;105;259;145;69.52089704383282;0.9105572;-2.494135
9.02;173;106;259;145;69.62283384301733;0.92898977;-2.4707174
9.03;173;106;259;144;69.52089704383282;0.9501466;-2.4545455
9.04;173;106;258;144;69.41896024464832;0.93171805;-2.438326
9.05;173;106;258;144;69.41896024464832;0.93171805;-2.438326
9.06;173;106;258;143;69.3170234454638;0.9529412;-2.4220588
9.07;173;106;258;143;69.3170234454638;0.9529412;-2.4220588
9.08;173;106;257;143;69.2150866462793;0.9344624;-2.4057438
9.09;173;106;257;143;69.2150866462793;0.9344624;-2.4057438
9.1;173;106;257;143;69.2150866462793;0.9344624;-2.4057438
9.11;174;106;257;143;69.3170234454638;0.9132353;-2.3823528
9.12;174;106;257;143;69.3170234454638;0.9132353;-2.3823528
9.13;174;106;257;143;69.3170234454638;0.9132353;-2.3823528
9.14;174;106;257;143;69.3170234454638;0.9132353;-2.3823528
9.15;174;106;257;143;69.3170234454638;0.9132353;-2.3823528
9.16;175;107;257;143;69.52089704383282;0.9105572;-2.335777
9.17;175;107;257;143;69.52089704383282;0.9105572;-2.335777
9.18;175;107;257;143;69.52089704383282;0.9105572;-2.335777
9.19;176;107;257;143;69.62283384301733;0.8894583;-2.3125916
9.2;176;107;257;143;69.62283384301733;0.8894583;-2.3125916
9.21;176;107;256;143;69.52089704383282;0.87096775;-2.2961876
9.22;176;107;256;142;69.41896024464832;0.8920705;-2.2797356
9.23;176;107;256;142;69.41896024464832;0.8920705;-2.2797356
9.24;176;107;256;142;69.41896024464832;0.8920705;-2.2797356
9.25;176;107;255;142;69.3170234454638;0.87352943;-2.2632353
9.26;177;107;255;142;69.41896024464832;0.8524229;-2.2400882
9.27;177;107;255;142;69.41896024464832;0.8524229;-2.2400882
9.28;177;107;254;142;69.3170234454638;0.8338235;-2.2235293
9.29;177;107;254;142;69.3170234454638;0.8338235;-2.2235293
9.3;177;107;254;142;69.3170234454638;0.8338235;-2.2235293
9.31;177;107;254;142;69.3170234454638;0.8338235;-2.2235293
9.32;177;107;254;142;69.3170234454638;0.8338235;-2.2235293
9.33;177;107;254;142;69.3170234454638;0.8338235;-2.2235293
9.34;177;107;254;142;69.3170234454638;0.8338235;-2.2235293
9.35;177;107;254;142;69.3170234454638;0.8338235;-2.2235293
9.36;177;107;254;142;69.3170234454638;0.8338235;-2.2235293
9.37;177;107;254;142;69.3170234454638;0.8338235;-2.2235293
9.38;177;107;254;142;69.3170234454638;0.8338235;-2.2235293
9.39;177;107;254;142;69.3170234454638;0.8338235;-2.2235293
9.4;177;107;254;142;69.3170234454638;0.8338235;-2.2235293
9.41;177;107;254;142;69.3170234454638;0.8338235;-2.2235293
9.42;177;107;254;143;69.41896024464832;0.8127753;-2.2400882
9.43;177;107;255;143;69.52089704383282;0.8313783;-2.2565982
9.44;177;107;255;143;69.52089704383282;0.8313783;-2.2565982
9.45;177;107;255;143;69.52089704383282;0.8313783;-2.2565982
9.46;178;107;254;143;69.52089704383282;0.7917889;-2.2170088
9.47;178;107;254;143;69.52089704383282;0.7917889;-2.2170088
9.48;178;107;254;143;69.52089704383282;0.7917889;-2.2170088
9.49;178;107;254;143;69.52089704383282;0.7917889;-2.2170088
9.5;178;107;254;142;69.41896024464832;0.8127753;-2.2004406
9.51;178;107;254;142;69.41896024464832;0.8127753;-2.2004406
9.52;178;107;254;142;69.41896024464832;0.8127753;-2.2004406
9.53;178;107;254;142;69.41896024464832;0.8127753;-2.2004406
9.54;178;107;254;142;69.41896024464832;0.8127753;-2.2004406
9.55;178;107;254;142;69.41896024464832;0.8127753;-2.2004406
9.56;178;106;254;142;69.3170234454638;0.7941176;-2.2235293
9.57;178;106;254;142;69.3170234454638;0.7941176;-2.2235293
9.58;178;106;254;142;69.3170234454638;0.7941176;-2.2235293
9.59;178;106;254;142;69.3170234454638;0.7941176;-2.2235293
9.6;178;106;254;142;69.3170234454638;0.7941176;-2.2235293
9.61;177;106;254;142;69.2150866462793;0.8151694;-2.2466862
9.62;177;106;255;142;69.3170234454638;0.8338235;-2.2632353
9.63;177;106;255;142;69.3170234454638;0.8338235;-2.2632353
9.64;177;106;255;143;69.41896024464832;0.8127753;-2.2797356
9.65;177;106;255;143;69.41896024464832;0.8127753;-2.2797356
9.66;177;107;256;142;69.52089704383282;0.87096775;-2.2565982
9.67;177;107;256;142;69.52089704383282;0.87096775;-2.2565982
9.68;177;107;256;142;69.52089704383282;0.87096775;-2.2565982
9.69;177;107;256;142;69.52089704383282;0.87096775;-2.2565982
9.7;177;107;256;142;69.52089704383282;0.87096775;-2.2565982
9.71;177;107;256;142;69.52089704383282;0.87096775;-2.2565982
9.72;177;107;256;142;69.52089704383282;0.87096775;-2.2565982
9.73;177;107;256;142;69.52089704383282;0.87096775;-2.2565982
9.74;177;107;256;142;69.52089704383282;0.87096775;-2.2565982
9.75;176;107;256;142;69.41896024464832;0.8920705;-2.2797356
9.76;176;107;256;142;69.41896024464832;0.8920705;-2.2797356
9.77;176;107;256;141;69.3170234454638;0.9132353;-2.2632353
9.78;176;107;256;141;69.3170234454638;0.9132353;-2.2632353
9.79;176;107;256;141;69.3170234454638;0.9132353;-2.2632353
9.8;176;107;256;141;69.3170234454638;0.9132353;-2.2632353
9.81;176;107;256;141;69.3170234454638;0.9132353;-2.2632353
9.82;176;107;256;141;69.3170234454638;0.9132353;-2.2632353
9.83;176;107;256;141;69.3170234454638;0.9132353;-2.2632353
9.84;176;107;256;141;69.3170234454638;0.9132353;-2.2632353
9.85;176;107;256;141;69.3170234454638;0.9132353;-2.2632353
9.86;176;107;256;141;69.3170234454638;0.9132353;-2.2632353
9.87;176;107;256;141;69.3170234454638;0.9132353;-2.2632353
9.88;176;108;257;141;69.52089704383282;0.9501466;-2.2565982
9.89;176;108;257;141;69.52089704383282;0.9501466;-2.2565982
9.9;176;108;257;141;69.52089704383282;0.9501466;-2.2565982
9.91;176;108;257;141;69.52089704383282;0.9501466;-2.2565982
9.92;176;108;257;141;69.52089704383282;0.9501466;-2.2565982
9.93;176;108;257;141;69.52089704383282;0.9501466;-2.2565982
9.94;176;108;257;141;69.52089704383282;0.9501466;-2.2565982
9.95;176;108;257;141;69.52089704383282;0.9501466;-2.2565982
9.96;176;108;257;141;69.52089704383282;0.9501466;-2.2565982
9.97;176;108;257;141;69.52089704383282;0.9501466;-2.2565982
9.98;176;108;257;141;69.52089704383282;0.9501466;-2.2565982
9.99;176;108;257;141;69.52089704383282;0.9501466;-2.2565982
10.0;175;108;257;141;69.41896024464832;0.97136563;-2.2797356
10.01;175;108;257;141;69.41896024464832;0.97136563;-2.2797356
10.02;175;108;257;141;69.41896024464832;0.97136563;-2.2797356
10.03;175;108;257;141;69.41896024464832;0.97136563;-2.2797356
10.04;175;108;257;141;69.41896024464832;0.97136563;-2.2797356
10.05;175;108;257;141;69.41896024464832;0.97136563;-2.2797356
10.06;175;108;257;141;69.41896024464832;0.97136563;-2.2797356
10.07;175;108;257;141;69.41896024464832;0.97136563;-2.2797356
10.08;175;108;257;141;69.41896024464832;0.97136563;-2.2797356
10.09;175;108;257;141;69.41896024464832;0.97136563;-2.2797356
10.1;175;108;257;141;69.41896024464832;0.97136563;-2.2797356
10.11;176;108;257;140;69.41896024464832;0.97136563;-2.2400882
10.12;176;108;257;140;69.41896024464832;0.97136563;-2.2400882
10.13;175;108;257;140;69.3170234454638;0.99264705;-2.2632353
10.14;175;108;257;140;69.3170234454638;0.99264705;-2.2632353
10.15;176;108;257;141;69.52089704383282;0.9501466;-2.2565982
10.16;176;108;257;141;69.52089704383282;0.9501466;-2.2565982
10.17;176;108;257;141;69.52089704383282;0.9501466;-2.2565982
10.18;176;108;257;141;69.52089704383282;0.9501466;-2.2565982
10.19;176;108;257;141;69.52089704383282;0.9501466;-2.2565982
10.2;176;107;257;141;69.41896024464832;0.93171805;-2.2797356
10.21;176;107;257;141;69.41896024464832;0.93171805;-2.2797356
10.22;176;107;257;141;69.41896024464832;0.93171805;-2.2797356
10.23;176;107;257;141;69.41896024464832;0.93171805;-2.2797356
10.24;175;107;257;141;69.3170234454638;0.9529412;-2.302941
10.25;175;107;257;142;69.41896024464832;0.93171805;-2.3193831
10.26;175;107;257;142;69.41896024464832;0.93171805;-2.3193831
10.27;175;107;257;142;69.41896024464832;0.93171805;-2.3193831
10.28;175;107;257;142;69.41896024464832;0.93171805;-2.3193831
10.29;175;107;257;142;69.41896024464832;0.93171805;-2.3193831
10.3;175;107;257;142;69.41896024464832;0.93171805;-2.3193831
10.31;175;106;257;142;69.3170234454638;0.9132353;-2.342647
10.32;175;106;257;142;69.3170234454638;0.9132353;-2.342647
10.33;175;106;258;142;69.41896024464832;0.93171805;-2.3590307
10.34;175;106;258;143;69.52089704383282;0.9105572;-2.3753667
10.35;175;106;258;143;69.52089704383282;0.9105572;-2.3753667
10.36;175;106;257;143;69.41896024464832;0.8920705;-2.3590307
10.37;175;106;257;143;69.41896024464832;0.8920705;-2.3590307
10.38;175;106;257;143;69.41896024464832;0.8920705;-2.3590307
10.39;175;106;257;143;69.41896024464832;0.8920705;-2.3590307
10.4;175;106;257;143;69.41896024464832;0.8920705;-2.3590307
10.41;175;106;257;143;69.41896024464832;0.8920705;-2.3590307
10.42;175;106;257;143;69.41896024464832;0.8920705;-2.3590307
10.43;175;106;257;143;69.41896024464832;0.8920705;-2.3590307
10.44;175;106;257;143;69.41896024464832;0.8920705;-2.3590307
10.45;175;106;257;143;69.41896024464832;0.8920705;-2.3590307
10.46;175;106;257;143;69.41896024464832;0.8920705;-2.3590307
10.47;175;106;257;143;69.41896024464832;0.8920705;-2.3590307
10.48;175;106;257;143;69.41896024464832;0.8920705;-2.3590307
10.49;175;105;257;143;69.3170234454638;0.87352943;-2.3823528
10.5;175;105;258;143;69.41896024464832;0.8920705;-2.3986783
10.51;175;105;258;143;69.41896024464832;0.8920705;-2.3986783
10.52;175;105;258;144;69.52089704383282;0.87096775;-2.414956
10.53;175;105;258;144;69.52089704383282;0.87096775;-2.414956
10.54;175;105;258;144;69.52089704383282;0.87096775;-2.414956
10.55;175;105;258;144;69.52089704383282;0.87096775;-2.414956
10.56;174;105;258;144;69.41896024464832;0.8920705;-2.438326
10.57;174;105;258;144;69.41896024464832;0.8920705;-2.438326
10.58;174;105;258;144;69.41896024464832;0.8920705;-2.438326
10.59;174;104;258;144;69.3170234454638;0.87352943;-2.4617648
10.6;174;104;258;144;69.3170234454638;0.87352943;-2.4617648
10.61;174;104;258;144;69.3170234454638;0.87352943;-2.4617648
10.62;174;104;258;144;69.3170234454638;0.87352943;-2.4617648
10.63;174;104;258;144;69.3170234454638;0.87352943;-2.4617648
10.64;173;104;258;144;69.2150866462793;0.8946981;-2.4852724
10.65;173;104;258;144;69.2150866462793;0.8946981;-2.4852724
10.66;173;104;258;144;69.2150866462793;0.8946981;-2.4852724
10.67;173;104;258;144;69.2150866462793;0.8946981;-2.4852724
10.68;173;104;259;144;69.3170234454638;0.9132353;-2.5014706
10.69;173;104;259;144;69.3170234454638;0.9132353;-2.5014706
10.7;173;104;259;145;69.41896024464832;0.8920705;-2.517621
10.71;173;104;260;145;69.52089704383282;0.9105572;-2.5337243
10.72;173;104;260;145;69.52089704383282;0.9105572;-2.5337243
10.73;172;104;260;145;69.41896024464832;0.93171805;-2.5572686
10.74;172;104;260;145;69.41896024464832;0.93171805;-2.5572686
10.75;172;104;260;145;69.41896024464832;0.93171805;-2.5572686
10.76;172;104;261;145;69.52089704383282;0.9501466;-2.5733137
10.77;172;104;261;145;69.52089704383282;0.9501466;-2.5733137
10.78;172;104;261;145;69.52089704383282;0.9501466;-2.5733137
10.79;171;104;261;145;69.41896024464832;0.97136563;-2.5969162
10.8;171;104;262;145;69.52089704383282;0.9897361;-2.612903
10.81;171;104;262;145;69.52089704383282;0.9897361;-2.612903
10.82;171;104;262;144;69.41896024464832;1.0110133;-2.5969162
10.83;170;105;262;144;69.41896024464832;1.0506608;-2.5969162
10.84;170;105;262;144;69.41896024464832;1.0506608;-2.5969162
10.85;170;105;262;144;69.41896024464832;1.0506608;-2.5969162
10.86;170;105;263;143;69.41896024464832;1.0903084;-2.5969162
10.87;170;105;263;143;69.41896024464832;1.0903084;-2.5969162
10.88;169;105;263;143;69.3170234454638;1.1117647;-2.6205883
10.89;169;105;263;143;69.3170234454638;1.1117647;-2.6205883
10.9;169;105;263;143;69.3170234454638;1.1117647;-2.6205883
10.91;169;105;264;143;69.41896024464832;1.1299559;-2.6365638
10.92;169;105;264;143;69.41896024464832;1.1299559;-2.6365638
10.93;169;105;264;143;69.41896024464832;1.1299559;-2.6365638
10.94;169;105;264;143;69.41896024464832;1.1299559;-2.6365638
10.95;169;105;264;143;69.41896024464832;1.1299559;-2.6365638
10.96;169;105;264;143;69.41896024464832;1.1299559;-2.6365638
10.97;169;105;265;143;69.52089704383282;1.1480938;-2.6524928
10.98;169;105;265;143;69.52089704383282;1.1480938;-2.6524928
10.99;169;105;265;143;69.52089704383282;1.1480938;-2.6524928
11.0;169;105;265;143;69.52089704383282;1.1480938;-2.6524928
11.01;169;105;265;143;69.52089704383282;1.1480938;-2.6524928
11.02;169;105;265;143;69.52089704383282;1.1480938;-2.6524928
11.03;169;105;265;143;69.52089704383282;1.1480938;-2.6524928
11.04;169;105;264;143;69.41896024464832;1.1299559;-2.6365638
11.05;170;106;264;142;69.52089704383282;1.1480938;-2.5733137
11.06;170;106;264;142;69.52089704383282;1.1480938;-2.5733137
11.07;170;106;263;142;69.41896024464832;1.1299559;-2.5572686
11.08;170;106;263;142;69.41896024464832;1.1299559;-2.5572686
11.09;170;106;263;142;69.41896024464832;1.1299559;-2.5572686
11.1;171;106;262;141;69.3170234454638;1.1117647;-2.5014706
11.11;171;106;262;141;69.3170234454638;1.1117647;-2.5014706
11.12;171;106;262;141;69.3170234454638;1.1117647;-2.5014706
11.13;171;106;262;141;69.3170234454638;1.1117647;-2.5014706
11.14;172;106;262;141;69.41896024464832;1.0903084;-2.4779735
11.15;172;106;262;141;69.41896024464832;1.0903084;-2.4779735
11.16;172;106;262;141;69.41896024464832;1.0903084;-2.4779735
11.17;172;106;261;141;69.3170234454638;1.0720588;-2.4617648
11.18;172;106;261;141;69.3170234454638;1.0720588;-2.4617648
11.19;172;106;261;141;69.3170234454638;1.0720588;-2.4617648
11.2;172;107;257;141;69.01121304791029;1.0169867;-2.372969
13.77;177;107;257;141;69.52089704383282;0.9105572;-2.2565982
13.78;177;107;257;141;69.52089704383282;0.9105572;-2.2565982
13.79;177;107;257;141;69.52089704383282;0.9105572;-2.2565982
13.8;177;107;256;141;69.41896024464832;0.8920705;-2.2400882
13.81;177;107;256;140;69.3170234454638;0.9132353;-2.2235293
13.82;177;107;256;140;69.3170234454638;0.9132353;-2.2235293
13.83;177;107;256;140;69.3170234454638;0.9132353;-2.2235293
13.84;177;107;255;140;69.2150866462793;0.8946981;-2.206922
13.85;177;107;255;140;69.2150866462793;0.8946981;-2.206922
13.86;177;107;255;140;69.2150866462793;0.8946981;-2.206922
13.87;177;107;255;140;69.2150866462793;0.8946981;-2.206922
13.88;178;107;255;140;69.3170234454638;0.87352943;-2.1838236
13.89;178;107;255;140;69.3170234454638;0.87352943;-2.1838236
13.9;178;107;256;141;69.52089704383282;0.87096775;-2.2170088
13.91;178;107;256;141;69.52089704383282;0.87096775;-2.2170088
13.92;178;107;256;141;69.52089704383282;0.87096775;-2.2170088
13.93;178;107;256;141;69.52089704383282;0.87096775;-2.2170088
13.94;178;107;256;141;69.52089704383282;0.87096775;-2.2170088
13.95;178;107;256;141;69.52089704383282;0.87096775;-2.2170088
13.96;178;106;256;141;69.41896024464832;0.8524229;-2.2400882
13.97;178;106;256;141;69.41896024464832;0.8524229;-2.2400882
13.98;178;106;256;142;69.52089704383282;0.8313783;-2.2565982
13.99;178;106;256;142;69.52089704383282;0.8313783;-2.2565982
14.0;178;106;256;142;69.52089704383282;0.8313783;-2.2565982
14.01;177;106;256;142;69.41896024464832;0.8524229;-2.2797356
14.02;177;106;256;142;69.41896024464832;0.8524229;-2.2797356
14.03;177;106;256;142;69.41896024464832;0.8524229;-2.2797356
14.04;177;105;256;142;69.3170234454638;0.8338235;-2.302941
14.05;177;105;256;142;69.3170234454638;0.8338235;-2.302941
14.06;177;105;256;142;69.3170234454638;0.8338235;-2.302941
14.07;177;105;256;142;69.3170234454638;0.8338235;-2.302941
14.08;177;105;256;143;69.41896024464832;0.8127753;-2.3193831
14.09;177;105;256;143;69.41896024464832;0.8127753;-2.3193831
14.1;177;105;256;143;69.41896024464832;0.8127753;-2.3193831
14.11;177;105;256;143;69.41896024464832;0.8127753;-2.3193831
14.12;177;105;256;143;69.41896024464832;0.8127753;-2.3193831
14.13;177;105;256;143;69.41896024464832;0.8127753;-2.3193831
14.14;177;105;257;144;69.62283384301733;0.8103953;-2.352123
14.15;177;105;257;144;69.62283384301733;0.8103953;-2.352123
14.16;177;105;257;144;69.62283384301733;0.8103953;-2.352123
14.17;177;105;257;144;69.62283384301733;0.8103953;-2.352123
14.18;177;105;257;144;69.62283384301733;0.8103953;-2.352123
14.19;177;105;257;144;69.62283384301733;0.8103953;-2.352123
14.2;177;105;256;143;69.41896024464832;0.8127753;-2.3193831
14.21;177;105;256;143;69.41896024464832;0.8127753;-2.3193831
14.22;177;105;256;143;69.41896024464832;0.8127753;-2.3193831
14.23;177;105;255;143;69.3170234454638;0.7941176;-2.302941
14.24;177;104;255;142;69.1131498470948;0.79646015;-2.3097346
14.25;177;104;255;142;69.1131498470948;0.79646015;-2.3097346
14.26;177;104;255;142;69.1131498470948;0.79646015;-2.3097346
14.27;177;105;255;142;69.2150866462793;0.8151694;-2.2864506
14.28;177;105;255;142;69.2150866462793;0.8151694;-2.2864506
14.29;177;105;255;142;69.2150866462793;0.8151694;-2.2864506
14.3;178;105;255;143;69.41896024464832;0.77312773;-2.2797356
14.31;178;105;255;143;69.41896024464832;0.77312773;-2.2797356
14.32;178;105;255;143;69.41896024464832;0.77312773;-2.2797356
14.33;178;105;255;143;69.41896024464832;0.77312773;-2.2797356
14.34;178;105;255;143;69.41896024464832;0.77312773;-2.2797356
14.35;178;105;255;143;69.41896024464832;0.77312773;-2.2797356
14.36;179;105;255;143;69.52089704383282;0.7521994;-2.2565982
14.37;179;106;255;143;69.62283384301733;0.77086383;-2.2335286
14.38;179;106;255;143;69.62283384301733;0.77086383;-2.2335286
14.39;179;106;255;143;69.62283384301733;0.77086383;-2.2335286
14.4;179;106;255;143;69.62283384301733;0.77086383;-2.2335286
14.41;179;106;255;143;69.62283384301733;0.77086383;-2.2335286
14.42;179;106;254;142;69.41896024464832;0.77312773;-2.2004406
14.43;179;106;254;142;69.41896024464832;0.77312773;-2.2004406
14.44;179;106;254;142;69.41896024464832;0.77312773;-2.2004406
14.45;179;106;254;142;69.41896024464832;0.77312773;-2.2004406
14.46;179;106;254;142;69.41896024464832;0.77312773;-2.2004406
14.47;179;106;254;142;69.41896024464832;0.77312773;-2.2004406
14.48;178;106;254;142;69.3170234454638;0.7941176;-2.2235293
14.49;178;106;254;142;69.3170234454638;0.7941176;-2.2235293
14.5;178;106;254;142;69.3170234454638;0.7941176;-2.2235293
14.51;178;106;254;142;69.3170234454638;0.7941176;-2.2235293
14.52;179;106;254;142;69.41896024464832;0.77312773;-2.2004406
14.53;179;106;254;142;69.41896024464832;0.77312773;-2.2004406
14.54;179;106;254;142;69.41896024464832;0.77312773;-2.2004406
14.55;179;106;254;142;69.41896024464832;0.77312773;-2.2004406
14.56;179;106;254;142;69.41896024464832;0.77312773;-2.2004406
14.57;179;106;254;142;69.41896024464832;0.77312773;-2.2004406
14.58;179;106;254;143;69.52089704383282;0.7521994;-2.2170088
14.59;179;106;254;143;69.52089704383282;0.7521994;-2.2170088
14.6;179;106;254;143;69.52089704383282;0.7521994;-2.2170088
14.61;179;106;254;143;69.52089704383282;0.7521994;-2.2170088
14.62;179;106;254;143;69.52089704383282;0.7521994;-2.2170088
14.63;179;106;253;143;69.41896024464832;0.73348016;-2.2004406
14.64;179;106;253;143;69.41896024464832;0.73348016;-2.2004406
14.65;179;106;253;143;69.41896024464832;0.73348016;-2.2004406
14.66;179;106;253;142;69.3170234454638;0.75441176;-2.1838236
14.67;179;106;253;142;69.3170234454638;0.75441176;-2.1838236
14.68;180;106;253;142;69.41896024464832;0.73348016;-2.160793
14.69;180;106;253;142;69.41896024464832;0.73348016;-2.160793
14.7;180;106;252;142;69.3170234454638;0.7147059;-2.1441176
14.71;180;107;252;142;69.41896024464832;0.73348016;-2.1211455
14.72;180;107;252;142;69.41896024464832;0.73348016;-2.1211455
14.73;180;107;252;142;69.41896024464832;0.73348016;-2.1211455
14.74;180;107;252;142;69.41896024464832;0.73348016;-2.1211455
14.75;180;107;252;142;69.41896024464832;0.73348016;-2.1211455
14.76;180;107;252;142;69.41896024464832;0.73348016;-2.1211455
14.77;180;107;252;142;69.41896024464832;0.73348016;-2.1211455
14.78;181;107;252;142;69.52089704383282;0.71260995;-2.0982404
14.79;181;107;252;142;69.52089704383282;0.71260995;-2.0982404
14.8;181;107;252;142;69.52089704383282;0.71260995;-2.0982404
14.81;181;107;252;142;69.52089704383282;0.71260995;-2.0982404
14.82;181;107;252;142;69.52089704383282;0.71260995;-2.0982404
14.83;181;107;251;142;69.41896024464832;0.6938326;-2.081498
14.84;181;107;251;142;69.41896024464832;0.6938326;-2.081498
14.85;181;107;251;142;69.41896024464832;0.6938326;-2.081498
14.86;181;107;251;141;69.3170234454638;0.7147059;-2.0647058
14.87;181;107;250;141;69.2150866462793;0.6958763;-2.0478644
14.88;181;107;250;141;69.2150866462793;0.6958763;-2.0478644
14.89;181;107;250;141;69.2150866462793;0.6958763;-2.0478644
14.9;182;107;250;141;69.3170234454638;0.675;-2.025
14.91;182;107;249;141;69.2150866462793;0.65611196;-2.0081
14.92;182;107;249;141;69.2150866462793;0.65611196;-2.0081
14.93;182;107;249;141;69.2150866462793;0.65611196;-2.0081
14.94;183;107;250;141;69.41896024464832;0.654185;-2.0022027
14.95;183;107;250;141;69.41896024464832;0.654185;-2.0022027
14.96;183;107;250;141;69.41896024464832;0.654185;-2.0022027
14.97;183;107;250;141;69.41896024464832;0.654185;-2.0022027
14.98;183;107;250;141;69.41896024464832;0.654185;-2.0022027
14.99;184;108;250;141;69.62283384301733;0.6522694;-1.9568082
15.0;184;108;249;141;69.52089704383282;0.6334311;-1.9398828
15.01;184;108;249;141;69.52089704383282;0.6334311;-1.9398828
15.02;184;108;249;141;69.52089704383282;0.6334311;-1.9398828
15.03;184;108;249;141;69.52089704383282;0.6334311;-1.9398828
15.04;184;108;248;141;69.41896024464832;0.6145374;-1.9229075
15.05;184;108;248;141;69.41896024464832;0.6145374;-1.9229075
15.06;184;108;248;141;69.41896024464832;0.6145374;-1.9229075
15.07;183;108;248;141;69.3170234454638;0.63529414;-1.9455882
15.08;183;108;248;141;69.3170234454638;0.63529414;-1.9455882
15.09;183;108;248;141;69.3170234454638;0.63529414;-1.9455882
15.1;183;108;248;141;69.3170234454638;0.63529414;-1.9455882
15.11;183;108;248;141;69.3170234454638;0.63529414;-1.9455882
15.12;183;108;248;141;69.3170234454638;0.63529414;-1.9455882
15.13;183;107;248;141;69.2150866462793;0.61634755;-1.9683357
15.14;183;107;248;141;69.2150866462793;0.61634755;-1.9683357
15.15;183;107;248;141;69.2150866462793;0.61634755;-1.9683357
15.16;183;108;248;141;69.3170234454638;0.63529414;-1.9455882
15.17;183;108;248;141;69.3170234454638;0.63529414;-1.9455882
15.18;183;108;248;141;69.3170234454638;0.63529414;-1.9455882
15.19;184;108;248;141;69.41896024464832;0.6145374;-1.9229075
15.2;184;108;248;141;69.41896024464832;0.6145374;-1.9229075
15.21;184;108;248;141;69.41896024464832;0.6145374;-1.9229075
15.22;184;108;248;141;69.41896024464832;0.6145374;-1.9229075
15.23;184;108;248;142;69.52089704383282;0.5938417;-1.9398828
15.24;184;108;248;142;69.52089704383282;0.5938417;-1.9398828
15.25;184;108;248;142;69.52089704383282;0.5938417;-1.9398828
15.26;184;108;248;141;69.41896024464832;0.6145374;-1.9229075
15.27;184;108;248;141;69.41896024464832;0.6145374;-1.9229075
15.28;184;108;248;141;69.41896024464832;0.6145374;-1.9229075
15.29;184;108;247;141;69.3170234454638;0.5955882;-1.9058824
15.3;184;108;247;141;69.3170234454638;0.5955882;-1.9058824
15.31;185;108;247;141;69.41896024464832;0.57488984;-1.8832599
15.32;185;108;247;141;69.41896024464832;0.57488984;-1.8832599
15.33;185;108;247;141;69.41896024464832;0.57488984;-1.8832599
15.34;185;108;247;141;69.41896024464832;0.57488984;-1.8832599
15.35;185;108;247;141;69.41896024464832;0.57488984;-1.8832599
15.36;185;108;247;141;69.41896024464832;0.57488984;-1.8832599
15.37;185;108;246;141;69.3170234454638;0.55588233;-1.8661765
15.38;185;108;246;141;69.3170234454638;0.55588233;-1.8661765
15.39;185;108;246;141;69.3170234454638;0.55588233;-1.8661765
15.4;193;110;240;138;69.41896024464832;0.37665197;-1.4867841
15.41;193;110;241;138;69.52089704383282;0.39589444;-1.5043988
15.42;193;110;241;139;69.62283384301733;0.37554905;-1.5219619
15.43;193;110;241;139;69.62283384301733;0.37554905;-1.5219619
15.44;193;110;241;138;69.52089704383282;0.39589444;-1.5043988
15.45;193;110;241;138;69.52089704383282;0.39589444;-1.5043988
15.46;193;110;241;138;69.52089704383282;0.39589444;-1.5043988
15.47;193;110;240;138;69.41896024464832;0.37665197;-1.4867841
15.48;193;110;240;138;69.41896024464832;0.37665197;-1.4867841
15.49;193;110;240;137;69.3170234454638;0.3970588;-1.4691176
15.5;193;110;240;137;69.3170234454638;0.3970588;-1.4691176
15.51;193;110;240;137;69.3170234454638;0.3970588;-1.4691176
15.52;193;110;240;137;69.3170234454638;0.3970588;-1.4691176
15.53;193;111;240;137;69.41896024464832;0.41629955;-1.4471365
15.54;193;111;240;137;69.41896024464832;0.41629955;-1.4471365
15.55;193;111;240;137;69.41896024464832;0.41629955;-1.4471365
15.56;193;111;240;137;69.41896024464832;0.41629955;-1.4471365
15.57;193;111;240;137;69.41896024464832;0.41629955;-1.4471365
15.58;192;111;240;137;69.3170234454638;0.43676472;-1.4691176
15.59;192;111;240;137;69.3170234454638;0.43676472;-1.4691176
15.6;192;111;240;137;69.3170234454638;0.43676472;-1.4691176
15.61;192;111;241;137;69.41896024464832;0.45594713;-1.4867841
15.62;192;111;241;137;69.41896024464832;0.45594713;-1.4867841
15.63;192;110;241;137;69.3170234454638;0.43676472;-1.5088235
15.64;192;111;241;138;69.52089704383282;0.43548387;-1.5043988
15.65;192;111;241;138;69.52089704383282;0.43548387;-1.5043988
15.66;192;111;241;138;69.52089704383282;0.43548387;-1.5043988
15.67;192;111;241;138;69.52089704383282;0.43548387;-1.5043988
15.68;192;110;242;138;69.52089704383282;0.43548387;-1.5439882
15.69;192;110;242;138;69.52089704383282;0.43548387;-1.5439882
15.7;192;110;242;138;69.52089704383282;0.43548387;-1.5439882
15.71;191;110;242;138;69.41896024464832;0.45594713;-1.5660793
15.72;191;110;242;138;69.41896024464832;0.45594713;-1.5660793
15.73;191;110;242;138;69.41896024464832;0.45594713;-1.5660793
15.74;191;110;242;138;69.41896024464832;0.45594713;-1.5660793
15.75;191;110;242;138;69.41896024464832;0.45594713;-1.5660793
15.76;191;110;242;138;69.41896024464832;0.45594713;-1.5660793
15.77;191;110;242;138;69.41896024464832;0.45594713;-1.5660793
15.78;191;110;242;138;69.41896024464832;0.45594713;-1.5660793
15.79;191;110;242;138;69.41896024464832;0.45594713;-1.5660793
15.8;191;110;242;137;69.3170234454638;0.4764706;-1.5485294
15.81;191;110;242;137;69.3170234454638;0.4764706;-1.5485294
15.82;191;110;242;137;69.3170234454638;0.4764706;-1.5485294
15.83;190;110;242;138;69.3170234454638;0.4764706;-1.5882353
15.84;190;110;242;138;69.3170234454638;0.4764706;-1.5882353
15.85;190;110;243;138;69.41896024464832;0.4955947;-1.6057268
15.86;190;110;243;138;69.41896024464832;0.4955947;-1.6057268
15.87;190;110;243;139;69.52089704383282;0.4750733;-1.6231672
15.88;190;110;243;139;69.52089704383282;0.4750733;-1.6231672
15.89;190;110;244;139;69.62283384301733;0.4941435;-1.6405563
15.9;190;109;244;139;69.52089704383282;0.4750733;-1.6627566
15.91;190;109;244;139;69.52089704383282;0.4750733;-1.6627566
15.92;190;109;244;139;69.52089704383282;0.4750733;-1.6627566
15.93;190;109;244;139;69.52089704383282;0.4750733;-1.6627566
15.94;190;109;244;139;69.52089704383282;0.4750733;-1.6627566
15.95;189;109;244;139;69.41896024464832;0.4955947;-1.685022
15.96;189;108;244;139;69.3170234454638;0.4764706;-1.707353
15.97;189;108;244;139;69.3170234454638;0.4764706;-1.707353
15.98;189;108;244;139;69.3170234454638;0.4764706;-1.707353
15.99;189;108;244;139;69.3170234454638;0.4764706;-1.707353
16.0;188;108;244;139;69.2150866462793;0.4970545;-1.7297497
16.01;188;108;244;139;69.2150866462793;0.4970545;-1.7297497
16.02;188;108;244;139;69.2150866462793;0.4970545;-1.7297497
16.03;188;108;244;140;69.3170234454638;0.4764706;-1.7470589
16.04;188;108;244;140;69.3170234454638;0.4764706;-1.7470589
16.05;188;108;245;140;69.41896024464832;0.4955947;-1.7643172
16.06;188;108;245;140;69.41896024464832;0.4955947;-1.7643172
16.07;188;108;245;140;69.41896024464832;0.4955947;-1.7643172
16.08;188;108;245;140;69.41896024464832;0.4955947;-1.7643172
16.09;188;108;245;140;69.41896024464832;0.4955947;-1.7643172
16.1;188;108;246;140;69.52089704383282;0.51466274;-1.7815249
16.11;188;108;246;140;69.52089704383282;0.51466274;-1.7815249
16.12;188;108;246;140;69.52089704383282;0.51466274;-1.7815249
16.13;188;108;246;140;69.52089704383282;0.51466274;-1.7815249
16.14;188;108;246;140;69.52089704383282;0.51466274;-1.7815249
16.15;188;108;246;140;69.52089704383282;0.51466274;-1.7815249
16.16;188;108;246;140;69.52089704383282;0.51466274;-1.7815249
16.17;188;108;246;140;69.52089704383282;0.51466274;-1.7815249
16.18;188;108;246;140;69.52089704383282;0.51466274;-1.7815249
16.19;187;108;245;139;69.2150866462793;0.53681886;-1.769514
16.2;187;108;245;139;69.2150866462793;0.53681886;-1.769514
16.21;187;108;245;139;69.2150866462793;0.53681886;-1.769514
16.22;187;108;245;139;69.2150866462793;0.53681886;-1.769514
16.23;187;108;246;139;69.3170234454638;0.55588233;-1.7867647
16.24;187;108;246;139;69.3170234454638;0.55588233;-1.7867647
16.25;187;109;246;139;69.41896024464832;0.57488984;-1.7643172
16.26;187;109;246;139;69.41896024464832;0.57488984;-1.7643172
16.27;187;109;246;138;69.3170234454638;0.5955882;-1.7470589
16.28;187;109;246;138;69.3170234454638;0.5955882;-1.7470589
16.29;187;109;246;138;69.3170234454638;0.5955882;-1.7470589
16.3;187;109;246;138;69.3170234454638;0.5955882;-1.7470589
16.31;187;109;246;138;69.3170234454638;0.5955882;-1.7470589
16.32;187;110;246;138;69.41896024464832;0.6145374;-1.7246696
16.33;187;110;246;138;69.41896024464832;0.6145374;-1.7246696
16.34;187;110;246;138;69.41896024464832;0.6145374;-1.7246696
16.35;187;110;246;138;69.41896024464832;0.6145374;-1.7246696
16.36;187;110;247;138;69.52089704383282;0.6334311;-1.7419355
16.37;187;110;247;138;69.52089704383282;0.6334311;-1.7419355
16.38;187;110;247;137;69.41896024464832;0.654185;-1.7246696
16.39;186;110;247;137;69.3170234454638;0.675;-1.7470589
16.4;186;110;247;137;69.3170234454638;0.675;-1.7470589
16.41;186;110;247;137;69.3170234454638;0.675;-1.7470589
16.42;186;110;247;138;69.41896024464832;0.654185;-1.7643172
16.43;186;110;247;138;69.41896024464832;0.654185;-1.7643172
16.44;186;110;247;138;69.41896024464832;0.654185;-1.7643172
16.45;186;109;247;138;69.3170234454638;0.63529414;-1.7867647
16.46;186;109;247;138;69.3170234454638;0.63529414;-1.7867647
16.47;186;109;248;138;69.41896024464832;0.654185;-1.8039647
16.48;186;109;248;138;69.41896024464832;0.654185;-1.8039647
16.49;185;109;248;138;69.3170234454638;0.675;-1.8264706
16.5;185;109;248;138;69.3170234454638;0.675;-1.8264706
16.51;185;109;248;138;69.3170234454638;0.675;-1.8264706
16.52;185;109;248;138;69.3170234454638;0.675;-1.8264706
16.53;185;109;248;139;69.41896024464832;0.654185;-1.8436123
16.54;185;109;248;139;69.41896024464832;0.654185;-1.8436123
16.55;185;108;248;139;69.3170234454638;0.63529414;-1.8661765
16.56;185;108;248;139;69.3170234454638;0.63529414;-1.8661765
16.57;185;108;248;139;69.3170234454638;0.63529414;-1.8661765
16.58;185;108;248;139;69.3170234454638;0.63529414;-1.8661765
16.59;186;108;248;139;69.41896024464832;0.6145374;-1.8436123
16.6;186;108;248;140;69.52089704383282;0.5938417;-1.8607038
16.61;187;108;247;140;69.52089704383282;0.5542522;-1.8211144
16.62;187;107;246;140;69.3170234454638;0.51617646;-1.8264706
16.63;189;107;245;141;69.52089704383282;0.43548387;-1.7815249
16.64;190;106;244;141;69.41896024464832;0.37665197;-1.7643172
16.65;191;106;243;142;69.52089704383282;0.31671554;-1.7419355
16.66;193;106;242;142;69.62283384301733;0.2569546;-1.6800878
16.67;194;105;241;143;69.62283384301733;0.17789166;-1.6800878
16.68;195;105;240;143;69.62283384301733;0.13836017;-1.6405563
16.69;196;104;238;143;69.41896024464832;0.059471365;-1.6057268
16.7;197;103;237;143;69.3170234454638;0.0;-1.5882353
16.71;198;103;236;143;69.3170234454638;-0.039705884;-1.5485294
16.72;199;102;235;143;69.2150866462793;-0.0994109;-1.5309278
16.73;199;101;235;144;69.2150866462793;-0.13917525;-1.5706922
16.74;201;100;235;144;69.3170234454638;-0.1985294;-1.5485294
16.75;202;100;234;145;69.41896024464832;-0.25770926;-1.5264317
16.76;204;99;233;146;69.52089704383282;-0.35630497;-1.5043988
16.77;205;98;232;146;69.41896024464832;-0.41629955;-1.4867841
16.78;206;97;231;147;69.41896024464832;-0.4955947;-1.4867841
16.79;207;96;230;147;69.3170234454638;-0.55588233;-1.4691176
16.8;208;95;230;147;69.3170234454638;-0.5955882;-1.4691176
16.81;209;94;229;147;69.2150866462793;-0.65611196;-1.4513991
16.82;210;94;229;147;69.3170234454638;-0.675;-1.4294118
16.83;211;93;229;148;69.41896024464832;-0.73348016;-1.4471365
16.84;211;93;229;148;69.41896024464832;-0.73348016;-1.4471365
16.85;212;93;228;149;69.52089704383282;-0.7917889;-1.4252199
16.86;212;93;227;149;69.41896024464832;-0.8127753;-1.407489
16.87;213;93;227;149;69.52089704383282;-0.8313783;-1.3856305
16.88;213;93;226;149;69.41896024464832;-0.8524229;-1.3678414
16.89;214;94;225;149;69.52089704383282;-0.87096775;-1.3064516
16.9;214;94;225;149;69.52089704383282;-0.87096775;-1.3064516
16.91;215;95;224;149;69.62283384301733;-0.8894583;-1.2452415
16.92;216;95;224;149;69.72477064220183;-0.90789473;-1.2236842
16.93;216;96;224;149;69.82670744138633;-0.8868613;-1.2021898
16.94;216;96;224;149;69.82670744138633;-0.8868613;-1.2021898
16.95;217;97;223;148;69.82670744138633;-0.8868613;-1.1233577
16.96;217;97;223;148;69.82670744138633;-0.8868613;-1.1233577
16.97;216;98;222;147;69.62283384301733;-0.84992677;-1.0871156
16.98;216;99;222;146;69.62283384301733;-0.8103953;-1.0475842
16.99;215;99;221;145;69.3170234454638;-0.7941176;-1.0323529
17.0;215;100;220;144;69.2150866462793;-0.775405;-0.97422683
17.01;215;101;220;143;69.2150866462793;-0.73564065;-0.9344624
17.02;216;103;219;141;69.2150866462793;-0.6958763;-0.8151694
17.03;217;104;218;139;69.1131498470948;-0.67699116;-0.71681416
17.04;218;106;217;136;69.01121304791029;-0.6181684;-0.5782865
17.05;219;108;216;132;68.80733944954127;-0.54;-0.42
17.06;219;110;216;127;68.50152905198776;-0.4017857;-0.28125
17.07;218;113;216;122;68.19571865443424;-0.22197309;-0.1412556
17.08;217;117;218;116;68.09378185524974;0.04041916;0.0
17.09;215;120;220;110;67.78797145769623;0.30451128;0.10150376
17.1;212;125;223;103;67.58409785932722;0.6719457;0.2239819
17.11;208;130;227;97;67.4821610601427;1.060423;0.2854985
17.12;204;136;232;91;67.58409785932722;1.4864253;0.34615386
17.13;199;141;237;84;67.3802242609582;1.940242;0.3880484
17.14;193;147;244;78;67.4821610601427;2.44713;0.36706948
17.15;186;153;252;73;67.68603465851172;2.9683735;0.28463855
17.16;179;160;262;68;68.19571865443424;3.5313902;0.18161435
17.17;171;166;272;63;68.50152905198776;4.098214;0.04017857
17.18;162;172;283;59;68.90927624872579;4.673077;-0.1597633
17.19;151;177;293;56;69.01121304791029;5.244461;-0.41875923
17.2;138;182;304;53;69.01121304791029;5.8825703;-0.7378139
17.21;124;185;313;49;68.39959225280326;6.5387483;-1.0663189
17.22;110;188;321;45;67.68603465851172;7.197289;-1.3825301
17.23;98;192;329;42;67.3802242609582;7.7813916;-1.6543117
17.24;90;196;337;39;67.4821610601427;8.23867;-1.8353474
17.25;86;201;346;37;68.29765545361876;8.543283;-1.9343283
17.26;85;205;353;37;69.3170234454638;8.655882;-1.9852941
17.27;85;209;360;38;70.54026503567788;8.700867;-2.0289018
17.28;86;211;366;40;71.66156982670744;8.66074;-2.093172
17.29;86;213;369;40;72.17125382262996;8.694915;-2.0974576
17.3;86;213;371;41;72.47706422018348;8.677216;-2.1455696
17.31;86;213;372;41;72.579001019368;8.683989;-2.161517
17.32;86;213;372;41;72.579001019368;8.683989;-2.161517
17.33;86;214;371;40;72.47706422018348;8.71519;-2.107595
17.34;86;213;369;40;72.17125382262996;8.694915;-2.0974576
17.35;86;213;366;39;71.76350662589195;8.705966;-2.0326705
17.36;85;212;363;38;71.1518858307849;8.742121;-2.0114613
17.37;85;211;360;37;70.64220183486238;8.746754;-1.9675325
17.38;84;210;356;35;69.82670744138633;8.809489;-1.9116788
17.39;83;208;351;34;68.90927624872579;8.826923;-1.877219
17.4;83;207;347;33;68.29765545361876;8.825373;-1.8134328
17.41;82;206;343;31;67.4821610601427;8.891238;-1.7537764
17.42;82;204;338;30;66.66666666666666;8.876146;-1.6926606
17.43;82;203;334;29;66.05504587155963;8.875;-1.625
17.44;81;203;330;28;65.4434250764526;8.915888;-1.5560747
17.45;81;202;328;28;65.13761467889908;8.894366;-1.5422535
17.46;81;202;326;27;64.83180428134557;8.915094;-1.485849
17.47;81;201;325;27;64.62793068297655;8.900631;-1.4905363
17.48;81;201;325;27;64.62793068297655;8.900631;-1.4905363
17.49;81;202;325;27;64.72986748216105;8.907874;-1.4669291
17.5;82;202;325;28;64.93374108053007;8.83752;-1.4623234
17.51;82;202;325;28;64.93374108053007;8.83752;-1.4623234
17.52;82;203;326;28;65.13761467889908;8.852113;-1.4577465
17.53;83;204;326;29;65.4434250764526;8.78972;-1.4299065
17.54;83;204;326;29;65.4434250764526;8.78972;-1.4299065
17.55;83;204;327;29;65.5453618756371;8.797045;-1.448678
17.56;83;204;328;30;65.74923547400611;8.769768;-1.4860466
17.57;83;203;328;30;65.64729867482161;8.762423;-1.5093168
17.58;83;202;328;31;65.64729867482161;8.720497;-1.5512422
17.59;83;200;328;31;65.4434250764526;8.705607;-1.5981308
17.6;83;199;327;31;65.23955147808358;8.690625;-1.603125
17.61;82;197;328;32;65.13761467889908;8.683099;-1.7112676
17.62;82;195;328;32;64.93374108053007;8.667974;-1.7590266
17.63;82;192;328;33;64.72986748216105;8.610236;-1.8496063
17.64;81;189;327;33;64.22018348623853;8.614285;-1.9285715
17.65;81;187;325;33;63.8124362895005;8.583067;-1.9408946
17.66;80;183;323;33;63.09887869520897;8.571082;-2.0282714
17.67;80;179;320;33;62.38532110091743;8.514706;-2.0735295
17.68;79;175;318;33;61.67176350662589;8.501653;-2.1644628
17.69;78;171;315;32;60.754332313965335;8.516779;-2.2197986
17.7;77;166;312;32;59.83690112130479;8.486371;-2.322828
17.71;75;161;309;32;58.81753312945973;8.493068;-2.4566724
17.72;74;156;305;32;57.798165137614674;8.452381;-2.547619
17.73;72;150;300;31;56.3710499490316;8.471066;-2.6609404
17.74;71;143;292;29;54.5361875637105;8.453271;-2.7
17.75;69;136;282;27;52.39551478083588;8.457198;-2.7315176
17.76;67;128;271;25;50.05096839959225;8.440937;-2.7769856
17.77;65;120;258;23;47.50254841997961;8.401287;-2.7811158
17.78;63;112;245;20;44.852191641182465;8.406818;-2.7613637
17.79;62;105;232;18;42.50764525993883;8.320144;-2.6870503
17.8;60;98;220;16;40.16309887869521;8.291878;-2.6725888
17.81;59;91;208;14;37.920489296636084;8.201612;-2.612903
17.82;57;85;195;12;35.57594291539245;8.161891;-2.5143266
17.83;56;79;183;10;33.435270132517836;8.067073;-2.387195
17.84;54;72;171;7;30.988786952089704;8.082237;-2.3092105
17.85;52;66;158;4;28.54230377166157;8.1;-2.1214285
17.86;49;60;146;1;26.095820591233434;8.2265625;-2.0039062
17.87;46;55;132;0;23.751274209989806;8.169528;-1.7961373
17.88;40;52;115;0;21.10091743119266;8.282609;-1.5
17.89;34;48;98;0;18.34862385321101;8.4;-1.2
17.9;28;45;80;0;15.596330275229358;8.558824;-0.61764705
17.91;22;40;63;0;12.7420998980632;8.748;-0.108
17.92;16;35;48;0;10.091743119266054;9.136364;0.4090909
17.93;11;29;35;0;7.6452599388379205;9.54;0.9
17.94;8;23;25;0;5.708460754332314;9.642858;1.4464285
17.95;5;18;17;0;4.077471967380224;10.125;2.025
17.96;3;12;10;0;2.54841997961264;10.26;2.7
17.97;1;7;6;0;1.4271151885830784;11.571428;1.9285715
17.98;0;3;2;0;0.509683995922528;13.5;2.7
17.99;0;1;0;0;0.1019367991845056;13.5;13.5
18.0;0;0;0;0;0.0;0.0;0.0
18.01;0;0;0;0;0.0;0.0;0.0
18.02;0;0;0;0;0.0;0.0;0.0
18.03;0;0;0;0;0.0;0.0;0.0
18.04;0;0;0;0;0.0;0.0;0.0
18.05;0;0;0;0;0.0;0.0;0.0
18.06;0;0;0;0;0.0;0.0;0.0
18.07;0;0;0;0;0.0;0.0;0.0
18.08;0;0;0;0;0.0;0.0;0.0
18.09;0;0;0;0;0.0;0.0;0.0
18.1;0;0;0;0;0.0;0.0;0.0
18.11;0;0;0;1;0.1019367991845056;-13.5;-13.5
18.12;0;0;0;0;0.0;0.0;0.0
18.13;0;0;0;0;0.0;0.0;0.0
18.14;0;0;0;0;0.0;0.0;0.0
18.15;0;0;0;0;0.0;0.0;0.0
18.16;0;0;0;0;0.0;0.0;0.0
18.17;0;0;0;0;0.0;0.0;0.0
18.18;0;0;0;0;0.0;0.0;0.0
18.19;0;0;0;0;0.0;0.0;0.0
18.2;0;0;0;0;0.0;0.0;0.0
18.21;0;0;0;0;0.0;0.0;0.0
18.22;0;0;0;0;0.0;0.0;0.0
18.23;0;0;0;0;0.0;0.0;0.0
18.24;0;0;0;0;0.0;0.0;0.0
18.25;0;0;0;0;0.0;0.0;0.0
18.26;0;0;0;0;0.0;0.0;0.0
18.27;0;0;0;0;0.0;0.0;0.0
18.28;0;0;0;0;0.0;0.0;0.0
18.29;0;0;0;0;0.0;0.0;0.0
18.3;0;0;0;0;0.0;0.0;0.0
18.31;0;0;0;0;0.0;0.0;0.0
18.32;0;0;0;0;0.0;0.0;0.0
18.33;0;0;0;0;0.0;0.0;0.0
18.34;0;0;0;0;0.0;0.0;0.0
18.35;0;0;0;0;0.0;0.0;0.0
18.36;0;0;0;0;0.0;0.0;0.0
18.37;0;0;0;0;0.0;0.0;0.0
18.38;0;0;0;0;0.0;0.0;0.0
18.39;0;0;0;0;0.0;0.0;0.0
18.4;0;0;0;0;0.0;0.0;0.0
18.41;0;0;0;0;0.0;0.0;0.0
18.42;0;0;0;0;0.0;0.0;0.0
18.43;0;0;0;0;0.0;0.0;0.0
18.44;0;0;0;0;0.0;0.0;0.0
18.45;0;0;0;0;0.0;0.0;0.0
18.46;0;0;0;0;0.0;0.0;0.0
18.47;0;0;0;0;0.0;0.0;0.0
18.48;0;0;0;0;0.0;0.0;0.0
18.49;0;0;0;0;0.0;0.0;0.0
18.5;0;0;0;0;0.0;0.0;0.0
18.51;0;0;0;0;0.0;0.0;0.0
18.52;0;0;0;0;0.0;0.0;0.0
18.53;0;0;0;0;0.0;0.0;0.0
18.54;0;0;0;0;0.0;0.0;0.0
18.55;0;0;0;0;0.0;0.0;0.0
18.56;0;0;0;0;0.0;0.0;0.0
18.57;0;0;0;0;0.0;0.0;0.0
18.58;0;0;0;0;0.0;0.0;0.0
18.59;0;0;0;0;0.0;0.0;0.0
18.6;0;0;0;0;0.0;0.0;0.0
18.61;0;0;0;0;0.0;0.0;0.0
18.62;0;0;0;0;0.0;0.0;0.0
18.63;0;0;0;0;0.0;0.0;0.0
18.64;0;0;0;0;0.0;0.0;0.0
18.65;0;0;0;0;0.0;0.0;0.0
18.66;0;0;0;0;0.0;0.0;0.0
18.67;0;0;0;0;0.0;0.0;0.0
18.68;0;0;0;0;0.0;0.0;0.0
18.69;0;0;0;0;0.0;0.0;0.0
18.7;0;0;0;0;0.0;0.0;0.0
18.71;0;0;0;0;0.0;0.0;0.0
18.72;0;0;0;0;0.0;0.0;0.0
18.73;0;0;0;0;0.0;0.0;0.0
18.74;0;0;0;0;0.0;0.0;0.0
18.75;0;0;0;0;0.0;0.0;0.0
18.76;0;0;0;0;0.0;0.0;0.0
18.77;0;0;0;0;0.0;0.0;0.0
18.78;0;0;0;0;0.0;0.0;0.0
18.79;0;0;0;0;0.0;0.0;0.0
18.8;0;0;0;0;0.0;0.0;0.0
18.81;0;0;0;0;0.0;0.0;0.0
18.82;0;0;0;0;0.0;0.0;0.0
18.83;0;0;0;0;0.0;0.0;0.0
18.84;0;0;0;0;0.0;0.0;0.0
18.85;0;0;0;0;0.0;0.0;0.0
18.86;0;0;0;0;0.0;0.0;0.0
18.87;0;0;0;0;0.0;0.0;0.0
18.88;0;0;0;0;0.0;0.0;0.0
18.89;0;0;0;0;0.0;0.0;0.0
18.9;0;0;0;0;0.0;0.0;0.0
18.91;0;0;0;0;0.0;0.0;0.0
18.92;0;0;0;0;0.0;0.0;0.0
18.93;0;0;0;0;0.0;0.0;0.0
18.94;0;0;0;0;0.0;0.0;0.0
18.95;0;0;0;0;0.0;0.0;0.0
18.96;0;0;0;0;0.0;0.0;0.0
18.97;0;0;0;0;0.0;0.0;0.0
18.98;0;0;0;0;0.0;0.0;0.0
18.99;0;0;0;0;0.0;0.0;0.0
19.0;0;0;0;0;0.0;0.0;0.0
19.01;0;0;0;0;0.0;0.0;0.0
19.02;0;0;0;0;0.0;0.0;0.0
19.03;0;0;0;0;0.0;0.0;0.0
19.04;0;0;0;0;0.0;0.0;0.0
19.05;0;0;0;0;0.0;0.0;0.0
19.06;0;0;0;0;0.0;0.0;0.0
19.07;0;0;0;0;0.0;0.0;0.0
19.08;0;0;0;0;0.0;0.0;0.0
19.09;0;0;0;0;0.0;0.0;0.0
19.1;0;0;0;0;0.0;0.0;0.0
19.11;0;0;0;0;0.0;0.0;0.0
19.12;0;0;0;0;0.0;0.0;0.0
19.13;0;0;0;0;0.0;0.0;0.0
19.14;0;0;0;0;0.0;0.0;0.0
19.15;0;0;0;0;0.0;0.0;0.0
19.16;0;0;0;0;0.0;0.0;0.0
19.17;0;0;0;0;0.0;0.0;0.0
19.18;0;0;0;0;0.0;0.0;0.0
19.19;0;0;0;0;0.0;0.0;0.0
19.2;0;0;0;0;0.0;0.0;0.0
19.21;0;0;0;0;0.0;0.0;0.0
19.22;0;0;0;0;0.0;0.0;0.0
19.23;0;0;0;0;0.0;0.0;0.0
19.24;0;0;0;0;0.0;0.0;0.0
19.25;0;0;0;0;0.0;0.0;0.0
19.26;0;0;0;0;0.0;0.0;0.0
19.27;0;0;0;0;0.0;0.0;0.0
19.28;0;0;0;0;0.0;0.0;0.0
19.29;0;0;0;0;0.0;0.0;0.0
19.3;0;0;0;0;0.0;0.0;0.0
19.31;0;0;0;0;0.0;0.0;0.0
19.32;0;0;0;0;0.0;0.0;0.0
19.33;0;0;0;0;0.0;0.0;0.0
19.34;0;0;0;0;0.0;0.0;0.0
19.35;0;0;0;0;0.0;0.0;0.0
19.36;0;0;0;0;0.0;0.0;0.0
19.37;0;0;0;0;0.0;0.0;0.0
19.38;0;0;0;0;0.0;0.0;0.0
19.39;0;0;0;0;0.0;0.0;0.0
19.4;0;0;0;0;0.0;0.0;0.0
19.41;0;0;0;0;0.0;0.0;0.0
19.42;0;0;0;0;0.0;0.0;0.0
19.43;0;0;0;0;0.0;0.0;0.0
19.44;0;0;0;0;0.0;0.0;0.0
19.45;0;0;0;0;0.0;0.0;0.0
19.46;0;0;0;0;0.0;0.0;0.0
19.47;0;0;0;0;0.0;0.0;0.0
19.48;0;0;0;0;0.0;0.0;0.0
19.49;0;0;0;0;0.0;0.0;0.0
19.5;0;0;0;0;0.0;0.0;0.0
19.51;0;0;0;0;0.0;0.0;0.0
19.52;0;0;0;0;0.0;0.0;0.0
19.53;0;0;0;0;0.0;0.0;0.0
19.54;0;0;0;0;0.0;0.0;0.0
19.55;0;0;0;0;0.0;0.0;0.0
19.56;0;0;0;0;0.0;0.0;0.0
19.57;0;0;0;0;0.0;0.0;0.0
19.58;0;0;0;0;0.0;0.0;0.0
19.59;0;0;0;0;0.0;0.0;0.0
19.6;0;0;0;0;0.0;0.0;0.0
19.61;0;0;0;0;0.0;0.0;0.0
19.62;0;0;0;0;0.0;0.0;0.0
19.63;0;0;0;0;0.0;0.0;0.0
19.64;0;0;0;0;0.0;0.0;0.0
19.65;0;0;0;0;0.0;0.0;0.0
19.66;0;0;0;0;0.0;0.0;0.0
19.67;0;0;0;0;0.0;0.0;0.0
19.68;0;0;0;0;0.0;0.0;0.0
19.69;0;0;0;0;0.0;0.0;0.0
19.7;0;0;0;0;0.0;0.0;0.0
19.71;0;0;0;0;0.0;0.0;0.0
19.72;0;0;0;0;0.0;0.0;0.0
19.73;0;0;0;0;0.0;0.0;0.0
19.74;0;0;0;0;0.0;0.0;0.0
19.75;0;0;0;0;0.0;0.0;0.0
19.76;0;0;0;0;0.0;0.0;0.0
19.77;0;0;0;0;0.0;0.0;0.0
19.78;0;0;0;0;0.0;0.0;0.0
19.79;0;0;0;0;0.0;0.0;0.0
19.8;0;0;0;0;0.0;0.0;0.0
19.81;0;0;0;0;0.0;0.0;0.0
19.82;0;0;0;0;0.0;0.0;0.0
19.83;0;0;0;0;0.0;0.0;0.0
19.84;0;0;0;0;0.0;0.0;0.0
19.85;0;0;0;0;0.0;0.0;0.0
19.86;0;0;0;0;0.0;0.0;0.0
19.87;0;0;0;0;0.0;0.0;0.0
19.88;0;0;0;0;0.0;0.0;0.0
19.89;0;0;0;0;0.0;0.0;0.0
19.9;0;0;0;0;0.0;0.0;0.0
19.91;0;0;0;0;0.0;0.0;0.0
19.92;0;0;0;0;0.0;0.0;0.0
19.93;0;0;0;0;0.0;0.0;0.0
19.94;0;0;0;0;0.0;0.0;0.0
19.95;0;0;0;0;0.0;0.0;0.0
19.96;0;0;0;0;0.0;0.0;0.0
19.97;0;0;0;0;0.0;0.0;0.0
19.98;0;0;0;0;0.0;0.0;0.0
