 Height:  Visitor ;  Weight:  Visitor ;  Age:  -1 ;  Gender:  Visitor; name: alexi; color: green; situation: one leg
Temps (s);F1 (N);F2 (N);F3 (N);F4 (N);Fz (kg);ML (cm);AP (cm);Poids (kg);Instant apparition poids (s);Score equilibre;Vitesse de la phase de montee;Surface du stabilogramme;Vitesse de deplacement du centre des pressions;Phase de stabilisation
0.01;0;0;0;0;0.0;0.0;0.0;68.90927624872579;18.66;6;3;0;0;3; 117.33576246556905; 24.440990194649626; 15.477945456329557; 2.646064908303786
0.02;0;0;0;0;0.0;0.0;0.0
0.03;0;0;0;0;0.0;0.0;0.0
0.04;0;0;0;0;0.0;0.0;0.0
0.05;0;0;0;0;0.0;0.0;0.0
0.06;0;0;0;0;0.0;0.0;0.0
0.07;0;0;0;0;0.0;0.0;0.0
0.08;0;0;0;0;0.0;0.0;0.0
0.09;0;0;0;0;0.0;0.0;0.0
0.1;0;0;0;0;0.0;0.0;0.0
0.11;0;0;0;0;0.0;0.0;0.0
0.12;0;0;0;0;0.0;0.0;0.0
0.13;0;0;0;0;0.0;0.0;0.0
0.14;0;0;0;0;0.0;0.0;0.0
0.15;0;0;0;0;0.0;0.0;0.0
0.16;0;0;0;0;0.0;0.0;0.0
0.17;0;0;0;0;0.0;0.0;0.0
0.18;0;0;0;0;0.0;0.0;0.0
0.19;0;0;0;0;0.0;0.0;0.0
0.2;0;0;0;0;0.0;0.0;0.0
0.21;0;0;0;0;0.0;0.0;0.0
0.22;0;0;0;0;0.0;0.0;0.0
0.23;0;0;0;0;0.0;0.0;0.0
0.24;0;0;0;0;0.0;0.0;0.0
0.25;0;0;0;0;0.0;0.0;0.0
0.26;0;0;0;0;0.0;0.0;0.0
0.27;0;0;0;0;0.0;0.0;0.0
0.28;0;0;0;0;0.0;0.0;0.0
0.29;0;0;0;0;0.0;0.0;0.0
0.3;0;0;0;0;0.0;0.0;0.0
0.31;0;0;0;0;0.0;0.0;0.0
0.32;0;0;0;0;0.0;0.0;0.0
0.33;0;0;0;0;0.0;0.0;0.0
0.34;0;0;0;0;0.0;0.0;0.0
0.35;0;0;0;0;0.0;0.0;0.0
0.36;0;0;0;0;0.0;0.0;0.0
0.37;0;0;0;0;0.0;0.0;0.0
0.38;0;0;0;0;0.0;0.0;0.0
0.39;0;0;0;0;0.0;0.0;0.0
0.4;0;0;0;0;0.0;0.0;0.0
0.41;0;0;0;0;0.0;0.0;0.0
0.42;0;0;0;0;0.0;0.0;0.0
0.43;0;0;0;0;0.0;0.0;0.0
0.44;0;0;0;0;0.0;0.0;0.0
0.45;0;0;0;0;0.0;0.0;0.0
0.46;0;0;0;0;0.0;0.0;0.0
0.47;0;0;0;0;0.0;0.0;0.0
0.48;0;0;0;0;0.0;0.0;0.0
0.49;0;0;0;0;0.0;0.0;0.0
0.5;0;0;0;0;0.0;0.0;0.0
0.51;0;0;0;0;0.0;0.0;0.0
0.52;0;0;0;0;0.0;0.0;0.0
0.53;0;0;0;0;0.0;0.0;0.0
0.54;0;0;0;0;0.0;0.0;0.0
0.55;0;0;0;0;0.0;0.0;0.0
0.56;0;0;0;0;0.0;0.0;0.0
0.57;0;0;0;0;0.0;0.0;0.0
0.58;0;0;0;0;0.0;0.0;0.0
0.59;0;0;0;0;0.0;0.0;0.0
0.6;0;0;0;0;0.0;0.0;0.0
0.61;0;0;0;0;0.0;0.0;0.0
0.62;0;0;0;0;0.0;0.0;0.0
0.63;0;0;0;0;0.0;0.0;0.0
0.64;0;0;0;0;0.0;0.0;0.0
0.65;0;0;0;0;0.0;0.0;0.0
0.66;0;0;0;0;0.0;0.0;0.0
0.67;0;0;0;0;0.0;0.0;0.0
0.68;0;0;0;0;0.0;0.0;0.0
0.69;0;0;0;0;0.0;0.0;0.0
0.7;0;0;0;0;0.0;0.0;0.0
0.71;0;0;0;0;0.0;0.0;0.0
0.72;0;0;0;0;0.0;0.0;0.0
0.73;0;0;0;0;0.0;0.0;0.0
0.74;0;0;0;0;0.0;0.0;0.0
0.75;0;0;0;0;0.0;0.0;0.0
0.76;0;0;0;0;0.0;0.0;0.0
0.77;0;0;0;0;0.0;0.0;0.0
0.78;0;0;0;0;0.0;0.0;0.0
0.79;0;0;0;0;0.0;0.0;0.0
0.8;0;0;0;0;0.0;0.0;0.0
0.81;0;0;0;0;0.0;0.0;0.0
0.82;0;0;0;0;0.0;0.0;0.0
0.83;0;0;0;0;0.0;0.0;0.0
0.84;0;0;0;0;0.0;0.0;0.0
0.85;0;0;0;0;0.0;0.0;0.0
0.86;0;0;0;0;0.0;0.0;0.0
0.87;0;0;0;0;0.0;0.0;0.0
0.88;0;0;0;0;0.0;0.0;0.0
0.89;0;0;0;0;0.0;0.0;0.0
0.9;0;0;0;0;0.0;0.0;0.0
0.91;0;0;0;0;0.0;0.0;0.0
0.92;0;0;0;0;0.0;0.0;0.0
0.93;0;0;0;0;0.0;0.0;0.0
0.94;0;0;0;0;0.0;0.0;0.0
0.95;0;0;0;0;0.0;0.0;0.0
0.96;0;0;0;0;0.0;0.0;0.0
0.97;0;0;0;0;0.0;0.0;0.0
0.98;0;0;0;0;0.0;0.0;0.0
0.99;0;0;0;0;0.0;0.0;0.0
1.0;0;0;0;0;0.0;0.0;0.0
1.01;0;0;0;0;0.0;0.0;0.0
1.02;0;0;0;0;0.0;0.0;0.0
1.03;0;0;0;0;0.0;0.0;0.0
1.04;0;0;0;0;0.0;0.0;0.0
1.05;0;0;0;0;0.0;0.0;0.0
1.06;0;0;0;0;0.0;0.0;0.0
1.07;0;0;0;0;0.0;0.0;0.0
1.08;0;0;0;0;0.0;0.0;0.0
1.09;0;0;0;0;0.0;0.0;0.0
1.1;0;0;0;0;0.0;0.0;0.0
1.11;0;0;0;0;0.0;0.0;0.0
1.12;0;0;0;0;0.0;0.0;0.0
1.13;0;0;0;0;0.0;0.0;0.0
1.14;0;0;0;0;0.0;0.0;0.0
1.15;0;0;0;0;0.0;0.0;0.0
1.16;0;0;0;0;0.0;0.0;0.0
1.17;0;0;0;0;0.0;0.0;0.0
1.18;0;0;0;0;0.0;0.0;0.0
1.19;0;0;0;0;0.0;0.0;0.0
1.2;0;0;0;0;0.0;0.0;0.0
1.21;0;0;0;0;0.0;0.0;0.0
1.22;0;0;0;0;0.0;0.0;0.0
1.23;0;0;0;0;0.0;0.0;0.0
1.24;0;0;0;0;0.0;0.0;0.0
1.25;0;0;0;0;0.0;0.0;0.0
1.26;0;0;0;0;0.0;0.0;0.0
1.27;0;0;0;0;0.0;0.0;0.0
1.28;0;0;0;0;0.0;0.0;0.0
1.29;0;0;0;0;0.0;0.0;0.0
1.3;0;0;0;0;0.0;0.0;0.0
1.31;0;0;0;0;0.0;0.0;0.0
1.32;0;0;0;0;0.0;0.0;0.0
1.33;0;0;0;0;0.0;0.0;0.0
1.34;0;0;0;0;0.0;0.0;0.0
1.35;0;0;0;0;0.0;0.0;0.0
1.36;0;0;0;0;0.0;0.0;0.0
1.37;0;0;0;0;0.0;0.0;0.0
1.38;0;0;0;0;0.0;0.0;0.0
1.39;0;0;0;0;0.0;0.0;0.0
1.4;0;0;0;0;0.0;0.0;0.0
1.41;0;0;0;0;0.0;0.0;0.0
1.42;0;0;0;0;0.0;0.0;0.0
1.43;0;0;0;0;0.0;0.0;0.0
1.44;0;0;0;0;0.0;0.0;0.0
1.45;0;0;0;0;0.0;0.0;0.0
1.46;0;0;0;0;0.0;0.0;0.0
1.47;0;0;0;0;0.0;0.0;0.0
1.48;0;0;0;0;0.0;0.0;0.0
1.49;0;0;0;0;0.0;0.0;0.0
1.5;0;0;0;0;0.0;0.0;0.0
1.51;0;0;0;0;0.0;0.0;0.0
1.52;0;0;0;0;0.0;0.0;0.0
1.53;0;0;0;0;0.0;0.0;0.0
1.54;0;0;0;0;0.0;0.0;0.0
1.55;0;0;0;0;0.0;0.0;0.0
1.56;0;0;0;0;0.0;0.0;0.0
1.57;0;0;0;0;0.0;0.0;0.0
1.58;0;0;0;0;0.0;0.0;0.0
1.59;0;0;0;0;0.0;0.0;0.0
1.6;0;0;0;0;0.0;0.0;0.0
1.61;0;0;0;0;0.0;0.0;0.0
1.62;0;0;0;0;0.0;0.0;0.0
1.63;0;0;0;0;0.0;0.0;0.0
1.64;0;0;0;0;0.0;0.0;0.0
1.65;0;0;0;0;0.0;0.0;0.0
1.66;0;0;0;0;0.0;0.0;0.0
1.67;0;0;0;0;0.0;0.0;0.0
1.68;0;0;0;0;0.0;0.0;0.0
1.69;0;0;0;0;0.0;0.0;0.0
1.7;0;0;0;0;0.0;0.0;0.0
1.71;0;0;0;0;0.0;0.0;0.0
1.72;0;0;0;0;0.0;0.0;0.0
1.73;0;0;0;0;0.0;0.0;0.0
1.74;0;0;0;0;0.0;0.0;0.0
1.75;0;0;0;0;0.0;0.0;0.0
1.76;0;0;0;0;0.0;0.0;0.0
1.77;0;0;0;0;0.0;0.0;0.0
1.78;0;0;0;0;0.0;0.0;0.0
1.79;0;0;0;0;0.0;0.0;0.0
1.8;0;0;0;0;0.0;0.0;0.0
1.81;0;0;0;0;0.0;0.0;0.0
1.82;0;0;0;0;0.0;0.0;0.0
1.83;0;0;0;0;0.0;0.0;0.0
1.84;0;0;0;0;0.0;0.0;0.0
1.85;0;0;0;0;0.0;0.0;0.0
1.86;0;0;0;0;0.0;0.0;0.0
1.87;0;0;0;0;0.0;0.0;0.0
1.88;0;0;0;0;0.0;0.0;0.0
1.89;0;0;0;0;0.0;0.0;0.0
1.9;0;0;0;0;0.0;0.0;0.0
1.91;0;0;0;0;0.0;0.0;0.0
1.92;0;0;0;0;0.0;0.0;0.0
1.93;0;0;0;0;0.0;0.0;0.0
1.94;0;0;0;0;0.0;0.0;0.0
1.95;0;0;0;0;0.0;0.0;0.0
1.96;0;0;0;0;0.0;0.0;0.0
1.97;0;0;0;0;0.0;0.0;0.0
1.98;0;0;0;0;0.0;0.0;0.0
1.99;0;0;0;0;0.0;0.0;0.0
2.0;0;0;0;0;0.0;0.0;0.0
2.01;0;0;0;0;0.0;0.0;0.0
2.02;0;0;0;0;0.0;0.0;0.0
2.03;0;0;0;0;0.0;0.0;0.0
2.04;0;0;0;0;0.0;0.0;0.0
2.05;0;0;0;0;0.0;0.0;0.0
2.06;0;0;0;0;0.0;0.0;0.0
2.07;0;0;0;0;0.0;0.0;0.0
2.08;0;0;0;0;0.0;0.0;0.0
2.09;0;0;0;0;0.0;0.0;0.0
2.1;0;0;0;0;0.0;0.0;0.0
2.11;0;0;0;0;0.0;0.0;0.0
2.12;0;0;0;0;0.0;0.0;0.0
2.13;0;0;0;0;0.0;0.0;0.0
2.14;0;0;0;0;0.0;0.0;0.0
2.15;0;0;0;0;0.0;0.0;0.0
2.16;0;0;0;0;0.0;0.0;0.0
2.17;0;0;0;0;0.0;0.0;0.0
2.18;0;0;0;0;0.0;0.0;0.0
2.19;0;0;0;0;0.0;0.0;0.0
2.2;0;0;0;0;0.0;0.0;0.0
2.21;0;0;0;0;0.0;0.0;0.0
2.22;0;0;0;0;0.0;0.0;0.0
2.23;0;0;0;0;0.0;0.0;0.0
2.24;0;0;0;0;0.0;0.0;0.0
2.25;0;0;0;0;0.0;0.0;0.0
2.26;0;0;0;0;0.0;0.0;0.0
2.27;0;0;0;0;0.0;0.0;0.0
2.28;0;0;0;0;0.0;0.0;0.0
2.29;0;0;0;0;0.0;0.0;0.0
2.3;0;0;0;0;0.0;0.0;0.0
2.31;0;0;0;0;0.0;0.0;0.0
2.32;0;0;0;0;0.0;0.0;0.0
2.33;0;0;0;0;0.0;0.0;0.0
2.34;0;0;0;0;0.0;0.0;0.0
2.35;0;0;0;0;0.0;0.0;0.0
2.36;0;0;0;0;0.0;0.0;0.0
2.37;0;0;0;0;0.0;0.0;0.0
2.38;0;0;0;0;0.0;0.0;0.0
2.39;0;0;0;0;0.0;0.0;0.0
2.4;0;0;0;0;0.0;0.0;0.0
2.41;0;0;0;0;0.0;0.0;0.0
2.42;0;0;0;0;0.0;0.0;0.0
2.43;0;0;0;0;0.0;0.0;0.0
2.44;0;0;0;0;0.0;0.0;0.0
2.45;0;0;0;0;0.0;0.0;0.0
2.46;0;0;0;0;0.0;0.0;0.0
2.47;0;0;0;0;0.0;0.0;0.0
2.48;0;0;0;0;0.0;0.0;0.0
2.49;0;0;0;0;0.0;0.0;0.0
2.5;0;0;0;0;0.0;0.0;0.0
2.51;0;0;0;0;0.0;0.0;0.0
2.52;0;0;0;0;0.0;0.0;0.0
2.53;0;0;0;0;0.0;0.0;0.0
2.54;0;0;0;0;0.0;0.0;0.0
2.55;0;0;0;0;0.0;0.0;0.0
2.56;0;0;0;0;0.0;0.0;0.0
2.57;0;0;0;0;0.0;0.0;0.0
2.58;0;0;0;0;0.0;0.0;0.0
2.59;0;0;0;0;0.0;0.0;0.0
2.6;0;0;0;0;0.0;0.0;0.0
2.61;0;0;0;0;0.0;0.0;0.0
2.62;0;0;0;0;0.0;0.0;0.0
2.63;0;0;0;0;0.0;0.0;0.0
2.64;0;0;0;0;0.0;0.0;0.0
2.65;0;0;0;0;0.0;0.0;0.0
2.66;0;0;0;0;0.0;0.0;0.0
2.67;0;0;0;0;0.0;0.0;0.0
2.68;0;0;0;0;0.0;0.0;0.0
2.69;0;0;0;0;0.0;0.0;0.0
2.7;0;0;0;0;0.0;0.0;0.0
2.71;0;0;0;0;0.0;0.0;0.0
2.72;0;0;0;0;0.0;0.0;0.0
2.73;0;0;0;0;0.0;0.0;0.0
2.74;0;0;0;0;0.0;0.0;0.0
2.75;0;0;0;0;0.0;0.0;0.0
2.76;0;0;0;0;0.0;0.0;0.0
2.77;0;0;0;0;0.0;0.0;0.0
2.78;0;0;0;0;0.0;0.0;0.0
2.79;0;0;0;0;0.0;0.0;0.0
2.8;0;0;0;0;0.0;0.0;0.0
2.81;0;0;0;0;0.0;0.0;0.0
2.82;0;0;0;0;0.0;0.0;0.0
2.83;0;0;0;0;0.0;0.0;0.0
2.84;0;0;0;0;0.0;0.0;0.0
2.85;0;0;0;0;0.0;0.0;0.0
2.86;0;0;0;0;0.0;0.0;0.0
2.87;0;0;0;0;0.0;0.0;0.0
2.88;0;0;0;0;0.0;0.0;0.0
2.89;0;0;0;0;0.0;0.0;0.0
2.9;0;0;0;0;0.0;0.0;0.0
2.91;0;0;0;0;0.0;0.0;0.0
2.92;0;0;0;0;0.0;0.0;0.0
2.93;0;0;0;0;0.0;0.0;0.0
2.94;0;0;0;0;0.0;0.0;0.0
2.95;0;0;0;0;0.0;0.0;0.0
2.96;0;0;0;0;0.0;0.0;0.0
2.97;0;0;0;0;0.0;0.0;0.0
2.98;0;0;0;0;0.0;0.0;0.0
2.99;0;0;0;0;0.0;0.0;0.0
3.0;0;0;0;0;0.0;0.0;0.0
3.01;0;0;0;0;0.0;0.0;0.0
3.02;0;0;0;0;0.0;0.0;0.0
3.03;0;0;0;0;0.0;0.0;0.0
3.04;0;0;0;0;0.0;0.0;0.0
3.05;0;0;0;0;0.0;0.0;0.0
3.06;0;0;0;0;0.0;0.0;0.0
3.07;0;0;0;0;0.0;0.0;0.0
3.08;0;0;0;0;0.0;0.0;0.0
3.09;0;0;0;0;0.0;0.0;0.0
3.1;0;0;0;0;0.0;0.0;0.0
3.11;0;0;0;0;0.0;0.0;0.0
3.12;0;0;0;0;0.0;0.0;0.0
3.13;0;0;0;0;0.0;0.0;0.0
3.14;0;0;0;0;0.0;0.0;0.0
3.15;0;0;0;0;0.0;0.0;0.0
3.16;0;0;0;0;0.0;0.0;0.0
3.17;0;0;0;0;0.0;0.0;0.0
3.18;0;0;0;0;0.0;0.0;0.0
3.19;0;0;0;0;0.0;0.0;0.0
3.2;0;0;0;0;0.0;0.0;0.0
3.21;0;0;0;0;0.0;0.0;0.0
3.22;0;0;0;0;0.0;0.0;0.0
3.23;0;0;0;0;0.0;0.0;0.0
3.24;0;0;0;0;0.0;0.0;0.0
3.25;0;0;0;0;0.0;0.0;0.0
3.26;0;0;0;0;0.0;0.0;0.0
3.27;0;0;0;0;0.0;0.0;0.0
3.28;0;0;0;0;0.0;0.0;0.0
3.29;0;0;0;0;0.0;0.0;0.0
3.3;0;0;0;0;0.0;0.0;0.0
3.31;0;0;0;0;0.0;0.0;0.0
3.32;0;0;0;0;0.0;0.0;0.0
3.33;0;0;0;0;0.0;0.0;0.0
3.34;0;0;0;0;0.0;0.0;0.0
3.35;0;0;0;0;0.0;0.0;0.0
3.36;0;0;0;0;0.0;0.0;0.0
3.37;0;0;0;0;0.0;0.0;0.0
3.38;0;0;0;0;0.0;0.0;0.0
3.39;0;0;0;0;0.0;0.0;0.0
3.4;0;0;0;0;0.0;0.0;0.0
3.41;0;0;0;0;0.0;0.0;0.0
3.42;0;0;0;0;0.0;0.0;0.0
3.43;0;0;0;0;0.0;0.0;0.0
3.44;0;0;0;0;0.0;0.0;0.0
3.45;0;0;0;0;0.0;0.0;0.0
3.46;0;0;0;0;0.0;0.0;0.0
3.47;0;0;0;0;0.0;0.0;0.0
3.48;0;0;0;0;0.0;0.0;0.0
3.49;0;0;0;0;0.0;0.0;0.0
3.5;0;0;0;0;0.0;0.0;0.0
3.51;0;0;0;0;0.0;0.0;0.0
3.52;0;0;0;0;0.0;0.0;0.0
3.53;0;0;0;0;0.0;0.0;0.0
3.54;0;0;0;0;0.0;0.0;0.0
3.55;0;0;0;0;0.0;0.0;0.0
3.56;0;0;0;0;0.0;0.0;0.0
3.57;0;0;0;0;0.0;0.0;0.0
3.58;0;0;0;0;0.0;0.0;0.0
3.59;0;0;0;0;0.0;0.0;0.0
3.6;0;0;0;0;0.0;0.0;0.0
3.61;0;0;0;0;0.0;0.0;0.0
3.62;0;0;0;0;0.0;0.0;0.0
3.63;0;0;0;0;0.0;0.0;0.0
3.64;0;0;0;0;0.0;0.0;0.0
3.65;0;0;0;0;0.0;0.0;0.0
3.66;0;0;0;0;0.0;0.0;0.0
3.67;0;0;0;0;0.0;0.0;0.0
3.68;0;0;0;0;0.0;0.0;0.0
3.69;0;0;0;0;0.0;0.0;0.0
3.7;0;0;0;0;0.0;0.0;0.0
3.71;0;0;0;0;0.0;0.0;0.0
3.72;0;0;0;0;0.0;0.0;0.0
3.73;0;0;0;0;0.0;0.0;0.0
3.74;0;0;0;0;0.0;0.0;0.0
3.75;0;0;0;0;0.0;0.0;0.0
3.76;0;0;0;0;0.0;0.0;0.0
3.77;0;0;0;0;0.0;0.0;0.0
3.78;0;0;0;0;0.0;0.0;0.0
3.79;0;0;0;0;0.0;0.0;0.0
3.8;0;0;0;0;0.0;0.0;0.0
3.81;0;0;0;0;0.0;0.0;0.0
3.82;0;0;0;0;0.0;0.0;0.0
3.83;0;0;0;0;0.0;0.0;0.0
3.84;0;0;0;0;0.0;0.0;0.0
3.85;0;0;0;0;0.0;0.0;0.0
3.86;0;0;0;0;0.0;0.0;0.0
3.87;0;0;0;0;0.0;0.0;0.0
3.88;0;0;0;0;0.0;0.0;0.0
3.89;0;0;0;0;0.0;0.0;0.0
3.9;0;0;0;0;0.0;0.0;0.0
3.91;0;0;0;0;0.0;0.0;0.0
3.92;0;0;0;0;0.0;0.0;0.0
3.93;0;0;0;0;0.0;0.0;0.0
3.94;0;0;0;0;0.0;0.0;0.0
3.95;0;0;0;0;0.0;0.0;0.0
3.96;0;0;0;0;0.0;0.0;0.0
3.97;0;0;0;0;0.0;0.0;0.0
3.98;0;0;0;0;0.0;0.0;0.0
3.99;0;0;0;0;0.0;0.0;0.0
4.0;0;0;0;0;0.0;0.0;0.0
4.01;0;0;0;0;0.0;0.0;0.0
4.02;0;0;0;0;0.0;0.0;0.0
4.03;0;0;0;0;0.0;0.0;0.0
4.04;0;0;0;0;0.0;0.0;0.0
4.05;0;0;0;0;0.0;0.0;0.0
4.06;0;0;0;0;0.0;0.0;0.0
4.07;0;0;0;0;0.0;0.0;0.0
4.08;0;0;0;0;0.0;0.0;0.0
4.09;0;0;0;0;0.0;0.0;0.0
4.1;0;0;0;0;0.0;0.0;0.0
4.11;0;0;0;0;0.0;0.0;0.0
4.12;0;0;0;0;0.0;0.0;0.0
4.13;0;0;0;0;0.0;0.0;0.0
4.14;0;0;0;0;0.0;0.0;0.0
4.15;0;0;0;0;0.0;0.0;0.0
4.16;0;0;0;0;0.0;0.0;0.0
4.17;0;0;0;0;0.0;0.0;0.0
4.18;0;0;0;0;0.0;0.0;0.0
4.19;0;0;0;0;0.0;0.0;0.0
4.2;0;0;0;0;0.0;0.0;0.0
4.21;0;0;0;0;0.0;0.0;0.0
4.22;0;0;0;0;0.0;0.0;0.0
4.23;0;0;0;0;0.0;0.0;0.0
4.24;0;0;0;0;0.0;0.0;0.0
4.25;0;0;0;0;0.0;0.0;0.0
4.26;0;0;0;0;0.0;0.0;0.0
4.27;0;0;0;0;0.0;0.0;0.0
4.28;0;0;0;0;0.0;0.0;0.0
4.29;0;0;0;0;0.0;0.0;0.0
4.3;0;0;0;0;0.0;0.0;0.0
4.31;0;0;0;0;0.0;0.0;0.0
4.32;0;0;0;0;0.0;0.0;0.0
4.33;0;0;0;0;0.0;0.0;0.0
4.34;0;0;0;0;0.0;0.0;0.0
4.35;0;0;0;0;0.0;0.0;0.0
4.36;0;0;0;0;0.0;0.0;0.0
4.37;0;0;0;0;0.0;0.0;0.0
4.38;0;0;0;0;0.0;0.0;0.0
4.39;0;0;0;0;0.0;0.0;0.0
4.4;0;0;0;0;0.0;0.0;0.0
4.41;0;0;0;0;0.0;0.0;0.0
4.42;0;0;0;0;0.0;0.0;0.0
4.43;0;0;0;0;0.0;0.0;0.0
4.44;0;0;0;0;0.0;0.0;0.0
4.45;0;0;0;0;0.0;0.0;0.0
4.46;0;0;0;0;0.0;0.0;0.0
4.47;0;0;0;0;0.0;0.0;0.0
4.48;0;0;0;0;0.0;0.0;0.0
4.49;0;0;0;0;0.0;0.0;0.0
4.5;0;0;0;0;0.0;0.0;0.0
4.51;0;0;0;0;0.0;0.0;0.0
4.52;0;0;0;0;0.0;0.0;0.0
4.53;0;0;0;0;0.0;0.0;0.0
4.54;0;0;0;0;0.0;0.0;0.0
4.55;0;0;0;0;0.0;0.0;0.0
4.56;0;0;0;0;0.0;0.0;0.0
4.57;0;0;0;0;0.0;0.0;0.0
4.58;0;0;0;0;0.0;0.0;0.0
4.59;0;0;0;0;0.0;0.0;0.0
4.6;0;0;0;0;0.0;0.0;0.0
4.61;0;0;0;0;0.0;0.0;0.0
4.62;0;0;0;0;0.0;0.0;0.0
4.63;0;0;0;0;0.0;0.0;0.0
4.64;0;0;0;0;0.0;0.0;0.0
4.65;0;0;0;0;0.0;0.0;0.0
4.66;0;0;0;0;0.0;0.0;0.0
4.67;0;0;0;0;0.0;0.0;0.0
4.68;0;0;0;0;0.0;0.0;0.0
4.69;0;0;0;0;0.0;0.0;0.0
4.7;0;0;0;0;0.0;0.0;0.0
4.71;0;0;0;0;0.0;0.0;0.0
4.72;0;0;0;0;0.0;0.0;0.0
4.73;0;0;0;0;0.0;0.0;0.0
4.74;0;0;0;0;0.0;0.0;0.0
4.75;0;0;0;0;0.0;0.0;0.0
4.76;0;0;0;0;0.0;0.0;0.0
4.77;0;0;0;0;0.0;0.0;0.0
4.78;0;0;0;0;0.0;0.0;0.0
4.79;0;0;0;0;0.0;0.0;0.0
4.8;0;0;0;0;0.0;0.0;0.0
4.81;0;0;0;0;0.0;0.0;0.0
4.82;0;0;0;0;0.0;0.0;0.0
4.83;0;0;0;0;0.0;0.0;0.0
4.84;0;0;0;0;0.0;0.0;0.0
4.85;0;0;0;0;0.0;0.0;0.0
4.86;0;0;0;0;0.0;0.0;0.0
4.87;0;0;0;0;0.0;0.0;0.0
4.88;0;0;0;0;0.0;0.0;0.0
4.89;0;0;0;0;0.0;0.0;0.0
4.9;0;0;0;0;0.0;0.0;0.0
4.91;0;0;0;0;0.0;0.0;0.0
4.92;0;0;0;0;0.0;0.0;0.0
4.93;0;0;0;0;0.0;0.0;0.0
4.94;0;0;0;0;0.0;0.0;0.0
4.95;0;0;0;0;0.0;0.0;0.0
4.96;0;0;0;0;0.0;0.0;0.0
4.97;0;0;0;0;0.0;0.0;0.0
4.98;0;0;0;0;0.0;0.0;0.0
4.99;0;0;0;0;0.0;0.0;0.0
5.0;0;0;0;0;0.0;0.0;0.0
5.01;0;0;0;0;0.0;0.0;0.0
5.02;0;0;0;0;0.0;0.0;0.0
5.03;0;0;0;0;0.0;0.0;0.0
5.04;0;0;0;0;0.0;0.0;0.0
5.05;0;0;0;0;0.0;0.0;0.0
5.06;0;0;0;0;0.0;0.0;0.0
5.07;0;0;0;0;0.0;0.0;0.0
5.08;0;0;0;0;0.0;0.0;0.0
5.09;0;0;0;0;0.0;0.0;0.0
5.1;0;0;0;0;0.0;0.0;0.0
5.11;0;0;0;0;0.0;0.0;0.0
5.12;0;0;0;0;0.0;0.0;0.0
5.13;0;0;0;0;0.0;0.0;0.0
5.14;0;0;0;0;0.0;0.0;0.0
5.15;0;0;0;0;0.0;0.0;0.0
5.16;0;0;0;0;0.0;0.0;0.0
5.17;0;0;0;0;0.0;0.0;0.0
5.18;0;0;0;0;0.0;0.0;0.0
5.19;0;0;0;0;0.0;0.0;0.0
5.2;0;0;0;0;0.0;0.0;0.0
5.21;0;0;0;0;0.0;0.0;0.0
5.22;0;0;0;0;0.0;0.0;0.0
5.23;0;0;0;0;0.0;0.0;0.0
5.24;0;0;0;0;0.0;0.0;0.0
5.25;0;0;0;0;0.0;0.0;0.0
5.26;0;0;0;0;0.0;0.0;0.0
5.27;0;0;0;0;0.0;0.0;0.0
5.28;0;0;0;0;0.0;0.0;0.0
5.29;0;0;0;0;0.0;0.0;0.0
5.3;0;0;0;0;0.0;0.0;0.0
5.31;0;0;0;0;0.0;0.0;0.0
5.32;0;0;0;0;0.0;0.0;0.0
5.33;0;0;0;0;0.0;0.0;0.0
5.34;0;0;0;0;0.0;0.0;0.0
5.35;0;0;0;0;0.0;0.0;0.0
5.36;0;0;0;0;0.0;0.0;0.0
5.37;0;0;0;0;0.0;0.0;0.0
5.38;0;0;0;0;0.0;0.0;0.0
5.39;0;0;0;0;0.0;0.0;0.0
5.4;0;0;0;0;0.0;0.0;0.0
5.41;0;0;0;0;0.0;0.0;0.0
5.42;0;0;0;0;0.0;0.0;0.0
5.43;0;0;0;0;0.0;0.0;0.0
5.44;0;0;0;0;0.0;0.0;0.0
5.45;0;0;0;0;0.0;0.0;0.0
5.46;0;0;0;0;0.0;0.0;0.0
5.47;0;0;0;0;0.0;0.0;0.0
5.48;0;0;0;0;0.0;0.0;0.0
5.49;0;0;0;0;0.0;0.0;0.0
5.5;0;0;0;0;0.0;0.0;0.0
5.51;0;0;0;0;0.0;0.0;0.0
5.52;0;0;0;0;0.0;0.0;0.0
5.53;0;0;0;0;0.0;0.0;0.0
5.54;0;0;0;0;0.0;0.0;0.0
5.55;0;0;0;0;0.0;0.0;0.0
5.56;0;0;0;0;0.0;0.0;0.0
5.57;0;0;0;0;0.0;0.0;0.0
5.58;0;0;0;0;0.0;0.0;0.0
5.59;0;0;0;0;0.0;0.0;0.0
5.6;0;0;0;0;0.0;0.0;0.0
5.61;0;0;0;0;0.0;0.0;0.0
5.62;0;0;0;0;0.0;0.0;0.0
5.63;0;0;0;0;0.0;0.0;0.0
5.64;0;0;0;0;0.0;0.0;0.0
5.65;0;0;0;0;0.0;0.0;0.0
5.66;0;0;0;0;0.0;0.0;0.0
5.67;0;0;0;0;0.0;0.0;0.0
5.68;0;0;0;0;0.0;0.0;0.0
5.69;0;0;0;0;0.0;0.0;0.0
5.7;0;0;0;0;0.0;0.0;0.0
5.71;0;0;0;0;0.0;0.0;0.0
5.72;0;0;0;0;0.0;0.0;0.0
5.73;0;0;0;0;0.0;0.0;0.0
5.74;0;0;0;0;0.0;0.0;0.0
5.75;0;0;0;0;0.0;0.0;0.0
5.76;0;0;0;0;0.0;0.0;0.0
5.77;0;0;0;0;0.0;0.0;0.0
5.78;0;0;0;0;0.0;0.0;0.0
5.79;0;0;0;0;0.0;0.0;0.0
5.8;0;0;0;0;0.0;0.0;0.0
5.81;0;0;0;0;0.0;0.0;0.0
5.82;0;0;0;0;0.0;0.0;0.0
5.83;0;0;0;0;0.0;0.0;0.0
5.84;0;0;0;0;0.0;0.0;0.0
5.85;0;0;0;0;0.0;0.0;0.0
5.86;0;0;0;0;0.0;0.0;0.0
5.87;0;0;0;0;0.0;0.0;0.0
5.88;0;0;0;0;0.0;0.0;0.0
5.89;0;0;0;0;0.0;0.0;0.0
5.9;0;0;0;0;0.0;0.0;0.0
5.91;0;0;0;0;0.0;0.0;0.0
5.92;0;0;0;0;0.0;0.0;0.0
5.93;0;0;0;0;0.0;0.0;0.0
5.94;0;0;0;0;0.0;0.0;0.0
5.95;0;0;0;0;0.0;0.0;0.0
5.96;0;0;0;0;0.0;0.0;0.0
5.97;0;0;0;0;0.0;0.0;0.0
5.98;0;0;0;0;0.0;0.0;0.0
5.99;0;0;0;0;0.0;0.0;0.0
6.0;0;0;0;0;0.0;0.0;0.0
6.01;0;0;0;0;0.0;0.0;0.0
6.02;0;0;0;0;0.0;0.0;0.0
6.03;0;0;0;0;0.0;0.0;0.0
6.04;0;0;0;0;0.0;0.0;0.0
6.05;0;0;0;0;0.0;0.0;0.0
6.06;0;0;0;0;0.0;0.0;0.0
6.07;0;0;0;0;0.0;0.0;0.0
6.08;0;0;0;0;0.0;0.0;0.0
6.09;0;0;0;0;0.0;0.0;0.0
6.1;0;0;0;0;0.0;0.0;0.0
6.11;0;0;0;0;0.0;0.0;0.0
6.12;0;0;0;0;0.0;0.0;0.0
6.13;0;0;0;0;0.0;0.0;0.0
6.14;0;0;0;0;0.0;0.0;0.0
6.15;0;0;0;0;0.0;0.0;0.0
6.16;0;0;0;0;0.0;0.0;0.0
6.17;0;0;0;0;0.0;0.0;0.0
6.18;0;0;0;0;0.0;0.0;0.0
6.19;0;0;0;0;0.0;0.0;0.0
6.2;0;0;0;0;0.0;0.0;0.0
6.21;0;0;0;0;0.0;0.0;0.0
6.22;0;0;0;0;0.0;0.0;0.0
6.23;0;0;0;0;0.0;0.0;0.0
6.24;0;0;0;0;0.0;0.0;0.0
6.25;0;0;0;0;0.0;0.0;0.0
6.26;0;0;0;0;0.0;0.0;0.0
6.27;0;0;0;0;0.0;0.0;0.0
6.28;0;0;0;0;0.0;0.0;0.0
6.29;0;0;0;0;0.0;0.0;0.0
6.3;0;0;0;0;0.0;0.0;0.0
6.31;0;0;0;0;0.0;0.0;0.0
6.32;0;0;0;0;0.0;0.0;0.0
6.33;0;0;0;0;0.0;0.0;0.0
6.34;0;0;0;0;0.0;0.0;0.0
6.35;0;0;0;0;0.0;0.0;0.0
6.36;0;0;0;0;0.0;0.0;0.0
6.37;0;0;0;0;0.0;0.0;0.0
6.38;0;0;0;0;0.0;0.0;0.0
6.39;0;0;0;0;0.0;0.0;0.0
6.4;0;0;0;0;0.0;0.0;0.0
6.41;0;0;0;0;0.0;0.0;0.0
6.42;0;0;0;0;0.0;0.0;0.0
6.43;0;0;0;0;0.0;0.0;0.0
6.44;0;0;0;0;0.0;0.0;0.0
6.45;0;0;0;0;0.0;0.0;0.0
6.46;0;0;0;0;0.0;0.0;0.0
6.47;0;0;0;0;0.0;0.0;0.0
6.48;0;0;0;0;0.0;0.0;0.0
6.49;0;0;0;0;0.0;0.0;0.0
6.5;0;0;0;0;0.0;0.0;0.0
6.51;0;0;0;0;0.0;0.0;0.0
6.52;0;0;0;0;0.0;0.0;0.0
6.53;0;0;0;0;0.0;0.0;0.0
6.54;0;0;0;0;0.0;0.0;0.0
6.55;0;0;0;0;0.0;0.0;0.0
6.56;0;0;0;0;0.0;0.0;0.0
6.57;0;0;0;0;0.0;0.0;0.0
6.58;0;0;0;0;0.0;0.0;0.0
6.59;0;0;0;0;0.0;0.0;0.0
6.6;0;0;0;0;0.0;0.0;0.0
6.61;1;0;1;1;0.3058103975535168;-4.5;-4.5
6.62;3;0;4;2;0.9174311926605504;-1.5;-4.5
6.63;6;0;7;3;1.6309887869520896;-1.6875;-3.375
6.64;9;0;11;5;2.54841997961264;-1.62;-3.78
6.65;12;0;18;7;3.771661569826707;-0.36486486;-4.743243
6.66;12;0;21;10;4.3832823649337405;-0.3139535;-5.9651165
6.67;12;0;23;13;4.892966360856269;-0.5625;-6.75
6.68;12;0;25;16;5.402650356778797;-0.7641509;-7.3867927
6.69;13;0;27;17;5.810397553516819;-0.7105263;-7.3421054
6.7;14;0;29;18;6.218144750254842;-0.6639344;-7.303279
6.71;16;0;32;18;6.727828746177369;-0.4090909;-6.9545455
6.72;19;0;37;18;7.543323139653414;0.0;-6.5675673
6.73;22;0;42;18;8.358817533129459;0.3292683;-6.256098
6.74;26;0;48;18;9.378185524974516;0.5869565;-5.869565
6.75;30;0;54;18;10.39755351681957;0.7941176;-5.5588236
6.76;35;0;61;18;11.620795107033638;0.94736844;-5.2105265
6.77;41;0;69;19;13.149847094801222;0.94186044;-4.918605
6.78;47;0;78;20;14.780835881753312;1.024138;-4.7482758
6.79;53;0;88;20;16.411824668705403;1.257764;-4.611801
6.8;59;0;98;21;18.144750254842;1.3651686;-4.550562
6.81;63;3;106;24;19.979612640163097;1.5153061;-4.408163
6.82;66;6;111;28;21.50866462793068;1.4715639;-4.28673
6.83;68;10;116;32;23.037716615698265;1.5530974;-4.181416
6.84;70;14;121;35;24.464831804281346;1.6875;-4.05
6.85;72;19;126;39;26.095820591233434;1.7929688;-3.9023438
6.86;75;24;131;42;27.726809378185525;1.8860294;-3.672794
6.87;77;28;135;46;29.153924566768602;1.8881118;-3.5874126
6.88;80;33;139;49;30.682976554536186;1.9285715;-3.3637874
6.89;83;37;143;53;32.21202854230377;1.8797468;-3.2468355
6.9;85;42;148;56;33.74108053007135;1.9984894;-3.1404834
6.91;88;46;153;61;35.47400611620795;1.9396552;-3.1034484
6.92;91;50;158;65;37.10499490316004;1.9285715;-3.0412087
6.93;93;54;163;70;38.73598369011213;1.918421;-3.055263
6.94;96;58;167;73;40.16309887869521;1.9187818;-2.9467006
6.95;99;62;172;76;41.69215086646279;1.9474328;-2.871638
6.96;101;67;175;79;43.01732925586136;1.9834123;-2.751185
6.97;103;70;177;80;43.832823649337406;2.0093024;-2.6372094
6.98;105;73;179;81;44.64831804281345;2.0342467;-2.5273972
6.99;107;76;180;82;45.361875637104994;2.0325842;-2.396629
7.0;108;79;181;81;45.769622833843016;2.134744;-2.255011
7.01;110;82;182;81;46.381243628950045;2.165934;-2.1065934
7.02;111;85;182;81;46.788990825688074;2.2058823;-1.9705882
7.03;112;88;183;80;47.196738022426096;2.3034558;-1.836933
7.04;114;91;183;79;47.60448521916412;2.3415418;-1.6477516
7.05;115;95;183;78;48.01223241590214;2.4363058;-1.4617834
7.06;117;99;183;76;48.41997961264016;2.5294738;-1.2221053
7.07;120;104;182;74;48.92966360856269;2.5875;-0.9
7.08;122;109;181;72;49.33741080530071;2.677686;-0.6136364
7.09;125;114;180;71;49.94903160040774;2.7;-0.33061224
7.1;128;119;180;70;50.66258919469929;2.7434607;-0.08148894
7.11;132;124;181;71;51.783893985728845;2.71063;0.106299214
7.12;135;129;183;72;52.905198776758404;2.7312138;0.23410405
7.13;138;134;186;74;54.23037716615698;2.7406015;0.30451128
7.14;141;138;188;75;55.249745158002035;2.7398524;0.398524
7.15;144;142;191;77;56.4729867482161;2.7292418;0.43862817
7.16;146;146;195;80;57.798165137614674;2.7380953;0.4047619
7.17;149;151;199;84;59.42915392456676;2.7092624;0.3936535
7.18;152;154;205;88;61.06014271151886;2.68197;0.2929883
7.19;155;158;210;92;62.691131498470945;2.6560977;0.24146341
7.2;158;162;216;97;64.52599388379204;2.6232228;0.1492891
7.21;160;167;221;101;66.15698267074414;2.6417565;0.104006164
7.22;163;171;225;103;67.4821610601427;2.6510575;0.1223565
7.23;166;174;227;105;68.50152905198776;2.611607;0.16071428
7.24;168;178;230;106;69.52089704383282;2.6524928;0.19794722
7.25;170;182;233;108;70.64220183486238;2.668831;0.21428572
7.26;171;185;235;108;71.25382262996942;2.723176;0.25107297
7.27;170;187;237;107;71.45769622833842;2.8309557;0.25035664
7.28;167;187;239;104;71.0499490316004;3.002152;0.21305595
7.29;163;186;242;103;70.74413863404689;3.1512969;0.077809796
7.3;159;185;248;103;70.84607543323139;3.3215828;-0.13597122
7.31;155;183;257;105;71.35575942915392;3.4714286;-0.46285716
7.32;151;182;265;107;71.86544342507645;3.619149;-0.7468085
7.33;148;180;271;108;72.06931702344546;3.7234795;-0.9738331
7.34;144;177;276;108;71.86544342507645;3.848936;-1.206383
7.35;141;174;279;108;71.55963302752293;3.9230769;-1.3846154
7.36;138;171;282;108;71.25382262996942;3.997854;-1.5643777
7.37;135;169;285;108;71.0499490316004;4.0868006;-1.7238164
7.38;133;167;287;108;70.84607543323139;4.13741;-1.8453237
7.39;130;166;290;107;70.64220183486238;4.266234;-1.9675325
7.4;127;165;292;105;70.23445463812436;4.408563;-2.0573294
7.41;125;165;293;102;69.82670744138633;4.5525546;-2.069343
7.42;123;166;292;98;69.2150866462793;4.7120767;-2.0081
7.43;121;167;292;94;68.70540265035677;4.8872404;-1.962908
7.44;120;168;292;90;68.29765545361876;5.0373135;-1.8940299
7.45;119;170;291;87;67.99184505606523;5.1611695;-1.8013493
7.46;119;172;291;85;67.99184505606523;5.242129;-1.7203898
7.47;119;173;290;82;67.68603465851172;5.326807;-1.626506
7.48;119;175;289;80;67.58409785932722;5.3959274;-1.5271493
7.49;119;176;289;79;67.58409785932722;5.4366517;-1.4864253
7.5;119;178;289;77;67.58409785932722;5.5181;-1.4049773
7.51;119;179;289;76;67.58409785932722;5.5588236;-1.3642534
7.52;119;180;288;74;67.3802242609582;5.6164904;-1.2866869
7.53;119;181;287;72;67.17635066258919;5.6745067;-1.2086495
7.54;119;182;286;71;67.07441386340469;5.7036476;-1.1489362
7.55;119;183;285;70;66.97247706422019;5.732877;-1.0890411
7.56;120;185;284;69;67.07441386340469;5.744681;-0.9848024
7.57;121;188;283;68;67.2782874617737;5.768182;-0.8590909
7.58;122;190;281;66;67.17635066258919;5.7974205;-0.7169954
7.59;124;193;279;65;67.3802242609582;5.779879;-0.5514372
7.6;125;195;277;64;67.3802242609582;5.779879;-0.42889562
7.61;127;198;275;63;67.58409785932722;5.7624435;-0.2647059
7.62;128;201;272;62;67.58409785932722;5.7624435;-0.101809956
7.63;130;203;270;60;67.58409785932722;5.7624435;0.061085973
7.64;131;205;267;59;67.4821610601427;5.7507553;0.20392749
7.65;132;207;266;58;67.58409785932722;5.7624435;0.30542988
7.66;133;208;264;57;67.4821610601427;5.7507553;0.40785497
7.67;134;209;262;56;67.3802242609582;5.739032;0.51059
7.68;134;210;260;55;67.17635066258919;5.756449;0.59408194
7.69;134;210;259;54;66.97247706422019;5.7739725;0.6369863
7.7;134;210;257;53;66.66666666666666;5.7798166;0.70183486
7.71;134;209;255;52;66.25891946992864;5.773846;0.7476923
7.72;134;208;254;52;66.05504587155963;5.75;0.75
7.73;134;205;253;53;65.74923547400611;5.672093;0.69069767
7.74;134;202;253;54;65.5453618756371;5.6057544;0.6088647
7.75;134;199;254;57;65.64729867482161;5.492236;0.46118012
7.76;135;196;255;60;65.85117227319061;5.3498454;0.33436534
7.77;135;195;256;62;66.05504587155963;5.2916665;0.25
7.78;135;194;259;65;66.56472986748216;5.230475;0.103369065
7.79;135;194;261;67;66.97247706422019;5.1986303;0.020547945
7.8;135;193;265;69;67.4821610601427;5.179758;-0.1223565
7.81;135;194;269;71;68.19571865443424;5.1860986;-0.22197309
7.82;135;194;273;73;68.80733944954127;5.18;-0.34
7.83;134;193;275;74;68.90927624872579;5.1923075;-0.4393491
7.84;134;192;276;74;68.90927624872579;5.1923075;-0.47928995
7.85;134;191;275;74;68.70540265035677;5.167656;-0.48071218
7.86;134;190;272;73;68.19571865443424;5.14574;-0.42376682
7.87;134;190;268;72;67.68603465851172;5.123494;-0.3253012
7.88;135;190;265;72;67.4821610601427;5.0574017;-0.244713
7.89;137;191;264;72;67.68603465851172;5.001506;-0.1626506
7.9;139;193;263;73;68.09378185524974;4.9311376;-0.08083832
7.91;140;195;263;74;68.50152905198776;4.901786;-0.04017857
7.92;142;197;263;74;68.90927624872579;4.8727813;0.039940827
7.93;142;199;263;73;69.01121304791029;4.925406;0.09970458
7.94;142;200;263;72;69.01121304791029;4.965288;0.1395864
7.95;142;201;264;71;69.1131498470948;5.0176992;0.15929204
7.96;141;201;265;71;69.1131498470948;5.0575223;0.119469024
7.97;140;201;268;71;69.3170234454638;5.122059;0.039705884
7.98;139;200;270;72;69.41896024464832;5.1343613;-0.059471365
7.99;138;198;272;73;69.41896024464832;5.1343613;-0.17841409
8.0;137;198;273;74;69.52089704383282;5.1466274;-0.23753665
8.01;137;197;272;74;69.3170234454638;5.122059;-0.2382353
8.02;138;197;270;74;69.2150866462793;5.069956;-0.17893961
8.03;140;197;266;73;68.90927624872579;4.992604;-0.039940827
8.04;141;197;260;71;68.19571865443424;4.9439464;0.1412556
8.05;143;194;250;68;66.76860346585117;4.80229;0.39160305
8.06;142;188;236;64;64.22018348623853;4.6714287;0.64285713
8.07;141;179;223;62;61.67176350662589;4.440496;0.78099173
8.08;145;176;218;67;61.773700305810394;4.0544553;0.8019802
8.09;152;178;221;79;64.22018348623853;3.6;0.64285713
8.1;161;183;226;89;67.17635066258919;3.2572079;0.59408194
8.11;166;187;228;95;68.90927624872579;3.0754437;0.59911245
8.12;170;190;230;99;70.23445463812436;2.9586358;0.607402
8.13;172;193;233;101;71.25382262996942;2.9549356;0.59871244
8.14;172;195;236;101;71.76350662589195;3.0298295;0.57528406
8.15;171;196;238;99;71.76350662589195;3.1448863;0.57528406
8.16;169;197;239;97;71.55963302752293;3.2692308;0.5769231
8.17;167;198;240;95;71.35575942915392;3.3942857;0.57857144
8.18;164;198;243;94;71.25382262996942;3.5343347;0.4828326
8.19;161;198;246;93;71.1518858307849;3.6747851;0.38681948
8.2;157;196;252;92;71.0499490316004;3.8543758;0.1743185
8.21;153;195;258;92;71.1518858307849;4.0229225;-0.038681947
8.22;149;194;263;91;71.0499490316004;4.203013;-0.21305595
8.23;144;191;267;90;70.54026503567788;4.369942;-0.42919075
8.24;140;188;271;88;70.03058103975535;4.5393014;-0.6091703
8.25;136;184;274;87;69.41896024464832;4.6585903;-0.8127753
8.26;132;181;278;88;69.2150866462793;4.751841;-1.0537555
8.27;130;179;282;88;69.2150866462793;4.83137;-1.212813
8.28;128;178;286;89;69.41896024464832;4.896476;-1.3678414
8.29;128;177;288;90;69.62283384301733;4.882138;-1.442899
8.3;128;178;290;90;69.92864424057085;4.919825;-1.4562682
8.31;129;180;292;90;70.43832823649338;4.9428363;-1.426194
8.32;129;182;293;90;70.74413863404689;4.979827;-1.4005764
8.33;129;185;294;89;71.0499490316004;5.055237;-1.3364419
8.34;129;187;293;86;70.84607543323139;5.147482;-1.223741
8.35;128;187;292;83;70.33639143730886;5.2434783;-1.173913
8.36;126;187;292;81;69.92864424057085;5.35277;-1.180758
8.37;125;186;292;79;69.52089704383282;5.4237537;-1.1876833
8.38;124;186;292;78;69.3170234454638;5.4794116;-1.1911764
8.39;123;186;293;77;69.2150866462793;5.547128;-1.212813
8.4;122;186;293;77;69.1131498470948;5.575221;-1.2345133
8.41;122;186;294;77;69.2150866462793;5.5868926;-1.2525773
8.42;123;187;294;77;69.41896024464832;5.5704846;-1.209251
8.43;124;189;294;77;69.72477064220183;5.5657897;-1.1447369
8.44;125;191;294;76;69.92864424057085;5.588921;-1.0626823
8.45;125;192;294;76;70.03058103975535;5.6004367;-1.0414847
8.46;124;191;295;76;69.92864424057085;5.6282797;-1.1020408
8.47;123;191;295;75;69.72477064220183;5.6842103;-1.1052631
8.48;123;190;296;75;69.72477064220183;5.6842103;-1.1447369
8.49;121;189;296;75;69.41896024464832;5.729075;-1.209251
8.5;120;188;298;75;69.41896024464832;5.7687225;-1.2885462
8.51;119;187;300;75;69.41896024464832;5.80837;-1.3678414
8.52;119;186;302;75;69.52089704383282;5.8196483;-1.4252199
8.53;118;186;304;76;69.72477064220183;5.8421054;-1.5
8.54;118;185;305;76;69.72477064220183;5.8421054;-1.5394737
8.55;117;185;306;76;69.72477064220183;5.881579;-1.5789474
8.56;117;184;306;76;69.62283384301733;5.8704247;-1.6010249
8.57;116;183;306;76;69.41896024464832;5.8876653;-1.6453744
8.58;116;182;305;76;69.2150866462793;5.865243;-1.6502209
8.59;115;180;305;76;68.90927624872579;5.8713017;-1.7174556
8.6;115;179;304;76;68.70540265035677;5.8486648;-1.722552
8.61;114;179;304;75;68.50152905198776;5.90625;-1.7276785
8.62;114;178;304;75;68.39959225280326;5.8949327;-1.7503725
8.63;114;179;304;74;68.39959225280326;5.9351716;-1.7101341
8.64;114;180;304;74;68.50152905198776;5.946429;-1.6875
8.65;114;180;304;73;68.39959225280326;5.97541;-1.6698956
8.66;114;180;303;72;68.19571865443424;5.9932737;-1.6345291
8.67;113;180;302;72;67.99184505606523;6.0112443;-1.6394303
8.68;113;178;301;72;67.68603465851172;5.97741;-1.6671686
8.69;112;176;300;72;67.2782874617737;5.9727273;-1.7181818
8.7;112;175;299;72;67.07441386340469;5.949848;-1.7234043
8.71;113;175;299;73;67.2782874617737;5.890909;-1.7181818
8.72;114;175;299;74;67.4821610601427;5.8323264;-1.7129909
8.73;115;177;299;76;67.99184505606523;5.768366;-1.6799101
8.74;116;178;300;77;68.39959225280326;5.733979;-1.6698956
8.75;117;179;301;78;68.80733944954127;5.7;-1.66
8.76;118;180;301;78;69.01121304791029;5.683161;-1.6152142
8.77;118;181;300;78;69.01121304791029;5.683161;-1.5753324
8.78;119;182;299;77;69.01121304791029;5.683161;-1.4955686
8.79;119;182;297;77;68.80733944954127;5.66;-1.46
8.8;120;182;295;77;68.70540265035677;5.608309;-1.4020772
8.81;120;181;293;77;68.39959225280326;5.573025;-1.3882265
8.82;121;180;288;76;67.78797145769623;5.501504;-1.2789474
8.83;121;177;281;75;66.66666666666666;5.408257;-1.1972477
8.84;124;176;273;75;66.05504587155963;5.2083335;-1.0
8.85;128;176;271;78;66.56472986748216;4.982389;-0.9303216
8.86;131;176;269;82;67.07441386340469;4.7598786;-0.9027356
8.87;133;176;267;85;67.3802242609582;4.59531;-0.87821484
8.88;135;175;265;87;67.4821610601427;4.445619;-0.85649544
8.89;137;174;263;88;67.4821610601427;4.3232627;-0.81570995
8.9;139;174;262;89;67.68603465851172;4.2289157;-0.77259034
8.91;141;175;260;90;67.88990825688073;4.135135;-0.6891892
8.92;143;176;257;90;67.88990825688073;4.0540543;-0.5675676
8.93;145;178;252;89;67.68603465851172;3.9849398;-0.36596385
8.94;147;178;246;87;67.07441386340469;3.8981762;-0.16413374
8.95;148;176;239;86;66.15698267074414;3.7650232;-0.020801233
8.96;149;173;233;86;65.34148827726808;3.601404;0.063182525
8.97;150;170;231;89;65.23955147808358;3.4171875;0.0
8.98;155;171;234;98;67.07441386340469;3.118541;-0.1231003
8.99;158;170;238;105;68.39959225280326;2.9172876;-0.3017884
9.0;160;169;241;110;69.3170234454638;2.7794118;-0.43676472
9.01;161;169;245;115;70.33639143730886;2.7;-0.5869565
9.02;162;170;250;118;71.35575942915392;2.7;-0.6942857
9.03;162;171;254;120;72.06931702344546;2.7305517;-0.78288543
9.04;162;173;257;119;72.47706422018348;2.829114;-0.778481
9.05;161;175;258;117;72.47706422018348;2.943038;-0.74050635
9.06;159;177;260;115;72.47706422018348;3.0949366;-0.74050635
9.07;157;178;261;112;72.17125382262996;3.2415254;-0.7245763
9.08;155;179;261;109;71.76350662589195;3.375;-0.69034094
9.09;152;180;262;106;71.35575942915392;3.5485713;-0.6942857
9.1;150;180;262;103;70.84607543323139;3.671223;-0.6798561
9.11;147;180;262;100;70.23445463812436;3.8207548;-0.6857765
9.12;145;178;262;97;69.52089704383282;3.919355;-0.71260995
9.13;143;176;262;95;68.90927624872579;3.994083;-0.7588757
9.14;140;173;263;95;68.39959225280326;4.0439644;-0.9053651
9.15;136;170;267;96;68.19571865443424;4.136771;-1.1502242
9.16;133;166;272;98;68.19571865443424;4.17713;-1.4327354
9.17;131;164;278;100;68.60346585117227;4.232541;-1.6649331
9.18;128;162;283;102;68.80733944954127;4.3;-1.9
9.19;127;162;288;103;69.3170234454638;4.367647;-2.025
9.2;125;161;291;104;69.41896024464832;4.420705;-2.160793
9.21;124;160;293;104;69.41896024464832;4.4603524;-2.2400882
9.22;124;159;295;105;69.62283384301733;4.4472914;-2.3125916
9.23;123;158;295;105;69.41896024464832;4.4603524;-2.3590307
9.24;123;157;296;106;69.52089704383282;4.4340177;-2.414956
9.25;123;157;296;106;69.52089704383282;4.4340177;-2.414956
9.26;123;156;295;106;69.3170234454638;4.407353;-2.4220588
9.27;123;156;295;106;69.3170234454638;4.407353;-2.4220588
9.28;124;156;294;106;69.3170234454638;4.367647;-2.3823528
9.29;124;156;294;105;69.2150866462793;4.393962;-2.3659794
9.3;124;157;292;105;69.1131498470948;4.380531;-2.3097346
9.31;125;158;290;104;69.01121304791029;4.3670607;-2.2134416
9.32;127;160;288;103;69.1131498470948;4.340708;-2.0707965
9.33;128;161;287;103;69.2150866462793;4.314433;-2.0081
9.34;129;162;285;102;69.1131498470948;4.3008847;-1.9115044
9.35;130;164;282;101;69.01121304791029;4.287297;-1.7747415
9.36;131;164;280;100;68.80733944954127;4.26;-1.7
9.37;131;164;278;99;68.50152905198776;4.258929;-1.6473215
9.38;131;162;278;99;68.29765545361876;4.2313433;-1.6925373
9.39;130;160;279;101;68.29765545361876;4.191045;-1.8134328
9.4;129;157;281;103;68.29765545361876;4.1507463;-1.9746269
9.41;128;155;283;105;68.39959225280326;4.124441;-2.1125185
9.42;128;153;284;107;68.50152905198776;4.058036;-2.2098215
9.43;128;152;285;109;68.70540265035677;4.0059347;-2.283383
9.44;128;151;286;110;68.80733944954127;3.98;-2.34
9.45;129;151;286;111;69.01121304791029;3.9283605;-2.3330872
9.46;129;151;286;112;69.1131498470948;3.902655;-2.3495576
9.47;129;151;286;112;69.1131498470948;3.902655;-2.3495576
9.48;129;151;285;111;68.90927624872579;3.9142013;-2.3165681
9.49;130;151;284;111;68.90927624872579;3.8742604;-2.2766273
9.5;130;152;283;111;68.90927624872579;3.8742604;-2.2366865
9.51;131;152;281;111;68.80733944954127;3.82;-2.18
12.08;160;175;241;105;69.41896024464832;2.993392;-0.21806167
12.09;160;174;240;105;69.2150866462793;2.9624448;-0.21870397
12.1;160;174;240;105;69.2150866462793;2.9624448;-0.21870397
12.11;160;173;240;105;69.1131498470948;2.9469028;-0.23893805
12.12;160;173;240;105;69.1131498470948;2.9469028;-0.23893805
12.13;160;172;240;106;69.1131498470948;2.9070797;-0.27876106
12.14;160;172;240;106;69.1131498470948;2.9070797;-0.27876106
12.15;160;172;240;106;69.1131498470948;2.9070797;-0.27876106
12.16;160;172;239;106;69.01121304791029;2.8914328;-0.2592319
12.17;160;172;239;106;69.01121304791029;2.8914328;-0.2592319
12.18;160;171;239;106;68.90927624872579;2.8757396;-0.2795858
12.19;160;171;239;106;68.90927624872579;2.8757396;-0.2795858
12.2;160;171;238;106;68.80733944954127;2.86;-0.26
12.21;159;171;238;105;68.60346585117227;2.9086182;-0.26077265
12.22;159;170;238;105;68.50152905198776;2.892857;-0.28125
12.23;159;170;238;105;68.50152905198776;2.892857;-0.28125
12.24;158;170;238;105;68.39959225280326;2.9172876;-0.3017884
12.25;158;170;239;104;68.39959225280326;2.957526;-0.3017884
12.26;158;171;240;104;68.60346585117227;2.9888558;-0.30089152
12.27;157;172;241;104;68.70540265035677;3.0445104;-0.32047477
12.28;157;173;242;103;68.80733944954127;3.1;-0.3
12.29;157;173;242;102;68.70540265035677;3.124629;-0.28041542
12.3;156;174;243;102;68.80733944954127;3.18;-0.3
12.31;156;174;245;102;69.01121304791029;3.2104874;-0.33899558
12.32;155;174;246;102;69.01121304791029;3.2503693;-0.3788774
12.33;154;174;248;103;69.2150866462793;3.2805595;-0.45729014
12.34;154;174;249;103;69.3170234454638;3.2955883;-0.4764706
12.35;154;175;250;103;69.52089704383282;3.3255131;-0.4750733
12.36;155;176;249;102;69.52089704383282;3.3255131;-0.39589444
12.37;155;177;249;102;69.62283384301733;3.34041;-0.37554905
12.38;156;177;249;101;69.62283384301733;3.34041;-0.33601758
12.39;156;177;249;101;69.62283384301733;3.34041;-0.33601758
12.4;155;177;249;101;69.52089704383282;3.3651025;-0.35630497
12.41;155;177;249;102;69.62283384301733;3.34041;-0.37554905
12.42;155;176;250;102;69.62283384301733;3.34041;-0.41508052
12.43;155;176;250;102;69.62283384301733;3.34041;-0.41508052
12.44;154;176;251;102;69.62283384301733;3.3799415;-0.45461202
12.45;153;175;252;102;69.52089704383282;3.4046922;-0.51466274
12.46;151;174;254;102;69.41896024464832;3.469163;-0.6145374
12.47;150;174;257;102;69.62283384301733;3.5380673;-0.6918009
12.48;148;174;259;102;69.62283384301733;3.6171303;-0.77086383
12.49;147;173;260;102;69.52089704383282;3.6422288;-0.8313783
12.5;145;172;262;101;69.3170234454638;3.732353;-0.9132353
12.51;144;171;263;101;69.2150866462793;3.757732;-0.97422683
12.52;143;170;265;101;69.2150866462793;3.7974963;-1.0537555
12.53;142;170;266;101;69.2150866462793;3.8372607;-1.0935199
12.54;142;170;267;101;69.3170234454638;3.8514705;-1.1117647
12.55;142;170;267;101;69.3170234454638;3.8514705;-1.1117647
12.56;142;171;267;100;69.3170234454638;3.8911765;-1.0720588
12.57;142;171;267;100;69.3170234454638;3.8911765;-1.0720588
12.58;142;172;268;100;69.52089704383282;3.919355;-1.068915
12.59;141;172;269;100;69.52089704383282;3.9589443;-1.1085044
12.6;140;172;270;100;69.52089704383282;3.9985337;-1.1480938
12.61;139;172;272;100;69.62283384301733;4.0519767;-1.20571
12.62;138;173;274;99;69.72477064220183;4.144737;-1.2236842
12.63;137;173;275;98;69.62283384301733;4.2101026;-1.2452415
12.64;136;173;275;97;69.41896024464832;4.2621145;-1.2488986
12.65;135;173;276;96;69.3170234454638;4.327941;-1.2705883
12.66;135;174;276;95;69.3170234454638;4.367647;-1.2308824
12.67;135;174;276;95;69.3170234454638;4.367647;-1.2308824
12.68;135;174;275;94;69.1131498470948;4.380531;-1.1946902
12.69;135;175;274;93;69.01121304791029;4.4069424;-1.1366322
12.7;135;175;273;92;68.80733944954127;4.42;-1.1
12.71;136;176;272;91;68.80733944954127;4.42;-1.02
12.72;136;177;271;90;68.70540265035677;4.4465876;-0.96142435
12.73;136;178;271;89;68.70540265035677;4.4866467;-0.92136496
12.74;137;179;269;87;68.50152905198776;4.5;-0.8035714
12.75;138;181;265;85;68.19571865443424;4.5;-0.6255605
12.76;139;182;259;82;67.4821610601427;4.486405;-0.40785497
12.77;141;184;254;80;67.17635066258919;4.4453716;-0.18437026
12.78;143;185;251;80;67.17635066258919;4.3634295;-0.06145675
12.79;145;186;249;81;67.3802242609582;4.2685328;0.0204236
12.8;147;187;248;82;67.68603465851172;4.188253;0.0813253
12.81;148;187;247;83;67.78797145769623;4.1210527;0.10150376
12.82;149;187;246;84;67.88990825688073;4.0540543;0.12162162
12.83;150;187;246;85;68.09378185524974;4.001497;0.121257484
12.84;152;187;246;86;68.39959225280326;3.9232488;0.14083457
12.85;153;188;246;87;68.70540265035677;3.8857567;0.16023739
12.86;153;188;246;87;68.70540265035677;3.8857567;0.16023739
12.87;154;188;245;87;68.70540265035677;3.8456974;0.20029673
12.88;154;188;244;87;68.60346585117227;3.8313522;0.22065379
12.89;155;187;242;88;68.50152905198776;3.736607;0.24107143
12.9;157;187;241;89;68.70540265035677;3.6454005;0.28041542
12.91;158;187;241;90;68.90927624872579;3.5946746;0.2795858
12.92;160;187;241;92;69.3170234454638;3.4941177;0.27794117
12.93;161;186;240;94;69.41896024464832;3.3898678;0.25770926
12.94;162;186;240;95;69.62283384301733;3.34041;0.2569546
12.95;162;185;240;96;69.62283384301733;3.3008785;0.21742313
12.96;162;184;239;97;69.52089704383282;3.2463343;0.19794722
12.97;162;182;238;97;69.2150866462793;3.201031;0.17893961
12.98;162;181;237;98;69.1131498470948;3.1460178;0.15929204
12.99;163;180;236;98;69.01121304791029;3.090842;0.17946824
13.0;162;180;236;98;68.90927624872579;3.1153846;0.1597633
13.01;162;179;235;98;68.70540265035677;3.0845697;0.16023739
13.02;162;178;234;98;68.50152905198776;3.0535715;0.16071428
13.03;162;177;234;98;68.39959225280326;3.038003;0.14083457
13.04;161;176;233;98;68.09378185524974;3.0314372;0.121257484
13.05;161;175;232;98;67.88990825688073;3.0;0.12162162
13.06;161;174;232;98;67.78797145769623;2.9842105;0.10150376
13.07;161;173;232;99;67.78797145769623;2.943609;0.060902257
13.08;161;173;234;101;68.19571865443424;2.926009;-0.020179372
13.09;161;173;235;102;68.39959225280326;2.9172876;-0.060357675
13.1;161;173;236;102;68.50152905198776;2.9330356;-0.08035714
13.11;161;174;236;102;68.60346585117227;2.948737;-0.060178306
13.12;162;174;236;102;68.70540265035677;2.9243324;-0.040059347
13.13;162;175;237;102;68.90927624872579;2.9556212;-0.039940827
13.14;162;175;237;102;68.90927624872579;2.9556212;-0.039940827
13.15;162;176;237;103;69.1131498470948;2.9469028;-0.03982301
13.16;163;176;238;103;69.3170234454638;2.9382353;-0.039705884
13.17;163;176;238;104;69.41896024464832;2.9140968;-0.059471365
13.18;163;176;239;104;69.52089704383282;2.9296188;-0.079178885
13.19;163;177;240;104;69.72477064220183;2.9605262;-0.078947365
13.2;162;177;240;104;69.62283384301733;2.9846265;-0.098828696
13.21;162;177;241;104;69.72477064220183;3.0;-0.118421055
13.22;161;178;242;103;69.72477064220183;3.0789473;-0.118421055
13.23;160;178;244;103;69.82670744138633;3.1335766;-0.17737226
13.24;159;179;246;102;69.92864424057085;3.2274053;-0.196793
13.25;157;179;248;101;69.82670744138633;3.330657;-0.25620437
13.26;155;179;250;100;69.72477064220183;3.4342105;-0.31578946
13.27;153;179;250;97;69.2150866462793;3.5589101;-0.2982327
13.28;152;178;250;96;68.90927624872579;3.5946746;-0.3195266
13.29;151;178;250;95;68.70540265035677;3.6454005;-0.32047477
13.3;151;177;251;95;68.70540265035677;3.6454005;-0.36053413
13.31;151;177;252;95;68.80733944954127;3.66;-0.38
13.32;151;177;252;96;68.90927624872579;3.6346154;-0.39940828
13.33;150;176;254;96;68.90927624872579;3.6745563;-0.47928995
13.34;150;176;255;97;69.1131498470948;3.6637168;-0.5176991
13.35;149;176;257;97;69.2150866462793;3.7179675;-0.5765832
13.36;148;175;259;97;69.2150866462793;3.757732;-0.65611196
13.37;146;174;261;97;69.1131498470948;3.8230088;-0.75663716
13.38;144;174;263;96;69.01121304791029;3.9283605;-0.81757754
13.39;143;173;265;95;68.90927624872579;3.994083;-0.8786982
13.4;142;173;267;95;69.01121304791029;4.048006;-0.937223
13.41;141;174;269;95;69.2150866462793;4.115611;-0.97422683
13.42;140;174;270;94;69.1131498470948;4.181416;-0.99557525
13.43;140;175;272;94;69.41896024464832;4.222467;-1.0110133
13.44;140;176;272;94;69.52089704383282;4.23607;-0.9897361
13.45;140;178;273;93;69.72477064220183;4.3026314;-0.94736844
13.46;140;179;273;92;69.72477064220183;4.3421054;-0.90789473
13.47;140;180;272;91;69.62283384301733;4.3682284;-0.84992677
13.48;140;181;272;90;69.62283384301733;4.4077597;-0.8103953
13.49;140;182;272;89;69.62283384301733;4.4472914;-0.77086383
13.5;140;183;272;88;69.62283384301733;4.4868226;-0.73133236
13.51;140;183;272;88;69.62283384301733;4.4868226;-0.73133236
13.52;140;184;272;87;69.62283384301733;4.5263543;-0.6918009
13.53;139;184;272;86;69.41896024464832;4.579295;-0.6938326
13.54;139;185;272;86;69.52089704383282;4.5923753;-0.67302054
13.55;140;185;271;85;69.41896024464832;4.579295;-0.6145374
13.56;140;185;270;85;69.3170234454638;4.5661764;-0.5955882
13.57;140;185;269;85;69.2150866462793;4.553019;-0.5765832
13.58;140;184;268;84;68.90927624872579;4.5532546;-0.5591716
13.59;140;184;267;84;68.80733944954127;4.54;-0.54
13.6;139;183;266;84;68.50152905198776;4.540179;-0.5625
13.61;140;182;265;84;68.39959225280326;4.486587;-0.5432191
13.62;140;181;264;84;68.19571865443424;4.4596415;-0.5448431
13.63;140;181;263;84;68.09378185524974;4.446108;-0.5254491
13.64;140;180;261;83;67.68603465851172;4.432229;-0.48795182
13.65;141;180;259;83;67.58409785932722;4.377828;-0.4276018
13.66;142;180;256;82;67.2782874617737;4.336364;-0.3272727
13.67;143;180;253;82;67.07441386340469;4.267477;-0.2462006
13.68;145;179;251;83;67.07441386340469;4.1443768;-0.20516717
13.69;146;179;250;86;67.3802242609582;4.0234494;-0.2246596
13.7;147;177;250;89;67.58409785932722;3.8891404;-0.30542988
13.71;148;175;251;92;67.88990825688073;3.7702703;-0.4054054
13.72;149;174;253;96;68.50152905198776;3.65625;-0.5223214
13.73;150;173;255;99;69.01121304791029;3.569424;-0.6181684
13.74;151;173;256;101;69.41896024464832;3.5088105;-0.654185
13.75;151;173;256;102;69.52089704383282;3.483871;-0.67302054
13.76;151;172;256;102;69.41896024464832;3.469163;-0.6938326
13.77;152;172;256;102;69.52089704383282;3.4442816;-0.67302054
13.78;152;173;255;102;69.52089704383282;3.4442816;-0.6334311
13.79;152;173;255;102;69.52089704383282;3.4442816;-0.6334311
13.8;153;173;254;102;69.52089704383282;3.4046922;-0.5938417
13.81;154;173;254;103;69.72477064220183;3.3552632;-0.59210527
13.82;154;172;253;103;69.52089704383282;3.3255131;-0.5938417
13.83;155;172;253;104;69.72477064220183;3.2763157;-0.59210527
13.84;155;171;252;104;69.52089704383282;3.2463343;-0.5938417
13.85;155;171;251;104;69.41896024464832;3.2312775;-0.57488984
13.86;155;170;250;105;69.3170234454638;3.1764705;-0.5955882
13.87;155;169;250;105;69.2150866462793;3.1612666;-0.61634755
13.88;155;168;249;105;69.01121304791029;3.1307237;-0.6181684
13.89;154;168;249;105;68.90927624872579;3.1553254;-0.6390532
13.9;154;167;249;106;68.90927624872579;3.1153846;-0.67899406
13.91;153;165;249;106;68.60346585117227;3.1092124;-0.7421991
13.92;153;164;249;106;68.50152905198776;3.09375;-0.76339287
13.93;152;163;248;106;68.19571865443424;3.0874438;-0.78699553
13.94;152;161;248;107;68.09378185524974;3.0314372;-0.8488024
13.95;152;160;249;108;68.19571865443424;3.0067265;-0.90807176
13.96;152;159;250;110;68.39959225280326;2.957526;-0.98584205
13.97;152;158;250;111;68.39959225280326;2.9172876;-1.0260805
13.98;152;157;251;113;68.60346585117227;2.8684993;-1.103269
13.99;152;157;252;115;68.90927624872579;2.8357987;-1.1582841
14.0;153;158;252;116;69.2150866462793;2.8033874;-1.1332842
14.01;154;158;252;116;69.3170234454638;2.7794118;-1.1117647
14.02;155;159;252;116;69.52089704383282;2.771261;-1.068915
14.03;155;160;251;116;69.52089704383282;2.771261;-1.0293255
14.04;155;160;251;116;69.52089704383282;2.771261;-1.0293255
14.05;156;160;251;117;69.72477064220183;2.7236843;-1.0263158
14.06;156;160;251;118;69.82670744138633;2.7;-1.0445255
14.07;156;160;251;118;69.82670744138633;2.7;-1.0445255
14.08;156;159;251;119;69.82670744138633;2.660584;-1.0839416
14.09;156;159;250;119;69.72477064220183;2.6447368;-1.0657895
14.1;156;158;250;119;69.62283384301733;2.6288433;-1.0871156
14.11;155;157;249;119;69.3170234454638;2.6205883;-1.1117647
14.12;155;156;249;119;69.2150866462793;2.6045656;-1.1332842
14.13;155;155;248;119;69.01121304791029;2.5723782;-1.1366322
14.14;154;154;248;120;68.90927624872579;2.556213;-1.1982249
14.15;154;152;248;120;68.70540265035677;2.5237389;-1.2418398
14.16;153;151;247;120;68.39959225280326;2.514903;-1.2675111
14.17;153;150;246;120;68.19571865443424;2.4820628;-1.2713004
14.18;152;149;246;120;67.99184505606523;2.4895053;-1.3155922
14.19;152;148;246;120;67.88990825688073;2.4729729;-1.3378378
14.2;151;147;246;121;67.78797145769623;2.456391;-1.4007518
14.21;151;146;247;121;67.78797145769623;2.456391;-1.4413534
14.22;151;146;247;122;67.88990825688073;2.4324324;-1.4594594
14.23;151;146;248;122;67.99184505606523;2.4490254;-1.4775113
14.24;151;146;248;122;67.99184505606523;2.4490254;-1.4775113
14.25;151;146;249;123;68.19571865443424;2.441704;-1.5134529
14.26;151;146;250;123;68.29765545361876;2.458209;-1.5313433
14.27;151;146;251;124;68.50152905198776;2.450893;-1.5669643
14.28;151;146;252;124;68.60346585117227;2.4673107;-1.5846953
14.29;151;147;252;123;68.60346585117227;2.5074294;-1.5445765
14.3;150;147;252;123;68.50152905198776;2.53125;-1.5669643
14.31;150;148;253;122;68.60346585117227;2.5876672;-1.5445765
14.32;150;149;253;121;68.60346585117227;2.627786;-1.5044576
14.33;150;149;254;121;68.70540265035677;2.6439168;-1.5222552
14.34;150;150;255;121;68.90927624872579;2.6760354;-1.5177515
14.35;150;150;256;121;69.01121304791029;2.6920235;-1.5354505
14.36;149;151;258;121;69.2150866462793;2.763623;-1.5706922
14.37;150;152;259;121;69.52089704383282;2.771261;-1.5439882
14.38;150;153;260;122;69.82670744138633;2.7788322;-1.5569344
14.39;150;154;262;122;70.13251783893985;2.8255813;-1.5697675
14.4;150;154;262;122;70.13251783893985;2.8255813;-1.5697675
14.41;150;154;262;122;70.13251783893985;2.8255813;-1.5697675
14.42;150;155;263;121;70.23445463812436;2.8802612;-1.5478956
14.43;150;156;262;120;70.13251783893985;2.9040697;-1.4912791
14.44;150;157;262;119;70.13251783893985;2.9433138;-1.4520348
14.45;150;158;261;118;70.03058103975535;2.967249;-1.3951966
14.46;150;158;261;118;70.03058103975535;2.967249;-1.3951966
14.47;150;158;261;117;69.92864424057085;2.9912536;-1.3775511
14.48;150;157;261;117;69.82670744138633;2.9759123;-1.39927
14.49;150;157;261;117;69.82670744138633;2.9759123;-1.39927
14.5;150;156;261;118;69.82670744138633;2.9364963;-1.4386861
14.51;150;156;261;118;69.82670744138633;2.9364963;-1.4386861
14.52;150;156;261;119;69.92864424057085;2.9125364;-1.4562682
14.53;150;155;261;120;69.92864424057085;2.8731778;-1.4956268
14.54;151;154;261;121;70.03058103975535;2.8100436;-1.5131004
14.55;151;153;260;122;69.92864424057085;2.7551022;-1.5349854
14.56;151;152;260;122;69.82670744138633;2.7394161;-1.5569344
14.57;151;152;259;123;69.82670744138633;2.7;-1.5569344
14.58;150;151;258;123;69.52089704383282;2.6920822;-1.5835778
14.59;150;150;257;122;69.2150866462793;2.6840942;-1.5706922
14.6;149;149;256;121;68.80733944954127;2.7;-1.58
14.61;149;147;254;121;68.39959225280326;2.6356184;-1.5894188
14.62;148;147;253;120;68.09378185524974;2.6676648;-1.5763474
14.63;148;146;252;120;67.88990825688073;2.6351352;-1.581081
14.64;148;146;251;120;67.78797145769623;2.618797;-1.5631579
14.65;148;145;251;120;67.68603465851172;2.6024096;-1.5858433
14.66;148;145;251;120;67.68603465851172;2.6024096;-1.5858433
14.67;148;145;251;121;67.78797145769623;2.5781956;-1.6037594
14.68;149;145;251;121;67.88990825688073;2.554054;-1.581081
14.69;149;145;251;122;67.99184505606523;2.529985;-1.5989505
14.7;150;145;251;123;68.19571865443424;2.4820628;-1.5941705
14.71;151;145;252;125;68.60346585117227;2.4271917;-1.6248143
14.72;151;146;252;126;68.80733944954127;2.42;-1.62
14.73;152;146;253;126;69.01121304791029;2.4128509;-1.6152142
14.74;152;146;253;127;69.1131498470948;2.3893805;-1.6327434
14.75;152;147;253;126;69.1131498470948;2.4292035;-1.5929203
14.76;152;147;252;126;69.01121304791029;2.4128509;-1.5753324
14.77;152;148;252;126;69.1131498470948;2.4292035;-1.5530974
14.78;153;148;251;125;69.01121304791029;2.4128509;-1.4955686
14.79;153;149;251;125;69.1131498470948;2.4292035;-1.4734514
14.8;153;149;250;125;69.01121304791029;2.4128509;-1.4556868
14.81;154;150;250;124;69.1131498470948;2.4292035;-1.3938053
14.82;154;150;249;123;68.90927624872579;2.4363906;-1.3579881
14.83;154;150;248;122;68.70540265035677;2.4436202;-1.3219584
14.84;154;151;247;122;68.70540265035677;2.4436202;-1.2818991
14.85;154;152;247;121;68.70540265035677;2.4836795;-1.2418398
14.86;154;152;247;121;68.70540265035677;2.4836795;-1.2418398
14.87;154;153;246;120;68.60346585117227;2.5074294;-1.1835067
14.88;154;153;246;119;68.50152905198776;2.53125;-1.1651785
14.89;154;153;245;118;68.29765545361876;2.538806;-1.1283582
14.9;153;154;244;116;67.99184505606523;2.6109445;-1.0727136
14.91;153;154;243;114;67.68603465851172;2.6430724;-1.0165663
14.92;153;154;243;114;67.68603465851172;2.6430724;-1.0165663
14.93;153;154;244;114;67.78797145769623;2.6593986;-1.0353384
14.94;153;155;245;114;67.99184505606523;2.691904;-1.0322338
14.95;152;155;246;115;68.09378185524974;2.7080839;-1.0913174
14.96;152;156;248;115;68.39959225280326;2.7563338;-1.1065574
14.97;152;157;249;115;68.60346585117227;2.7882614;-1.103269
14.98;152;157;250;115;68.70540265035677;2.8041544;-1.1216617
14.99;152;158;252;115;69.01121304791029;2.851551;-1.1366322
15.0;152;159;253;115;69.2150866462793;2.882916;-1.1332842
15.01;153;160;254;116;69.62283384301733;2.8660321;-1.1266471
15.02;153;161;256;116;69.92864424057085;2.9125364;-1.1413994
15.03;153;162;257;117;70.23445463812436;2.9194484;-1.1560233
15.04;153;162;258;117;70.33639143730886;2.9347825;-1.173913
15.05;153;162;259;118;70.54026503567788;2.9263005;-1.2095376
15.06;154;162;259;118;70.64220183486238;2.9025974;-1.1883117
15.07;154;162;259;118;70.64220183486238;2.9025974;-1.1883117
15.08;154;161;258;119;70.54026503567788;2.848266;-1.2095376
15.09;153;160;258;119;70.33639143730886;2.8565218;-1.2521739
15.1;153;159;258;119;70.23445463812436;2.841074;-1.273585
15.11;153;158;257;119;70.03058103975535;2.8100436;-1.2772926
15.12;152;157;256;118;69.62283384301733;2.8265007;-1.2847731
15.13;152;156;254;117;69.2150866462793;2.8033874;-1.2525773
15.14;151;155;252;116;68.70540265035677;2.8041544;-1.2418398
15.15;151;154;250;114;68.19571865443424;2.8049328;-1.190583
15.16;150;154;249;113;67.88990825688073;2.837838;-1.1756756
15.17;149;154;249;113;67.78797145769623;2.862406;-1.1977444
15.18;149;153;249;112;67.58409785932722;2.8710408;-1.2013575
15.19;148;152;250;112;67.4821610601427;2.8957703;-1.2643504
15.2;147;151;251;113;67.4821610601427;2.8957703;-1.3459214
15.21;147;150;252;114;67.58409785932722;2.8710408;-1.4049773
15.22;147;150;254;115;67.88990825688073;2.8783784;-1.4594594
15.23;147;149;256;117;68.19571865443424;2.8452914;-1.5538117
15.24;147;149;257;119;68.50152905198776;2.8125;-1.6071428
15.25;147;148;259;121;68.80733944954127;2.78;-1.7
15.26;147;147;261;123;69.1131498470948;2.7477877;-1.7920353
15.27;147;146;262;125;69.3170234454638;2.7;-1.8661765
15.28;147;145;264;127;69.62283384301733;2.6683748;-1.9568082
15.29;146;143;266;129;69.72477064220183;2.6447368;-2.0921052
15.3;144;141;268;130;69.62283384301733;2.6683748;-2.2335286
15.31;142;139;270;131;69.52089704383282;2.6920822;-2.3753667
15.32;141;137;272;132;69.52089704383282;2.6920822;-2.494135
15.33;139;136;273;131;69.2150866462793;2.763623;-2.5648012
15.34;138;136;273;131;69.1131498470948;2.7876105;-2.5884955
15.35;138;135;274;131;69.1131498470948;2.7876105;-2.6283185
15.36;137;134;275;131;69.01121304791029;2.811669;-2.6920235
15.37;136;134;276;131;69.01121304791029;2.851551;-2.7319055
15.38;136;133;277;132;69.1131498470948;2.8274336;-2.7876105
15.39;136;134;277;132;69.2150866462793;2.8431518;-2.763623
15.4;137;134;276;132;69.2150866462793;2.8033874;-2.7238586
15.41;137;134;276;132;69.2150866462793;2.8033874;-2.7238586
15.42;137;134;276;131;69.1131498470948;2.8274336;-2.7079647
15.43;137;134;275;131;69.01121304791029;2.811669;-2.6920235
15.44;137;134;275;130;68.90927624872579;2.8357987;-2.6760354
15.45;137;135;274;129;68.80733944954127;2.86;-2.62
15.46;137;135;273;128;68.60346585117227;2.8684993;-2.5876672
15.47;137;135;273;127;68.50152905198776;2.892857;-2.5714285
15.48;138;136;272;127;68.60346585117227;2.8684993;-2.5074294
15.49;138;137;271;127;68.60346585117227;2.8684993;-2.4673107
15.5;139;138;271;126;68.70540265035677;2.884273;-2.4035609
15.51;140;139;270;126;68.80733944954127;2.86;-2.34
15.52;141;140;270;127;69.1131498470948;2.8274336;-2.3097346
15.53;141;140;270;127;69.1131498470948;2.8274336;-2.3097346
15.54;141;139;271;128;69.2150866462793;2.8033874;-2.3659794
15.55;141;139;271;129;69.3170234454638;2.7794118;-2.3823528
15.56;141;139;272;129;69.41896024464832;2.795154;-2.3986783
15.57;141;139;272;129;69.41896024464832;2.795154;-2.3986783
15.58;141;139;271;129;69.3170234454638;2.7794118;-2.3823528
15.59;140;139;271;128;69.1131498470948;2.8274336;-2.3893805
15.6;140;139;271;127;69.01121304791029;2.851551;-2.372969
15.61;139;139;271;126;68.80733944954127;2.9;-2.38
15.62;139;140;271;124;68.70540265035677;2.9643917;-2.3234422
15.63;139;142;271;123;68.80733944954127;3.02;-2.26
15.64;139;143;270;121;68.60346585117227;3.0690937;-2.1864784
15.65;139;145;270;120;68.70540265035677;3.124629;-2.1231453
15.66;139;147;271;119;68.90927624872579;3.1952662;-2.0769231
15.67;139;148;271;118;68.90927624872579;3.235207;-2.0369823
15.68;139;149;271;117;68.90927624872579;3.275148;-1.9970415
15.69;138;150;272;116;68.90927624872579;3.3550296;-1.9970415
15.7;138;150;273;116;69.01121304791029;3.3700147;-2.0140326
15.71;137;150;275;117;69.2150866462793;3.3998528;-2.0876288
15.72;136;150;278;117;69.41896024464832;3.469163;-2.160793
15.73;135;150;280;118;69.62283384301733;3.4985359;-2.2335286
15.74;134;151;283;118;69.92864424057085;3.5816326;-2.2827988
15.75;133;152;285;118;70.13251783893985;3.6497092;-2.315407
15.76;132;153;286;117;70.13251783893985;3.7281976;-2.315407
15.77;132;154;287;116;70.23445463812436;3.7815676;-2.2924528
15.78;132;155;286;115;70.13251783893985;3.8066862;-2.2369187
15.79;132;155;285;114;69.92864424057085;3.8177843;-2.2040815
15.8;132;155;283;113;69.62283384301733;3.8147876;-2.1544657
15.81;133;156;281;111;69.41896024464832;3.8259912;-2.0418503
15.82;133;156;279;111;69.2150866462793;3.7974963;-2.0081
15.83;134;155;277;110;68.90927624872579;3.754438;-1.9571006
15.84;135;155;274;110;68.70540265035677;3.6854599;-1.8827894
15.85;136;154;272;109;68.39959225280326;3.6415796;-1.8308495
15.86;137;155;270;109;68.39959225280326;3.6013412;-1.7503725
15.87;138;155;268;108;68.19571865443424;3.571749;-1.6748879
15.88;139;156;265;108;68.09378185524974;3.516467;-1.5763474
15.89;140;156;263;107;67.88990825688073;3.4864864;-1.5
15.9;140;156;260;106;67.4821610601427;3.4667673;-1.4274925
15.91;141;156;258;106;67.3802242609582;3.4107413;-1.3683813
15.92;142;155;256;107;67.2782874617737;3.3136363;-1.35
15.93;143;155;256;108;67.4821610601427;3.2628398;-1.3459214
15.94;144;154;255;110;67.58409785932722;3.1561086;-1.3642534
15.95;144;153;256;111;67.68603465851172;3.1310241;-1.4231927
15.96;145;152;256;114;67.99184505606523;3.015742;-1.4775113
15.97;146;151;256;116;68.19571865443424;2.926009;-1.5134529
15.98;146;151;257;118;68.50152905198776;2.892857;-1.5669643
15.99;147;151;258;119;68.80733944954127;2.86;-1.58
16.0;148;152;259;120;69.2150866462793;2.8431518;-1.5706922
16.01;149;152;258;120;69.2150866462793;2.8033874;-1.5309278
16.02;149;153;257;120;69.2150866462793;2.8033874;-1.4911635
16.03;149;153;256;120;69.1131498470948;2.7876105;-1.4734514
16.04;150;153;256;120;69.2150866462793;2.763623;-1.4513991
16.05;150;152;255;120;69.01121304791029;2.7319055;-1.4556868
16.06;150;152;255;121;69.1131498470948;2.7079647;-1.4734514
16.07;150;151;256;122;69.2150866462793;2.6840942;-1.5309278
16.08;150;151;256;122;69.2150866462793;2.6840942;-1.5309278
16.09;151;151;257;123;69.52089704383282;2.6524928;-1.5439882
16.1;151;151;257;124;69.62283384301733;2.6288433;-1.5614934
16.11;151;151;257;125;69.72477064220183;2.6052632;-1.5789474
16.12;152;150;257;126;69.82670744138633;2.5423357;-1.5963503
16.13;152;150;257;126;69.82670744138633;2.5423357;-1.5963503
16.14;152;150;256;127;69.82670744138633;2.5029197;-1.5963503
16.15;153;150;255;127;69.82670744138633;2.4635036;-1.5569344
16.16;153;150;255;127;69.82670744138633;2.4635036;-1.5569344
16.17;153;149;254;127;69.62283384301733;2.431186;-1.5614934
16.18;152;148;253;127;69.3170234454638;2.4220588;-1.5882353
16.19;152;148;253;127;69.3170234454638;2.4220588;-1.5882353
16.2;152;147;252;127;69.1131498470948;2.3893805;-1.5929203
16.21;152;146;252;127;69.01121304791029;2.372969;-1.6152142
16.22;152;145;252;128;69.01121304791029;2.3330872;-1.655096
16.23;151;145;251;128;68.80733944954127;2.34;-1.66
16.24;151;144;251;128;68.70540265035677;2.3234422;-1.6824926
16.25;152;144;251;129;68.90927624872579;2.2766273;-1.6775148
16.26;152;144;250;129;68.80733944954127;2.26;-1.66
16.27;151;143;249;129;68.50152905198776;2.25;-1.6875
16.28;151;142;248;128;68.19571865443424;2.2399104;-1.6748879
16.29;151;142;248;128;68.19571865443424;2.2399104;-1.6748879
16.3;150;141;247;128;67.88990825688073;2.2297297;-1.7027028
16.31;150;140;247;128;67.78797145769623;2.212782;-1.7255639
16.32;150;140;248;129;67.99184505606523;2.206147;-1.7608696
16.33;150;140;248;129;67.99184505606523;2.206147;-1.7608696
16.34;151;140;248;130;68.19571865443424;2.1591928;-1.7556053
16.35;151;141;249;130;68.39959225280326;2.1929955;-1.7503725
16.36;151;141;249;131;68.50152905198776;2.169643;-1.7678572
16.37;151;141;250;131;68.60346585117227;2.1864784;-1.7852898
16.38;151;141;250;131;68.60346585117227;2.1864784;-1.7852898
16.39;151;142;250;130;68.60346585117227;2.2265973;-1.7451708
16.4;151;142;249;130;68.50152905198776;2.2098215;-1.7276785
16.41;151;142;249;129;68.39959225280326;2.233234;-1.7101341
16.42;151;143;248;128;68.29765545361876;2.2567165;-1.6522388
16.43;151;143;248;128;68.29765545361876;2.2567165;-1.6522388
16.44;151;143;249;128;68.39959225280326;2.2734725;-1.6698956
16.45;151;142;250;129;68.50152905198776;2.25;-1.7276785
16.46;151;142;250;129;68.50152905198776;2.25;-1.7276785
16.47;151;143;250;129;68.60346585117227;2.2667162;-1.705052
16.48;152;144;248;127;68.39959225280326;2.2734725;-1.5894188
16.49;152;145;247;126;68.29765545361876;2.297015;-1.5313433
16.5;152;146;247;125;68.29765545361876;2.3373134;-1.4910448
16.51;152;147;246;124;68.19571865443424;2.3609865;-1.4327354
16.52;152;147;246;124;68.19571865443424;2.3609865;-1.4327354
16.53;152;147;246;123;68.09378185524974;2.3847306;-1.4146707
16.54;151;146;245;121;67.58409785932722;2.4230769;-1.4049773
16.55;150;146;244;120;67.2782874617737;2.4545455;-1.3909091
16.56;149;145;243;119;66.87054026503567;2.4695122;-1.3993902
16.57;149;144;243;118;66.66666666666666;2.4770641;-1.4036697
16.58;149;144;244;119;66.87054026503567;2.4695122;-1.4405488
16.59;148;144;245;120;66.97247706422019;2.4863014;-1.5
16.6;148;144;246;120;67.07441386340469;2.5030396;-1.5182371
16.61;148;144;247;120;67.17635066258919;2.5197268;-1.5364188
16.62;147;144;248;121;67.2782874617737;2.5363636;-1.5954546
16.63;147;144;250;121;67.4821610601427;2.5694864;-1.6314199
16.64;146;144;253;121;67.68603465851172;2.6430724;-1.7078314
16.65;145;145;256;122;68.09378185524974;2.7080839;-1.7784431
16.66;145;146;259;124;68.70540265035677;2.7240355;-1.8427299
16.67;145;147;263;126;69.41896024464832;2.7555065;-1.9229075
16.68;146;149;267;128;70.33639143730886;2.778261;-1.9565217
16.69;147;151;271;131;71.35575942915392;2.7771428;-2.0057142
16.7;148;153;274;133;72.17125382262996;2.7838984;-2.0211864
16.71;149;154;277;135;72.88481141692151;2.7755244;-2.058042
16.72;150;155;279;137;73.49643221202854;2.752427;-2.0783634
16.73;150;155;281;139;73.90417940876657;2.7372413;-2.1413794
16.74;151;155;281;140;74.10805300713557;2.692572;-2.1354883
16.75;150;154;280;139;73.70030581039755;2.707469;-2.1473029
16.76;149;152;277;137;72.88481141692151;2.7;-2.1335664
16.77;148;151;275;135;72.27319062181446;2.7228491;-2.1135402
16.78;146;149;273;133;71.45769622833842;2.753923;-2.1376605
16.79;145;147;270;130;70.54026503567788;2.7702312;-2.1069365
16.8;145;147;268;128;70.13251783893985;2.7863371;-2.0406976
16.81;144;146;265;127;69.52089704383282;2.771261;-2.0190616
16.82;144;145;264;126;69.2150866462793;2.763623;-2.0081
16.83;143;143;263;126;68.80733944954127;2.74;-2.06
16.84;143;142;262;127;68.70540265035677;2.6839762;-2.083086
16.85;143;140;263;129;68.80733944954127;2.62;-2.18
16.86;143;139;264;131;69.01121304791029;2.5723782;-2.2533236
16.87;143;138;264;133;69.1131498470948;2.5088496;-2.3097346
16.88;143;136;265;135;69.2150866462793;2.445508;-2.4057438
16.89;142;134;265;136;69.01121304791029;2.4128509;-2.4926145
16.9;141;132;265;137;68.80733944954127;2.38;-2.58
16.91;140;130;265;138;68.60346585117227;2.3469539;-2.6679049
16.92;139;127;265;138;68.19571865443424;2.3206277;-2.764574
16.93;137;125;266;138;67.88990825688073;2.3513513;-2.8783784
16.94;135;123;267;138;67.58409785932722;2.3823528;-2.9932127
16.95;132;120;268;137;66.97247706422019;2.4452055;-3.1438355
16.96;130;118;271;136;66.76860346585117;2.5351145;-3.2770991
16.97;127;116;274;137;66.66666666666666;2.6009173;-3.46789
16.98;125;115;279;138;66.97247706422019;2.6917808;-3.6369863
16.99;124;115;283;140;67.4821610601427;2.7326283;-3.752266
17.0;124;115;287;142;68.09378185524974;2.748503;-3.8398204
17.01;125;116;291;144;68.90927624872579;2.755917;-3.8742604
17.02;125;117;293;146;69.41896024464832;2.7555065;-3.9052863
17.03;125;118;296;147;69.92864424057085;2.7944605;-3.9358602
17.04;125;119;299;148;70.43832823649338;2.832851;-3.9659913
17.05;125;121;302;148;70.9480122324159;2.9094827;-3.9568965
17.06;125;123;304;147;71.25382262996942;2.9935622;-3.920601
17.07;124;125;305;146;71.35575942915392;3.0857143;-3.8957143
17.08;124;126;306;145;71.45769622833842;3.139087;-3.8708987
17.09;124;127;306;144;71.45769622833842;3.1776035;-3.8323822
17.1;125;128;305;143;71.45769622833842;3.1776035;-3.7553494
17.11;127;130;304;143;71.76350662589195;3.1448863;-3.643466
17.12;130;133;300;142;71.86544342507645;3.0829787;-3.4276595
17.13;132;135;296;141;71.76350662589195;3.0298295;-3.2599432
17.14;135;136;292;141;71.76350662589195;2.9147727;-3.106534
17.15;137;137;288;141;71.66156982670744;2.822902;-2.9765291
17.16;139;137;284;140;71.35575942915392;2.7385714;-2.8542857
17.17;141;138;279;138;70.9480122324159;2.6767242;-2.6767242
17.18;143;139;273;135;70.33639143730886;2.6217391;-2.4652174
17.19;144;140;268;132;69.72477064220183;2.6052632;-2.2894738
17.2;145;141;262;129;69.01121304791029;2.5723782;-2.0937963
17.21;146;141;257;126;68.29765545361876;2.538806;-1.9343283
17.22;146;139;253;124;67.4821610601427;2.4879155;-1.876133
17.23;146;137;249;123;66.76860346585117;2.4114504;-1.8343512
17.24;145;135;246;122;66.05504587155963;2.375;-1.8333334
17.25;145;134;243;122;65.64729867482161;2.3059006;-1.802795
17.26;146;133;241;121;65.34148827726808;2.2535102;-1.74805
17.27;146;132;239;121;65.03567787971457;2.2006269;-1.7351097
17.28;147;132;239;122;65.23955147808358;2.1515625;-1.7296875
17.29;148;133;239;124;65.64729867482161;2.0962732;-1.7189441
17.3;148;133;240;126;65.95310907237513;2.065688;-1.7735703
17.31;149;134;241;128;66.46279306829766;2.0291412;-1.7806748
17.32;150;135;242;130;66.97247706422019;1.9931507;-1.7876712
17.33;151;136;243;131;67.3802242609582;1.9810892;-1.7768532
17.34;152;137;243;131;67.58409785932722;1.9751132;-1.7307693
17.35;151;137;243;130;67.3802242609582;2.0219364;-1.736006
17.36;151;138;242;128;67.17635066258919;2.069044;-1.6593323
17.37;151;139;242;127;67.17635066258919;2.1100152;-1.6183611
17.38;151;140;241;126;67.07441386340469;2.1337385;-1.5592705
17.39;151;141;241;125;67.07441386340469;2.174772;-1.5182371
17.4;151;141;240;123;66.76860346585117;2.2053435;-1.4633588
17.41;150;142;240;122;66.66666666666666;2.2706423;-1.4449542
17.42;150;143;240;120;66.56472986748216;2.3361409;-1.3851454
17.43;149;144;240;118;66.36085626911314;2.4262674;-1.3479263
17.44;149;145;240;117;66.36085626911314;2.467742;-1.3064516
17.45;150;146;241;117;66.66666666666666;2.4770641;-1.2798165
17.46;151;148;244;119;67.4821610601427;2.4879155;-1.305136
17.47;152;150;247;121;68.29765545361876;2.4985075;-1.3298508
17.48;153;152;251;124;69.3170234454638;2.5014706;-1.3897059
17.49;154;153;254;127;70.13251783893985;2.4723837;-1.4520348
17.5;154;153;257;130;70.74413863404689;2.4510086;-1.556196
17.51;155;154;260;133;71.55963302752293;2.4230769;-1.6153846
17.52;156;154;261;134;71.86544342507645;2.393617;-1.6276596
17.53;156;154;262;135;72.06931702344546;2.3868458;-1.6612448
17.54;156;154;261;134;71.86544342507645;2.393617;-1.6276596
17.55;155;153;260;133;71.45769622833842;2.4072754;-1.6369473
17.56;154;153;258;131;70.9480122324159;2.4439654;-1.5905173
17.57;153;152;256;129;70.33639143730886;2.4652174;-1.5652174
17.58;152;150;254;126;69.52089704383282;2.494135;-1.5439882
17.59;150;149;252;123;68.70540265035677;2.5637982;-1.5222552
17.6;148;148;249;120;67.78797145769623;2.618797;-1.4819549
17.61;147;147;247;117;67.07441386340469;2.6671731;-1.4361702
17.62;145;146;246;115;66.46279306829766;2.7331288;-1.4493865
17.63;144;145;246;114;66.15698267074414;2.766564;-1.4768875
17.64;143;145;247;113;66.05504587155963;2.8333333;-1.5
17.65;143;145;249;113;66.25891946992864;2.866154;-1.536923
17.66;142;146;252;114;66.66666666666666;2.9311926;-1.6100917
17.67;141;147;256;115;67.17635066258919;3.011381;-1.7003034
17.68;140;148;260;116;67.68603465851172;3.0903614;-1.7891567
17.69;139;149;265;116;68.19571865443424;3.2085202;-1.8766816
17.7;137;150;271;118;68.90927624872579;3.3150887;-2.0369823
17.71;135;150;278;119;69.52089704383282;3.4442816;-2.2170088
17.72;133;150;285;121;70.23445463812436;3.5464442;-2.4100146
17.73;132;150;292;123;71.0499490316004;3.621951;-2.5760403
17.74;130;149;299;126;71.76350662589195;3.6818182;-2.799716
17.75;129;150;304;128;72.47706422018348;3.7405064;-2.9050634
17.76;129;151;309;130;73.29255861365952;3.7739916;-2.9853964
17.77;129;153;311;130;73.70030581039755;3.8278008;-2.9688797
17.78;129;155;313;130;74.10805300713557;3.881018;-2.9525447
17.79;129;156;314;130;74.31192660550458;3.9074075;-2.9444444
17.8;129;157;314;129;74.31192660550458;3.9444444;-2.9074075
17.81;129;157;314;128;74.20998980632008;3.9684067;-2.892857
17.82;128;157;312;126;73.70030581039755;4.014523;-2.8568466
17.83;127;156;310;124;73.08868501529052;4.048117;-2.8430963
17.84;126;155;307;121;72.27319062181446;4.093794;-2.7990127
17.85;125;154;304;119;71.55963302752293;4.1153846;-2.7692308
17.86;125;154;301;116;70.9480122324159;4.150862;-2.6767242
17.87;125;154;298;113;70.33639143730886;4.1869564;-2.5826087
17.88;125;155;294;109;69.62283384301733;4.249634;-2.431186
17.89;124;155;291;106;68.90927624872579;4.3136096;-2.356509
17.9;124;156;288;103;68.39959225280326;4.365872;-2.233234
17.91;124;157;285;99;67.78797145769623;4.4458647;-2.0909774
17.92;124;158;283;97;67.4821610601427;4.486405;-1.9984894
17.93;124;160;282;95;67.3802242609582;4.554463;-1.8993949
17.94;124;162;282;94;67.4821610601427;4.6087613;-1.8353474
17.95;125;164;282;93;67.68603465851172;4.6355424;-1.748494
17.96;125;166;282;93;67.88990825688073;4.6621623;-1.7027028
17.97;125;167;283;93;68.09378185524974;4.688623;-1.6976048
17.98;126;168;284;92;68.29765545361876;4.7149253;-1.6522388
17.99;126;170;284;92;68.50152905198776;4.741071;-1.6071428
18.0;126;171;283;90;68.29765545361876;4.795522;-1.5313433
18.01;126;172;284;89;68.39959225280326;4.8487334;-1.5089419
18.02;126;173;284;89;68.50152905198776;4.861607;-1.4866072
18.03;126;174;286;89;68.80733944954127;4.9;-1.5
18.04;125;175;287;88;68.80733944954127;4.98;-1.5
18.05;125;175;288;88;68.90927624872579;4.992604;-1.5177515
18.06;125;176;289;88;69.1131498470948;5.0176992;-1.5132743
18.07;125;177;291;88;69.41896024464832;5.055066;-1.5264317
18.08;124;177;292;87;69.3170234454638;5.122059;-1.5485294
18.09;124;178;293;87;69.52089704383282;5.1466274;-1.5439882
18.1;124;178;293;86;69.41896024464832;5.174009;-1.5264317
18.11;123;178;293;86;69.3170234454638;5.2014704;-1.5485294
18.12;123;178;294;86;69.41896024464832;5.2136564;-1.5660793
18.13;122;177;295;86;69.3170234454638;5.2411766;-1.6279411
18.14;122;177;296;87;69.52089704383282;5.225806;-1.6627566
18.15;122;177;297;86;69.52089704383282;5.265396;-1.6627566
18.16;121;176;297;86;69.3170234454638;5.2808824;-1.707353
18.17;121;176;296;85;69.1131498470948;5.29646;-1.6725664
18.18;122;176;295;85;69.1131498470948;5.256637;-1.6327434
18.19;122;178;295;84;69.2150866462793;5.308542;-1.5706922
18.2;122;178;294;83;69.01121304791029;5.3242245;-1.5354505
18.21;122;178;293;83;68.90927624872579;5.31213;-1.5177515
18.22;122;177;292;83;68.70540265035677;5.2878337;-1.5222552
18.23;122;175;291;83;68.39959225280326;5.2511177;-1.5491803
18.24;121;173;291;84;68.19571865443424;5.2264576;-1.6345291
18.25;121;171;292;87;68.39959225280326;5.1304026;-1.7503725
18.26;122;170;294;89;68.80733944954127;5.06;-1.82
18.27;122;169;293;90;68.70540265035677;5.0074186;-1.8427299
18.28;121;167;292;90;68.29765545361876;4.997015;-1.8940299
18.29;121;166;290;90;67.99184505606523;4.9587708;-1.8823088
18.3;121;165;289;89;67.68603465851172;4.9608436;-1.870482
18.31;121;164;289;90;67.68603465851172;4.920181;-1.9111446
18.32;120;164;290;90;67.68603465851172;4.9608436;-1.9518073
18.33;119;163;292;91;67.78797145769623;4.9736843;-2.050376
18.34;119;162;293;91;67.78797145769623;4.9736843;-2.0909774
18.35;118;162;294;91;67.78797145769623;5.0142856;-2.131579
18.36;117;160;294;91;67.4821610601427;5.0166163;-2.202417
18.37;117;160;295;92;67.68603465851172;5.001506;-2.2364457
18.38;117;160;297;94;68.09378185524974;4.9715567;-2.3038921
18.39;117;161;300;96;68.70540265035677;4.967359;-2.3635015
18.4;117;160;303;97;69.01121304791029;4.965288;-2.4527326
18.41;116;160;305;97;69.1131498470948;5.0176992;-2.5088496
18.42;115;158;307;98;69.1131498470948;5.0176992;-2.6283185
18.43;115;157;308;99;69.2150866462793;4.990427;-2.6840942
18.44;115;157;308;99;69.2150866462793;4.990427;-2.6840942
18.45;116;156;305;100;69.01121304791029;4.8855243;-2.6521418
18.46;117;156;303;101;69.01121304791029;4.805761;-2.6122599
18.47;118;155;300;102;68.80733944954127;4.7;-2.58
18.48;120;154;297;104;68.80733944954127;4.54;-2.54
18.49;122;153;295;106;68.90927624872579;4.3934913;-2.5162723
18.5;123;153;294;108;69.1131498470948;4.3008847;-2.5088496
18.51;124;154;295;109;69.52089704383282;4.27566;-2.494135
18.52;124;154;295;109;69.52089704383282;4.27566;-2.494135
18.53;123;154;293;107;69.01121304791029;4.327179;-2.4527326
18.54;122;154;291;104;68.39959225280326;4.4061103;-2.3941877
18.55;122;153;287;101;67.58409785932722;4.418552;-2.300905
18.56;121;152;282;98;66.56472986748216;4.44487;-2.2120981
18.57;121;151;278;95;65.74923547400611;4.4581394;-2.1139536
18.58;121;150;274;94;65.13761467889908;4.415493;-2.0492957
18.59;121;148;271;94;64.62793068297655;4.3438487;-2.044164
18.6;121;144;265;94;63.608562691131496;4.1971154;-2.0336537
18.61;122;140;259;95;62.79306829765545;3.9886363;-2.0162337
18.62;125;140;259;99;63.50662589194699;3.7921348;-2.0152488
18.63;128;141;261;105;64.72986748216105;3.5929134;-2.0622048
18.64;130;141;265;110;65.85117227319061;3.4690402;-2.1733747
18.65;131;142;269;115;66.97247706422019;3.390411;-2.2808218
18.66;132;143;274;118;67.99184505606523;3.38006;-2.368066
18.67;113;110;315;149;70.03058103975535;3.2030568;-4.735808
18.68;114;110;320;154;71.1518858307849;3.1332378;-4.8352437
18.69;115;110;319;153;71.0499490316004;3.1183643;-4.784075
18.7;114;110;318;152;70.74413863404689;3.1512969;-4.7853026
18.71;114;110;316;151;70.43832823649338;3.1454413;-4.7474675
18.72;114;110;314;149;70.03058103975535;3.1637554;-4.6965065
18.73;114;110;312;148;69.72477064220183;3.1578948;-4.6578946
18.74;114;110;311;147;69.52089704383282;3.1671555;-4.6319647
18.75;113;109;309;146;69.01121304791029;3.1706057;-4.6462336
18.76;113;109;308;145;68.80733944954127;3.18;-4.62
18.77;113;108;307;144;68.50152905198776;3.174107;-4.620536
18.78;113;108;306;144;68.39959225280326;3.1587183;-4.6073027
18.79;113;108;305;143;68.19571865443424;3.1681614;-4.5807176
18.8;113;108;304;142;67.99184505606523;3.1776612;-4.553973
18.81;113;108;302;141;67.68603465851172;3.1716866;-4.513554
18.82;113;107;301;142;67.58409785932722;3.1153846;-4.540724
18.83;113;107;301;142;67.58409785932722;3.1153846;-4.540724
18.84;113;107;301;143;67.68603465851172;3.0903614;-4.554217
18.85;114;107;301;144;67.88990825688073;3.0405405;-4.5405407
18.86;114;107;300;144;67.78797145769623;3.024812;-4.5270677
18.87;114;107;300;144;67.78797145769623;3.024812;-4.5270677
18.88;114;107;299;145;67.78797145769623;2.9842105;-4.5270677
18.89;115;107;299;146;67.99184505606523;2.9347825;-4.513493
18.9;115;106;299;147;67.99184505606523;2.8943028;-4.553973
18.91;116;106;300;149;68.39959225280326;2.8368108;-4.5670643
18.92;116;106;301;150;68.60346585117227;2.8283803;-4.593611
18.93;117;106;300;151;68.70540265035677;2.764095;-4.566766
18.94;117;106;297;150;68.29765545361876;2.7402985;-4.513433
18.95;118;106;294;150;68.09378185524974;2.6676648;-4.446108
18.96;119;106;290;149;67.68603465851172;2.6024096;-4.3509035
18.97;120;106;288;150;67.68603465851172;2.5210843;-4.3102407
18.98;122;106;286;152;67.88990825688073;2.391892;-4.256757
18.99;123;105;285;153;67.88990825688073;2.3108108;-4.256757
19.0;124;104;283;155;67.88990825688073;2.1891892;-4.256757
19.01;124;103;279;155;67.3802242609582;2.1036308;-4.2276855
19.02;125;101;274;155;66.76860346585117;1.9580153;-4.1839695
19.03;125;99;268;155;65.95310907237513;1.8153014;-4.152241
19.04;124;96;264;155;65.13761467889908;1.7112676;-4.2042255
19.05;124;93;265;161;65.5453618756371;1.5326594;-4.388025
19.06;127;93;268;167;66.76860346585117;1.380916;-4.431298
19.07;131;96;270;172;68.19571865443424;1.2713004;-4.338565
19.08;134;99;272;176;69.41896024464832;1.209251;-4.2621145
19.09;136;101;275;178;70.33639143730886;1.2130435;-4.226087
19.1;138;102;279;179;71.1518858307849;1.2378223;-4.2163324
19.11;138;104;282;179;71.66156982670744;1.3250356;-4.205548
19.12;138;105;284;177;71.76350662589195;1.4190341;-4.1803975
19.13;137;106;286;174;71.66156982670744;1.5554765;-4.167141
19.14;135;106;288;172;71.45769622833842;1.6754637;-4.2175465
19.15;133;106;291;171;71.45769622833842;1.7910129;-4.294579
19.16;131;105;294;169;71.25382262996942;1.9120172;-4.38412
19.17;129;104;297;167;71.0499490316004;2.033716;-4.474175
19.18;127;104;299;165;70.84607543323139;2.156115;-4.5258994
19.19;124;104;300;162;70.33639143730886;2.3086956;-4.578261
19.2;122;103;300;159;69.72477064220183;2.4078948;-4.618421
19.21;120;102;301;156;69.2150866462793;2.5250368;-4.6723123
19.22;118;102;303;155;69.1131498470948;2.6283185;-4.738938
19.23;117;103;305;153;69.1131498470948;2.7477877;-4.738938
19.24;117;104;306;151;69.1131498470948;2.8274336;-4.6991153
19.25;116;106;307;149;69.1131498470948;2.9469028;-4.659292
19.26;116;108;307;147;69.1131498470948;3.0265486;-4.579646
19.27;115;109;308;145;69.01121304791029;3.1307237;-4.5664697
19.28;115;111;308;143;69.01121304791029;3.2104874;-4.4867063
19.29;115;112;309;143;69.2150866462793;3.2407954;-4.47349
19.3;115;113;310;143;69.41896024464832;3.270925;-4.4603524
19.31;115;113;310;143;69.41896024464832;3.270925;-4.4603524
19.32;115;114;310;142;69.41896024464832;3.3105726;-4.420705
19.33;114;114;310;142;69.3170234454638;3.335294;-4.4470587
19.34;114;113;309;142;69.1131498470948;3.3053098;-4.460177
19.35;114;113;309;142;69.1131498470948;3.3053098;-4.460177
19.36;115;114;308;141;69.1131498470948;3.3053098;-4.380531
19.37;115;115;306;140;68.90927624872579;3.3150887;-4.3136096
19.38;117;117;303;138;68.80733944954127;3.3;-4.14
19.39;118;120;301;136;68.80733944954127;3.34;-3.98
19.4;120;122;299;135;68.90927624872579;3.3150887;-3.8343196
19.41;122;125;297;133;69.01121304791029;3.330133;-3.6491876
19.42;123;127;295;131;68.90927624872579;3.3550296;-3.514793
19.43;124;129;294;129;68.90927624872579;3.3949704;-3.3949704
19.44;125;131;291;126;68.60346585117227;3.4301634;-3.2295692
19.45;126;134;288;124;68.50152905198776;3.455357;-3.0535715
19.46;127;136;285;121;68.19571865443424;3.4910314;-2.8856502
19.47;129;139;283;119;68.29765545361876;3.5059702;-2.7
19.48;130;142;281;117;68.29765545361876;3.5462687;-2.538806
19.49;132;145;278;114;68.19571865443424;3.571749;-2.3206277
19.5;134;149;275;111;68.19571865443424;3.6121075;-2.0784752
19.51;136;153;271;108;68.09378185524974;3.6377246;-1.8188623
19.52;138;158;267;103;67.88990825688073;3.7297297;-1.5
19.53;141;164;263;99;67.99184505606523;3.7848575;-1.1536732
19.54;143;169;259;96;67.99184505606523;3.8253374;-0.87031484
19.55;145;174;257;93;68.19571865443424;3.8946187;-0.6255605
19.56;147;179;255;90;68.39959225280326;3.9634874;-0.38226527
19.57;149;182;253;88;68.50152905198776;3.9776785;-0.20089285
19.58;150;185;251;86;68.50152905198776;4.017857;-0.04017857
19.59;151;188;249;83;68.39959225280326;4.084203;0.14083457
19.6;152;191;246;81;68.29765545361876;4.110448;0.32238805
19.61;152;193;244;78;67.99184505606523;4.1896553;0.46551725
19.62;152;194;241;75;67.4821610601427;4.241692;0.6117825
19.63;152;195;239;73;67.17635066258919;4.281487;0.7169954
19.64;152;196;237;71;66.87054026503567;4.321646;0.8231707
19.65;152;197;236;70;66.76860346585117;4.348855;0.88625956
19.66;152;198;236;69;66.76860346585117;4.390076;0.92748094
19.67;152;199;237;70;67.07441386340469;4.3905773;0.9027356
19.68;152;199;238;70;67.17635066258919;4.404401;0.8808801
19.69;152;199;239;72;67.4821610601427;4.3640485;0.81570995
19.7;153;199;241;73;67.88990825688073;4.3378377;0.7702703
19.71;153;200;242;74;68.19571865443424;4.338565;0.74663675
19.72;153;200;243;75;68.39959225280326;4.3256335;0.70417285
19.73;153;200;244;75;68.50152905198776;4.339286;0.68303573
19.74;154;201;244;75;68.70540265035677;4.3264093;0.72106826
19.75;154;202;244;75;68.80733944954127;4.34;0.74
19.76;154;202;244;75;68.80733944954127;4.34;0.74
19.77;154;202;245;76;69.01121304791029;4.327179;0.69793206
19.78;154;202;246;77;69.2150866462793;4.314433;0.65611196
19.79;154;201;246;77;69.1131498470948;4.3008847;0.63716817
19.8;154;201;246;78;69.2150866462793;4.2746687;0.61634755
19.81;154;200;247;78;69.2150866462793;4.2746687;0.5765832
19.82;153;199;246;78;68.90927624872579;4.273669;0.5591716
19.83;153;199;245;78;68.80733944954127;4.26;0.58
19.84;152;197;245;77;68.39959225280326;4.285395;0.5432191
19.85;151;196;244;77;68.09378185524974;4.284431;0.5254491
19.86;150;194;244;77;67.78797145769623;4.2834587;0.4669173
19.87;149;192;244;77;67.4821610601427;4.2824774;0.40785497
19.88;148;190;245;78;67.3802242609582;4.2685328;0.30635402
19.89;147;188;246;78;67.17635066258919;4.281487;0.22534142
19.9;146;187;246;79;67.07441386340469;4.267477;0.16413374
19.91;146;186;247;80;67.17635066258919;4.2405157;0.10242792
19.92;145;185;247;80;66.97247706422019;4.2534246;0.061643835
19.93;145;184;248;81;67.07441386340469;4.226444;0.0
19.94;144;183;248;82;66.97247706422019;4.212329;-0.061643835
19.95;144;181;248;82;66.76860346585117;4.1839695;-0.103053436
19.96;143;180;248;83;66.66666666666666;4.169725;-0.16513762
19.97;142;178;249;83;66.46279306829766;4.182515;-0.24846625
19.98;142;177;249;84;66.46279306829766;4.141104;-0.2898773
19.99;141;175;251;85;66.46279306829766;4.141104;-0.41411042
20.0;140;174;252;86;66.46279306829766;4.141104;-0.4969325
20.01;140;173;255;88;66.87054026503567;4.115854;-0.61737806
20.02;140;172;257;90;67.17635066258919;4.076631;-0.7169954
20.03;139;172;259;92;67.4821610601427;4.07855;-0.81570995
20.04;139;170;261;94;67.68603465851172;4.0256023;-0.935241
20.05;139;170;263;96;68.09378185524974;4.001497;-1.0104791
20.06;139;169;265;98;68.39959225280326;3.9634874;-1.1065574
20.07;140;169;267;100;68.90927624872579;3.9142013;-1.1582841
20.08;140;169;269;102;69.3170234454638;3.8911765;-1.2308824
20.09;140;169;271;104;69.72477064220183;3.868421;-1.3026316
20.1;140;169;273;106;70.13251783893985;3.8459303;-1.3735465
20.11;140;168;275;109;70.54026503567788;3.784682;-1.482659
20.12;141;168;278;111;71.1518858307849;3.752149;-1.5472779
20.13;141;167;280;114;71.55963302752293;3.6923077;-1.6538461
20.14;141;166;282;117;71.96738022426095;3.6331444;-1.7592068
20.15;141;166;284;119;72.37512742099898;3.6126761;-1.8253521
20.16;141;165;285;121;72.579001019368;3.5646067;-1.8960674
20.17;141;163;286;123;72.6809378185525;3.502805;-1.9880786
20.18;140;161;286;124;72.47706422018348;3.4746835;-2.0696204
20.19;140;159;286;125;72.37512742099898;3.4225352;-2.1295774
20.2;139;157;285;125;71.96738022426095;3.4036827;-2.1798866
20.21;138;154;284;126;71.55963302752293;3.3461537;-2.2692308
20.22;137;151;284;126;71.1518858307849;3.3266475;-2.3595989
20.23;135;148;282;126;70.43832823649338;3.3017366;-2.442113
20.24;134;145;280;126;69.82670744138633;3.2518249;-2.5029197
20.25;133;142;278;126;69.2150866462793;3.201031;-2.5648012
20.26;131;138;276;125;68.29765545361876;3.183582;-2.6597016
20.27;129;134;273;125;67.3802242609582;3.124811;-2.7571862
20.28;127;130;270;124;66.36085626911314;3.0898619;-2.841014
20.29;125;125;266;122;65.03567787971457;3.0470219;-2.9200628
20.3;123;121;263;121;64.01630988786951;3.0095541;-3.0095541
20.31;121;116;260;121;62.99694189602446;2.9271846;-3.145631
20.32;119;112;258;120;62.07951070336391;2.903941;-3.2586207
20.33;117;108;256;120;61.264016309887865;2.8527455;-3.391847
20.34;115;104;254;121;60.55045871559633;2.7727273;-3.5454545
20.35;113;100;251;120;59.53109072375127;2.7277398;-3.6523972
20.36;111;96;249;120;58.715596330275226;2.671875;-3.796875
20.37;109;92;245;119;57.59429153924567;2.6044247;-3.8946903
20.38;107;88;241;117;56.3710499490316;2.563291;-3.9792044
20.39;105;84;237;115;55.14780835881753;2.5203328;-4.0674677
20.4;103;80;232;113;53.822629969418955;2.4545455;-4.1420455
20.41;101;76;227;110;52.39551478083588;2.4163425;-4.2023344
20.42;99;72;222;108;51.07033639143731;2.3443115;-4.284431
20.43;96;69;216;105;49.54128440366972;2.3333333;-4.3333335
20.44;94;65;210;102;48.01223241590214;2.264331;-4.38535
20.45;92;61;204;99;46.48318042813455;2.1907895;-4.4407897
20.46;90;56;197;95;44.64831804281345;2.0958905;-4.5
20.47;88;53;190;92;43.11926605504587;2.0106382;-4.5
20.48;85;48;183;88;41.18246687054026;1.9381188;-4.6113863
20.49;83;44;175;83;39.24566768603466;1.8584416;-4.5935063
20.5;80;40;167;79;37.30886850152905;1.7704918;-4.647541
20.51;77;36;160;74;35.372069317023445;1.7507205;-4.707493
20.52;74;32;154;70;33.63914373088685;1.7181818;-4.827273
20.53;72;29;149;67;32.31396534148828;1.6608833;-4.897476
20.54;70;26;143;64;30.886850152905197;1.5594059;-4.9455447
20.55;68;24;138;60;29.561671763506624;1.5827587;-4.9344826
20.56;66;21;132;55;27.930682976554536;1.5766424;-4.927007
20.57;64;19;124;50;26.19775739041794;1.5233463;-4.7801557
20.58;62;16;117;44;24.36289500509684;1.5251046;-4.6882844
20.59;59;13;110;39;22.52803261977574;1.5271493;-4.70362
20.6;57;11;104;33;20.89704383282365;1.6463414;-4.5439024
20.61;54;9;98;28;19.266055045871557;1.7857143;-4.5
20.62;52;8;92;23;17.83893985728848;1.9285715;-4.242857
20.63;50;6;88;20;16.717635066258918;1.9756098;-4.280488
20.64;49;5;85;16;15.800203873598369;2.1774194;-4.0935483
20.65;48;5;82;14;15.188583078491334;2.2651007;-3.8959732
20.66;47;5;80;12;14.678899082568806;2.4375;-3.75
20.67;47;5;78;10;14.271151885830784;2.5071428;-3.4714286
20.68;46;5;77;8;13.863404689092762;2.7794118;-3.375
20.69;46;6;75;6;13.557594291539244;2.943609;-2.943609
20.7;46;6;72;4;13.047910295616717;2.953125;-2.53125
20.71;46;6;68;1;12.334352701325178;3.0123968;-1.8966942
20.72;45;7;62;0;11.620795107033638;2.8421052;-1.1842105
20.73;41;9;54;0;10.601427115188583;2.8557692;-0.5192308
20.74;36;12;47;0;9.683995922528032;3.268421;0.14210527
20.75;31;14;41;0;8.766564729867481;3.7674417;0.627907
20.76;26;15;34;0;7.6452599388379205;4.14;1.26
20.77;22;15;29;0;6.727828746177369;4.5;1.6363636
20.78;18;15;24;0;5.810397553516819;4.9736843;2.131579
20.79;14;14;20;0;4.892966360856269;5.625;2.25
20.8;11;12;16;0;3.9755351681957185;5.8846154;2.4230769
20.81;9;11;12;0;3.261977573904179;5.90625;3.375
20.82;6;9;9;0;2.4464831804281344;6.75;3.375
20.83;4;6;6;0;1.6309887869520896;6.75;3.375
20.84;3;4;3;0;1.019367991845056;5.4;5.4
20.85;1;2;1;0;0.4077471967380224;6.75;6.75
20.86;0;1;0;0;0.1019367991845056;13.5;13.5
20.87;0;0;0;0;0.0;0.0;0.0
20.88;0;0;0;0;0.0;0.0;0.0
20.89;0;0;0;0;0.0;0.0;0.0
20.9;0;0;0;0;0.0;0.0;0.0
20.91;0;0;0;0;0.0;0.0;0.0
20.92;0;0;0;0;0.0;0.0;0.0
20.93;0;0;0;0;0.0;0.0;0.0
20.94;0;0;0;0;0.0;0.0;0.0
20.95;0;0;0;0;0.0;0.0;0.0
20.96;0;0;0;0;0.0;0.0;0.0
20.97;0;0;0;0;0.0;0.0;0.0
20.98;0;0;0;0;0.0;0.0;0.0
20.99;0;0;0;1;0.1019367991845056;-13.5;-13.5
21.0;0;0;0;0;0.0;0.0;0.0
21.01;0;0;0;0;0.0;0.0;0.0
21.02;0;0;0;0;0.0;0.0;0.0
21.03;0;0;0;0;0.0;0.0;0.0
21.04;0;0;0;0;0.0;0.0;0.0
21.05;0;0;0;0;0.0;0.0;0.0
21.06;0;0;0;0;0.0;0.0;0.0
21.07;0;0;0;0;0.0;0.0;0.0
21.08;0;0;0;0;0.0;0.0;0.0
21.09;0;0;0;0;0.0;0.0;0.0
21.1;0;0;0;0;0.0;0.0;0.0
21.11;0;0;0;0;0.0;0.0;0.0
21.12;0;0;0;0;0.0;0.0;0.0
21.13;0;0;0;0;0.0;0.0;0.0
21.14;0;0;0;0;0.0;0.0;0.0
21.15;0;0;0;0;0.0;0.0;0.0
21.16;0;0;0;0;0.0;0.0;0.0
21.17;0;0;0;0;0.0;0.0;0.0
21.18;0;0;0;0;0.0;0.0;0.0
21.19;0;0;0;0;0.0;0.0;0.0
21.2;0;0;0;0;0.0;0.0;0.0
21.21;0;0;0;0;0.0;0.0;0.0
21.22;0;0;0;0;0.0;0.0;0.0
21.23;0;0;0;0;0.0;0.0;0.0
21.24;0;0;0;0;0.0;0.0;0.0
21.25;0;0;0;0;0.0;0.0;0.0
21.26;0;0;0;0;0.0;0.0;0.0
21.27;0;0;0;0;0.0;0.0;0.0
21.28;0;0;0;0;0.0;0.0;0.0
21.29;0;0;0;0;0.0;0.0;0.0
21.3;0;0;0;0;0.0;0.0;0.0
21.31;0;0;0;0;0.0;0.0;0.0
21.32;0;0;0;0;0.0;0.0;0.0
21.33;0;0;0;0;0.0;0.0;0.0
21.34;0;0;0;0;0.0;0.0;0.0
21.35;0;0;0;0;0.0;0.0;0.0
21.36;0;0;0;0;0.0;0.0;0.0
21.37;0;0;0;0;0.0;0.0;0.0
21.38;0;0;0;0;0.0;0.0;0.0
21.39;0;0;0;0;0.0;0.0;0.0
21.4;0;0;0;0;0.0;0.0;0.0
21.41;0;0;0;0;0.0;0.0;0.0
21.42;0;0;0;0;0.0;0.0;0.0
21.43;0;0;0;0;0.0;0.0;0.0
21.44;0;0;0;0;0.0;0.0;0.0
21.45;0;0;0;0;0.0;0.0;0.0
21.46;0;0;0;0;0.0;0.0;0.0
21.47;0;0;0;0;0.0;0.0;0.0
21.48;0;0;0;0;0.0;0.0;0.0
21.49;0;0;0;0;0.0;0.0;0.0
21.5;0;0;0;0;0.0;0.0;0.0
21.51;0;0;0;0;0.0;0.0;0.0
21.52;0;0;0;0;0.0;0.0;0.0
21.53;0;0;0;0;0.0;0.0;0.0
21.54;0;0;0;0;0.0;0.0;0.0
21.55;0;0;0;0;0.0;0.0;0.0
21.56;0;0;0;0;0.0;0.0;0.0
21.57;0;0;0;0;0.0;0.0;0.0
21.58;0;0;0;0;0.0;0.0;0.0
21.59;0;0;0;0;0.0;0.0;0.0
21.6;0;0;0;0;0.0;0.0;0.0
21.61;0;0;0;0;0.0;0.0;0.0
21.62;0;0;0;0;0.0;0.0;0.0
21.63;0;0;0;0;0.0;0.0;0.0
21.64;0;0;0;0;0.0;0.0;0.0
21.65;0;0;0;0;0.0;0.0;0.0
21.66;0;0;0;0;0.0;0.0;0.0
21.67;0;0;0;0;0.0;0.0;0.0
21.68;0;0;0;0;0.0;0.0;0.0
21.69;0;0;0;0;0.0;0.0;0.0
21.7;0;0;0;0;0.0;0.0;0.0
21.71;0;0;0;0;0.0;0.0;0.0
21.72;0;0;0;0;0.0;0.0;0.0
21.73;0;0;0;0;0.0;0.0;0.0
21.74;0;0;0;0;0.0;0.0;0.0
21.75;0;0;0;0;0.0;0.0;0.0
21.76;0;0;0;0;0.0;0.0;0.0
21.77;0;0;0;0;0.0;0.0;0.0
21.78;0;0;0;0;0.0;0.0;0.0
21.79;0;0;0;0;0.0;0.0;0.0
21.8;0;0;0;0;0.0;0.0;0.0
21.81;0;0;0;0;0.0;0.0;0.0
21.82;0;0;0;0;0.0;0.0;0.0
21.83;0;0;0;0;0.0;0.0;0.0
21.84;0;0;0;0;0.0;0.0;0.0
21.85;0;0;0;0;0.0;0.0;0.0
21.86;0;0;0;0;0.0;0.0;0.0
21.87;0;0;0;0;0.0;0.0;0.0
21.88;0;0;0;0;0.0;0.0;0.0
21.89;0;0;0;0;0.0;0.0;0.0
21.9;0;0;0;0;0.0;0.0;0.0
21.91;0;0;0;0;0.0;0.0;0.0
21.92;0;0;0;0;0.0;0.0;0.0
21.93;0;0;0;0;0.0;0.0;0.0
21.94;0;0;0;0;0.0;0.0;0.0
21.95;0;0;0;0;0.0;0.0;0.0
21.96;0;0;0;0;0.0;0.0;0.0
21.97;0;0;0;0;0.0;0.0;0.0
21.98;0;0;0;0;0.0;0.0;0.0
21.99;0;0;0;0;0.0;0.0;0.0
22.0;0;0;0;0;0.0;0.0;0.0
22.01;0;0;0;0;0.0;0.0;0.0
22.02;0;0;0;0;0.0;0.0;0.0
22.03;0;0;0;0;0.0;0.0;0.0
22.04;0;0;0;0;0.0;0.0;0.0
22.05;0;0;0;0;0.0;0.0;0.0
22.06;0;0;0;0;0.0;0.0;0.0
22.07;0;0;0;0;0.0;0.0;0.0
22.08;0;0;0;0;0.0;0.0;0.0
22.09;0;0;0;0;0.0;0.0;0.0
22.1;0;0;0;0;0.0;0.0;0.0
22.11;0;0;0;0;0.0;0.0;0.0
22.12;0;0;0;0;0.0;0.0;0.0
22.13;0;0;0;0;0.0;0.0;0.0
22.14;0;0;0;0;0.0;0.0;0.0
22.15;0;0;0;0;0.0;0.0;0.0
22.16;0;0;0;0;0.0;0.0;0.0
22.17;0;0;0;0;0.0;0.0;0.0
22.18;0;0;0;0;0.0;0.0;0.0
22.19;0;0;0;0;0.0;0.0;0.0
22.2;0;0;0;0;0.0;0.0;0.0
22.21;0;0;0;0;0.0;0.0;0.0
22.22;0;0;0;0;0.0;0.0;0.0
22.23;0;0;0;0;0.0;0.0;0.0
22.24;0;0;0;0;0.0;0.0;0.0
22.25;0;0;0;0;0.0;0.0;0.0
22.26;0;0;0;0;0.0;0.0;0.0
22.27;0;0;0;0;0.0;0.0;0.0
22.28;0;0;0;0;0.0;0.0;0.0
22.29;0;0;0;0;0.0;0.0;0.0
22.3;0;0;0;0;0.0;0.0;0.0
22.31;0;0;0;0;0.0;0.0;0.0
22.32;0;0;0;0;0.0;0.0;0.0
22.33;0;0;0;0;0.0;0.0;0.0
22.34;0;0;0;0;0.0;0.0;0.0
22.35;0;0;0;0;0.0;0.0;0.0
22.36;0;0;0;0;0.0;0.0;0.0
22.37;0;0;0;0;0.0;0.0;0.0
22.38;0;0;0;0;0.0;0.0;0.0
22.39;0;0;0;0;0.0;0.0;0.0
22.4;0;0;0;0;0.0;0.0;0.0
22.41;0;0;0;0;0.0;0.0;0.0
22.42;0;0;0;0;0.0;0.0;0.0
22.43;0;0;0;0;0.0;0.0;0.0
22.44;0;0;0;0;0.0;0.0;0.0
22.45;0;0;0;0;0.0;0.0;0.0
22.46;0;0;0;0;0.0;0.0;0.0
22.47;0;0;0;0;0.0;0.0;0.0
22.48;0;0;0;0;0.0;0.0;0.0
22.49;0;0;0;0;0.0;0.0;0.0
22.5;0;0;0;0;0.0;0.0;0.0
22.51;0;0;0;0;0.0;0.0;0.0
22.52;0;0;0;0;0.0;0.0;0.0
22.53;0;0;0;0;0.0;0.0;0.0
22.54;0;0;0;0;0.0;0.0;0.0
22.55;0;0;0;0;0.0;0.0;0.0
22.56;0;0;0;0;0.0;0.0;0.0
22.57;0;0;0;0;0.0;0.0;0.0
22.58;0;0;0;0;0.0;0.0;0.0
22.59;0;0;0;0;0.0;0.0;0.0
22.6;0;0;0;0;0.0;0.0;0.0
22.61;0;0;0;0;0.0;0.0;0.0
22.62;0;0;0;0;0.0;0.0;0.0
22.63;0;0;0;0;0.0;0.0;0.0
22.64;0;0;0;0;0.0;0.0;0.0
22.65;0;0;0;0;0.0;0.0;0.0
22.66;0;0;0;0;0.0;0.0;0.0
22.67;0;0;0;0;0.0;0.0;0.0
22.68;0;0;0;0;0.0;0.0;0.0
22.69;0;0;0;0;0.0;0.0;0.0
22.7;0;0;0;0;0.0;0.0;0.0
22.71;0;0;0;0;0.0;0.0;0.0
22.72;0;0;0;0;0.0;0.0;0.0
22.73;0;0;0;0;0.0;0.0;0.0
22.74;0;0;0;0;0.0;0.0;0.0
22.75;0;0;0;0;0.0;0.0;0.0
22.76;0;0;0;0;0.0;0.0;0.0
22.77;0;0;0;0;0.0;0.0;0.0
22.78;0;0;0;0;0.0;0.0;0.0
22.79;0;0;0;0;0.0;0.0;0.0
22.8;0;0;0;0;0.0;0.0;0.0
22.81;0;0;0;0;0.0;0.0;0.0
22.82;0;0;0;0;0.0;0.0;0.0
22.83;0;0;0;0;0.0;0.0;0.0
22.84;0;0;0;0;0.0;0.0;0.0
