 Height:  Visitor ;  Weight:  Visitor ;  Age:  -1 ;  Gender:  Visitor; name: malak; color: green; situation: one leg
Temps (s);F1 (N);F2 (N);F3 (N);F4 (N);Fz (kg);ML (cm);AP (cm);Poids (kg);Instant apparition poids (s);Score equilibre;Vitesse de la phase de montee;Surface du stabilogramme;Vitesse de deplacement du centre des pressions;Phase de stabilisation
0.01;0;0;0;0;0.0;0.0;0.0;52.803261977573904;13.16;16;4;4;4;4; 122.62397313665525; 2.342523864216676; 1.7462586914518885; 0.8424761250046288
0.02;0;0;0;0;0.0;0.0;0.0
0.03;0;0;0;0;0.0;0.0;0.0
0.04;0;0;0;0;0.0;0.0;0.0
0.05;0;0;0;0;0.0;0.0;0.0
0.06;0;0;0;0;0.0;0.0;0.0
0.07;0;0;0;0;0.0;0.0;0.0
0.08;0;0;0;0;0.0;0.0;0.0
0.09;0;0;0;0;0.0;0.0;0.0
0.1;0;0;0;0;0.0;0.0;0.0
0.11;0;0;0;0;0.0;0.0;0.0
0.12;0;0;0;0;0.0;0.0;0.0
0.13;0;0;0;0;0.0;0.0;0.0
0.14;0;0;0;0;0.0;0.0;0.0
0.15;0;0;0;0;0.0;0.0;0.0
0.16;0;0;0;0;0.0;0.0;0.0
0.17;0;0;0;0;0.0;0.0;0.0
0.18;0;0;0;0;0.0;0.0;0.0
0.19;0;0;0;0;0.0;0.0;0.0
0.2;0;0;0;0;0.0;0.0;0.0
0.21;0;0;0;0;0.0;0.0;0.0
0.22;0;0;0;0;0.0;0.0;0.0
0.23;0;0;0;0;0.0;0.0;0.0
0.24;0;0;0;0;0.0;0.0;0.0
0.25;0;0;0;0;0.0;0.0;0.0
0.26;0;0;0;0;0.0;0.0;0.0
0.27;0;0;0;0;0.0;0.0;0.0
0.28;0;0;0;0;0.0;0.0;0.0
0.29;0;0;0;0;0.0;0.0;0.0
0.3;0;0;0;0;0.0;0.0;0.0
0.31;0;0;0;0;0.0;0.0;0.0
0.32;0;0;0;0;0.0;0.0;0.0
0.33;0;0;0;0;0.0;0.0;0.0
0.34;0;0;0;0;0.0;0.0;0.0
0.35;0;0;0;0;0.0;0.0;0.0
0.36;0;0;0;0;0.0;0.0;0.0
0.37;0;0;0;0;0.0;0.0;0.0
0.38;0;0;0;0;0.0;0.0;0.0
0.39;0;0;0;0;0.0;0.0;0.0
0.4;0;0;0;0;0.0;0.0;0.0
0.41;0;0;0;0;0.0;0.0;0.0
0.42;0;0;0;0;0.0;0.0;0.0
0.43;0;0;0;0;0.0;0.0;0.0
0.44;0;0;0;0;0.0;0.0;0.0
0.45;0;0;0;0;0.0;0.0;0.0
0.46;0;0;0;0;0.0;0.0;0.0
0.47;0;0;0;0;0.0;0.0;0.0
0.48;0;0;0;0;0.0;0.0;0.0
0.49;0;0;0;0;0.0;0.0;0.0
0.5;0;0;0;0;0.0;0.0;0.0
0.51;0;0;0;0;0.0;0.0;0.0
0.52;0;0;0;0;0.0;0.0;0.0
0.53;0;0;0;0;0.0;0.0;0.0
0.54;0;0;0;0;0.0;0.0;0.0
0.55;0;0;0;0;0.0;0.0;0.0
0.56;0;0;0;0;0.0;0.0;0.0
0.57;0;0;0;0;0.0;0.0;0.0
0.58;0;0;0;0;0.0;0.0;0.0
0.59;0;0;0;0;0.0;0.0;0.0
0.6;0;0;0;0;0.0;0.0;0.0
0.61;0;0;0;0;0.0;0.0;0.0
0.62;0;0;0;0;0.0;0.0;0.0
0.63;0;0;0;0;0.0;0.0;0.0
0.64;0;0;0;0;0.0;0.0;0.0
0.65;0;0;0;0;0.0;0.0;0.0
0.66;0;0;0;0;0.0;0.0;0.0
0.67;0;0;0;0;0.0;0.0;0.0
0.68;0;0;0;0;0.0;0.0;0.0
0.69;0;0;0;0;0.0;0.0;0.0
0.7;0;0;0;0;0.0;0.0;0.0
0.71;0;0;0;0;0.0;0.0;0.0
0.72;0;0;0;0;0.0;0.0;0.0
0.73;0;0;0;0;0.0;0.0;0.0
0.74;0;0;0;0;0.0;0.0;0.0
0.75;0;0;0;0;0.0;0.0;0.0
0.76;0;0;0;0;0.0;0.0;0.0
0.77;0;0;0;0;0.0;0.0;0.0
0.78;0;0;0;0;0.0;0.0;0.0
0.79;0;0;0;0;0.0;0.0;0.0
0.8;0;0;0;0;0.0;0.0;0.0
0.81;0;0;0;0;0.0;0.0;0.0
0.82;0;0;0;0;0.0;0.0;0.0
0.83;0;0;0;0;0.0;0.0;0.0
0.84;0;0;0;0;0.0;0.0;0.0
0.85;0;0;0;0;0.0;0.0;0.0
0.86;0;0;0;0;0.0;0.0;0.0
0.87;0;0;0;0;0.0;0.0;0.0
0.88;0;0;0;0;0.0;0.0;0.0
0.89;0;0;0;0;0.0;0.0;0.0
0.9;0;0;0;0;0.0;0.0;0.0
0.91;0;0;0;0;0.0;0.0;0.0
0.92;0;0;0;0;0.0;0.0;0.0
0.93;0;0;0;0;0.0;0.0;0.0
0.94;0;0;0;0;0.0;0.0;0.0
0.95;0;0;0;0;0.0;0.0;0.0
0.96;0;0;0;0;0.0;0.0;0.0
0.97;0;0;0;0;0.0;0.0;0.0
0.98;0;0;0;0;0.0;0.0;0.0
0.99;0;0;0;0;0.0;0.0;0.0
1.0;0;0;0;0;0.0;0.0;0.0
1.01;0;0;0;0;0.0;0.0;0.0
1.02;0;0;0;0;0.0;0.0;0.0
1.03;0;0;0;0;0.0;0.0;0.0
1.04;0;0;0;0;0.0;0.0;0.0
1.05;0;0;0;0;0.0;0.0;0.0
1.06;0;0;0;0;0.0;0.0;0.0
1.07;0;0;0;0;0.0;0.0;0.0
1.08;0;2;1;0;0.3058103975535168;13.5;4.5
1.09;1;7;4;1;1.325178389398573;9.346154;3.1153846
1.1;0;5;2;1;0.8154943934760448;10.125;3.375
1.11;0;7;3;2;1.2232415902140672;9.0;2.25
1.12;1;10;5;3;1.9367991845056065;7.8157897;2.131579
1.13;1;11;6;3;2.1406727828746175;8.357142;1.9285715
1.14;1;13;7;4;2.54841997961264;8.1;1.62
1.15;1;14;8;4;2.7522935779816513;8.5;1.5
1.16;2;16;10;5;3.3639143730886847;7.7727275;1.2272727
1.17;2;18;14;8;4.281345565749235;7.071429;-0.64285713
1.18;2;20;19;10;5.198776758409785;7.147059;-1.8529412
1.19;3;23;24;12;6.320081549439347;6.967742;-2.1774194
1.2;3;26;31;15;7.6452599388379205;7.02;-3.06
1.21;4;29;39;18;9.174311926605505;6.9;-3.6
1.22;4;32;45;21;10.39755351681957;6.882353;-3.9705882
1.23;5;35;50;23;11.518858307849133;6.8097343;-3.942478
1.24;6;38;56;25;12.7420998980632;6.804;-3.996
1.25;7;42;64;28;14.37308868501529;6.7978725;-4.117021
1.26;9;47;72;32;16.309887869520896;6.58125;-4.05
1.27;10;51;82;36;18.246687054026502;6.5614524;-4.2988825
1.28;11;55;93;41;20.38735983690112;6.48;-4.59
1.29;12;59;104;46;22.52803261977574;6.414027;-4.825792
1.3;13;64;116;51;24.872579001019368;6.4180326;-4.9795084
1.31;14;69;128;56;27.217125382262996;6.421348;-5.1067414
1.32;15;74;138;60;29.25586136595311;6.444251;-5.1271777
1.33;16;78;148;64;31.192660550458715;6.4411764;-5.2058825
1.34;16;81;158;68;32.92558613659531;6.478328;-5.3916407
1.35;17;84;167;71;34.5565749235474;6.4911504;-5.4557524
1.36;18;88;175;74;36.18756371049949;6.5028167;-5.4380283
1.37;18;90;181;77;37.30886850152905;6.491803;-5.532787
1.38;18;92;186;78;38.12436289500509;6.5695186;-5.5588236
1.39;19;93;190;80;38.93985728848114;6.502618;-5.58377
1.4;19;95;195;81;39.75535168195719;6.576923;-5.6076922
1.41;19;97;199;83;40.57084607543323;6.580402;-5.6306534
1.42;19;98;204;85;41.386340468909275;6.583744;-5.719212
1.43;20;99;208;86;42.09989806320081;6.570218;-5.720339
1.44;20;100;213;88;42.915392456676855;6.573634;-5.804038
1.45;20;101;217;90;43.6289500509684;6.5607476;-5.8668222
1.46;20;102;221;91;44.24057084607543;6.59447;-5.910138
1.47;21;103;225;93;45.05606523955148;6.536199;-5.925339
1.48;21;105;227;94;45.565749235474;6.5536914;-5.8892617
1.49;22;106;229;94;45.97349643221202;6.5554323;-5.837029
1.5;23;107;230;95;46.381243628950045;6.4978023;-5.785714
1.51;23;108;231;96;46.68705402650357;6.484716;-5.7772927
1.52;24;109;233;97;47.196738022426096;6.4438443;-5.7440605
1.53;25;111;236;99;48.01223241590214;6.39172;-5.7038217
1.54;26;113;239;101;48.827726809378184;6.3413363;-5.664927
1.55;27;114;243;103;49.64322120285423;6.292608;-5.6827517
1.56;28;116;247;105;50.56065239551478;6.260081;-5.66129
1.57;28;118;250;106;51.17227319062181;6.2928286;-5.6474104
1.58;29;119;254;108;51.98776758409786;6.247059;-5.6647058
1.59;30;120;256;110;52.59938837920489;6.1744184;-5.6511626
1.6;31;121;258;111;53.10907237512742;6.1410747;-5.622841
1.61;32;122;260;112;53.61875637104995;6.108365;-5.595057
1.62;32;123;260;112;53.720693170234455;6.1223907;-5.5588236
1.63;33;124;260;112;53.92456676860346;6.0992436;-5.4867673
1.64;34;126;258;112;54.02650356778797;6.062264;-5.3490567
1.65;35;127;256;111;53.92456676860346;6.048204;-5.231569
1.66;36;129;253;110;53.822629969418955;6.034091;-5.0625
1.67;37;130;249;109;53.51681957186544;5.9914284;-4.9114285
1.68;37;131;246;108;53.211009174311926;6.0;-4.8103447
1.69;38;132;243;107;53.00713557594291;5.9711537;-4.673077
1.7;38;133;240;105;52.59938837920489;6.0174417;-4.5523257
1.71;39;133;238;104;52.39551478083588;5.988327;-4.4649806
1.72;39;133;236;104;52.19164118246687;5.9589844;-4.4296875
1.73;39;133;235;103;51.98776758409786;5.9823527;-4.394118
1.74;39;133;234;102;51.783893985728845;6.0059056;-4.358268
1.75;39;134;234;101;51.783893985728845;6.0590553;-4.305118
1.76;38;134;233;101;51.58002038735984;6.083004;-4.3221345
1.77;38;134;233;100;51.47808358817533;6.1217823;-4.3039603
1.78;38;134;233;100;51.47808358817533;6.1217823;-4.3039603
1.79;38;134;233;99;51.37614678899082;6.160714;-4.285714
1.8;38;134;234;99;51.47808358817533;6.1752477;-4.3039603
1.81;37;134;235;99;51.47808358817533;6.228713;-4.3574257
1.82;37;134;237;98;51.58002038735984;6.2964425;-4.375494
1.83;36;133;239;98;51.58002038735984;6.3498025;-4.4822135
1.84;35;133;241;97;51.58002038735984;6.4565215;-4.535573
1.85;33;132;244;97;51.58002038735984;6.563241;-4.695652
1.86;32;133;247;96;51.783893985728845;6.6968503;-4.7303147
1.87;31;133;249;95;51.783893985728845;6.8031497;-4.7834644
1.88;30;134;252;95;52.08970438328236;6.8953032;-4.834638
1.89;29;135;255;94;52.293577981651374;7.0263157;-4.868421
1.9;29;137;257;94;52.701325178389396;7.076402;-4.8307543
1.91;29;138;259;94;53.00713557594291;7.1134615;-4.828846
1.92;29;140;260;93;53.211009174311926;7.1896553;-4.7586207
1.93;29;141;260;93;53.31294597349643;7.2017207;-4.7237096
1.94;29;143;260;92;53.41488277268093;7.2652674;-4.6374044
1.95;29;144;259;91;53.31294597349643;7.304971;-4.568834
1.96;29;145;258;90;53.211009174311926;7.3448277;-4.5
1.97;29;147;257;89;53.211009174311926;7.3965516;-4.3965516
1.98;29;148;255;88;53.00713557594291;7.425;-4.3096156
1.99;29;148;254;87;52.803261977573904;7.453668;-4.2741313
2.0;29;149;253;86;52.701325178389396;7.4941974;-4.204062
2.01;29;150;251;85;52.49745158002038;7.523301;-4.115534
2.02;30;151;250;84;52.49745158002038;7.523301;-4.0106797
2.03;30;152;249;84;52.49745158002038;7.523301;-3.9582524
2.04;30;153;248;83;52.39551478083588;7.5642023;-3.8871596
2.05;30;154;247;83;52.39551478083588;7.5642023;-3.8346303
2.06;31;155;246;83;52.49745158002038;7.523301;-3.7485437
2.07;31;155;245;83;52.39551478083588;7.511673;-3.729572
2.08;32;156;244;83;52.49745158002038;7.470874;-3.6436894
2.09;32;156;244;83;52.49745158002038;7.470874;-3.6436894
2.1;32;156;244;83;52.49745158002038;7.470874;-3.6436894
2.11;32;156;243;83;52.39551478083588;7.459144;-3.6245136
2.12;33;156;243;83;52.49745158002038;7.4184465;-3.591262
2.13;33;157;242;83;52.49745158002038;7.4184465;-3.538835
2.14;33;157;242;83;52.49745158002038;7.4184465;-3.538835
2.15;33;157;241;83;52.39551478083588;7.406615;-3.5194552
2.16;34;157;240;83;52.39551478083588;7.3540854;-3.466926
2.17;34;157;239;83;52.293577981651374;7.3421054;-3.4473684
2.18;35;158;238;83;52.39551478083588;7.3015566;-3.3618677
2.19;36;158;237;83;52.39551478083588;7.2490273;-3.3093386
2.2;36;158;235;84;52.293577981651374;7.1842103;-3.2894738
2.21;37;158;235;84;52.39551478083588;7.143969;-3.2568092
2.22;37;157;235;85;52.39551478083588;7.0914397;-3.3093386
2.23;38;157;235;86;52.59938837920489;7.0116277;-3.2965117
2.24;38;156;236;87;52.701325178389396;6.9719534;-3.3684719
2.25;38;155;237;87;52.701325178389396;6.9719534;-3.4206963
2.26;38;155;238;88;52.905198776758404;6.9450865;-3.4595375
2.27;38;155;238;88;52.905198776758404;6.9450865;-3.4595375
2.28;38;155;239;88;53.00713557594291;6.957692;-3.478846
2.29;37;155;240;88;53.00713557594291;7.0096154;-3.5307693
2.3;37;155;241;87;53.00713557594291;7.0615387;-3.5307693
2.31;36;155;242;87;53.00713557594291;7.1134615;-3.5826924
2.32;35;155;244;87;53.10907237512742;7.177543;-3.6535509
2.33;35;154;245;86;53.00713557594291;7.2173076;-3.6865385
2.34;34;154;246;86;53.00713557594291;7.269231;-3.7384615
2.35;33;154;247;85;52.905198776758404;7.361272;-3.7716763
2.36;33;154;247;85;52.905198776758404;7.361272;-3.7716763
2.37;32;154;247;84;52.701325178389396;7.4419727;-3.786267
2.38;31;153;248;84;52.59938837920489;7.4825583;-3.872093
2.39;31;154;249;83;52.701325178389396;7.5464215;-3.8384912
2.4;30;154;250;83;52.701325178389396;7.598646;-3.8907156
2.41;30;154;251;83;52.803261977573904;7.6100388;-3.9092665
2.42;30;155;252;83;53.00713557594291;7.6326923;-3.8942308
2.43;30;156;253;82;53.10907237512742;7.6957774;-3.8608446
2.44;30;157;253;82;53.211009174311926;7.706897;-3.8275862
2.45;30;158;252;81;53.10907237512742;7.7476006;-3.7571976
2.46;30;159;251;81;53.10907237512742;7.7476006;-3.7053742
2.47;31;160;250;80;53.10907237512742;7.7476006;-3.6017275
2.48;31;161;248;80;53.00713557594291;7.7365384;-3.5307693
2.49;32;162;247;80;53.10907237512742;7.6957774;-3.446257
2.5;32;163;246;79;53.00713557594291;7.7365384;-3.375
2.51;33;163;245;79;53.00713557594291;7.6846156;-3.323077
2.52;33;164;244;79;53.00713557594291;7.6846156;-3.271154
2.53;33;164;243;79;52.905198776758404;7.6734104;-3.251445
2.54;34;164;243;79;53.00713557594291;7.6326923;-3.2192307
2.55;34;165;242;79;53.00713557594291;7.6326923;-3.1673076
2.56;34;165;242;79;53.00713557594291;7.6326923;-3.1673076
2.57;34;165;241;79;52.905198776758404;7.6213875;-3.147399
2.58;35;165;240;79;52.905198776758404;7.569364;-3.0953758
2.59;35;166;239;79;52.905198776758404;7.569364;-3.0433526
2.6;36;166;237;79;52.803261977573904;7.5057917;-2.9710424
2.61;36;166;236;79;52.701325178389396;7.4941974;-2.950677
2.62;37;166;235;79;52.701325178389396;7.4419727;-2.8984525
2.63;37;166;234;79;52.59938837920489;7.4302325;-2.877907
2.64;38;167;233;80;52.803261977573904;7.349421;-2.8146718
2.65;39;167;232;80;52.803261977573904;7.2972975;-2.7625482
2.66;39;167;231;81;52.803261977573904;7.245174;-2.7625482
2.67;40;167;231;81;52.905198776758404;7.205202;-2.7312138
2.68;40;167;230;82;52.905198776758404;7.153179;-2.7312138
2.69;40;167;230;82;52.905198776758404;7.153179;-2.7312138
2.7;41;166;230;82;52.905198776758404;7.101156;-2.7312138
2.71;41;165;230;83;52.905198776758404;7.049133;-2.783237
2.72;41;164;230;83;52.803261977573904;7.0366797;-2.8146718
2.73;41;163;230;84;52.803261977573904;6.984556;-2.8667953
2.74;41;162;230;85;52.803261977573904;6.9324327;-2.9189188
2.75;41;161;231;85;52.803261977573904;6.9324327;-2.9710424
2.76;41;161;231;86;52.905198776758404;6.8930635;-2.9913294
2.77;41;161;232;86;53.00713557594291;6.9057693;-3.0115385
2.78;41;161;232;86;53.00713557594291;6.9057693;-3.0115385
2.79;41;161;232;86;53.00713557594291;6.9057693;-3.0115385
2.8;41;162;232;86;53.10907237512742;6.918426;-2.9798465
2.81;41;161;232;86;53.00713557594291;6.9057693;-3.0115385
2.82;41;161;232;86;53.00713557594291;6.9057693;-3.0115385
2.83;41;160;233;86;53.00713557594291;6.9057693;-3.0634615
2.84;40;160;233;86;52.905198776758404;6.9450865;-3.0953758
2.85;39;159;234;86;52.803261977573904;6.984556;-3.1795366
2.86;39;158;235;86;52.803261977573904;6.984556;-3.2316601
2.87;38;157;236;86;52.701325178389396;7.024178;-3.3162475
2.88;37;156;238;86;52.701325178389396;7.076402;-3.4206963
2.89;36;155;239;86;52.59938837920489;7.116279;-3.5058138
2.9;36;154;240;86;52.59938837920489;7.116279;-3.5581396
2.91;35;153;241;86;52.49745158002038;7.1563106;-3.6436894
2.92;35;153;243;87;52.803261977573904;7.140927;-3.7007723
2.93;35;152;244;87;52.803261977573904;7.140927;-3.7528958
2.94;34;151;245;87;52.701325178389396;7.180851;-3.8384912
2.95;34;151;246;88;52.905198776758404;7.153179;-3.8757226
2.96;34;150;247;88;52.905198776758404;7.153179;-3.9277456
2.97;33;150;248;88;52.905198776758404;7.205202;-3.9797688
2.98;33;149;248;88;52.803261977573904;7.1930504;-4.0135136
2.99;33;149;249;89;53.00713557594291;7.165385;-4.05
3.0;33;149;249;89;53.00713557594291;7.165385;-4.05
3.01;33;149;249;89;53.00713557594291;7.165385;-4.05
3.02;33;148;250;89;53.00713557594291;7.165385;-4.101923
3.03;33;148;250;89;53.00713557594291;7.165385;-4.101923
3.04;33;148;250;89;53.00713557594291;7.165385;-4.101923
3.05;33;148;250;89;53.00713557594291;7.165385;-4.101923
3.06;33;148;250;89;53.00713557594291;7.165385;-4.101923
3.07;33;148;250;89;53.00713557594291;7.165385;-4.101923
3.08;33;148;250;89;53.00713557594291;7.165385;-4.101923
3.09;33;148;250;90;53.10907237512742;7.1257195;-4.1199617
3.1;33;148;250;90;53.10907237512742;7.1257195;-4.1199617
3.11;33;148;250;90;53.10907237512742;7.1257195;-4.1199617
3.12;33;147;250;90;53.00713557594291;7.1134615;-4.1538463
3.13;33;147;250;90;53.00713557594291;7.1134615;-4.1538463
3.14;33;146;250;91;53.00713557594291;7.0615387;-4.205769
3.15;33;145;250;91;52.905198776758404;7.049133;-4.2398844
3.16;32;144;251;91;52.803261977573904;7.0888033;-4.326255
3.17;32;142;251;92;52.701325178389396;7.024178;-4.4129596
3.18;31;140;252;92;52.49745158002038;7.0514565;-4.5349517
3.19;31;138;252;93;52.39551478083588;6.9863815;-4.622568
3.2;31;137;252;94;52.39551478083588;6.933852;-4.6750975
3.21;31;136;252;95;52.39551478083588;6.881323;-4.7276263
3.22;32;136;252;95;52.49745158002038;6.8417478;-4.692233
3.23;33;136;251;96;52.59938837920489;6.75;-4.6569767
3.24;33;136;251;97;52.701325178389396;6.7108316;-4.6740813
3.25;34;136;251;98;52.905198776758404;6.632948;-4.6560693
3.26;34;136;251;98;52.905198776758404;6.632948;-4.6560693
3.27;34;136;251;99;53.00713557594291;6.5942307;-4.673077
3.28;34;136;252;99;53.10907237512742;6.607486;-4.690019
3.29;35;135;252;100;53.211009174311926;6.5172415;-4.706897
3.3;35;134;251;101;53.10907237512742;6.4520154;-4.7418427
3.31;35;134;251;101;53.10907237512742;6.4520154;-4.7418427
3.32;35;133;251;102;53.10907237512742;6.400192;-4.793666
3.33;35;132;251;102;53.00713557594291;6.3865385;-4.828846
3.34;35;131;251;103;53.00713557594291;6.334615;-4.8807693
3.35;35;130;251;103;52.905198776758404;6.3208094;-4.916185
3.36;35;129;251;104;52.905198776758404;6.268786;-4.9682083
3.37;35;128;250;104;52.701325178389396;6.2408123;-4.987427
3.38;35;128;250;105;52.803261977573904;6.2027025;-5.003861
3.39;35;128;250;105;52.803261977573904;6.2027025;-5.003861
3.4;36;127;250;105;52.803261977573904;6.150579;-5.003861
3.41;36;127;250;106;52.905198776758404;6.1127167;-5.0202312
3.42;36;127;250;106;52.905198776758404;6.1127167;-5.0202312
3.43;36;127;250;106;52.905198776758404;6.1127167;-5.0202312
3.44;36;127;251;106;53.00713557594291;6.126923;-5.0365386
3.45;36;128;251;106;53.10907237512742;6.1410747;-5.00096
3.46;36;128;251;106;53.10907237512742;6.1410747;-5.00096
3.47;36;128;251;106;53.10907237512742;6.1410747;-5.00096
3.48;36;128;250;106;53.00713557594291;6.126923;-4.9846153
3.49;36;128;250;105;52.905198776758404;6.16474;-4.9682083
3.5;36;128;250;105;52.905198776758404;6.16474;-4.9682083
3.51;36;128;250;105;52.905198776758404;6.16474;-4.9682083
3.52;36;128;249;105;52.803261977573904;6.150579;-4.9517374
3.53;36;128;249;105;52.803261977573904;6.150579;-4.9517374
3.54;36;128;249;104;52.701325178389396;6.188588;-4.935203
3.55;36;128;249;104;52.701325178389396;6.188588;-4.935203
3.56;36;128;249;105;52.803261977573904;6.150579;-4.9517374
3.57;36;129;249;104;52.803261977573904;6.2027025;-4.899614
3.58;36;129;248;104;52.701325178389396;6.188588;-4.882979
3.59;36;129;248;104;52.701325178389396;6.188588;-4.882979
3.6;37;130;248;104;52.905198776758404;6.16474;-4.8121386
3.61;37;130;248;104;52.905198776758404;6.16474;-4.8121386
3.62;37;131;248;104;53.00713557594291;6.1788464;-4.776923
3.63;37;131;248;103;52.905198776758404;6.216763;-4.7601156
3.64;37;131;247;103;52.803261977573904;6.2027025;-4.743243
3.65;37;132;248;103;53.00713557594291;6.230769;-4.725
3.66;37;132;248;103;53.00713557594291;6.230769;-4.725
3.67;37;132;248;103;53.00713557594291;6.230769;-4.725
3.68;36;131;248;103;52.803261977573904;6.254826;-4.795367
3.69;36;131;248;102;52.701325178389396;6.293037;-4.77853
3.7;36;131;249;102;52.803261977573904;6.3069496;-4.795367
3.71;35;130;249;102;52.59938837920489;6.331395;-4.866279
3.72;35;130;250;102;52.701325178389396;6.345261;-4.882979
3.73;34;130;251;102;52.701325178389396;6.3974853;-4.935203
3.74;34;129;252;102;52.701325178389396;6.3974853;-4.987427
3.75;34;129;253;102;52.803261977573904;6.4111967;-5.003861
3.76;33;129;254;102;52.803261977573904;6.4633203;-5.0559845
3.77;32;128;255;102;52.701325178389396;6.501934;-5.1441007
3.78;32;128;257;102;52.905198776758404;6.5289016;-5.1763005
3.79;32;128;258;102;53.00713557594291;6.542308;-5.1923075
3.8;31;128;260;102;53.10907237512742;6.607486;-5.260077
3.81;31;129;261;102;53.31294597349643;6.6338434;-5.2399616
3.82;31;129;261;102;53.31294597349643;6.6338434;-5.2399616
3.83;31;129;262;102;53.41488277268093;6.6469464;-5.2557254
3.84;31;129;262;102;53.41488277268093;6.6469464;-5.2557254
3.85;31;129;262;102;53.41488277268093;6.6469464;-5.2557254
3.86;31;129;261;102;53.31294597349643;6.6338434;-5.2399616
3.87;31;129;261;102;53.31294597349643;6.6338434;-5.2399616
3.88;31;129;260;102;53.211009174311926;6.62069;-5.224138
3.89;31;128;259;102;53.00713557594291;6.5942307;-5.2442307
3.9;31;128;259;101;52.905198776758404;6.632948;-5.228324
3.91;31;128;258;101;52.803261977573904;6.619691;-5.212355
3.92;31;128;257;100;52.59938837920489;6.645349;-5.1802325
3.93;31;129;257;100;52.701325178389396;6.6586075;-5.1441007
3.94;30;129;257;100;52.59938837920489;6.6976743;-5.1802325
3.95;30;129;256;99;52.39551478083588;6.7237353;-5.14786
3.96;30;129;256;99;52.39551478083588;6.7237353;-5.14786
3.97;31;130;256;99;52.59938837920489;6.6976743;-5.0755816
3.98;31;130;256;99;52.59938837920489;6.6976743;-5.0755816
3.99;31;130;256;99;52.59938837920489;6.6976743;-5.0755816
4.0;31;130;255;99;52.49745158002038;6.684466;-5.059223
4.01;31;131;255;99;52.59938837920489;6.6976743;-5.023256
4.02;31;131;256;99;52.701325178389396;6.7108316;-5.039652
4.03;31;131;256;99;52.701325178389396;6.7108316;-5.039652
4.04;31;131;256;99;52.701325178389396;6.7108316;-5.039652
4.05;31;131;256;100;52.803261977573904;6.6718144;-5.0559845
4.06;31;131;256;100;52.803261977573904;6.6718144;-5.0559845
4.07;31;131;256;100;52.803261977573904;6.6718144;-5.0559845
4.08;31;131;257;100;52.905198776758404;6.6849713;-5.072254
4.09;31;131;257;100;52.905198776758404;6.6849713;-5.072254
4.1;31;130;257;100;52.803261977573904;6.6718144;-5.108108
4.11;31;130;257;100;52.803261977573904;6.6718144;-5.108108
4.12;31;130;257;100;52.803261977573904;6.6718144;-5.108108
4.13;31;130;257;100;52.803261977573904;6.6718144;-5.108108
4.14;31;129;257;100;52.701325178389396;6.6586075;-5.1441007
4.15;31;129;257;101;52.803261977573904;6.619691;-5.1602316
4.16;31;129;257;101;52.803261977573904;6.619691;-5.1602316
4.17;31;129;257;101;52.803261977573904;6.619691;-5.1602316
4.18;31;129;256;101;52.701325178389396;6.606383;-5.1441007
4.19;32;130;256;101;52.905198776758404;6.580925;-5.072254
4.2;32;130;256;101;52.905198776758404;6.580925;-5.072254
4.21;32;130;255;102;52.905198776758404;6.5289016;-5.072254
4.22;32;130;255;102;52.905198776758404;6.5289016;-5.072254
4.23;33;129;255;102;52.905198776758404;6.4768786;-5.072254
4.24;33;129;255;102;52.905198776758404;6.4768786;-5.072254
4.25;33;129;255;103;53.00713557594291;6.4384613;-5.0884614
4.26;33;128;255;103;52.905198776758404;6.4248557;-5.1242776
4.27;33;128;255;103;52.905198776758404;6.4248557;-5.1242776
4.28;33;128;255;103;52.905198776758404;6.4248557;-5.1242776
4.29;33;128;254;103;52.803261977573904;6.4111967;-5.108108
4.3;33;128;254;102;52.701325178389396;6.44971;-5.091876
4.31;33;129;254;102;52.803261977573904;6.4633203;-5.0559845
4.32;33;129;254;102;52.803261977573904;6.4633203;-5.0559845
4.33;32;129;255;102;52.803261977573904;6.515444;-5.108108
4.34;32;129;255;102;52.803261977573904;6.515444;-5.108108
4.35;32;129;255;102;52.803261977573904;6.515444;-5.108108
4.36;32;129;256;102;52.905198776758404;6.5289016;-5.1242776
4.37;32;129;256;102;52.905198776758404;6.5289016;-5.1242776
4.38;32;129;256;102;52.905198776758404;6.5289016;-5.1242776
4.39;32;129;257;102;53.00713557594291;6.542308;-5.1403847
4.4;32;129;257;102;53.00713557594291;6.542308;-5.1403847
4.41;31;129;257;101;52.803261977573904;6.619691;-5.1602316
4.42;31;129;257;101;52.803261977573904;6.619691;-5.1602316
4.43;31;129;258;101;52.905198776758404;6.632948;-5.1763005
4.44;31;129;258;101;52.905198776758404;6.632948;-5.1763005
4.45;31;130;258;100;52.905198776758404;6.6849713;-5.1242776
4.46;31;130;258;100;52.905198776758404;6.6849713;-5.1242776
4.47;31;130;257;100;52.803261977573904;6.6718144;-5.108108
4.48;31;131;257;99;52.803261977573904;6.723938;-5.0559845
4.49;31;132;257;99;52.905198776758404;6.7369943;-5.0202312
4.5;31;132;256;99;52.803261977573904;6.723938;-5.003861
4.51;31;133;256;99;52.905198776758404;6.7369943;-4.9682083
4.52;31;133;256;98;52.803261977573904;6.776062;-4.9517374
4.53;31;133;256;98;52.803261977573904;6.776062;-4.9517374
4.54;31;134;255;98;52.803261977573904;6.776062;-4.899614
4.55;31;134;255;98;52.803261977573904;6.776062;-4.899614
4.56;31;134;255;97;52.701325178389396;6.8152804;-4.882979
4.57;32;135;254;97;52.803261977573904;6.776062;-4.795367
4.58;32;135;254;97;52.803261977573904;6.776062;-4.795367
4.59;32;135;254;97;52.803261977573904;6.776062;-4.795367
4.6;32;135;254;97;52.803261977573904;6.776062;-4.795367
4.61;32;135;254;97;52.803261977573904;6.776062;-4.795367
4.62;32;135;254;97;52.803261977573904;6.776062;-4.795367
4.63;32;135;255;98;53.00713557594291;6.75;-4.828846
4.64;31;134;255;98;52.803261977573904;6.776062;-4.899614
4.65;31;134;255;98;52.803261977573904;6.776062;-4.899614
4.66;31;134;256;98;52.905198776758404;6.789017;-4.916185
4.67;31;134;256;98;52.905198776758404;6.789017;-4.916185
4.68;31;134;257;98;53.00713557594291;6.8019233;-4.9326925
4.69;31;133;258;98;53.00713557594291;6.8019233;-4.9846153
4.7;30;133;258;98;52.905198776758404;6.8410406;-5.0202312
4.71;30;133;258;98;52.905198776758404;6.8410406;-5.0202312
4.72;30;133;259;98;53.00713557594291;6.853846;-5.0365386
4.73;30;132;259;98;52.905198776758404;6.8410406;-5.072254
4.74;30;132;259;98;52.905198776758404;6.8410406;-5.072254
4.75;29;132;260;98;52.905198776758404;6.8930635;-5.1242776
4.76;29;132;260;98;52.905198776758404;6.8930635;-5.1242776
4.77;29;131;260;98;52.803261977573904;6.880309;-5.1602316
4.78;29;131;261;98;52.905198776758404;6.8930635;-5.1763005
4.79;29;131;261;98;52.905198776758404;6.8930635;-5.1763005
4.8;29;131;261;98;52.905198776758404;6.8930635;-5.1763005
4.81;29;131;261;98;52.905198776758404;6.8930635;-5.1763005
4.82;29;131;261;98;52.905198776758404;6.8930635;-5.1763005
4.83;28;131;261;98;52.803261977573904;6.9324327;-5.212355
4.84;28;130;262;98;52.803261977573904;6.9324327;-5.2644787
4.85;28;130;262;98;52.803261977573904;6.9324327;-5.2644787
4.86;28;131;262;98;52.905198776758404;6.9450865;-5.228324
4.87;28;131;262;98;52.905198776758404;6.9450865;-5.228324
4.88;28;131;262;98;52.905198776758404;6.9450865;-5.228324
4.89;28;131;262;98;52.905198776758404;6.9450865;-5.228324
4.9;28;131;262;98;52.905198776758404;6.9450865;-5.228324
4.91;28;131;262;98;52.905198776758404;6.9450865;-5.228324
4.92;28;131;262;97;52.803261977573904;6.984556;-5.212355
4.93;28;131;261;97;52.701325178389396;6.9719534;-5.196325
4.94;28;131;261;97;52.701325178389396;6.9719534;-5.196325
4.95;28;131;261;97;52.701325178389396;6.9719534;-5.196325
4.96;28;131;261;97;52.701325178389396;6.9719534;-5.196325
4.97;28;131;261;97;52.701325178389396;6.9719534;-5.196325
4.98;28;131;261;97;52.701325178389396;6.9719534;-5.196325
4.99;28;131;261;97;52.701325178389396;6.9719534;-5.196325
5.0;28;132;261;97;52.803261977573904;6.984556;-5.1602316
5.01;29;132;261;97;52.905198776758404;6.9450865;-5.1242776
5.02;29;132;261;97;52.905198776758404;6.9450865;-5.1242776
5.03;29;132;260;97;52.803261977573904;6.9324327;-5.108108
5.04;29;132;260;97;52.803261977573904;6.9324327;-5.108108
5.05;29;133;260;97;52.905198776758404;6.9450865;-5.072254
5.06;29;133;260;97;52.905198776758404;6.9450865;-5.072254
5.07;29;133;260;97;52.905198776758404;6.9450865;-5.072254
5.08;29;133;260;97;52.905198776758404;6.9450865;-5.072254
5.09;29;134;260;97;53.00713557594291;6.957692;-5.0365386
5.1;30;134;259;97;53.00713557594291;6.9057693;-4.9846153
5.11;30;134;259;97;53.00713557594291;6.9057693;-4.9846153
5.12;30;134;259;97;53.00713557594291;6.9057693;-4.9846153
5.13;30;135;259;97;53.10907237512742;6.918426;-4.9491363
5.14;30;135;258;97;53.00713557594291;6.9057693;-4.9326925
5.15;30;135;257;97;52.905198776758404;6.8930635;-4.916185
5.16;31;135;257;97;53.00713557594291;6.853846;-4.8807693
5.17;31;135;256;97;52.905198776758404;6.8410406;-4.864162
5.18;31;135;255;97;52.803261977573904;6.8281856;-4.8474903
5.19;31;136;255;97;52.905198776758404;6.8410406;-4.8121386
5.2;31;136;254;97;52.803261977573904;6.8281856;-4.795367
5.21;32;136;253;97;52.803261977573904;6.776062;-4.743243
5.22;32;136;253;97;52.803261977573904;6.776062;-4.743243
5.23;32;136;253;97;52.803261977573904;6.776062;-4.743243
5.24;32;136;253;97;52.803261977573904;6.776062;-4.743243
5.25;32;136;252;98;52.803261977573904;6.723938;-4.743243
5.26;32;136;252;98;52.803261977573904;6.723938;-4.743243
5.27;32;135;252;98;52.701325178389396;6.7108316;-4.77853
5.28;32;134;252;98;52.59938837920489;6.6976743;-4.8139534
5.29;32;134;253;99;52.803261977573904;6.6718144;-4.8474903
5.3;32;133;253;99;52.701325178389396;6.6586075;-4.882979
5.31;32;133;253;99;52.701325178389396;6.6586075;-4.882979
5.32;32;133;253;99;52.701325178389396;6.6586075;-4.882979
5.33;32;133;254;99;52.803261977573904;6.6718144;-4.899614
5.34;32;133;254;99;52.803261977573904;6.6718144;-4.899614
5.35;32;133;254;99;52.803261977573904;6.6718144;-4.899614
5.36;32;133;254;99;52.803261977573904;6.6718144;-4.899614
5.37;32;133;255;99;52.905198776758404;6.6849713;-4.916185
5.38;32;133;255;99;52.905198776758404;6.6849713;-4.916185
5.39;32;133;255;99;52.905198776758404;6.6849713;-4.916185
5.4;32;133;255;99;52.905198776758404;6.6849713;-4.916185
5.41;32;133;255;100;53.00713557594291;6.646154;-4.9326925
5.42;32;133;255;100;53.00713557594291;6.646154;-4.9326925
5.43;32;133;255;100;53.00713557594291;6.646154;-4.9326925
5.44;32;133;254;100;52.905198776758404;6.632948;-4.916185
5.45;33;133;254;100;53.00713557594291;6.5942307;-4.8807693
5.46;33;133;254;100;53.00713557594291;6.5942307;-4.8807693
5.47;33;133;254;100;53.00713557594291;6.5942307;-4.8807693
5.48;33;132;254;100;52.905198776758404;6.580925;-4.916185
5.49;33;132;254;100;52.905198776758404;6.580925;-4.916185
5.5;33;132;254;100;52.905198776758404;6.580925;-4.916185
5.51;32;131;254;101;52.803261977573904;6.5675673;-5.003861
5.52;32;130;254;101;52.701325178389396;6.5541587;-5.039652
5.53;32;129;254;101;52.59938837920489;6.5406976;-5.0755816
5.54;32;128;255;101;52.59938837920489;6.5406976;-5.127907
5.55;32;128;255;102;52.701325178389396;6.501934;-5.1441007
5.56;32;127;255;102;52.59938837920489;6.4883723;-5.1802325
5.57;32;127;256;103;52.803261977573904;6.4633203;-5.212355
5.58;32;127;256;103;52.803261977573904;6.4633203;-5.212355
5.59;32;126;256;103;52.701325178389396;6.44971;-5.2485495
5.6;32;126;256;104;52.803261977573904;6.4111967;-5.2644787
5.61;32;126;257;104;52.905198776758404;6.4248557;-5.280347
5.62;32;126;257;105;53.00713557594291;6.3865385;-5.296154
5.63;33;126;257;105;53.10907237512742;6.3483686;-5.260077
5.64;33;126;257;106;53.211009174311926;6.3103447;-5.275862
5.65;33;126;256;106;53.10907237512742;6.296545;-5.260077
5.66;34;126;256;106;53.211009174311926;6.2586207;-5.224138
5.67;34;126;255;106;53.10907237512742;6.244722;-5.2082534
5.68;34;125;255;107;53.10907237512742;6.1928983;-5.260077
5.69;34;125;254;107;53.00713557594291;6.1788464;-5.2442307
5.7;34;124;254;107;52.905198776758404;6.16474;-5.280347
5.71;34;124;253;107;52.803261977573904;6.150579;-5.2644787
5.72;34;123;253;107;52.701325178389396;6.1363635;-5.3007736
5.73;34;123;252;108;52.701325178389396;6.0841393;-5.3007736
5.74;34;122;252;108;52.59938837920489;6.0697675;-5.337209
5.75;34;122;252;108;52.59938837920489;6.0697675;-5.337209
5.76;34;122;252;108;52.59938837920489;6.0697675;-5.337209
5.77;35;122;252;109;52.803261977573904;5.9942083;-5.316602
5.78;35;121;252;109;52.701325178389396;5.9796906;-5.3529983
5.79;35;121;252;109;52.701325178389396;5.9796906;-5.3529983
5.8;35;121;252;110;52.803261977573904;5.942085;-5.368726
5.81;35;121;252;110;52.803261977573904;5.942085;-5.368726
5.82;35;121;252;110;52.803261977573904;5.942085;-5.368726
5.83;35;121;252;110;52.803261977573904;5.942085;-5.368726
5.84;36;121;252;110;52.905198776758404;5.9046245;-5.33237
5.85;36;121;252;110;52.905198776758404;5.9046245;-5.33237
5.86;36;121;252;111;53.00713557594291;5.8673077;-5.348077
5.87;36;121;251;111;52.905198776758404;5.852601;-5.33237
5.88;36;121;251;111;52.905198776758404;5.852601;-5.33237
5.89;36;121;251;111;52.905198776758404;5.852601;-5.33237
5.9;36;122;251;110;52.905198776758404;5.9046245;-5.280347
5.91;36;122;250;110;52.803261977573904;5.8899612;-5.2644787
5.92;36;123;250;110;52.905198776758404;5.9046245;-5.228324
5.93;37;123;249;109;52.803261977573904;5.8899612;-5.1602316
5.94;37;123;249;109;52.803261977573904;5.8899612;-5.1602316
5.95;37;124;248;109;52.803261977573904;5.8899612;-5.108108
5.96;36;124;248;109;52.701325178389396;5.927466;-5.1441007
5.97;36;124;249;108;52.701325178389396;5.9796906;-5.1441007
5.98;36;124;249;108;52.701325178389396;5.9796906;-5.1441007
5.99;36;124;249;108;52.701325178389396;5.9796906;-5.1441007
6.0;36;124;249;108;52.701325178389396;5.9796906;-5.1441007
6.01;36;124;249;108;52.701325178389396;5.9796906;-5.1441007
6.02;36;124;249;108;52.701325178389396;5.9796906;-5.1441007
6.03;36;125;249;108;52.803261977573904;5.9942083;-5.108108
6.04;36;125;249;108;52.803261977573904;5.9942083;-5.108108
6.05;36;125;250;108;52.905198776758404;6.0086703;-5.1242776
6.06;36;125;250;108;52.905198776758404;6.0086703;-5.1242776
6.07;36;125;250;108;52.905198776758404;6.0086703;-5.1242776
6.08;36;125;250;108;52.905198776758404;6.0086703;-5.1242776
6.09;36;125;250;108;52.905198776758404;6.0086703;-5.1242776
6.1;36;125;250;108;52.905198776758404;6.0086703;-5.1242776
6.11;36;125;250;108;52.905198776758404;6.0086703;-5.1242776
6.12;36;125;250;108;52.905198776758404;6.0086703;-5.1242776
6.13;36;125;249;107;52.701325178389396;6.0319147;-5.091876
6.14;36;126;249;107;52.803261977573904;6.046332;-5.0559845
6.15;36;126;249;107;52.803261977573904;6.046332;-5.0559845
6.16;36;126;249;107;52.803261977573904;6.046332;-5.0559845
6.17;36;126;249;107;52.803261977573904;6.046332;-5.0559845
6.18;36;127;248;107;52.803261977573904;6.046332;-5.003861
6.19;36;127;248;106;52.701325178389396;6.0841393;-4.987427
6.2;36;127;248;106;52.701325178389396;6.0841393;-4.987427
6.21;36;127;248;106;52.701325178389396;6.0841393;-4.987427
6.22;36;127;248;106;52.701325178389396;6.0841393;-4.987427
6.23;36;127;248;105;52.59938837920489;6.122093;-4.97093
6.24;36;128;248;105;52.701325178389396;6.1363635;-4.935203
6.25;36;128;248;105;52.701325178389396;6.1363635;-4.935203
6.26;36;128;249;105;52.803261977573904;6.150579;-4.9517374
6.27;36;128;249;105;52.803261977573904;6.150579;-4.9517374
6.28;35;128;249;104;52.59938837920489;6.226744;-4.97093
6.29;35;129;249;104;52.701325178389396;6.2408123;-4.935203
6.3;35;129;250;104;52.803261977573904;6.254826;-4.9517374
6.31;35;130;250;104;52.905198776758404;6.268786;-4.916185
6.32;36;130;250;104;53.00713557594291;6.230769;-4.8807693
6.33;36;130;250;104;53.00713557594291;6.230769;-4.8807693
6.34;36;131;250;104;53.10907237512742;6.244722;-4.8454895
6.35;36;131;250;104;53.10907237512742;6.244722;-4.8454895
6.36;36;131;250;104;53.10907237512742;6.244722;-4.8454895
6.37;36;131;250;104;53.10907237512742;6.244722;-4.8454895
6.38;36;131;250;104;53.10907237512742;6.244722;-4.8454895
6.39;36;131;250;103;53.00713557594291;6.2826924;-4.828846
6.4;36;131;249;103;52.905198776758404;6.268786;-4.8121386
6.41;36;131;249;103;52.905198776758404;6.268786;-4.8121386
6.42;36;131;249;103;52.905198776758404;6.268786;-4.8121386
6.43;36;131;249;103;52.905198776758404;6.268786;-4.8121386
6.44;36;131;249;103;52.905198776758404;6.268786;-4.8121386
6.45;36;131;248;103;52.803261977573904;6.254826;-4.795367
6.46;36;131;248;103;52.803261977573904;6.254826;-4.795367
6.47;36;131;248;103;52.803261977573904;6.254826;-4.795367
6.48;36;131;247;102;52.59938837920489;6.27907;-4.7616277
6.49;36;131;247;102;52.59938837920489;6.27907;-4.7616277
6.5;36;131;247;102;52.59938837920489;6.27907;-4.7616277
6.51;36;131;247;102;52.59938837920489;6.27907;-4.7616277
6.52;36;132;248;102;52.803261977573904;6.3069496;-4.743243
6.53;35;132;248;102;52.701325178389396;6.345261;-4.77853
6.54;35;132;248;102;52.701325178389396;6.345261;-4.77853
6.55;35;132;248;102;52.701325178389396;6.345261;-4.77853
6.56;35;132;249;102;52.803261977573904;6.359073;-4.795367
6.57;35;132;249;102;52.803261977573904;6.359073;-4.795367
6.58;35;132;249;101;52.701325178389396;6.3974853;-4.77853
6.59;35;132;250;101;52.803261977573904;6.4111967;-4.795367
6.6;34;133;250;101;52.803261977573904;6.4633203;-4.795367
6.61;34;133;250;101;52.803261977573904;6.4633203;-4.795367
6.62;34;133;251;101;52.905198776758404;6.4768786;-4.8121386
6.63;34;133;251;101;52.905198776758404;6.4768786;-4.8121386
6.64;34;133;251;101;52.905198776758404;6.4768786;-4.8121386
6.65;34;133;252;101;53.00713557594291;6.4903846;-4.828846
6.66;34;133;253;101;53.10907237512742;6.5038385;-4.8454895
6.67;33;133;253;101;53.00713557594291;6.542308;-4.8807693
6.68;33;133;254;100;53.00713557594291;6.5942307;-4.8807693
6.69;33;133;254;100;53.00713557594291;6.5942307;-4.8807693
6.7;33;133;254;100;53.00713557594291;6.5942307;-4.8807693
6.71;33;133;254;100;53.00713557594291;6.5942307;-4.8807693
6.72;33;133;254;100;53.00713557594291;6.5942307;-4.8807693
6.73;33;133;254;100;53.00713557594291;6.5942307;-4.8807693
6.74;33;133;254;100;53.00713557594291;6.5942307;-4.8807693
6.75;33;133;254;100;53.00713557594291;6.5942307;-4.8807693
6.76;33;133;254;100;53.00713557594291;6.5942307;-4.8807693
6.77;32;133;254;100;52.905198776758404;6.632948;-4.916185
6.78;32;133;254;100;52.905198776758404;6.632948;-4.916185
6.79;32;133;254;100;52.905198776758404;6.632948;-4.916185
6.8;32;133;254;100;52.905198776758404;6.632948;-4.916185
6.81;32;133;254;100;52.905198776758404;6.632948;-4.916185
6.82;32;133;254;99;52.803261977573904;6.6718144;-4.899614
6.83;32;133;254;99;52.803261977573904;6.6718144;-4.899614
6.84;32;133;254;99;52.803261977573904;6.6718144;-4.899614
6.85;32;133;255;99;52.905198776758404;6.6849713;-4.916185
6.86;32;133;255;99;52.905198776758404;6.6849713;-4.916185
6.87;32;133;255;99;52.905198776758404;6.6849713;-4.916185
6.88;32;133;255;99;52.905198776758404;6.6849713;-4.916185
6.89;31;133;255;99;52.803261977573904;6.723938;-4.9517374
6.9;31;133;255;99;52.803261977573904;6.723938;-4.9517374
6.91;31;133;256;98;52.803261977573904;6.776062;-4.9517374
6.92;31;133;256;98;52.803261977573904;6.776062;-4.9517374
6.93;31;132;256;98;52.701325178389396;6.7630563;-4.987427
6.94;31;132;257;98;52.803261977573904;6.776062;-5.003861
6.95;30;132;257;98;52.701325178389396;6.8152804;-5.039652
6.96;30;132;258;98;52.803261977573904;6.8281856;-5.0559845
6.97;30;132;259;98;52.905198776758404;6.8410406;-5.072254
6.98;30;131;259;98;52.803261977573904;6.8281856;-5.108108
6.99;29;131;260;98;52.803261977573904;6.880309;-5.1602316
7.0;29;131;260;98;52.803261977573904;6.880309;-5.1602316
7.01;29;131;261;98;52.905198776758404;6.8930635;-5.1763005
7.02;29;131;261;98;52.905198776758404;6.8930635;-5.1763005
7.03;29;131;261;98;52.905198776758404;6.8930635;-5.1763005
7.04;29;131;261;98;52.905198776758404;6.8930635;-5.1763005
7.05;29;131;261;98;52.905198776758404;6.8930635;-5.1763005
7.06;29;131;261;98;52.905198776758404;6.8930635;-5.1763005
7.07;29;132;261;98;53.00713557594291;6.9057693;-5.1403847
7.08;29;132;261;98;53.00713557594291;6.9057693;-5.1403847
7.09;29;132;261;98;53.00713557594291;6.9057693;-5.1403847
7.1;29;132;260;98;52.905198776758404;6.8930635;-5.1242776
7.11;30;132;260;98;53.00713557594291;6.853846;-5.0884614
7.12;30;132;259;98;52.905198776758404;6.8410406;-5.072254
7.13;30;132;258;98;52.803261977573904;6.8281856;-5.0559845
7.14;30;132;258;98;52.803261977573904;6.8281856;-5.0559845
7.15;30;133;257;98;52.803261977573904;6.8281856;-5.003861
7.16;30;133;257;98;52.803261977573904;6.8281856;-5.003861
7.17;30;133;257;98;52.803261977573904;6.8281856;-5.003861
7.18;31;133;256;98;52.803261977573904;6.776062;-4.9517374
7.19;31;134;256;97;52.803261977573904;6.8281856;-4.899614
7.2;31;134;256;97;52.803261977573904;6.8281856;-4.899614
7.21;31;134;255;97;52.701325178389396;6.8152804;-4.882979
7.22;31;134;255;97;52.701325178389396;6.8152804;-4.882979
7.23;31;135;255;97;52.803261977573904;6.8281856;-4.8474903
7.24;31;135;255;97;52.803261977573904;6.8281856;-4.8474903
7.25;32;135;254;97;52.803261977573904;6.776062;-4.795367
7.26;32;136;254;97;52.905198776758404;6.789017;-4.7601156
7.27;32;136;254;97;52.905198776758404;6.789017;-4.7601156
7.28;32;137;254;97;53.00713557594291;6.8019233;-4.725
7.29;32;138;254;97;53.10907237512742;6.8147793;-4.690019
7.3;32;138;254;96;53.00713557594291;6.853846;-4.673077
7.31;32;139;253;96;53.00713557594291;6.853846;-4.621154
7.32;32;139;253;96;53.00713557594291;6.853846;-4.621154
7.33;32;140;253;95;53.00713557594291;6.9057693;-4.5692306
7.34;32;140;253;95;53.00713557594291;6.9057693;-4.5692306
7.35;32;140;253;95;53.00713557594291;6.9057693;-4.5692306
7.36;32;141;252;94;52.905198776758404;6.9450865;-4.5
7.37;32;141;252;94;52.905198776758404;6.9450865;-4.5
7.38;32;141;251;94;52.803261977573904;6.9324327;-4.4826255
7.39;32;141;251;93;52.701325178389396;6.9719534;-4.4651837
7.4;32;142;250;93;52.701325178389396;6.9719534;-4.4129596
7.41;33;142;250;93;52.803261977573904;6.9324327;-4.3783784
7.42;33;142;250;93;52.803261977573904;6.9324327;-4.3783784
7.43;33;142;249;93;52.701325178389396;6.919729;-4.360735
7.44;33;142;249;93;52.701325178389396;6.919729;-4.360735
7.45;33;142;249;93;52.701325178389396;6.919729;-4.360735
7.46;33;143;249;93;52.803261977573904;6.9324327;-4.326255
7.47;33;143;249;93;52.803261977573904;6.9324327;-4.326255
7.48;33;143;249;93;52.803261977573904;6.9324327;-4.326255
7.49;33;143;249;93;52.803261977573904;6.9324327;-4.326255
7.5;33;143;250;93;52.905198776758404;6.9450865;-4.3439307
7.51;33;143;250;93;52.905198776758404;6.9450865;-4.3439307
7.52;33;144;250;93;53.00713557594291;6.957692;-4.3096156
7.53;33;144;250;93;53.00713557594291;6.957692;-4.3096156
7.54;33;144;250;93;53.00713557594291;6.957692;-4.3096156
7.55;33;143;250;93;52.905198776758404;6.9450865;-4.3439307
7.56;33;143;250;93;52.905198776758404;6.9450865;-4.3439307
7.57;33;143;249;93;52.803261977573904;6.9324327;-4.326255
7.58;33;144;249;93;52.905198776758404;6.9450865;-4.2919073
7.59;33;144;248;93;52.803261977573904;6.9324327;-4.2741313
7.6;33;144;248;93;52.803261977573904;6.9324327;-4.2741313
7.61;34;144;248;93;52.905198776758404;6.8930635;-4.2398844
7.62;34;143;248;93;52.803261977573904;6.880309;-4.2741313
7.63;34;143;247;93;52.701325178389396;6.867505;-4.256286
7.64;34;143;247;93;52.701325178389396;6.867505;-4.256286
7.65;34;143;247;93;52.701325178389396;6.867505;-4.256286
7.66;34;144;247;93;52.803261977573904;6.880309;-4.2220078
7.67;34;144;246;92;52.59938837920489;6.9069767;-4.1860466
7.68;34;144;246;92;52.59938837920489;6.9069767;-4.1860466
7.69;34;144;246;92;52.59938837920489;6.9069767;-4.1860466
7.7;34;145;246;92;52.701325178389396;6.919729;-4.1518373
7.71;35;145;246;93;52.905198776758404;6.8410406;-4.135838
7.72;35;145;246;93;52.905198776758404;6.8410406;-4.135838
7.73;35;145;246;93;52.905198776758404;6.8410406;-4.135838
7.74;35;145;246;93;52.905198776758404;6.8410406;-4.135838
7.75;35;145;246;93;52.905198776758404;6.8410406;-4.135838
7.76;35;146;246;93;53.00713557594291;6.853846;-4.101923
7.77;35;146;246;93;53.00713557594291;6.853846;-4.101923
7.78;35;146;246;93;53.00713557594291;6.853846;-4.101923
7.79;35;146;246;93;53.00713557594291;6.853846;-4.101923
7.8;35;145;246;93;52.905198776758404;6.8410406;-4.135838
7.81;35;145;246;93;52.905198776758404;6.8410406;-4.135838
7.82;35;145;246;93;52.905198776758404;6.8410406;-4.135838
7.83;35;145;246;93;52.905198776758404;6.8410406;-4.135838
7.84;35;145;246;93;52.905198776758404;6.8410406;-4.135838
7.85;35;145;246;93;52.905198776758404;6.8410406;-4.135838
7.86;35;144;245;93;52.701325178389396;6.8152804;-4.1518373
7.87;35;144;245;93;52.701325178389396;6.8152804;-4.1518373
7.88;35;144;245;93;52.701325178389396;6.8152804;-4.1518373
7.89;35;144;245;93;52.701325178389396;6.8152804;-4.1518373
7.9;35;144;246;93;52.803261977573904;6.8281856;-4.169884
7.91;35;144;246;93;52.803261977573904;6.8281856;-4.169884
7.92;35;144;246;93;52.803261977573904;6.8281856;-4.169884
7.93;35;144;246;93;52.803261977573904;6.8281856;-4.169884
7.94;35;144;246;93;52.803261977573904;6.8281856;-4.169884
7.95;35;144;246;93;52.803261977573904;6.8281856;-4.169884
7.96;35;144;245;93;52.701325178389396;6.8152804;-4.1518373
7.97;35;144;245;93;52.701325178389396;6.8152804;-4.1518373
7.98;35;144;245;93;52.701325178389396;6.8152804;-4.1518373
7.99;35;144;245;93;52.701325178389396;6.8152804;-4.1518373
8.0;35;145;245;93;52.803261977573904;6.8281856;-4.1177607
8.01;35;145;245;93;52.803261977573904;6.8281856;-4.1177607
8.02;35;145;245;93;52.803261977573904;6.8281856;-4.1177607
8.03;35;145;245;93;52.803261977573904;6.8281856;-4.1177607
8.04;35;145;245;93;52.803261977573904;6.8281856;-4.1177607
8.05;35;145;245;93;52.803261977573904;6.8281856;-4.1177607
8.06;35;145;245;93;52.803261977573904;6.8281856;-4.1177607
8.07;35;145;245;93;52.803261977573904;6.8281856;-4.1177607
8.08;35;145;245;93;52.803261977573904;6.8281856;-4.1177607
8.09;35;145;245;93;52.803261977573904;6.8281856;-4.1177607
8.1;35;145;245;93;52.803261977573904;6.8281856;-4.1177607
8.11;35;145;244;93;52.701325178389396;6.8152804;-4.099613
8.12;36;145;244;93;52.803261977573904;6.776062;-4.065637
8.13;36;145;244;93;52.803261977573904;6.776062;-4.065637
8.14;36;145;244;93;52.803261977573904;6.776062;-4.065637
8.15;36;145;243;93;52.701325178389396;6.7630563;-4.0473886
8.16;36;145;243;93;52.701325178389396;6.7630563;-4.0473886
8.17;36;145;243;93;52.701325178389396;6.7630563;-4.0473886
8.18;36;145;243;93;52.701325178389396;6.7630563;-4.0473886
8.19;36;145;243;93;52.701325178389396;6.7630563;-4.0473886
8.2;36;145;243;93;52.701325178389396;6.7630563;-4.0473886
8.21;36;145;243;94;52.803261977573904;6.723938;-4.065637
8.22;36;145;243;94;52.803261977573904;6.723938;-4.065637
8.23;36;144;243;94;52.701325178389396;6.7108316;-4.099613
8.24;36;144;244;94;52.803261977573904;6.723938;-4.1177607
8.25;36;144;244;94;52.803261977573904;6.723938;-4.1177607
8.26;36;144;245;94;52.905198776758404;6.7369943;-4.135838
8.27;35;144;245;94;52.803261977573904;6.776062;-4.169884
8.28;35;143;246;94;52.803261977573904;6.776062;-4.2220078
8.29;35;143;247;94;52.905198776758404;6.789017;-4.2398844
8.3;35;142;247;94;52.803261977573904;6.776062;-4.2741313
8.31;34;142;248;94;52.803261977573904;6.8281856;-4.326255
8.32;34;142;249;94;52.905198776758404;6.8410406;-4.3439307
8.33;34;141;249;94;52.803261977573904;6.8281856;-4.3783784
8.34;34;141;249;94;52.803261977573904;6.8281856;-4.3783784
8.35;33;141;250;94;52.803261977573904;6.880309;-4.430502
8.36;33;141;250;94;52.803261977573904;6.880309;-4.430502
8.37;33;141;250;94;52.803261977573904;6.880309;-4.430502
8.38;33;140;251;94;52.803261977573904;6.880309;-4.4826255
8.39;33;140;251;94;52.803261977573904;6.880309;-4.4826255
8.4;33;140;251;94;52.803261977573904;6.880309;-4.4826255
8.41;32;140;252;94;52.803261977573904;6.9324327;-4.534749
8.42;32;140;252;94;52.803261977573904;6.9324327;-4.534749
8.43;32;139;252;94;52.701325178389396;6.919729;-4.5696325
8.44;32;139;252;94;52.701325178389396;6.919729;-4.5696325
8.45;32;139;252;94;52.701325178389396;6.919729;-4.5696325
8.46;32;140;252;94;52.803261977573904;6.9324327;-4.534749
8.47;32;140;252;94;52.803261977573904;6.9324327;-4.534749
8.48;33;140;252;94;52.905198776758404;6.8930635;-4.5
8.49;33;140;251;95;52.905198776758404;6.8410406;-4.5
8.5;33;140;251;95;52.905198776758404;6.8410406;-4.5
8.51;33;140;251;95;52.905198776758404;6.8410406;-4.5
8.52;33;140;251;95;52.905198776758404;6.8410406;-4.5
8.53;33;140;250;95;52.803261977573904;6.8281856;-4.4826255
8.54;33;140;250;95;52.803261977573904;6.8281856;-4.4826255
8.55;33;140;250;95;52.803261977573904;6.8281856;-4.4826255
8.56;33;140;250;95;52.803261977573904;6.8281856;-4.4826255
8.57;33;140;250;95;52.803261977573904;6.8281856;-4.4826255
8.58;33;140;250;95;52.803261977573904;6.8281856;-4.4826255
8.59;33;140;250;95;52.803261977573904;6.8281856;-4.4826255
8.6;33;139;251;95;52.803261977573904;6.8281856;-4.534749
8.61;33;139;251;95;52.803261977573904;6.8281856;-4.534749
8.62;33;139;251;95;52.803261977573904;6.8281856;-4.534749
8.63;33;139;251;95;52.803261977573904;6.8281856;-4.534749
8.64;33;139;251;96;52.905198776758404;6.789017;-4.552023
8.65;33;139;251;96;52.905198776758404;6.789017;-4.552023
8.66;33;139;250;96;52.803261977573904;6.776062;-4.534749
8.67;33;139;250;96;52.803261977573904;6.776062;-4.534749
8.68;33;138;251;96;52.803261977573904;6.776062;-4.5868726
8.69;33;138;251;96;52.803261977573904;6.776062;-4.5868726
8.7;33;137;251;97;52.803261977573904;6.723938;-4.638996
8.71;33;137;251;97;52.803261977573904;6.723938;-4.638996
8.72;33;137;251;97;52.803261977573904;6.723938;-4.638996
8.73;33;137;251;97;52.803261977573904;6.723938;-4.638996
8.74;33;137;251;97;52.803261977573904;6.723938;-4.638996
8.75;33;137;251;97;52.803261977573904;6.723938;-4.638996
8.76;33;137;251;97;52.803261977573904;6.723938;-4.638996
8.77;33;137;252;97;52.905198776758404;6.7369943;-4.6560693
8.78;33;137;252;97;52.905198776758404;6.7369943;-4.6560693
8.79;33;137;253;97;53.00713557594291;6.75;-4.673077
8.8;32;137;253;97;52.905198776758404;6.789017;-4.7080927
8.81;32;137;253;97;52.905198776758404;6.789017;-4.7080927
8.82;32;137;254;97;53.00713557594291;6.8019233;-4.725
8.83;32;137;254;97;53.00713557594291;6.8019233;-4.725
8.84;32;136;254;97;52.905198776758404;6.789017;-4.7601156
8.85;32;136;254;97;52.905198776758404;6.789017;-4.7601156
8.86;32;136;254;97;52.905198776758404;6.789017;-4.7601156
8.87;32;136;254;97;52.905198776758404;6.789017;-4.7601156
8.88;32;136;254;97;52.905198776758404;6.789017;-4.7601156
8.89;32;136;254;97;52.905198776758404;6.789017;-4.7601156
8.9;32;136;253;97;52.803261977573904;6.776062;-4.743243
8.91;32;136;253;97;52.803261977573904;6.776062;-4.743243
8.92;32;135;253;97;52.701325178389396;6.7630563;-4.77853
8.93;32;135;253;97;52.701325178389396;6.7630563;-4.77853
8.94;32;135;253;97;52.701325178389396;6.7630563;-4.77853
8.95;32;135;253;97;52.701325178389396;6.7630563;-4.77853
8.96;32;136;254;97;52.905198776758404;6.789017;-4.7601156
8.97;32;136;254;97;52.905198776758404;6.789017;-4.7601156
8.98;32;136;254;97;52.905198776758404;6.789017;-4.7601156
8.99;32;136;254;97;52.905198776758404;6.789017;-4.7601156
9.0;32;136;254;97;52.905198776758404;6.789017;-4.7601156
9.01;32;136;255;97;53.00713557594291;6.8019233;-4.776923
9.02;32;136;255;97;53.00713557594291;6.8019233;-4.776923
9.03;32;136;255;97;53.00713557594291;6.8019233;-4.776923
9.04;32;136;255;97;53.00713557594291;6.8019233;-4.776923
9.05;32;136;255;97;53.00713557594291;6.8019233;-4.776923
9.06;32;136;255;97;53.00713557594291;6.8019233;-4.776923
9.07;32;136;255;97;53.00713557594291;6.8019233;-4.776923
9.08;32;136;255;97;53.00713557594291;6.8019233;-4.776923
9.09;32;136;255;97;53.00713557594291;6.8019233;-4.776923
9.1;32;136;255;97;53.00713557594291;6.8019233;-4.776923
9.11;32;136;254;97;52.905198776758404;6.789017;-4.7601156
9.12;32;136;254;96;52.803261977573904;6.8281856;-4.743243
9.13;32;136;254;96;52.803261977573904;6.8281856;-4.743243
9.14;32;136;254;96;52.803261977573904;6.8281856;-4.743243
9.15;32;136;254;96;52.803261977573904;6.8281856;-4.743243
9.16;32;136;253;96;52.701325178389396;6.8152804;-4.7263055
9.17;32;136;253;96;52.701325178389396;6.8152804;-4.7263055
9.18;32;136;253;96;52.701325178389396;6.8152804;-4.7263055
9.19;32;137;253;96;52.803261977573904;6.8281856;-4.6911197
9.2;32;137;253;96;52.803261977573904;6.8281856;-4.6911197
9.21;32;137;253;96;52.803261977573904;6.8281856;-4.6911197
9.22;32;137;253;96;52.803261977573904;6.8281856;-4.6911197
9.23;32;138;253;96;52.905198776758404;6.8410406;-4.6560693
9.24;32;138;253;96;52.905198776758404;6.8410406;-4.6560693
9.25;32;138;253;96;52.905198776758404;6.8410406;-4.6560693
9.26;32;139;253;95;52.905198776758404;6.8930635;-4.6040463
9.27;32;139;253;95;52.905198776758404;6.8930635;-4.6040463
9.28;33;139;253;95;53.00713557594291;6.853846;-4.5692306
9.29;33;139;252;95;52.905198776758404;6.8410406;-4.552023
9.3;33;139;252;95;52.905198776758404;6.8410406;-4.552023
9.31;33;140;252;95;53.00713557594291;6.853846;-4.5173078
9.32;33;140;252;95;53.00713557594291;6.853846;-4.5173078
9.33;33;140;251;95;52.905198776758404;6.8410406;-4.5
9.34;33;140;251;95;52.905198776758404;6.8410406;-4.5
9.35;33;140;250;95;52.803261977573904;6.8281856;-4.4826255
9.36;33;140;250;95;52.803261977573904;6.8281856;-4.4826255
9.37;33;140;250;95;52.803261977573904;6.8281856;-4.4826255
9.38;33;140;250;94;52.701325178389396;6.867505;-4.4651837
9.39;33;140;250;94;52.701325178389396;6.867505;-4.4651837
9.4;33;140;250;94;52.701325178389396;6.867505;-4.4651837
9.41;33;141;250;94;52.803261977573904;6.880309;-4.430502
9.42;33;141;250;94;52.803261977573904;6.880309;-4.430502
9.43;33;141;250;94;52.803261977573904;6.880309;-4.430502
9.44;33;141;250;94;52.803261977573904;6.880309;-4.430502
9.45;33;142;250;94;52.905198776758404;6.8930635;-4.3959537
9.46;33;142;250;94;52.905198776758404;6.8930635;-4.3959537
9.47;33;142;250;94;52.905198776758404;6.8930635;-4.3959537
9.48;33;142;250;93;52.803261977573904;6.9324327;-4.3783784
9.49;33;143;250;93;52.905198776758404;6.9450865;-4.3439307
9.5;33;143;250;93;52.905198776758404;6.9450865;-4.3439307
9.51;33;143;250;93;52.905198776758404;6.9450865;-4.3439307
9.52;33;143;250;92;52.803261977573904;6.984556;-4.326255
9.53;32;144;250;92;52.803261977573904;7.0366797;-4.326255
9.54;32;144;251;92;52.905198776758404;7.049133;-4.3439307
9.55;32;144;251;92;52.905198776758404;7.049133;-4.3439307
9.56;32;144;251;92;52.905198776758404;7.049133;-4.3439307
9.57;32;145;251;91;52.905198776758404;7.101156;-4.2919073
9.58;32;145;251;91;52.905198776758404;7.101156;-4.2919073
9.59;32;145;251;91;52.905198776758404;7.101156;-4.2919073
9.6;32;145;251;91;52.905198776758404;7.101156;-4.2919073
9.61;32;145;251;91;52.905198776758404;7.101156;-4.2919073
9.62;32;146;251;90;52.905198776758404;7.153179;-4.2398844
9.63;32;146;250;90;52.803261977573904;7.140927;-4.2220078
9.64;32;146;250;90;52.803261977573904;7.140927;-4.2220078
9.65;32;146;250;90;52.803261977573904;7.140927;-4.2220078
9.66;32;146;250;90;52.803261977573904;7.140927;-4.2220078
9.67;32;146;250;90;52.803261977573904;7.140927;-4.2220078
9.68;32;146;250;90;52.803261977573904;7.140927;-4.2220078
9.69;32;146;250;90;52.803261977573904;7.140927;-4.2220078
9.7;32;146;249;90;52.701325178389396;7.128627;-4.204062
9.71;32;146;249;90;52.701325178389396;7.128627;-4.204062
9.72;32;146;249;90;52.701325178389396;7.128627;-4.204062
9.73;32;146;249;90;52.701325178389396;7.128627;-4.204062
9.74;32;146;249;90;52.701325178389396;7.128627;-4.204062
9.75;32;146;249;90;52.701325178389396;7.128627;-4.204062
9.76;32;146;249;90;52.701325178389396;7.128627;-4.204062
9.77;32;146;249;91;52.803261977573904;7.0888033;-4.2220078
9.78;33;146;249;91;52.905198776758404;7.049133;-4.1878614
9.79;33;146;249;91;52.905198776758404;7.049133;-4.1878614
9.8;33;146;249;91;52.905198776758404;7.049133;-4.1878614
9.81;33;146;249;91;52.905198776758404;7.049133;-4.1878614
9.82;33;146;249;91;52.905198776758404;7.049133;-4.1878614
9.83;33;146;249;91;52.905198776758404;7.049133;-4.1878614
9.84;33;146;248;91;52.803261977573904;7.0366797;-4.169884
9.85;33;146;248;91;52.803261977573904;7.0366797;-4.169884
9.86;34;146;248;91;52.905198776758404;6.99711;-4.135838
9.87;34;146;247;92;52.905198776758404;6.9450865;-4.135838
9.88;34;146;247;92;52.905198776758404;6.9450865;-4.135838
9.89;34;146;247;92;52.905198776758404;6.9450865;-4.135838
9.9;34;146;247;92;52.905198776758404;6.9450865;-4.135838
9.91;35;146;246;92;52.905198776758404;6.8930635;-4.083815
9.92;35;146;246;93;53.00713557594291;6.853846;-4.101923
9.93;35;145;246;93;52.905198776758404;6.8410406;-4.135838
9.94;35;145;245;93;52.803261977573904;6.8281856;-4.1177607
9.95;35;145;245;93;52.803261977573904;6.8281856;-4.1177607
9.96;35;145;245;93;52.803261977573904;6.8281856;-4.1177607
9.97;35;145;245;93;52.803261977573904;6.8281856;-4.1177607
9.98;35;145;245;93;52.803261977573904;6.8281856;-4.1177607
9.99;35;144;245;93;52.701325178389396;6.8152804;-4.1518373
10.0;35;144;245;93;52.701325178389396;6.8152804;-4.1518373
10.01;35;144;245;93;52.701325178389396;6.8152804;-4.1518373
10.02;35;144;245;93;52.701325178389396;6.8152804;-4.1518373
10.03;35;144;245;93;52.701325178389396;6.8152804;-4.1518373
10.04;35;144;245;93;52.701325178389396;6.8152804;-4.1518373
10.05;35;144;245;93;52.701325178389396;6.8152804;-4.1518373
10.06;35;144;245;93;52.701325178389396;6.8152804;-4.1518373
10.07;35;144;245;93;52.701325178389396;6.8152804;-4.1518373
10.08;35;144;245;93;52.701325178389396;6.8152804;-4.1518373
10.09;35;144;245;93;52.701325178389396;6.8152804;-4.1518373
10.1;35;144;245;93;52.701325178389396;6.8152804;-4.1518373
10.11;35;144;245;93;52.701325178389396;6.8152804;-4.1518373
10.12;35;144;245;93;52.701325178389396;6.8152804;-4.1518373
10.13;35;144;246;94;52.905198776758404;6.789017;-4.1878614
10.14;35;144;246;94;52.905198776758404;6.789017;-4.1878614
10.15;35;144;246;94;52.905198776758404;6.789017;-4.1878614
10.16;35;144;246;94;52.905198776758404;6.789017;-4.1878614
10.17;35;144;246;94;52.905198776758404;6.789017;-4.1878614
10.18;35;144;246;94;52.905198776758404;6.789017;-4.1878614
10.19;35;145;246;94;53.00713557594291;6.8019233;-4.1538463
10.2;35;145;246;93;52.905198776758404;6.8410406;-4.135838
10.21;35;145;245;93;52.803261977573904;6.8281856;-4.1177607
10.22;35;145;245;93;52.803261977573904;6.8281856;-4.1177607
10.23;35;145;245;93;52.803261977573904;6.8281856;-4.1177607
10.24;36;145;245;93;52.905198776758404;6.789017;-4.083815
10.25;36;145;244;93;52.803261977573904;6.776062;-4.065637
10.26;36;145;244;93;52.803261977573904;6.776062;-4.065637
10.27;36;145;244;93;52.803261977573904;6.776062;-4.065637
10.28;36;145;243;93;52.701325178389396;6.7630563;-4.0473886
10.29;36;145;243;93;52.701325178389396;6.7630563;-4.0473886
10.3;36;146;243;93;52.803261977573904;6.776062;-4.0135136
10.31;36;146;243;93;52.803261977573904;6.776062;-4.0135136
10.32;36;146;243;93;52.803261977573904;6.776062;-4.0135136
10.33;36;146;244;93;52.905198776758404;6.789017;-4.0317917
10.34;36;146;244;93;52.905198776758404;6.789017;-4.0317917
10.35;36;146;244;93;52.905198776758404;6.789017;-4.0317917
10.36;36;147;244;93;53.00713557594291;6.8019233;-3.998077
10.37;36;147;244;92;52.905198776758404;6.8410406;-3.9797688
10.38;36;147;244;92;52.905198776758404;6.8410406;-3.9797688
10.39;36;147;244;92;52.905198776758404;6.8410406;-3.9797688
10.4;36;147;243;92;52.803261977573904;6.8281856;-3.96139
10.41;36;147;243;92;52.803261977573904;6.8281856;-3.96139
10.42;36;148;243;92;52.905198776758404;6.8410406;-3.9277456
10.43;36;148;243;91;52.803261977573904;6.880309;-3.9092665
10.44;36;148;243;91;52.803261977573904;6.880309;-3.9092665
10.45;36;148;243;91;52.803261977573904;6.880309;-3.9092665
10.46;36;148;243;91;52.803261977573904;6.880309;-3.9092665
10.47;36;148;243;91;52.803261977573904;6.880309;-3.9092665
10.48;36;149;243;91;52.905198776758404;6.8930635;-3.8757226
10.49;35;149;243;90;52.701325178389396;6.9719534;-3.8907156
10.5;35;149;243;90;52.701325178389396;6.9719534;-3.8907156
10.51;35;149;243;90;52.701325178389396;6.9719534;-3.8907156
10.52;35;149;243;90;52.701325178389396;6.9719534;-3.8907156
10.53;35;150;244;90;52.905198776758404;6.99711;-3.8757226
10.54;35;150;244;90;52.905198776758404;6.99711;-3.8757226
10.55;35;150;244;90;52.905198776758404;6.99711;-3.8757226
10.56;35;150;244;90;52.905198776758404;6.99711;-3.8757226
10.57;35;150;244;90;52.905198776758404;6.99711;-3.8757226
10.58;35;150;244;90;52.905198776758404;6.99711;-3.8757226
10.59;35;150;244;90;52.905198776758404;6.99711;-3.8757226
10.6;35;150;244;90;52.905198776758404;6.99711;-3.8757226
10.61;35;151;244;90;53.00713557594291;7.0096154;-3.8423078
10.62;35;151;244;89;52.905198776758404;7.049133;-3.8236995
10.63;35;151;244;89;52.905198776758404;7.049133;-3.8236995
10.64;35;151;243;89;52.803261977573904;7.0366797;-3.8050194
10.65;35;151;243;89;52.803261977573904;7.0366797;-3.8050194
10.66;35;151;243;89;52.803261977573904;7.0366797;-3.8050194
10.67;35;151;243;89;52.803261977573904;7.0366797;-3.8050194
10.68;35;151;242;89;52.701325178389396;7.024178;-3.786267
10.69;35;151;242;89;52.701325178389396;7.024178;-3.786267
10.7;35;152;242;88;52.701325178389396;7.076402;-3.7340426
10.71;35;152;242;88;52.701325178389396;7.076402;-3.7340426
10.72;35;152;242;88;52.701325178389396;7.076402;-3.7340426
10.73;35;152;242;88;52.701325178389396;7.076402;-3.7340426
10.74;35;152;242;88;52.701325178389396;7.076402;-3.7340426
10.75;36;153;242;88;52.905198776758404;7.049133;-3.66763
10.76;36;153;242;88;52.905198776758404;7.049133;-3.66763
10.77;36;153;242;88;52.905198776758404;7.049133;-3.66763
10.78;36;153;242;88;52.905198776758404;7.049133;-3.66763
10.79;36;154;241;88;52.905198776758404;7.049133;-3.615607
10.8;36;154;241;88;52.905198776758404;7.049133;-3.615607
10.81;36;154;240;88;52.803261977573904;7.0366797;-3.5965252
10.82;37;154;240;88;52.905198776758404;6.99711;-3.5635839
10.83;37;155;239;87;52.803261977573904;7.0366797;-3.492278
10.84;37;155;239;87;52.803261977573904;7.0366797;-3.492278
10.85;37;155;239;87;52.803261977573904;7.0366797;-3.492278
10.86;37;155;239;87;52.803261977573904;7.0366797;-3.492278
10.87;37;155;239;88;52.905198776758404;6.99711;-3.5115607
10.88;37;155;238;88;52.803261977573904;6.984556;-3.492278
10.89;37;155;238;88;52.803261977573904;6.984556;-3.492278
10.9;38;155;238;88;52.905198776758404;6.9450865;-3.4595375
10.91;38;155;238;88;52.905198776758404;6.9450865;-3.4595375
10.92;38;155;238;88;52.905198776758404;6.9450865;-3.4595375
10.93;38;155;237;88;52.803261977573904;6.9324327;-3.4401546
10.94;38;155;237;88;52.803261977573904;6.9324327;-3.4401546
10.95;38;155;237;88;52.803261977573904;6.9324327;-3.4401546
10.96;38;155;237;88;52.803261977573904;6.9324327;-3.4401546
10.97;38;155;237;88;52.803261977573904;6.9324327;-3.4401546
10.98;38;155;237;87;52.701325178389396;6.9719534;-3.4206963
10.99;38;155;237;87;52.701325178389396;6.9719534;-3.4206963
11.0;38;156;237;87;52.803261977573904;6.984556;-3.388031
11.01;38;156;236;87;52.701325178389396;6.9719534;-3.3684719
11.02;38;156;236;87;52.701325178389396;6.9719534;-3.3684719
11.03;38;156;236;87;52.701325178389396;6.9719534;-3.3684719
11.04;38;156;236;87;52.701325178389396;6.9719534;-3.3684719
11.05;38;156;236;87;52.701325178389396;6.9719534;-3.3684719
11.06;39;157;236;88;53.00713557594291;6.9057693;-3.323077
11.07;39;157;235;88;52.905198776758404;6.8930635;-3.3034682
11.08;40;157;234;88;52.905198776758404;6.8410406;-3.251445
11.09;40;158;234;88;53.00713557594291;6.853846;-3.2192307
11.1;40;158;233;88;52.905198776758404;6.8410406;-3.199422
11.11;41;158;233;88;53.00713557594291;6.8019233;-3.1673076
11.12;41;158;232;88;52.905198776758404;6.789017;-3.147399
11.13;41;158;232;88;52.905198776758404;6.789017;-3.147399
11.14;42;159;231;89;53.10907237512742;6.7111325;-3.0834932
11.15;42;158;230;89;52.905198776758404;6.6849713;-3.0953758
11.16;42;158;230;89;52.905198776758404;6.6849713;-3.0953758
11.17;42;158;229;89;52.803261977573904;6.6718144;-3.0752895
11.18;42;157;228;89;52.59938837920489;6.645349;-3.0872092
11.19;42;157;228;89;52.59938837920489;6.645349;-3.0872092
11.2;42;157;228;89;52.59938837920489;6.645349;-3.0872092
11.21;43;157;228;89;52.701325178389396;6.606383;-3.0551257
11.22;43;157;227;89;52.59938837920489;6.5930233;-3.0348837
11.23;43;157;227;90;52.701325178389396;6.5541587;-3.0551257
11.24;43;157;228;90;52.803261977573904;6.5675673;-3.0752895
11.25;43;157;228;89;52.701325178389396;6.606383;-3.0551257
11.26;43;157;228;89;52.701325178389396;6.606383;-3.0551257
11.27;42;157;228;89;52.59938837920489;6.645349;-3.0872092
11.28;42;157;228;89;52.59938837920489;6.645349;-3.0872092
11.29;42;157;229;89;52.701325178389396;6.6586075;-3.10735
11.3;42;157;229;89;52.701325178389396;6.6586075;-3.10735
11.31;42;157;229;89;52.701325178389396;6.6586075;-3.10735
11.32;42;157;229;89;52.701325178389396;6.6586075;-3.10735
11.33;42;157;229;89;52.701325178389396;6.6586075;-3.10735
11.34;42;158;229;89;52.803261977573904;6.6718144;-3.0752895
11.35;42;158;230;89;52.905198776758404;6.6849713;-3.0953758
11.36;42;158;230;89;52.905198776758404;6.6849713;-3.0953758
11.37;42;157;230;89;52.803261977573904;6.6718144;-3.127413
11.38;41;157;230;88;52.59938837920489;6.75;-3.139535
11.39;41;157;231;88;52.701325178389396;6.7630563;-3.1595745
11.4;41;158;231;88;52.803261977573904;6.776062;-3.127413
11.41;41;158;232;88;52.905198776758404;6.789017;-3.147399
11.42;40;158;232;88;52.803261977573904;6.8281856;-3.1795366
11.43;40;158;233;88;52.905198776758404;6.8410406;-3.199422
11.44;40;158;233;87;52.803261977573904;6.880309;-3.1795366
11.45;40;158;234;87;52.905198776758404;6.8930635;-3.199422
11.46;40;159;234;87;53.00713557594291;6.9057693;-3.1673076
11.47;40;159;234;87;53.00713557594291;6.9057693;-3.1673076
11.48;39;159;234;87;52.905198776758404;6.9450865;-3.199422
11.49;39;159;234;87;52.905198776758404;6.9450865;-3.199422
11.5;39;159;234;87;52.905198776758404;6.9450865;-3.199422
11.51;39;160;233;86;52.803261977573904;6.984556;-3.127413
11.52;39;160;233;86;52.803261977573904;6.984556;-3.127413
11.53;39;160;233;86;52.803261977573904;6.984556;-3.127413
11.54;39;160;233;86;52.803261977573904;6.984556;-3.127413
11.55;39;160;233;86;52.803261977573904;6.984556;-3.127413
11.56;39;160;233;86;52.803261977573904;6.984556;-3.127413
11.57;40;160;233;86;52.905198776758404;6.9450865;-3.0953758
11.58;40;160;233;86;52.905198776758404;6.9450865;-3.0953758
11.59;40;160;233;86;52.905198776758404;6.9450865;-3.0953758
11.6;40;160;233;86;52.905198776758404;6.9450865;-3.0953758
11.61;40;159;233;86;52.803261977573904;6.9324327;-3.127413
11.62;40;159;233;86;52.803261977573904;6.9324327;-3.127413
11.63;40;159;232;86;52.701325178389396;6.919729;-3.10735
11.64;40;159;232;86;52.701325178389396;6.919729;-3.10735
11.65;40;159;232;86;52.701325178389396;6.919729;-3.10735
11.66;39;159;232;87;52.701325178389396;6.919729;-3.1595745
11.67;39;159;232;87;52.701325178389396;6.919729;-3.1595745
11.68;39;158;233;87;52.701325178389396;6.919729;-3.211799
11.69;39;158;233;87;52.701325178389396;6.919729;-3.211799
11.7;39;158;233;87;52.701325178389396;6.919729;-3.211799
11.71;39;158;233;87;52.701325178389396;6.919729;-3.211799
11.72;39;158;233;87;52.701325178389396;6.919729;-3.211799
11.73;39;158;233;87;52.701325178389396;6.919729;-3.211799
11.74;39;158;234;87;52.803261977573904;6.9324327;-3.2316601
11.75;39;157;234;87;52.701325178389396;6.919729;-3.2640233
11.76;39;157;234;87;52.701325178389396;6.919729;-3.2640233
11.77;39;157;234;87;52.701325178389396;6.919729;-3.2640233
11.78;39;157;234;87;52.701325178389396;6.919729;-3.2640233
11.79;39;157;235;87;52.803261977573904;6.9324327;-3.2837837
11.8;39;157;235;87;52.803261977573904;6.9324327;-3.2837837
11.81;39;157;235;87;52.803261977573904;6.9324327;-3.2837837
11.82;39;157;236;87;52.905198776758404;6.9450865;-3.3034682
11.83;39;157;236;88;53.00713557594291;6.9057693;-3.323077
11.84;39;157;236;88;53.00713557594291;6.9057693;-3.323077
11.85;39;157;236;88;53.00713557594291;6.9057693;-3.323077
11.86;39;157;236;88;53.00713557594291;6.9057693;-3.323077
11.87;39;157;236;88;53.00713557594291;6.9057693;-3.323077
11.88;39;156;236;88;52.905198776758404;6.8930635;-3.3554914
11.89;39;156;236;88;52.905198776758404;6.8930635;-3.3554914
11.9;39;156;236;88;52.905198776758404;6.8930635;-3.3554914
11.91;39;156;235;88;52.803261977573904;6.880309;-3.3359072
11.92;39;156;235;88;52.803261977573904;6.880309;-3.3359072
11.93;39;155;235;88;52.701325178389396;6.867505;-3.3684719
11.94;39;155;236;88;52.803261977573904;6.880309;-3.388031
11.95;39;155;236;88;52.803261977573904;6.880309;-3.388031
11.96;39;155;236;89;52.905198776758404;6.8410406;-3.4075143
11.97;39;155;236;89;52.905198776758404;6.8410406;-3.4075143
11.98;39;155;236;89;52.905198776758404;6.8410406;-3.4075143
11.99;39;155;237;89;53.00713557594291;6.853846;-3.426923
12.0;39;154;237;89;52.905198776758404;6.8410406;-3.4595375
12.01;39;154;237;89;52.905198776758404;6.8410406;-3.4595375
12.02;38;154;237;89;52.803261977573904;6.880309;-3.492278
12.03;39;154;237;89;52.905198776758404;6.8410406;-3.4595375
12.04;39;154;237;89;52.905198776758404;6.8410406;-3.4595375
12.05;39;154;237;89;52.905198776758404;6.8410406;-3.4595375
12.06;39;154;237;89;52.905198776758404;6.8410406;-3.4595375
12.07;39;154;237;89;52.905198776758404;6.8410406;-3.4595375
12.08;39;154;237;89;52.905198776758404;6.8410406;-3.4595375
12.09;39;154;237;89;52.905198776758404;6.8410406;-3.4595375
12.1;39;154;237;89;52.905198776758404;6.8410406;-3.4595375
12.11;39;154;237;89;52.905198776758404;6.8410406;-3.4595375
12.12;39;154;237;89;52.905198776758404;6.8410406;-3.4595375
12.13;38;154;237;89;52.803261977573904;6.880309;-3.492278
12.14;38;154;237;89;52.803261977573904;6.880309;-3.492278
12.15;38;154;237;89;52.803261977573904;6.880309;-3.492278
12.16;38;154;237;89;52.803261977573904;6.880309;-3.492278
12.17;38;154;237;89;52.803261977573904;6.880309;-3.492278
12.18;38;154;237;89;52.803261977573904;6.880309;-3.492278
12.19;38;154;237;89;52.803261977573904;6.880309;-3.492278
12.2;38;154;237;89;52.803261977573904;6.880309;-3.492278
12.21;38;154;237;88;52.701325178389396;6.919729;-3.4729207
12.22;38;154;237;88;52.701325178389396;6.919729;-3.4729207
12.23;38;154;238;88;52.803261977573904;6.9324327;-3.492278
12.24;38;153;238;88;52.701325178389396;6.919729;-3.525145
12.25;37;153;238;88;52.59938837920489;6.9593024;-3.5581396
12.26;37;153;239;88;52.701325178389396;6.9719534;-3.5773695
12.27;37;153;239;89;52.803261977573904;6.9324327;-3.5965252
12.28;37;152;240;89;52.803261977573904;6.9324327;-3.6486487
12.29;37;152;240;89;52.803261977573904;6.9324327;-3.6486487
12.3;36;152;241;89;52.803261977573904;6.984556;-3.7007723
12.31;36;152;241;89;52.803261977573904;6.984556;-3.7007723
12.32;36;152;241;89;52.803261977573904;6.984556;-3.7007723
12.33;36;152;242;89;52.905198776758404;6.99711;-3.7196531
12.34;36;152;242;89;52.905198776758404;6.99711;-3.7196531
12.35;36;152;242;89;52.905198776758404;6.99711;-3.7196531
12.36;36;152;243;89;53.00713557594291;7.0096154;-3.7384615
12.37;36;152;243;89;53.00713557594291;7.0096154;-3.7384615
12.38;36;152;243;89;53.00713557594291;7.0096154;-3.7384615
12.39;36;152;243;89;53.00713557594291;7.0096154;-3.7384615
12.4;36;152;243;88;52.905198776758404;7.049133;-3.7196531
12.41;36;152;243;88;52.905198776758404;7.049133;-3.7196531
12.42;36;152;243;88;52.905198776758404;7.049133;-3.7196531
12.43;36;152;243;88;52.905198776758404;7.049133;-3.7196531
12.44;36;152;243;88;52.905198776758404;7.049133;-3.7196531
12.45;36;153;242;88;52.905198776758404;7.049133;-3.66763
12.46;36;153;242;88;52.905198776758404;7.049133;-3.66763
12.47;36;153;242;88;52.905198776758404;7.049133;-3.66763
12.48;36;153;242;88;52.905198776758404;7.049133;-3.66763
12.49;36;153;242;88;52.905198776758404;7.049133;-3.66763
12.5;36;153;242;88;52.905198776758404;7.049133;-3.66763
12.51;36;153;241;88;52.803261977573904;7.0366797;-3.6486487
12.52;36;154;241;88;52.905198776758404;7.049133;-3.615607
12.53;36;154;241;88;52.905198776758404;7.049133;-3.615607
12.54;37;154;241;87;52.905198776758404;7.049133;-3.5635839
12.55;37;154;240;87;52.803261977573904;7.0366797;-3.5444016
12.56;37;154;240;87;52.803261977573904;7.0366797;-3.5444016
12.57;37;154;240;87;52.803261977573904;7.0366797;-3.5444016
12.58;37;155;239;87;52.803261977573904;7.0366797;-3.492278
12.59;37;155;239;87;52.803261977573904;7.0366797;-3.492278
12.6;37;155;239;87;52.803261977573904;7.0366797;-3.492278
12.61;37;155;239;87;52.803261977573904;7.0366797;-3.492278
12.62;37;155;239;87;52.803261977573904;7.0366797;-3.492278
12.63;38;156;238;87;52.905198776758404;6.99711;-3.4075143
12.64;38;156;238;87;52.905198776758404;6.99711;-3.4075143
12.65;38;156;237;87;52.803261977573904;6.984556;-3.388031
12.66;38;156;237;87;52.803261977573904;6.984556;-3.388031
12.67;39;157;236;87;52.905198776758404;6.9450865;-3.3034682
12.68;39;157;236;87;52.905198776758404;6.9450865;-3.3034682
12.69;39;157;235;87;52.803261977573904;6.9324327;-3.2837837
12.7;39;157;235;87;52.803261977573904;6.9324327;-3.2837837
12.71;39;158;235;87;52.905198776758404;6.9450865;-3.251445
12.72;39;158;234;87;52.803261977573904;6.9324327;-3.2316601
12.73;40;158;234;87;52.905198776758404;6.8930635;-3.199422
12.74;40;158;234;87;52.905198776758404;6.8930635;-3.199422
12.75;40;158;234;87;52.905198776758404;6.8930635;-3.199422
12.76;40;158;233;87;52.803261977573904;6.880309;-3.1795366
12.77;40;158;233;87;52.803261977573904;6.880309;-3.1795366
12.78;40;158;233;87;52.803261977573904;6.880309;-3.1795366
12.79;40;158;233;87;52.803261977573904;6.880309;-3.1795366
12.8;40;158;233;87;52.803261977573904;6.880309;-3.1795366
12.81;40;158;233;87;52.803261977573904;6.880309;-3.1795366
12.82;40;158;233;87;52.803261977573904;6.880309;-3.1795366
12.83;40;158;233;87;52.803261977573904;6.880309;-3.1795366
12.84;40;158;233;87;52.803261977573904;6.880309;-3.1795366
12.85;40;158;233;87;52.803261977573904;6.880309;-3.1795366
12.86;40;158;233;87;52.803261977573904;6.880309;-3.1795366
12.87;40;158;233;87;52.803261977573904;6.880309;-3.1795366
12.88;40;158;233;87;52.803261977573904;6.880309;-3.1795366
12.89;40;158;233;87;52.803261977573904;6.880309;-3.1795366
12.9;40;158;233;87;52.803261977573904;6.880309;-3.1795366
12.91;40;158;233;87;52.803261977573904;6.880309;-3.1795366
12.92;40;158;233;87;52.803261977573904;6.880309;-3.1795366
12.93;40;158;233;87;52.803261977573904;6.880309;-3.1795366
12.94;40;158;233;87;52.803261977573904;6.880309;-3.1795366
12.95;40;158;233;87;52.803261977573904;6.880309;-3.1795366
12.96;40;158;233;88;52.905198776758404;6.8410406;-3.199422
12.97;40;157;233;88;52.803261977573904;6.8281856;-3.2316601
12.98;40;157;233;88;52.803261977573904;6.8281856;-3.2316601
12.99;40;157;232;88;52.701325178389396;6.8152804;-3.211799
13.0;40;157;232;88;52.701325178389396;6.8152804;-3.211799
13.01;40;157;232;88;52.701325178389396;6.8152804;-3.211799
13.02;40;157;232;88;52.701325178389396;6.8152804;-3.211799
13.03;40;157;232;88;52.701325178389396;6.8152804;-3.211799
13.04;41;157;232;88;52.803261977573904;6.776062;-3.1795366
13.05;41;157;232;88;52.803261977573904;6.776062;-3.1795366
13.06;41;157;232;88;52.803261977573904;6.776062;-3.1795366
13.07;41;157;232;88;52.803261977573904;6.776062;-3.1795366
13.08;41;157;232;89;52.905198776758404;6.7369943;-3.199422
13.09;41;157;232;89;52.905198776758404;6.7369943;-3.199422
13.1;41;157;232;89;52.905198776758404;6.7369943;-3.199422
13.11;41;157;232;89;52.905198776758404;6.7369943;-3.199422
13.12;41;157;232;89;52.905198776758404;6.7369943;-3.199422
13.13;41;157;231;89;52.803261977573904;6.723938;-3.1795366
13.14;41;157;231;89;52.803261977573904;6.723938;-3.1795366
13.15;42;157;231;89;52.905198776758404;6.6849713;-3.147399
13.16;42;157;231;89;52.905198776758404;6.6849713;-3.147399
13.17;39;153;236;89;52.701325178389396;6.8152804;-3.4729207
13.18;39;153;236;89;52.701325178389396;6.8152804;-3.4729207
13.19;39;153;236;89;52.701325178389396;6.8152804;-3.4729207
13.2;39;153;236;89;52.701325178389396;6.8152804;-3.4729207
13.21;39;153;236;89;52.701325178389396;6.8152804;-3.4729207
13.22;39;153;236;89;52.701325178389396;6.8152804;-3.4729207
13.23;39;153;237;89;52.803261977573904;6.8281856;-3.492278
13.24;39;154;237;89;52.905198776758404;6.8410406;-3.4595375
13.25;39;153;237;89;52.803261977573904;6.8281856;-3.492278
13.26;39;153;237;89;52.803261977573904;6.8281856;-3.492278
13.27;39;153;237;89;52.803261977573904;6.8281856;-3.492278
13.28;39;153;237;89;52.803261977573904;6.8281856;-3.492278
13.29;39;153;237;89;52.803261977573904;6.8281856;-3.492278
13.3;39;153;237;89;52.803261977573904;6.8281856;-3.492278
13.31;39;153;237;89;52.803261977573904;6.8281856;-3.492278
13.32;39;153;237;89;52.803261977573904;6.8281856;-3.492278
13.33;39;153;237;89;52.803261977573904;6.8281856;-3.492278
13.34;39;153;237;89;52.803261977573904;6.8281856;-3.492278
13.35;39;154;237;89;52.905198776758404;6.8410406;-3.4595375
13.36;39;155;236;89;52.905198776758404;6.8410406;-3.4075143
13.37;40;156;235;88;52.905198776758404;6.8410406;-3.3034682
13.38;40;157;234;88;52.905198776758404;6.8410406;-3.251445
13.39;41;159;233;87;53.00713557594291;6.853846;-3.1153846
13.4;41;161;232;86;53.00713557594291;6.9057693;-3.0115385
13.41;42;162;231;86;53.10907237512742;6.866603;-2.928023
13.42;42;163;230;85;53.00713557594291;6.9057693;-2.8557692
13.43;42;165;229;85;53.10907237512742;6.918426;-2.7725527
13.44;43;165;228;85;53.10907237512742;6.866603;-2.7207294
13.45;43;166;228;84;53.10907237512742;6.918426;-2.668906
13.46;43;166;227;84;53.00713557594291;6.9057693;-2.648077
13.47;43;167;227;84;53.10907237512742;6.918426;-2.6170826
13.48;43;167;227;84;53.10907237512742;6.918426;-2.6170826
13.49;43;166;227;84;53.00713557594291;6.9057693;-2.648077
13.5;42;166;227;84;52.905198776758404;6.9450865;-2.6791906
13.51;42;164;228;84;52.803261977573904;6.9324327;-2.7625482
13.52;42;163;228;84;52.701325178389396;6.919729;-2.794004
13.53;41;162;229;84;52.59938837920489;6.9593024;-2.877907
13.54;41;160;230;85;52.59938837920489;6.9069767;-2.9825583
13.55;40;158;232;85;52.49745158002038;6.946602;-3.1194174
13.56;39;156;233;86;52.39551478083588;6.933852;-3.2568092
13.57;38;154;235;87;52.39551478083588;6.933852;-3.414397
13.58;38;151;237;88;52.39551478083588;6.881323;-3.5719845
13.59;37;149;240;89;52.49745158002038;6.8941746;-3.7485437
13.6;36;146;242;91;52.49745158002038;6.8417478;-3.9582524
13.61;35;142;245;93;52.49745158002038;6.7893205;-4.2203884
13.62;34;139;248;94;52.49745158002038;6.7893205;-4.430097
13.63;34;136;250;96;52.59938837920489;6.6976743;-4.604651
13.64;33;134;252;98;52.701325178389396;6.6586075;-4.77853
13.65;32;131;254;99;52.59938837920489;6.645349;-4.97093
13.66;32;129;256;101;52.803261977573904;6.5675673;-5.108108
13.67;31;126;258;102;52.701325178389396;6.5541587;-5.3007736
13.68;31;124;259;103;52.701325178389396;6.501934;-5.4052224
13.69;31;123;260;104;52.803261977573904;6.4633203;-5.472973
13.7;31;121;261;106;52.905198776758404;6.3728323;-5.5924854
13.71;30;120;262;106;52.803261977573904;6.4111967;-5.681467
13.72;30;119;263;107;52.905198776758404;6.3728323;-5.7485547
13.73;30;119;263;108;53.00713557594291;6.334615;-5.7634616
13.74;31;119;263;108;53.10907237512742;6.296545;-5.7264876
13.75;31;120;263;108;53.211009174311926;6.3103447;-5.6896553
13.76;31;121;262;108;53.211009174311926;6.3103447;-5.637931
13.77;32;122;261;107;53.211009174311926;6.3103447;-5.534483
13.78;32;123;260;106;53.10907237512742;6.3483686;-5.4673705
13.79;32;123;260;106;53.10907237512742;6.3483686;-5.4673705
13.8;32;124;259;105;53.00713557594291;6.3865385;-5.4
13.81;32;125;258;105;53.00713557594291;6.3865385;-5.348077
13.82;32;125;258;104;52.905198776758404;6.4248557;-5.33237
13.83;32;126;257;103;52.803261977573904;6.4633203;-5.2644787
13.84;32;127;257;103;52.905198776758404;6.4768786;-5.228324
13.85;32;127;256;102;52.701325178389396;6.501934;-5.196325
13.86;31;127;256;101;52.49745158002038;6.579612;-5.216505
13.87;31;127;257;101;52.59938837920489;6.5930233;-5.2325583
13.88;30;127;258;100;52.49745158002038;6.684466;-5.268932
13.89;30;127;258;99;52.39551478083588;6.7237353;-5.2529182
13.9;29;128;259;99;52.49745158002038;6.7893205;-5.268932
13.91;29;128;259;99;52.49745158002038;6.7893205;-5.268932
13.92;29;129;259;98;52.49745158002038;6.8417478;-5.216505
13.93;29;130;259;98;52.59938837920489;6.854651;-5.1802325
13.94;30;131;259;98;52.803261977573904;6.8281856;-5.108108
13.95;30;132;259;97;52.803261977573904;6.880309;-5.0559845
13.96;30;133;259;97;52.905198776758404;6.8930635;-5.0202312
13.97;30;134;259;97;53.00713557594291;6.9057693;-4.9846153
13.98;31;135;258;97;53.10907237512742;6.866603;-4.8973126
13.99;31;135;258;97;53.10907237512742;6.866603;-4.8973126
14.0;31;136;257;97;53.10907237512742;6.866603;-4.8454895
14.01;31;136;256;96;52.905198776758404;6.8930635;-4.8121386
14.02;32;137;255;96;53.00713557594291;6.853846;-4.725
14.03;32;138;254;96;53.00713557594291;6.853846;-4.673077
14.04;33;138;253;96;53.00713557594291;6.8019233;-4.621154
14.05;33;139;252;96;53.00713557594291;6.8019233;-4.5692306
14.06;33;139;251;96;52.905198776758404;6.789017;-4.552023
14.07;34;140;250;95;52.905198776758404;6.789017;-4.447977
14.08;34;141;249;95;52.905198776758404;6.789017;-4.3959537
14.09;35;141;248;95;52.905198776758404;6.7369943;-4.3439307
14.1;35;142;247;95;52.905198776758404;6.7369943;-4.2919073
14.11;35;142;246;95;52.803261977573904;6.723938;-4.2741313
14.12;35;142;245;95;52.701325178389396;6.7108316;-4.256286
14.13;36;142;245;95;52.803261977573904;6.6718144;-4.2220078
14.14;36;142;244;95;52.701325178389396;6.6586075;-4.204062
14.15;36;142;243;95;52.59938837920489;6.645349;-4.1860466
14.16;36;142;243;95;52.59938837920489;6.645349;-4.1860466
14.17;36;142;243;95;52.59938837920489;6.645349;-4.1860466
14.18;37;142;242;95;52.59938837920489;6.5930233;-4.133721
14.19;37;142;242;95;52.59938837920489;6.5930233;-4.133721
14.2;37;142;242;95;52.59938837920489;6.5930233;-4.133721
14.21;37;142;243;96;52.803261977573904;6.5675673;-4.169884
14.22;36;142;243;96;52.701325178389396;6.606383;-4.204062
14.23;36;142;244;96;52.803261977573904;6.619691;-4.2220078
14.24;36;142;245;96;52.905198776758404;6.632948;-4.2398844
14.25;36;141;245;96;52.803261977573904;6.619691;-4.2741313
14.26;36;141;246;96;52.905198776758404;6.632948;-4.2919073
14.27;35;141;247;96;52.905198776758404;6.6849713;-4.3439307
14.28;35;141;248;95;52.905198776758404;6.7369943;-4.3439307
14.29;34;140;248;95;52.701325178389396;6.7630563;-4.4129596
14.3;34;140;248;95;52.701325178389396;6.7630563;-4.4129596
14.31;34;140;249;95;52.803261977573904;6.776062;-4.430502
14.32;34;140;249;95;52.803261977573904;6.776062;-4.430502
14.33;34;140;249;95;52.803261977573904;6.776062;-4.430502
14.34;34;141;250;95;53.00713557594291;6.8019233;-4.4134617
14.35;34;141;250;95;53.00713557594291;6.8019233;-4.4134617
14.36;34;142;250;95;53.10907237512742;6.8147793;-4.379079
14.37;34;142;250;95;53.10907237512742;6.8147793;-4.379079
14.38;35;143;249;95;53.211009174311926;6.775862;-4.293103
14.39;35;143;249;95;53.211009174311926;6.775862;-4.293103
14.4;35;143;249;94;53.10907237512742;6.8147793;-4.2754316
14.41;35;143;248;94;53.00713557594291;6.8019233;-4.2576923
14.42;35;143;248;94;53.00713557594291;6.8019233;-4.2576923
14.43;35;143;247;94;52.905198776758404;6.789017;-4.2398844
14.44;35;144;246;93;52.803261977573904;6.8281856;-4.169884
14.45;35;144;246;93;52.803261977573904;6.8281856;-4.169884
14.46;35;144;245;93;52.701325178389396;6.8152804;-4.1518373
14.47;35;145;245;93;52.803261977573904;6.8281856;-4.1177607
14.48;35;145;244;93;52.701325178389396;6.8152804;-4.099613
14.49;36;145;244;93;52.803261977573904;6.776062;-4.065637
14.5;36;145;244;93;52.803261977573904;6.776062;-4.065637
14.51;36;145;243;93;52.701325178389396;6.7630563;-4.0473886
14.52;36;145;243;93;52.701325178389396;6.7630563;-4.0473886
14.53;36;145;243;93;52.701325178389396;6.7630563;-4.0473886
14.54;36;145;243;93;52.701325178389396;6.7630563;-4.0473886
14.55;36;145;243;93;52.701325178389396;6.7630563;-4.0473886
14.56;36;146;243;93;52.803261977573904;6.776062;-4.0135136
14.57;36;146;243;93;52.803261977573904;6.776062;-4.0135136
14.58;36;146;243;92;52.701325178389396;6.8152804;-3.9951644
14.59;36;146;242;92;52.59938837920489;6.8023257;-3.9767442
14.6;36;146;242;92;52.59938837920489;6.8023257;-3.9767442
14.61;36;146;242;92;52.59938837920489;6.8023257;-3.9767442
14.62;37;147;242;92;52.803261977573904;6.776062;-3.9092665
14.63;37;147;241;92;52.701325178389396;6.7630563;-3.8907156
14.64;37;147;241;93;52.803261977573904;6.723938;-3.9092665
14.65;37;147;241;93;52.803261977573904;6.723938;-3.9092665
14.66;37;148;241;93;52.905198776758404;6.7369943;-3.8757226
14.67;38;148;241;93;53.00713557594291;6.6980767;-3.8423078
14.68;38;148;241;93;53.00713557594291;6.6980767;-3.8423078
14.69;38;148;240;93;52.905198776758404;6.6849713;-3.8236995
14.7;39;149;240;93;53.10907237512742;6.659309;-3.7571976
14.71;39;149;240;93;53.10907237512742;6.659309;-3.7571976
14.72;39;149;239;93;53.00713557594291;6.646154;-3.7384615
14.73;39;149;239;93;53.00713557594291;6.646154;-3.7384615
14.74;39;148;239;93;52.905198776758404;6.632948;-3.7716763
14.75;39;148;238;93;52.803261977573904;6.619691;-3.7528958
14.76;39;148;238;93;52.803261977573904;6.619691;-3.7528958
14.77;39;148;238;93;52.803261977573904;6.619691;-3.7528958
14.78;39;148;238;93;52.803261977573904;6.619691;-3.7528958
14.79;39;148;238;93;52.803261977573904;6.619691;-3.7528958
14.8;39;148;238;93;52.803261977573904;6.619691;-3.7528958
14.81;38;148;238;93;52.701325178389396;6.6586075;-3.786267
14.82;38;148;239;93;52.803261977573904;6.6718144;-3.8050194
14.83;38;148;239;93;52.803261977573904;6.6718144;-3.8050194
14.84;38;148;239;93;52.803261977573904;6.6718144;-3.8050194
14.85;38;147;240;93;52.803261977573904;6.6718144;-3.857143
14.86;38;147;240;92;52.701325178389396;6.7108316;-3.8384912
14.87;37;147;240;92;52.59938837920489;6.75;-3.872093
14.88;37;147;240;92;52.59938837920489;6.75;-3.872093
14.89;37;147;240;92;52.59938837920489;6.75;-3.872093
14.9;37;147;241;93;52.803261977573904;6.723938;-3.9092665
14.91;37;147;241;93;52.803261977573904;6.723938;-3.9092665
14.92;37;147;241;93;52.803261977573904;6.723938;-3.9092665
14.93;37;147;242;93;52.905198776758404;6.7369943;-3.9277456
14.94;37;147;242;93;52.905198776758404;6.7369943;-3.9277456
14.95;37;147;242;93;52.905198776758404;6.7369943;-3.9277456
14.96;37;147;242;93;52.905198776758404;6.7369943;-3.9277456
14.97;37;147;242;93;52.905198776758404;6.7369943;-3.9277456
14.98;37;147;243;93;53.00713557594291;6.75;-3.9461539
14.99;37;147;243;93;53.00713557594291;6.75;-3.9461539
15.0;37;147;243;93;53.00713557594291;6.75;-3.9461539
15.01;37;147;243;92;52.905198776758404;6.789017;-3.9277456
15.02;37;147;243;92;52.905198776758404;6.789017;-3.9277456
15.03;37;148;243;92;53.00713557594291;6.8019233;-3.8942308
15.04;37;148;242;92;52.905198776758404;6.789017;-3.8757226
15.05;37;148;242;92;52.905198776758404;6.789017;-3.8757226
15.06;37;148;241;91;52.701325178389396;6.8152804;-3.8384912
15.07;37;149;240;91;52.701325178389396;6.8152804;-3.786267
15.08;37;149;240;91;52.701325178389396;6.8152804;-3.786267
15.09;38;150;239;90;52.701325178389396;6.8152804;-3.6818182
15.1;38;152;238;90;52.803261977573904;6.8281856;-3.5965252
15.11;38;154;238;89;52.905198776758404;6.8930635;-3.5115607
15.12;39;157;237;88;53.10907237512742;6.918426;-3.3426104
15.13;40;160;235;87;53.211009174311926;6.9310346;-3.1551723
15.14;41;163;234;85;53.31294597349643;6.9952197;-2.9684513
15.15;41;167;232;84;53.41488277268093;7.05916;-2.7824428
15.16;42;170;229;82;53.31294597349643;7.09847;-2.5554492
15.17;43;174;227;81;53.51681957186544;7.122857;-2.34
15.18;44;178;225;79;53.61875637104995;7.1863117;-2.1045628
15.19;45;181;223;78;53.720693170234455;7.1982923;-1.9212524
15.2;46;185;221;76;53.822629969418955;7.2613635;-1.6875
15.21;46;187;219;75;53.720693170234455;7.300759;-1.5626186
15.22;47;190;217;73;53.720693170234455;7.3519926;-1.357685
15.23;47;192;215;72;53.61875637104995;7.391635;-1.2319392
15.24;47;194;213;71;53.51681957186544;7.4314284;-1.1057143
15.25;48;196;211;70;53.51681957186544;7.4314284;-0.9514286
15.26;48;197;209;68;53.211009174311926;7.5;-0.82758623
15.27;48;199;206;67;53.00713557594291;7.5288463;-0.675
15.28;49;200;204;66;52.905198776758404;7.517341;-0.5462428
15.29;49;201;202;65;52.701325178389396;7.5464215;-0.44390717
15.3;49;202;201;65;52.701325178389396;7.5464215;-0.39168277
15.31;49;203;200;64;52.59938837920489;7.587209;-0.3139535
15.32;49;203;199;63;52.39551478083588;7.6167316;-0.2626459
15.33;49;204;198;63;52.39551478083588;7.6167316;-0.21011673
15.34;49;204;198;63;52.39551478083588;7.6167316;-0.21011673
15.35;49;203;197;63;52.19164118246687;7.59375;-0.2109375
15.36;49;203;198;63;52.293577981651374;7.605263;-0.23684211
15.37;49;203;198;63;52.293577981651374;7.605263;-0.23684211
15.38;49;202;199;63;52.293577981651374;7.605263;-0.28947368
15.39;49;201;200;64;52.39551478083588;7.5642023;-0.36770427
15.4;48;200;201;64;52.293577981651374;7.605263;-0.4473684
15.41;48;199;202;65;52.39551478083588;7.5642023;-0.5252918
15.42;47;197;204;66;52.39551478083588;7.5642023;-0.6828794
15.43;47;194;206;67;52.39551478083588;7.511673;-0.8404669
15.44;46;191;208;68;52.293577981651374;7.5;-1.0263158
15.45;45;188;211;70;52.39551478083588;7.459144;-1.2607003
15.46;45;185;214;71;52.49745158002038;7.4184465;-1.4417475
15.47;44;181;217;73;52.49745158002038;7.3660192;-1.7038835
15.48;43;178;220;74;52.49745158002038;7.3660192;-1.9135922
15.49;42;175;222;76;52.49745158002038;7.3135924;-2.123301
15.5;41;171;225;77;52.39551478083588;7.3015566;-2.3638132
15.51;40;168;227;79;52.39551478083588;7.2490273;-2.57393
15.52;39;164;229;80;52.19164118246687;7.2246094;-2.7949219
15.53;38;160;231;81;51.98776758409786;7.2;-3.017647
15.54;37;157;233;82;51.88583078491335;7.187623;-3.2092338
15.55;36;153;235;83;51.68195718654434;7.162722;-3.4349113
15.56;35;149;237;85;51.58002038735984;7.096838;-3.6818182
15.57;34;145;239;86;51.37614678899082;7.071429;-3.9107144
15.58;32;141;243;88;51.37614678899082;7.071429;-4.232143
15.59;31;137;245;90;51.274209989806316;7.00497;-4.482107
15.6;30;133;248;91;51.17227319062181;6.992032;-4.7330675
15.61;29;131;251;92;51.274209989806316;7.00497;-4.911531
15.62;29;129;253;94;51.47808358817533;6.9237623;-5.0524755
15.63;29;128;255;95;51.68195718654434;6.8964496;-5.1390533
15.64;28;126;257;96;51.68195718654434;6.8964496;-5.2988167
15.65;28;125;259;97;51.88583078491335;6.869352;-5.3840866
15.66;28;124;260;98;51.98776758409786;6.829412;-5.452941
15.67;27;122;262;98;51.88583078491335;6.869352;-5.596267
15.68;27;121;263;99;51.98776758409786;6.829412;-5.6647058
15.69;26;119;264;100;51.88583078491335;6.8163066;-5.808448
15.7;26;118;266;100;51.98776758409786;6.829412;-5.8764706
15.71;26;117;267;101;52.08970438328236;6.789628;-5.944227
15.72;25;116;268;101;51.98776758409786;6.829412;-6.035294
15.73;25;114;268;102;51.88583078491335;6.7632613;-6.126719
15.74;24;113;268;102;51.68195718654434;6.789941;-6.204142
15.75;24;112;268;102;51.58002038735984;6.77668;-6.243083
15.76;24;111;268;102;51.47808358817533;6.763366;-6.2821784
15.77;23;110;269;103;51.47808358817533;6.763366;-6.389109
15.78;23;110;270;103;51.58002038735984;6.77668;-6.403162
15.79;23;109;272;104;51.783893985728845;6.75;-6.484252
15.8;23;109;274;105;52.08970438328236;6.7367907;-6.52544
15.81;23;109;276;106;52.39551478083588;6.7237353;-6.566148
15.82;23;109;278;107;52.701325178389396;6.7108316;-6.606383
15.83;23;109;280;107;52.905198776758404;6.7369943;-6.632948
15.84;23;109;281;108;53.10907237512742;6.7111325;-6.659309
15.85;23;109;282;109;53.31294597349643;6.6854687;-6.6854687
15.86;23;109;283;109;53.41488277268093;6.6984735;-6.6984735
15.87;22;109;284;109;53.41488277268093;6.75;-6.75
15.88;22;108;284;109;53.31294597349643;6.737094;-6.7887187
15.89;22;108;283;109;53.211009174311926;6.724138;-6.775862
15.9;22;107;282;109;53.00713557594291;6.6980767;-6.8019233
15.91;22;106;281;109;52.803261977573904;6.6718144;-6.8281856
15.92;21;105;279;108;52.293577981651374;6.7105265;-6.868421
15.93;21;104;276;107;51.783893985728845;6.6968503;-6.8562994
15.94;20;103;274;106;51.274209989806316;6.7365804;-6.8976145
15.95;20;102;270;105;50.66258919469929;6.7092557;-6.8722334
15.96;19;100;265;103;49.64322120285423;6.73614;-6.902464
15.97;18;98;259;101;48.52191641182467;6.75;-6.920168
15.98;17;95;253;98;47.196738022426096;6.7937365;-6.9686823
15.99;17;93;247;96;46.17737003058104;6.7649007;-6.9437084
16.0;16;91;242;95;45.25993883792049;6.75;-6.993243
16.01;15;88;237;93;44.13863404689093;6.7655888;-7.0773673
16.02;15;86;232;91;43.22120285423038;6.75;-7.068396
16.03;14;84;227;90;42.303771661569826;6.733735;-7.1240964
16.04;13;83;223;88;41.48827726809378;6.799754;-7.1314497
16.05;13;81;218;86;40.57084607543323;6.78392;-7.1231155
16.06;12;79;213;84;39.55147808358817;6.8195877;-7.167526
16.07;12;78;208;82;38.73598369011213;6.8210526;-7.105263
16.08;11;76;202;80;37.61467889908257;6.8414636;-7.134146
16.09;10;73;194;77;36.08562691131498;6.8644066;-7.1694913
16.1;9;71;186;74;34.6585117227319;6.9088235;-7.147059
16.11;8;68;177;70;32.92558613659531;6.979876;-7.147059
16.12;7;64;166;66;30.886850152905197;6.9950495;-7.1732674
16.13;6;61;155;62;28.95005096839959;7.035211;-7.130282
16.14;5;56;142;58;26.605504587155963;6.9827585;-7.1896553
16.15;4;52;130;53;24.36289500509684;7.0606694;-7.1736403
16.16;3;48;117;48;22.01834862385321;7.125;-7.125
16.17;3;44;105;44;19.979612640163097;7.0255103;-7.0255103
16.18;2;40;94;39;17.83893985728848;7.174286;-7.02
16.19;1;36;84;36;16.004077471967378;7.136943;-7.136943
16.2;0;33;75;32;14.271151885830784;7.3285713;-7.135714
16.21;0;30;67;29;12.844036697247706;7.285714;-7.071429
16.22;0;27;60;26;11.518858307849133;7.2876105;-7.0486727
16.23;0;24;55;23;10.39755351681957;7.4117646;-7.147059
16.24;0;22;49;20;9.27624872579001;7.565934;-6.9725275
16.25;0;19;45;18;8.358817533129459;7.5731707;-7.243902
16.26;0;16;40;15;7.237512742099898;7.7957745;-7.415493
16.27;0;12;36;13;6.218144750254842;7.7459016;-8.188524
16.28;0;9;31;11;5.198776758409785;7.6764708;-8.735294
16.29;0;6;28;9;4.3832823649337405;7.8488374;-9.732558
16.3;0;3;25;8;3.6697247706422016;7.5;-11.25
16.31;0;2;24;7;3.3639143730886847;7.7727275;-11.863636
16.32;0;1;23;6;3.058103975535168;8.1;-12.6
16.33;0;0;23;6;2.9561671763506623;7.913793;-13.5
16.34;0;0;22;6;2.854230377166157;7.714286;-13.5
16.35;0;0;20;6;2.650356778797146;7.269231;-13.5
16.36;0;0;17;5;2.2426095820591234;7.3636365;-13.5
16.37;0;0;13;4;1.7329255861365953;7.147059;-13.5
16.38;0;0;10;3;1.325178389398573;7.269231;-13.5
16.39;0;0;5;2;0.7135575942915392;5.785714;-13.5
16.4;0;0;1;0;0.1019367991845056;13.5;-13.5
16.41;0;0;0;0;0.0;0.0;0.0
16.42;0;0;0;0;0.0;0.0;0.0
16.43;0;0;0;0;0.0;0.0;0.0
16.44;0;0;0;0;0.0;0.0;0.0
16.45;0;0;0;0;0.0;0.0;0.0
16.46;0;0;0;0;0.0;0.0;0.0
16.47;0;0;0;0;0.0;0.0;0.0
16.48;0;0;0;0;0.0;0.0;0.0
16.49;0;0;0;0;0.0;0.0;0.0
16.5;0;0;0;0;0.0;0.0;0.0
16.51;0;0;0;0;0.0;0.0;0.0
16.52;0;0;0;0;0.0;0.0;0.0
16.53;0;0;0;0;0.0;0.0;0.0
16.54;0;0;0;0;0.0;0.0;0.0
16.55;0;0;0;0;0.0;0.0;0.0
16.56;0;0;0;0;0.0;0.0;0.0
16.57;0;0;0;0;0.0;0.0;0.0
16.58;0;0;0;0;0.0;0.0;0.0
16.59;0;0;0;0;0.0;0.0;0.0
16.6;0;0;0;0;0.0;0.0;0.0
16.61;0;0;0;0;0.0;0.0;0.0
16.62;0;0;0;0;0.0;0.0;0.0
16.63;0;0;0;0;0.0;0.0;0.0
16.64;0;0;0;0;0.0;0.0;0.0
16.65;0;0;0;0;0.0;0.0;0.0
16.66;0;0;0;0;0.0;0.0;0.0
16.67;0;0;0;0;0.0;0.0;0.0
16.68;0;0;0;0;0.0;0.0;0.0
16.69;0;0;0;0;0.0;0.0;0.0
16.7;0;0;0;0;0.0;0.0;0.0
16.71;0;0;0;0;0.0;0.0;0.0
16.72;0;0;0;0;0.0;0.0;0.0
16.73;0;0;0;0;0.0;0.0;0.0
16.74;0;0;0;0;0.0;0.0;0.0
16.75;0;0;0;0;0.0;0.0;0.0
16.76;0;0;0;0;0.0;0.0;0.0
16.77;0;0;0;0;0.0;0.0;0.0
16.78;0;0;0;0;0.0;0.0;0.0
16.79;0;0;0;0;0.0;0.0;0.0
16.8;0;0;0;0;0.0;0.0;0.0
16.81;0;0;0;0;0.0;0.0;0.0
16.82;0;0;0;0;0.0;0.0;0.0
16.83;0;0;0;0;0.0;0.0;0.0
16.84;0;0;0;0;0.0;0.0;0.0
16.85;0;0;0;0;0.0;0.0;0.0
16.86;0;0;0;0;0.0;0.0;0.0
16.87;0;0;0;0;0.0;0.0;0.0
16.88;0;0;0;0;0.0;0.0;0.0
16.89;0;0;0;0;0.0;0.0;0.0
16.9;0;0;0;0;0.0;0.0;0.0
16.91;0;0;0;0;0.0;0.0;0.0
16.92;0;0;0;0;0.0;0.0;0.0
16.93;0;0;0;0;0.0;0.0;0.0
16.94;0;0;0;0;0.0;0.0;0.0
16.95;0;0;0;0;0.0;0.0;0.0
16.96;0;0;0;0;0.0;0.0;0.0
16.97;0;0;0;0;0.0;0.0;0.0
16.98;0;0;0;0;0.0;0.0;0.0
16.99;0;0;0;0;0.0;0.0;0.0
17.0;0;0;0;0;0.0;0.0;0.0
17.01;0;0;0;0;0.0;0.0;0.0
17.02;0;0;0;0;0.0;0.0;0.0
17.03;0;0;0;0;0.0;0.0;0.0
17.04;0;0;0;0;0.0;0.0;0.0
17.05;0;0;0;0;0.0;0.0;0.0
17.06;0;0;0;0;0.0;0.0;0.0
17.07;0;0;0;0;0.0;0.0;0.0
17.08;0;0;0;0;0.0;0.0;0.0
17.09;0;0;0;0;0.0;0.0;0.0
17.1;0;0;0;0;0.0;0.0;0.0
17.11;0;0;0;0;0.0;0.0;0.0
17.12;0;0;0;0;0.0;0.0;0.0
17.13;0;0;0;0;0.0;0.0;0.0
17.14;0;0;0;0;0.0;0.0;0.0
17.15;0;0;0;0;0.0;0.0;0.0
17.16;0;0;0;0;0.0;0.0;0.0
17.17;0;0;0;0;0.0;0.0;0.0
17.18;0;0;0;0;0.0;0.0;0.0
17.19;0;0;0;0;0.0;0.0;0.0
17.2;0;0;0;0;0.0;0.0;0.0
17.21;0;0;0;0;0.0;0.0;0.0
17.22;0;0;0;0;0.0;0.0;0.0
17.23;0;0;0;0;0.0;0.0;0.0
17.24;0;0;0;0;0.0;0.0;0.0
17.25;0;0;0;0;0.0;0.0;0.0
17.26;0;0;0;0;0.0;0.0;0.0
17.27;0;0;0;0;0.0;0.0;0.0
17.28;0;0;0;0;0.0;0.0;0.0
17.29;0;0;0;0;0.0;0.0;0.0
17.3;0;0;0;0;0.0;0.0;0.0
17.31;0;0;0;0;0.0;0.0;0.0
17.32;0;0;0;0;0.0;0.0;0.0
17.33;0;0;0;0;0.0;0.0;0.0
17.34;0;0;0;0;0.0;0.0;0.0
17.35;0;0;0;0;0.0;0.0;0.0
17.36;0;0;0;0;0.0;0.0;0.0
17.37;0;0;0;0;0.0;0.0;0.0
17.38;0;0;0;0;0.0;0.0;0.0
17.39;0;0;0;0;0.0;0.0;0.0
17.4;0;0;0;0;0.0;0.0;0.0
17.41;0;0;0;0;0.0;0.0;0.0
17.42;0;0;0;0;0.0;0.0;0.0
17.43;0;0;0;0;0.0;0.0;0.0
17.44;0;0;0;0;0.0;0.0;0.0
17.45;0;0;0;0;0.0;0.0;0.0
17.46;0;0;0;0;0.0;0.0;0.0
17.47;0;0;0;0;0.0;0.0;0.0
17.48;0;0;0;0;0.0;0.0;0.0
17.49;0;0;0;0;0.0;0.0;0.0
17.5;0;0;0;0;0.0;0.0;0.0
17.51;0;0;0;0;0.0;0.0;0.0
17.52;0;0;0;0;0.0;0.0;0.0
17.53;0;0;0;0;0.0;0.0;0.0
17.54;0;0;0;0;0.0;0.0;0.0
17.55;0;0;0;0;0.0;0.0;0.0
17.56;0;0;0;0;0.0;0.0;0.0
17.57;0;0;0;0;0.0;0.0;0.0
17.58;0;0;0;0;0.0;0.0;0.0
17.59;0;0;0;0;0.0;0.0;0.0
17.6;0;0;0;0;0.0;0.0;0.0
17.61;0;0;0;0;0.0;0.0;0.0
17.62;0;0;0;0;0.0;0.0;0.0
17.63;0;0;0;0;0.0;0.0;0.0
17.64;0;0;0;0;0.0;0.0;0.0
17.65;0;0;0;0;0.0;0.0;0.0
17.66;0;0;0;0;0.0;0.0;0.0
17.67;0;0;0;0;0.0;0.0;0.0
17.68;0;0;0;0;0.0;0.0;0.0
17.69;0;0;0;0;0.0;0.0;0.0
17.7;0;0;0;0;0.0;0.0;0.0
17.71;0;0;0;0;0.0;0.0;0.0
17.72;0;0;0;0;0.0;0.0;0.0
17.73;0;0;0;0;0.0;0.0;0.0
17.74;0;0;0;0;0.0;0.0;0.0
17.75;0;0;0;0;0.0;0.0;0.0
17.76;0;0;0;0;0.0;0.0;0.0
17.77;0;0;0;0;0.0;0.0;0.0
17.78;0;0;0;0;0.0;0.0;0.0
17.79;0;0;0;0;0.0;0.0;0.0
17.8;0;0;0;0;0.0;0.0;0.0
17.81;0;0;0;0;0.0;0.0;0.0
17.82;0;0;0;0;0.0;0.0;0.0
17.83;0;0;0;0;0.0;0.0;0.0
17.84;0;0;0;0;0.0;0.0;0.0
17.85;0;0;0;0;0.0;0.0;0.0
17.86;0;0;0;0;0.0;0.0;0.0
17.87;0;0;0;0;0.0;0.0;0.0
17.88;0;0;0;0;0.0;0.0;0.0
17.89;0;0;0;0;0.0;0.0;0.0
17.9;0;0;0;0;0.0;0.0;0.0
17.91;0;0;0;0;0.0;0.0;0.0
17.92;0;0;0;0;0.0;0.0;0.0
17.93;0;0;0;0;0.0;0.0;0.0
17.94;0;0;0;0;0.0;0.0;0.0
17.95;0;0;0;0;0.0;0.0;0.0
17.96;0;0;0;0;0.0;0.0;0.0
17.97;0;0;0;0;0.0;0.0;0.0
17.98;0;0;0;0;0.0;0.0;0.0
17.99;0;0;0;0;0.0;0.0;0.0
18.0;0;0;0;0;0.0;0.0;0.0
18.01;0;0;0;0;0.0;0.0;0.0
18.02;0;0;0;0;0.0;0.0;0.0
18.03;0;0;0;0;0.0;0.0;0.0
18.04;0;0;0;0;0.0;0.0;0.0
18.05;0;0;0;0;0.0;0.0;0.0
18.06;0;0;0;0;0.0;0.0;0.0
18.07;0;0;0;0;0.0;0.0;0.0
18.08;0;0;0;0;0.0;0.0;0.0
18.09;0;0;0;0;0.0;0.0;0.0
18.1;0;0;0;0;0.0;0.0;0.0
18.11;0;0;0;0;0.0;0.0;0.0
18.12;0;0;0;0;0.0;0.0;0.0
18.13;0;0;0;0;0.0;0.0;0.0
18.14;0;0;0;0;0.0;0.0;0.0
18.15;0;0;0;0;0.0;0.0;0.0
18.16;0;0;0;0;0.0;0.0;0.0
18.17;0;0;0;0;0.0;0.0;0.0
18.18;0;0;0;0;0.0;0.0;0.0
18.19;0;0;0;0;0.0;0.0;0.0
18.2;0;0;0;0;0.0;0.0;0.0
18.21;0;0;0;0;0.0;0.0;0.0
18.22;0;0;0;0;0.0;0.0;0.0
18.23;0;0;0;0;0.0;0.0;0.0
18.24;0;0;0;0;0.0;0.0;0.0
18.25;0;0;0;0;0.0;0.0;0.0
18.26;0;0;0;0;0.0;0.0;0.0
18.27;0;0;0;0;0.0;0.0;0.0
18.28;0;0;0;0;0.0;0.0;0.0
18.29;0;0;0;0;0.0;0.0;0.0
18.3;0;0;0;0;0.0;0.0;0.0
18.31;0;0;0;0;0.0;0.0;0.0
18.32;0;0;0;0;0.0;0.0;0.0
18.33;0;0;0;0;0.0;0.0;0.0
18.34;0;0;0;0;0.0;0.0;0.0
18.35;0;0;0;0;0.0;0.0;0.0
18.36;0;0;0;0;0.0;0.0;0.0
18.37;0;0;0;0;0.0;0.0;0.0
18.38;0;0;0;0;0.0;0.0;0.0
18.39;0;0;0;0;0.0;0.0;0.0
