 Height:  Visitor ;  Weight:  Visitor ;  Age:  -1 ;  Gender:  Visitor; name: Hasan; color: green; situation: normal
Temps (s);F1 (N);F2 (N);F3 (N);F4 (N);Fz (kg);ML (cm);AP (cm);Poids (kg);Instant apparition poids (s);Score equilibre;Vitesse de la phase de montee;Surface du stabilogramme;Vitesse de deplacement du centre des pressions;Phase de stabilisation
0.01;0;0;0;0;0.0;0.0;0.0;72.98674821610601;13.77;16;4;4;4;4; 308.4929449004776; 1.48614921836609; 0.9881479724279112; 0.9350186521840597
0.02;0;0;0;0;0.0;0.0;0.0
0.03;0;0;0;0;0.0;0.0;0.0
0.04;0;0;0;0;0.0;0.0;0.0
0.05;0;0;0;0;0.0;0.0;0.0
0.06;0;0;0;0;0.0;0.0;0.0
0.07;0;0;0;0;0.0;0.0;0.0
0.08;0;0;0;0;0.0;0.0;0.0
0.09;0;0;0;0;0.0;0.0;0.0
0.1;0;0;0;0;0.0;0.0;0.0
0.11;0;0;0;0;0.0;0.0;0.0
0.12;0;0;0;0;0.0;0.0;0.0
0.13;0;0;0;0;0.0;0.0;0.0
0.14;0;0;0;0;0.0;0.0;0.0
0.15;0;0;0;0;0.0;0.0;0.0
0.16;0;0;0;0;0.0;0.0;0.0
0.17;0;0;0;0;0.0;0.0;0.0
0.18;0;0;0;0;0.0;0.0;0.0
0.19;0;0;0;0;0.0;0.0;0.0
0.2;0;0;0;0;0.0;0.0;0.0
0.21;0;0;0;0;0.0;0.0;0.0
0.22;0;0;0;0;0.0;0.0;0.0
0.23;0;0;0;0;0.0;0.0;0.0
0.24;0;0;0;0;0.0;0.0;0.0
0.25;0;0;0;0;0.0;0.0;0.0
0.26;0;0;0;0;0.0;0.0;0.0
0.27;0;0;0;0;0.0;0.0;0.0
0.28;0;0;0;0;0.0;0.0;0.0
0.29;0;0;0;0;0.0;0.0;0.0
0.3;0;0;0;0;0.0;0.0;0.0
0.31;0;0;0;0;0.0;0.0;0.0
0.32;0;0;0;0;0.0;0.0;0.0
0.33;0;0;0;0;0.0;0.0;0.0
0.34;0;0;0;0;0.0;0.0;0.0
0.35;0;0;0;0;0.0;0.0;0.0
0.36;0;0;0;0;0.0;0.0;0.0
0.37;0;0;0;0;0.0;0.0;0.0
0.38;0;0;0;0;0.0;0.0;0.0
0.39;0;0;0;0;0.0;0.0;0.0
0.4;0;0;0;0;0.0;0.0;0.0
0.41;0;0;0;0;0.0;0.0;0.0
0.42;0;0;0;0;0.0;0.0;0.0
0.43;0;0;0;0;0.0;0.0;0.0
0.44;0;0;0;0;0.0;0.0;0.0
0.45;0;0;0;0;0.0;0.0;0.0
0.46;0;0;0;0;0.0;0.0;0.0
0.47;0;0;0;0;0.0;0.0;0.0
0.48;0;0;0;0;0.0;0.0;0.0
0.49;0;0;0;0;0.0;0.0;0.0
0.5;0;0;0;0;0.0;0.0;0.0
0.51;0;0;0;0;0.0;0.0;0.0
0.52;0;0;0;0;0.0;0.0;0.0
0.53;0;0;0;0;0.0;0.0;0.0
0.54;0;0;0;0;0.0;0.0;0.0
0.55;0;0;0;0;0.0;0.0;0.0
0.56;0;0;0;0;0.0;0.0;0.0
0.57;0;0;0;0;0.0;0.0;0.0
0.58;0;0;0;0;0.0;0.0;0.0
0.59;0;0;0;0;0.0;0.0;0.0
0.6;0;0;0;0;0.0;0.0;0.0
0.61;0;0;0;0;0.0;0.0;0.0
0.62;0;0;0;0;0.0;0.0;0.0
0.63;0;0;0;0;0.0;0.0;0.0
0.64;0;0;0;0;0.0;0.0;0.0
0.65;0;0;0;0;0.0;0.0;0.0
0.66;0;0;0;0;0.0;0.0;0.0
0.67;0;0;0;0;0.0;0.0;0.0
0.68;0;0;0;0;0.0;0.0;0.0
0.69;0;0;0;0;0.0;0.0;0.0
0.7;0;0;0;0;0.0;0.0;0.0
0.71;0;0;0;0;0.0;0.0;0.0
0.72;0;0;0;0;0.0;0.0;0.0
0.73;0;0;0;0;0.0;0.0;0.0
0.74;0;0;0;0;0.0;0.0;0.0
0.75;0;0;0;0;0.0;0.0;0.0
0.76;0;0;0;0;0.0;0.0;0.0
0.77;0;0;0;0;0.0;0.0;0.0
0.78;0;0;0;0;0.0;0.0;0.0
0.79;0;0;0;0;0.0;0.0;0.0
0.8;0;0;0;0;0.0;0.0;0.0
0.81;0;0;0;0;0.0;0.0;0.0
0.82;0;0;0;0;0.0;0.0;0.0
0.83;0;0;0;0;0.0;0.0;0.0
0.84;0;0;0;0;0.0;0.0;0.0
0.85;0;0;0;0;0.0;0.0;0.0
0.86;0;0;0;0;0.0;0.0;0.0
0.87;0;0;0;0;0.0;0.0;0.0
0.88;0;0;0;0;0.0;0.0;0.0
0.89;0;0;0;0;0.0;0.0;0.0
0.9;0;0;0;0;0.0;0.0;0.0
0.91;0;0;0;0;0.0;0.0;0.0
0.92;0;0;0;0;0.0;0.0;0.0
0.93;0;0;0;0;0.0;0.0;0.0
0.94;0;0;0;0;0.0;0.0;0.0
0.95;0;0;0;0;0.0;0.0;0.0
0.96;0;0;0;0;0.0;0.0;0.0
0.97;0;0;0;0;0.0;0.0;0.0
0.98;0;0;0;0;0.0;0.0;0.0
0.99;0;0;0;0;0.0;0.0;0.0
1.0;0;0;0;0;0.0;0.0;0.0
1.01;0;0;0;0;0.0;0.0;0.0
1.02;0;0;0;0;0.0;0.0;0.0
1.03;0;0;0;0;0.0;0.0;0.0
1.04;0;0;0;0;0.0;0.0;0.0
1.05;0;0;0;0;0.0;0.0;0.0
1.06;0;0;0;0;0.0;0.0;0.0
1.07;0;0;0;0;0.0;0.0;0.0
1.08;0;0;0;0;0.0;0.0;0.0
1.09;0;0;0;0;0.0;0.0;0.0
1.1;0;0;0;0;0.0;0.0;0.0
1.11;0;0;0;0;0.0;0.0;0.0
1.12;0;0;0;0;0.0;0.0;0.0
1.13;0;0;0;0;0.0;0.0;0.0
1.14;0;0;0;0;0.0;0.0;0.0
1.15;0;0;0;0;0.0;0.0;0.0
1.16;0;0;0;0;0.0;0.0;0.0
1.17;0;0;0;0;0.0;0.0;0.0
1.18;0;0;0;0;0.0;0.0;0.0
1.19;0;0;0;0;0.0;0.0;0.0
1.2;0;0;0;0;0.0;0.0;0.0
1.21;0;0;0;0;0.0;0.0;0.0
1.22;0;0;0;0;0.0;0.0;0.0
1.23;0;0;0;0;0.0;0.0;0.0
1.24;0;0;0;0;0.0;0.0;0.0
1.25;0;0;0;0;0.0;0.0;0.0
1.26;0;0;0;0;0.0;0.0;0.0
1.27;0;0;0;0;0.0;0.0;0.0
1.28;0;0;0;0;0.0;0.0;0.0
1.29;0;0;0;0;0.0;0.0;0.0
1.3;0;0;0;0;0.0;0.0;0.0
1.31;0;0;0;0;0.0;0.0;0.0
1.32;0;0;0;0;0.0;0.0;0.0
1.33;0;0;0;0;0.0;0.0;0.0
1.34;0;0;0;0;0.0;0.0;0.0
1.35;0;0;0;0;0.0;0.0;0.0
1.36;0;0;0;0;0.0;0.0;0.0
1.37;0;0;0;0;0.0;0.0;0.0
1.38;0;0;0;0;0.0;0.0;0.0
1.39;0;0;0;0;0.0;0.0;0.0
1.4;0;0;0;0;0.0;0.0;0.0
1.41;0;0;0;0;0.0;0.0;0.0
1.42;0;0;0;0;0.0;0.0;0.0
1.43;0;0;0;0;0.0;0.0;0.0
1.44;0;0;0;0;0.0;0.0;0.0
1.45;0;0;0;0;0.0;0.0;0.0
1.46;0;0;0;0;0.0;0.0;0.0
1.47;0;0;0;0;0.0;0.0;0.0
1.48;0;0;0;0;0.0;0.0;0.0
1.49;0;0;0;0;0.0;0.0;0.0
1.5;0;0;0;0;0.0;0.0;0.0
1.51;0;0;0;0;0.0;0.0;0.0
1.52;0;0;0;0;0.0;0.0;0.0
1.53;0;0;0;0;0.0;0.0;0.0
1.54;0;0;0;0;0.0;0.0;0.0
1.55;0;0;0;0;0.0;0.0;0.0
1.56;0;0;0;0;0.0;0.0;0.0
1.57;0;0;0;0;0.0;0.0;0.0
1.58;0;0;0;0;0.0;0.0;0.0
1.59;0;0;0;0;0.0;0.0;0.0
1.6;0;0;0;0;0.0;0.0;0.0
1.61;0;0;0;0;0.0;0.0;0.0
1.62;0;0;0;0;0.0;0.0;0.0
1.63;0;0;0;0;0.0;0.0;0.0
1.64;0;0;0;0;0.0;0.0;0.0
1.65;0;0;0;0;0.0;0.0;0.0
1.66;0;0;0;0;0.0;0.0;0.0
1.67;0;1;0;0;0.1019367991845056;13.5;13.5
1.68;0;3;1;1;0.509683995922528;8.1;2.7
1.69;0;5;1;1;0.7135575942915392;9.642858;5.785714
1.7;0;4;1;1;0.6116207951070336;9.0;4.5
1.71;0;4;1;1;0.6116207951070336;9.0;4.5
1.72;0;5;1;2;0.8154943934760448;6.75;3.375
1.73;0;6;2;2;1.019367991845056;8.1;2.7
1.74;0;8;3;3;1.4271151885830784;7.714286;1.9285715
1.75;0;10;5;4;1.9367991845056065;7.8157897;0.7105263
1.76;0;12;7;5;2.4464831804281344;7.875;0.0
1.77;0;16;10;7;3.3639143730886847;7.7727275;-0.4090909
1.78;0;19;13;9;4.1794087665647295;7.5731707;-0.9878049
1.79;0;25;16;12;5.402650356778797;7.3867927;-0.7641509
1.8;0;31;20;15;6.727828746177369;7.3636365;-0.8181818
1.81;0;38;25;19;8.358817533129459;7.243902;-0.9878049
1.82;1;46;32;23;10.39755351681957;7.147059;-1.0588236
1.83;3;54;42;27;12.844036697247706;7.071429;-1.2857143
1.84;6;63;53;31;15.596330275229358;6.970588;-1.3235294
1.85;8;72;66;35;18.450560652395513;7.085635;-1.5662984
1.86;11;81;80;39;21.50866462793068;7.101896;-1.7274882
1.87;13;91;96;44;24.872579001019368;7.192623;-1.9918033
1.88;15;101;112;49;28.23649337410805;7.261733;-2.1931407
1.89;17;112;130;54;31.90621814475025;7.3753996;-2.3722045
1.9;18;123;148;60;35.57594291539245;7.465616;-2.5916905
1.91;20;135;166;65;39.347604485219165;7.5544043;-2.658031
1.92;22;145;184;70;42.915392456676855;7.5997624;-2.7897863
1.93;23;155;201;75;46.279306829765545;7.6718063;-2.9140968
1.94;24;164;216;79;49.235474006116206;7.742236;-2.9906833
1.95;26;172;231;84;52.293577981651374;7.7105265;-3.0789473
1.96;27;180;246;89;55.249745158002035;7.721402;-3.188192
1.97;28;188;262;94;58.307849133537204;7.7412586;-3.304196
1.98;30;195;278;99;61.36595310907237;7.714286;-3.4086378
1.99;32;203;294;104;64.52599388379204;7.6990523;-3.4763033
2.0;34;209;306;108;66.97247706422019;7.6643834;-3.5136986
2.01;35;214;314;110;68.60346585117227;7.6827636;-3.5104012
2.02;36;218;317;111;69.52089704383282;7.6803517;-3.4442816
2.03;37;222;319;111;70.23445463812436;7.70029;-3.350508
2.04;38;225;319;110;70.54026503567788;7.7254333;-3.2384393
2.05;39;227;318;109;70.64220183486238;7.733766;-3.1363637
2.06;40;229;316;109;70.74413863404689;7.70317;-3.0345821
2.07;40;231;314;108;70.64220183486238;7.733766;-2.9415584
2.08;41;232;311;107;70.43832823649338;7.717077;-2.832851
2.09;42;232;307;106;70.03058103975535;7.683406;-2.731441
2.1;43;232;303;105;69.62283384301733;7.649341;-2.6288433
2.11;43;233;300;104;69.3170234454638;7.663235;-2.5411766
2.12;43;233;296;103;68.80733944954127;7.66;-2.46
2.13;44;233;294;102;68.60346585117227;7.642645;-2.3870728
2.14;44;233;291;101;68.19571865443424;7.647982;-2.3206277
2.15;44;233;289;101;67.99184505606523;7.630435;-2.2871065
2.16;44;233;289;100;67.88990825688073;7.6621623;-2.2702703
2.17;44;234;289;100;67.99184505606523;7.6709146;-2.2466266
2.18;45;235;290;101;68.39959225280326;7.6251864;-2.233234
2.19;45;236;292;101;68.70540265035677;7.6513352;-2.2433233
2.2;45;237;295;102;69.2150866462793;7.6546392;-2.2864506
2.21;45;237;298;103;69.62283384301733;7.649341;-2.352123
2.22;45;238;301;104;70.13251783893985;7.6526165;-2.3938954
2.23;45;238;305;105;70.64220183486238;7.655844;-2.474026
2.24;45;238;309;107;71.25382262996942;7.6287556;-2.5686696
2.25;45;237;313;108;71.66156982670744;7.6237555;-2.6692746
2.26;45;236;318;110;72.27319062181446;7.59732;-2.7990127
2.27;44;235;323;112;72.782874617737;7.6008406;-2.9495797
2.28;44;233;328;114;73.29255861365952;7.5667596;-3.0980527
2.29;43;230;332;115;73.39449541284404;7.575;-3.2625
2.3;42;228;336;117;73.70030581039755;7.5622406;-3.4170125
2.31;41;225;339;118;73.70030581039755;7.5622406;-3.56639
2.32;41;223;342;120;74.00611620795107;7.512397;-3.6818182
2.33;40;221;345;121;74.10805300713557;7.5206327;-3.80674
2.34;39;219;347;122;74.10805300713557;7.5206327;-3.9181569
2.35;38;216;349;122;73.90417940876657;7.5413795;-4.0406895
2.36;37;214;350;123;73.80224260958205;7.5331492;-4.1395025
2.37;37;211;351;123;73.59836901121304;7.5166206;-4.225762
2.38;36;209;351;124;73.39449541284404;7.5;-4.3125
2.39;38;206;351;126;73.49643221202854;7.35853;-4.362691
2.4;43;205;351;130;74.31192660550458;7.0925927;-4.314815
2.41;45;204;352;132;74.71967380224261;6.9802184;-4.3281035
2.42;44;202;353;132;74.5158002038736;6.999316;-4.4138165
2.43;43;200;352;132;74.10805300713557;7.0006876;-4.4752407
2.44;44;197;351;134;74.00611620795107;6.880165;-4.53719
2.45;44;195;350;137;74.00611620795107;6.768595;-4.6115704
2.46;45;192;348;140;73.90417940876657;6.610345;-4.6737933
2.47;48;190;344;144;74.00611620795107;6.359504;-4.6487603
2.48;53;187;340;149;74.31192660550458;6.0185184;-4.611111
2.49;59;185;336;155;74.92354740061161;5.6387753;-4.5367346
2.5;65;183;332;162;75.63710499490315;5.239892;-4.4757414
2.51;72;181;326;168;76.14678899082568;4.825301;-4.3554215
2.52;77;179;319;172;76.14678899082568;4.5;-4.246988
2.53;81;175;310;174;75.43323139653414;4.1959457;-4.1594596
2.54;86;172;301;175;74.82161060142711;3.8991826;-4.0095367
2.55;89;169;291;175;73.80224260958205;3.6546962;-3.878453
2.56;92;166;282;175;72.88481141692151;3.4174826;-3.7573426
2.57;95;163;273;174;71.86544342507645;3.1978724;-3.619149
2.58;98;161;266;175;71.35575942915392;2.97;-3.51
2.59;101;160;260;176;71.0499490316004;2.7697275;-3.3895266
2.6;103;158;255;178;70.74413863404689;2.5677233;-3.3458214
2.61;105;157;252;180;70.74413863404689;2.4121037;-3.3069165
2.62;107;156;249;183;70.84607543323139;2.233813;-3.282734
2.63;109;156;248;186;71.25382262996942;2.1051502;-3.2639484
2.64;110;156;246;189;71.45769622833842;1.9835949;-3.2546363
2.65;112;156;245;192;71.86544342507645;1.8574468;-3.2361703
2.66;113;155;244;195;72.06931702344546;1.7376238;-3.2652051
2.67;115;155;243;197;72.37512742099898;1.6352112;-3.2323945
2.68;116;156;240;198;72.37512742099898;1.559155;-3.156338
2.69;117;156;238;199;72.37512742099898;1.4830986;-3.11831
2.7;119;156;235;200;72.37512742099898;1.3690141;-3.0422535
2.71;120;156;233;200;72.27319062181446;1.3138223;-2.9894216
2.72;122;157;230;201;72.37512742099898;1.2169014;-2.8901408
2.73;124;158;228;202;72.579001019368;1.1376405;-2.8061798
2.74;126;158;226;202;72.579001019368;1.0617977;-2.7303371
2.75;129;159;224;202;72.782874617737;0.9831933;-2.6092436
2.76;131;160;222;202;72.88481141692151;0.92517483;-2.5111887
2.77;134;161;219;201;72.88481141692151;0.8496503;-2.3601398
2.78;136;162;217;201;72.98674821610601;0.79189944;-2.26257
2.79;138;162;215;201;72.98674821610601;0.71648043;-2.187151
2.8;140;162;213;200;72.88481141692151;0.66083914;-2.0958042
2.81;143;163;211;200;73.08868501529052;0.583682;-1.9769875
2.82;144;163;209;201;73.08868501529052;0.5083682;-1.9393306
2.83;146;163;207;201;73.08868501529052;0.4330544;-1.8640168
2.84;147;163;206;202;73.19062181447502;0.37604457;-1.8426183
2.85;148;162;204;203;73.08868501529052;0.28242677;-1.8263599
2.86;149;162;203;204;73.19062181447502;0.22562674;-1.8050139
2.87;150;161;202;205;73.19062181447502;0.15041783;-1.8050139
2.88;151;160;201;207;73.29255861365952;0.056328233;-1.8212795
2.89;151;159;200;209;73.29255861365952;-0.018776078;-1.8588318
2.9;151;157;199;210;73.08868501529052;-0.09414226;-1.9016737
2.91;151;156;199;212;73.19062181447502;-0.15041783;-1.9554317
2.92;152;154;198;214;73.19062181447502;-0.2632312;-1.9930363
2.93;152;153;197;216;73.19062181447502;-0.33844012;-2.0306406
2.94;152;151;196;218;73.08868501529052;-0.4330544;-2.0899582
2.95;152;150;195;219;72.98674821610601;-0.49022347;-2.1117318
2.96;152;148;194;221;72.88481141692151;-0.5853147;-2.1713288
2.97;152;147;193;222;72.782874617737;-0.64285713;-2.1932774
2.98;153;146;193;224;72.98674821610601;-0.71648043;-2.2248604
2.99;153;145;192;225;72.88481141692151;-0.7741259;-2.246853
3.0;153;144;192;227;72.98674821610601;-0.8296089;-2.3002794
3.01;153;143;191;228;72.88481141692151;-0.8874126;-2.3223777
3.02;154;142;191;229;72.98674821610601;-0.9427374;-2.3379889
3.03;154;141;191;231;73.08868501529052;-0.99790794;-2.3912134
3.04;154;140;191;232;73.08868501529052;-1.0355649;-2.4288702
3.05;154;139;191;233;73.08868501529052;-1.0732218;-2.4665272
3.06;154;139;191;234;73.19062181447502;-1.0905292;-2.4818943
3.07;154;138;192;235;73.29255861365952;-1.1077886;-2.5347705
3.08;154;137;192;236;73.29255861365952;-1.1453408;-2.5723226
3.09;154;137;192;237;73.39449541284404;-1.1625;-2.5875
3.1;154;136;191;237;73.19062181447502;-1.2033427;-2.5947075
3.11;154;136;191;238;73.29255861365952;-1.220445;-2.6098747
3.12;154;135;191;238;73.19062181447502;-1.2409471;-2.632312
3.13;154;135;191;239;73.29255861365952;-1.2579973;-2.647427
3.14;154;135;191;239;73.29255861365952;-1.2579973;-2.647427
3.15;154;135;191;240;73.39449541284404;-1.275;-2.6625
3.16;154;135;191;240;73.39449541284404;-1.275;-2.6625
3.17;154;135;191;240;73.39449541284404;-1.275;-2.6625
3.18;154;135;191;239;73.29255861365952;-1.2579973;-2.647427
3.19;154;136;192;239;73.49643221202854;-1.2170596;-2.6400833
3.2;154;136;191;238;73.29255861365952;-1.220445;-2.6098747
3.21;153;137;191;238;73.29255861365952;-1.1828929;-2.6098747
3.22;153;137;191;237;73.19062181447502;-1.1657381;-2.5947075
3.23;153;137;191;236;73.08868501529052;-1.1485356;-2.5794978
3.24;153;138;191;235;73.08868501529052;-1.1108787;-2.541841
3.25;153;138;191;235;73.08868501529052;-1.1108787;-2.541841
3.26;153;139;192;234;73.19062181447502;-1.0529248;-2.5194986
3.27;153;139;192;233;73.08868501529052;-1.0355649;-2.504184
3.28;153;139;192;233;73.08868501529052;-1.0355649;-2.504184
3.29;153;140;192;232;73.08868501529052;-0.99790794;-2.4665272
3.3;153;140;192;232;73.08868501529052;-0.99790794;-2.4665272
3.31;153;141;192;232;73.19062181447502;-0.97771585;-2.4442897
3.32;153;141;192;231;73.08868501529052;-0.96025103;-2.4288702
3.33;153;141;192;231;73.08868501529052;-0.96025103;-2.4288702
3.34;153;142;192;230;73.08868501529052;-0.92259413;-2.3912134
3.35;153;142;192;230;73.08868501529052;-0.92259413;-2.3912134
3.36;153;142;192;230;73.08868501529052;-0.92259413;-2.3912134
3.37;153;142;193;230;73.19062181447502;-0.90250695;-2.4066854
3.38;153;142;193;230;73.19062181447502;-0.90250695;-2.4066854
3.39;153;142;193;230;73.19062181447502;-0.90250695;-2.4066854
3.4;153;143;193;229;73.19062181447502;-0.8649025;-2.3690808
3.41;153;143;193;229;73.19062181447502;-0.8649025;-2.3690808
3.42;153;143;193;229;73.19062181447502;-0.8649025;-2.3690808
3.43;153;143;193;228;73.08868501529052;-0.8472803;-2.3535564
3.44;153;143;193;228;73.08868501529052;-0.8472803;-2.3535564
3.45;153;143;193;228;73.08868501529052;-0.8472803;-2.3535564
3.46;154;144;193;228;73.29255861365952;-0.8449235;-2.3094575
3.47;154;144;193;228;73.29255861365952;-0.8449235;-2.3094575
3.48;154;144;192;227;73.08868501529052;-0.8472803;-2.2782426
3.49;154;145;192;227;73.19062181447502;-0.82729805;-2.2562673
3.5;154;145;192;227;73.19062181447502;-0.82729805;-2.2562673
3.51;155;145;192;226;73.19062181447502;-0.82729805;-2.218663
3.52;155;146;192;225;73.19062181447502;-0.7896936;-2.1810584
3.53;155;146;191;225;73.08868501529052;-0.8096234;-2.165272
3.54;155;147;191;224;73.08868501529052;-0.7719665;-2.127615
3.55;155;147;190;223;72.88481141692151;-0.7741259;-2.0958042
3.56;155;147;190;222;72.782874617737;-0.75630254;-2.0798318
3.57;155;148;190;222;72.88481141692151;-0.73636365;-2.058042
3.58;156;148;190;221;72.88481141692151;-0.73636365;-2.0202796
3.59;156;149;190;221;72.98674821610601;-0.71648043;-1.9986033
3.6;156;149;190;220;72.88481141692151;-0.6986014;-1.9825175
3.61;156;150;190;220;72.98674821610601;-0.67877096;-1.9608939
3.62;156;150;190;220;72.98674821610601;-0.67877096;-1.9608939
3.63;156;151;191;220;73.19062181447502;-0.6392758;-1.9554317
3.64;156;151;191;219;73.08868501529052;-0.6213389;-1.9393306
3.65;156;152;192;219;73.29255861365952;-0.5820584;-1.933936
3.66;156;152;192;219;73.29255861365952;-0.5820584;-1.933936
3.67;156;152;192;218;73.19062181447502;-0.5640668;-1.9178272
3.68;156;152;192;217;73.08868501529052;-0.5460251;-1.9016737
3.69;156;153;192;217;73.19062181447502;-0.5264624;-1.8802228
3.7;156;153;193;216;73.19062181447502;-0.48885792;-1.8802228
3.71;156;153;193;216;73.19062181447502;-0.48885792;-1.8802228
3.72;156;153;193;215;73.08868501529052;-0.4707113;-1.8640168
3.73;156;154;194;215;73.29255861365952;-0.43184978;-1.8588318
3.74;156;154;194;214;73.19062181447502;-0.41364902;-1.8426183
3.75;156;154;194;214;73.19062181447502;-0.41364902;-1.8426183
3.76;156;155;195;213;73.29255861365952;-0.35674548;-1.8212795
3.77;155;155;195;213;73.19062181447502;-0.33844012;-1.8426183
3.78;155;155;196;213;73.29255861365952;-0.31919333;-1.8588318
3.79;155;155;196;212;73.19062181447502;-0.30083567;-1.8426183
3.8;155;155;196;212;73.19062181447502;-0.30083567;-1.8426183
3.81;155;155;197;212;73.29255861365952;-0.28164116;-1.8588318
3.82;154;155;197;212;73.19062181447502;-0.2632312;-1.8802228
3.83;154;155;197;212;73.19062181447502;-0.2632312;-1.8802228
3.84;154;156;197;211;73.19062181447502;-0.22562674;-1.8426183
3.85;154;156;198;211;73.29255861365952;-0.20653686;-1.8588318
3.86;153;156;198;211;73.19062181447502;-0.18802229;-1.8802228
3.87;153;156;198;211;73.19062181447502;-0.18802229;-1.8802228
3.88;153;156;199;211;73.29255861365952;-0.1689847;-1.8963839
3.89;153;156;199;211;73.29255861365952;-0.1689847;-1.8963839
3.9;152;156;199;210;73.08868501529052;-0.13179916;-1.9016737
3.91;152;156;200;210;73.19062181447502;-0.11281337;-1.9178272
3.92;152;156;200;210;73.19062181447502;-0.11281337;-1.9178272
3.93;151;156;200;210;73.08868501529052;-0.09414226;-1.9393306
3.94;151;155;201;210;73.08868501529052;-0.09414226;-1.9769875
3.95;151;155;201;210;73.08868501529052;-0.09414226;-1.9769875
3.96;150;155;202;210;73.08868501529052;-0.056485355;-2.0146444
3.97;150;155;202;210;73.08868501529052;-0.056485355;-2.0146444
3.98;150;156;203;210;73.29255861365952;-0.018776078;-2.0090404
3.99;149;156;203;210;73.19062181447502;0.0;-2.0306406
4.0;149;156;204;210;73.29255861365952;0.018776078;-2.0465925
4.01;149;155;204;210;73.19062181447502;0.0;-2.0682452
4.02;148;155;205;210;73.19062181447502;0.03760446;-2.1058495
4.03;148;155;205;210;73.19062181447502;0.03760446;-2.1058495
4.04;148;155;205;210;73.19062181447502;0.03760446;-2.1058495
4.05;147;155;206;210;73.19062181447502;0.07520892;-2.143454
4.06;147;155;206;210;73.19062181447502;0.07520892;-2.143454
4.07;147;155;207;210;73.29255861365952;0.09388039;-2.159249
4.08;146;155;207;210;73.19062181447502;0.11281337;-2.1810584
4.09;146;155;207;210;73.19062181447502;0.11281337;-2.1810584
4.1;146;154;208;210;73.19062181447502;0.11281337;-2.218663
4.11;145;154;208;210;73.08868501529052;0.13179916;-2.2405858
4.12;145;154;208;210;73.08868501529052;0.13179916;-2.2405858
4.13;145;154;208;211;73.19062181447502;0.11281337;-2.2562673
4.14;145;154;208;211;73.19062181447502;0.11281337;-2.2562673
4.15;144;153;208;211;72.98674821610601;0.11312849;-2.3002794
4.16;144;153;208;211;72.98674821610601;0.11312849;-2.3002794
4.17;144;153;208;211;72.98674821610601;0.11312849;-2.3002794
4.18;144;153;208;211;72.98674821610601;0.11312849;-2.3002794
4.19;144;153;209;211;73.08868501529052;0.13179916;-2.3158996
4.2;144;153;209;211;73.08868501529052;0.13179916;-2.3158996
4.21;143;152;209;211;72.88481141692151;0.13216783;-2.3601398
4.22;143;152;209;211;72.88481141692151;0.13216783;-2.3601398
4.23;143;152;209;212;72.98674821610601;0.11312849;-2.3756983
4.24;143;152;210;212;73.08868501529052;0.13179916;-2.3912134
4.25;143;152;210;212;73.08868501529052;0.13179916;-2.3912134
4.26;143;152;211;212;73.19062181447502;0.15041783;-2.4066854
4.27;143;152;211;212;73.19062181447502;0.15041783;-2.4066854
4.28;143;152;211;212;73.19062181447502;0.15041783;-2.4066854
4.29;143;151;211;212;73.08868501529052;0.13179916;-2.4288702
4.3;142;151;211;212;72.98674821610601;0.15083799;-2.4511173
4.31;142;151;212;212;73.08868501529052;0.16945606;-2.4665272
4.32;142;151;212;212;73.08868501529052;0.16945606;-2.4665272
4.33;142;151;212;212;73.08868501529052;0.16945606;-2.4665272
4.34;142;151;212;212;73.08868501529052;0.16945606;-2.4665272
4.35;142;151;212;212;73.08868501529052;0.16945606;-2.4665272
4.36;142;151;213;212;73.19062181447502;0.18802229;-2.4818943
4.37;142;151;213;211;73.08868501529052;0.20711297;-2.4665272
4.38;142;151;213;211;73.08868501529052;0.20711297;-2.4665272
4.39;141;151;213;211;72.98674821610601;0.22625698;-2.4888268
4.4;141;151;214;211;73.08868501529052;0.24476987;-2.504184
4.41;141;152;214;211;73.19062181447502;0.2632312;-2.4818943
4.42;141;152;214;210;73.08868501529052;0.28242677;-2.4665272
4.43;141;152;214;210;73.08868501529052;0.28242677;-2.4665272
4.44;141;152;215;210;73.19062181447502;0.30083567;-2.4818943
4.45;141;152;215;210;73.19062181447502;0.30083567;-2.4818943
4.46;141;152;215;209;73.08868501529052;0.32008368;-2.4665272
4.47;141;152;215;209;73.08868501529052;0.32008368;-2.4665272
4.48;141;152;215;209;73.08868501529052;0.32008368;-2.4665272
4.49;141;153;215;209;73.19062181447502;0.33844012;-2.4442897
4.5;140;153;215;209;73.08868501529052;0.35774058;-2.4665272
4.51;140;153;216;208;73.08868501529052;0.39539748;-2.4665272
4.52;140;153;216;208;73.08868501529052;0.39539748;-2.4665272
4.53;140;153;216;208;73.08868501529052;0.39539748;-2.4665272
4.54;140;153;216;208;73.08868501529052;0.39539748;-2.4665272
4.55;140;153;216;208;73.08868501529052;0.39539748;-2.4665272
4.56;140;153;216;207;72.98674821610601;0.41480446;-2.4511173
4.57;140;153;216;207;72.98674821610601;0.41480446;-2.4511173
4.58;140;153;216;207;72.98674821610601;0.41480446;-2.4511173
4.59;140;154;217;207;73.19062181447502;0.45125347;-2.4442897
4.6;140;154;217;207;73.19062181447502;0.45125347;-2.4442897
4.61;140;154;217;207;73.19062181447502;0.45125347;-2.4442897
4.62;140;154;217;207;73.19062181447502;0.45125347;-2.4442897
4.63;140;154;217;207;73.19062181447502;0.45125347;-2.4442897
4.64;140;154;217;207;73.19062181447502;0.45125347;-2.4442897
4.65;140;154;217;207;73.19062181447502;0.45125347;-2.4442897
4.66;140;154;217;207;73.19062181447502;0.45125347;-2.4442897
4.67;140;154;217;207;73.19062181447502;0.45125347;-2.4442897
4.68;140;154;217;207;73.19062181447502;0.45125347;-2.4442897
4.69;140;154;217;207;73.19062181447502;0.45125347;-2.4442897
4.7;140;153;217;207;73.08868501529052;0.4330544;-2.4665272
4.71;140;153;217;207;73.08868501529052;0.4330544;-2.4665272
4.72;140;153;216;207;72.98674821610601;0.41480446;-2.4511173
4.73;140;153;216;207;72.98674821610601;0.41480446;-2.4511173
4.74;140;153;216;207;72.98674821610601;0.41480446;-2.4511173
4.75;140;153;216;207;72.98674821610601;0.41480446;-2.4511173
4.76;140;153;216;207;72.98674821610601;0.41480446;-2.4511173
4.77;140;153;216;208;73.08868501529052;0.39539748;-2.4665272
4.78;140;153;216;208;73.08868501529052;0.39539748;-2.4665272
4.79;140;153;216;208;73.08868501529052;0.39539748;-2.4665272
4.8;140;152;216;208;72.98674821610601;0.37709498;-2.4888268
4.81;140;152;215;208;72.88481141692151;0.35874125;-2.4734266
4.82;140;152;215;208;72.88481141692151;0.35874125;-2.4734266
4.83;140;152;215;209;72.98674821610601;0.33938548;-2.4888268
4.84;140;152;215;209;72.98674821610601;0.33938548;-2.4888268
4.85;140;152;215;209;72.98674821610601;0.33938548;-2.4888268
4.86;140;152;215;209;72.98674821610601;0.33938548;-2.4888268
4.87;141;152;215;210;73.19062181447502;0.30083567;-2.4818943
4.88;141;152;215;210;73.19062181447502;0.30083567;-2.4818943
4.89;141;152;215;210;73.19062181447502;0.30083567;-2.4818943
4.9;141;152;215;210;73.19062181447502;0.30083567;-2.4818943
4.91;141;152;215;210;73.19062181447502;0.30083567;-2.4818943
4.92;141;152;215;211;73.29255861365952;0.28164116;-2.4972184
4.93;141;151;215;211;73.19062181447502;0.2632312;-2.5194986
4.94;141;151;214;211;73.08868501529052;0.24476987;-2.504184
4.95;141;151;214;211;73.08868501529052;0.24476987;-2.504184
4.96;142;151;214;211;73.19062181447502;0.22562674;-2.4818943
4.97;142;151;214;211;73.19062181447502;0.22562674;-2.4818943
4.98;142;151;214;211;73.19062181447502;0.22562674;-2.4818943
4.99;142;151;213;211;73.08868501529052;0.20711297;-2.4665272
5.0;142;151;213;211;73.08868501529052;0.20711297;-2.4665272
5.01;142;151;213;211;73.08868501529052;0.20711297;-2.4665272
5.02;142;151;213;211;73.08868501529052;0.20711297;-2.4665272
5.03;142;151;213;212;73.19062181447502;0.18802229;-2.4818943
5.04;142;150;213;212;73.08868501529052;0.16945606;-2.504184
5.05;142;150;213;212;73.08868501529052;0.16945606;-2.504184
5.06;142;150;212;212;72.98674821610601;0.15083799;-2.4888268
5.07;142;150;212;212;72.98674821610601;0.15083799;-2.4888268
5.08;142;150;212;213;73.08868501529052;0.13179916;-2.504184
5.09;142;150;212;213;73.08868501529052;0.13179916;-2.504184
5.1;142;150;212;213;73.08868501529052;0.13179916;-2.504184
5.11;143;150;212;213;73.19062181447502;0.11281337;-2.4818943
5.12;143;150;212;213;73.19062181447502;0.11281337;-2.4818943
5.13;143;150;211;213;73.08868501529052;0.09414226;-2.4665272
5.14;143;149;211;213;72.98674821610601;0.075418994;-2.4888268
5.15;143;149;211;213;72.98674821610601;0.075418994;-2.4888268
5.16;143;149;211;214;73.08868501529052;0.056485355;-2.504184
5.17;143;149;211;214;73.08868501529052;0.056485355;-2.504184
5.18;143;149;211;214;73.08868501529052;0.056485355;-2.504184
5.19;143;149;211;214;73.08868501529052;0.056485355;-2.504184
5.2;143;149;211;215;73.19062181447502;0.03760446;-2.5194986
5.21;143;149;211;215;73.19062181447502;0.03760446;-2.5194986
5.22;143;149;211;215;73.19062181447502;0.03760446;-2.5194986
5.23;144;149;211;215;73.29255861365952;0.018776078;-2.4972184
5.24;144;149;210;215;73.19062181447502;0.0;-2.4818943
5.25;144;149;210;215;73.19062181447502;0.0;-2.4818943
5.26;144;149;210;215;73.19062181447502;0.0;-2.4818943
5.27;144;149;210;215;73.19062181447502;0.0;-2.4818943
5.28;144;149;211;215;73.29255861365952;0.018776078;-2.4972184
5.29;144;149;211;215;73.29255861365952;0.018776078;-2.4972184
5.3;144;149;210;215;73.19062181447502;0.0;-2.4818943
5.31;144;149;210;215;73.19062181447502;0.0;-2.4818943
5.32;144;148;210;215;73.08868501529052;-0.018828452;-2.504184
5.33;144;148;210;215;73.08868501529052;-0.018828452;-2.504184
5.34;144;148;210;215;73.08868501529052;-0.018828452;-2.504184
5.35;144;148;210;215;73.08868501529052;-0.018828452;-2.504184
5.36;144;148;209;215;72.98674821610601;-0.037709497;-2.4888268
5.37;143;148;209;215;72.88481141692151;-0.01888112;-2.5111887
5.38;143;148;209;215;72.88481141692151;-0.01888112;-2.5111887
5.39;143;148;209;215;72.88481141692151;-0.01888112;-2.5111887
5.4;144;148;209;215;72.98674821610601;-0.037709497;-2.4888268
5.41;144;148;209;216;73.08868501529052;-0.056485355;-2.504184
5.42;144;148;209;216;73.08868501529052;-0.056485355;-2.504184
5.43;144;148;209;216;73.08868501529052;-0.056485355;-2.504184
5.44;144;148;209;216;73.08868501529052;-0.056485355;-2.504184
5.45;144;148;209;216;73.08868501529052;-0.056485355;-2.504184
5.46;144;148;209;216;73.08868501529052;-0.056485355;-2.504184
5.47;144;148;209;216;73.08868501529052;-0.056485355;-2.504184
5.48;145;148;209;217;73.29255861365952;-0.09388039;-2.4972184
5.49;145;148;209;217;73.29255861365952;-0.09388039;-2.4972184
5.5;145;148;209;217;73.29255861365952;-0.09388039;-2.4972184
5.51;145;148;208;217;73.19062181447502;-0.11281337;-2.4818943
5.52;145;148;208;216;73.08868501529052;-0.09414226;-2.4665272
5.53;145;148;208;216;73.08868501529052;-0.09414226;-2.4665272
5.54;145;148;208;216;73.08868501529052;-0.09414226;-2.4665272
5.55;145;148;207;216;72.98674821610601;-0.11312849;-2.4511173
5.56;145;148;207;216;72.98674821610601;-0.11312849;-2.4511173
5.57;145;148;207;216;72.98674821610601;-0.11312849;-2.4511173
5.58;146;148;207;216;73.08868501529052;-0.13179916;-2.4288702
5.59;146;148;207;216;73.08868501529052;-0.13179916;-2.4288702
5.6;146;148;207;216;73.08868501529052;-0.13179916;-2.4288702
5.61;146;148;206;216;72.98674821610601;-0.15083799;-2.4134078
5.62;146;148;206;216;72.98674821610601;-0.15083799;-2.4134078
5.63;146;148;206;216;72.98674821610601;-0.15083799;-2.4134078
5.64;147;148;206;216;73.08868501529052;-0.16945606;-2.3912134
5.65;147;148;206;216;73.08868501529052;-0.16945606;-2.3912134
5.66;147;148;206;216;73.08868501529052;-0.16945606;-2.3912134
5.67;148;148;205;215;72.98674821610601;-0.18854749;-2.3379889
5.68;148;149;205;215;73.08868501529052;-0.16945606;-2.3158996
5.69;148;149;205;215;73.08868501529052;-0.16945606;-2.3158996
5.7;149;149;205;215;73.19062181447502;-0.18802229;-2.2938719
5.71;149;149;204;215;73.08868501529052;-0.20711297;-2.2782426
5.72;149;149;204;215;73.08868501529052;-0.20711297;-2.2782426
5.73;150;149;204;215;73.19062181447502;-0.22562674;-2.2562673
5.74;150;149;203;215;73.08868501529052;-0.24476987;-2.2405858
5.75;150;149;203;215;73.08868501529052;-0.24476987;-2.2405858
5.76;151;149;203;215;73.19062181447502;-0.2632312;-2.218663
5.77;151;149;203;215;73.19062181447502;-0.2632312;-2.218663
5.78;151;149;202;215;73.08868501529052;-0.28242677;-2.2029288
5.79;152;149;202;215;73.19062181447502;-0.30083567;-2.1810584
5.8;152;149;202;215;73.19062181447502;-0.30083567;-2.1810584
5.81;153;149;202;215;73.29255861365952;-0.31919333;-2.159249
5.82;153;149;202;215;73.29255861365952;-0.31919333;-2.159249
5.83;153;149;201;214;73.08868501529052;-0.32008368;-2.127615
5.84;153;149;201;214;73.08868501529052;-0.32008368;-2.127615
5.85;154;149;201;214;73.19062181447502;-0.33844012;-2.1058495
5.86;154;149;201;214;73.19062181447502;-0.33844012;-2.1058495
5.87;154;149;201;214;73.19062181447502;-0.33844012;-2.1058495
5.88;154;149;201;214;73.19062181447502;-0.33844012;-2.1058495
5.89;154;149;201;214;73.19062181447502;-0.33844012;-2.1058495
5.9;154;149;201;214;73.19062181447502;-0.33844012;-2.1058495
5.91;154;149;201;214;73.19062181447502;-0.33844012;-2.1058495
5.92;154;149;201;214;73.19062181447502;-0.33844012;-2.1058495
5.93;154;149;200;214;73.08868501529052;-0.35774058;-2.0899582
5.94;154;149;200;214;73.08868501529052;-0.35774058;-2.0899582
5.95;154;149;200;213;72.98674821610601;-0.33938548;-2.0740223
5.96;154;149;199;213;72.88481141692151;-0.35874125;-2.058042
5.97;154;149;199;212;72.782874617737;-0.34033614;-2.0420167
5.98;154;149;199;212;72.782874617737;-0.34033614;-2.0420167
5.99;154;149;199;212;72.782874617737;-0.34033614;-2.0420167
6.0;154;149;199;212;72.782874617737;-0.34033614;-2.0420167
6.01;155;149;199;213;72.98674821610601;-0.37709498;-2.0363128
6.02;155;149;200;213;73.08868501529052;-0.35774058;-2.0523012
6.03;155;149;200;213;73.08868501529052;-0.35774058;-2.0523012
6.04;155;149;200;213;73.08868501529052;-0.35774058;-2.0523012
6.05;155;150;200;213;73.19062181447502;-0.33844012;-2.0306406
6.06;155;150;200;213;73.19062181447502;-0.33844012;-2.0306406
6.07;156;150;200;213;73.29255861365952;-0.35674548;-2.0090404
6.08;156;150;200;212;73.19062181447502;-0.33844012;-1.9930363
6.09;156;150;200;212;73.19062181447502;-0.33844012;-1.9930363
6.1;156;151;199;212;73.19062181447502;-0.33844012;-1.9554317
6.11;156;151;199;211;73.08868501529052;-0.32008368;-1.9393306
6.12;157;151;199;211;73.19062181447502;-0.33844012;-1.9178272
6.13;157;151;199;211;73.19062181447502;-0.33844012;-1.9178272
6.14;157;151;199;210;73.08868501529052;-0.32008368;-1.9016737
6.15;157;151;199;210;73.08868501529052;-0.32008368;-1.9016737
6.16;157;152;199;210;73.19062181447502;-0.30083567;-1.8802228
6.17;157;152;199;209;73.08868501529052;-0.28242677;-1.8640168
6.18;157;152;199;209;73.08868501529052;-0.28242677;-1.8640168
6.19;157;152;199;209;73.08868501529052;-0.28242677;-1.8640168
6.2;157;152;199;208;72.98674821610601;-0.26396647;-1.8477653
6.21;157;153;199;208;73.08868501529052;-0.24476987;-1.8263599
6.22;157;153;199;208;73.08868501529052;-0.24476987;-1.8263599
6.23;157;153;199;207;72.98674821610601;-0.22625698;-1.8100559
6.24;157;154;199;207;73.08868501529052;-0.20711297;-1.788703
6.25;157;154;199;207;73.08868501529052;-0.20711297;-1.788703
6.26;157;154;199;206;72.98674821610601;-0.18854749;-1.7723464
6.27;157;155;199;206;73.08868501529052;-0.16945606;-1.7510461
6.28;157;155;199;206;73.08868501529052;-0.16945606;-1.7510461
6.29;157;155;199;206;73.08868501529052;-0.16945606;-1.7510461
6.3;157;155;199;205;72.98674821610601;-0.15083799;-1.7346369
6.31;157;156;199;205;73.08868501529052;-0.13179916;-1.7133892
6.32;157;156;199;205;73.08868501529052;-0.13179916;-1.7133892
6.33;157;156;199;204;72.98674821610601;-0.11312849;-1.6969274
6.34;157;157;199;204;73.08868501529052;-0.09414226;-1.6757323
6.35;157;157;199;204;73.08868501529052;-0.09414226;-1.6757323
6.36;157;157;199;203;72.98674821610601;-0.075418994;-1.6592178
6.37;157;157;199;203;72.98674821610601;-0.075418994;-1.6592178
6.38;157;157;199;203;72.98674821610601;-0.075418994;-1.6592178
6.39;157;158;199;203;73.08868501529052;-0.056485355;-1.6380754
6.4;157;158;199;202;72.98674821610601;-0.037709497;-1.6215084
6.41;157;158;199;202;72.98674821610601;-0.037709497;-1.6215084
6.42;157;158;199;202;72.98674821610601;-0.037709497;-1.6215084
6.43;157;159;199;202;73.08868501529052;-0.018828452;-1.6004184
6.44;156;159;199;202;72.98674821610601;0.0;-1.6215084
6.45;156;159;200;202;73.08868501529052;0.018828452;-1.6380754
6.46;156;159;200;202;73.08868501529052;0.018828452;-1.6380754
6.47;156;159;200;202;73.08868501529052;0.018828452;-1.6380754
6.48;156;159;200;202;73.08868501529052;0.018828452;-1.6380754
6.49;156;159;200;202;73.08868501529052;0.018828452;-1.6380754
6.5;156;160;200;202;73.19062181447502;0.03760446;-1.6169916
6.51;156;160;200;202;73.19062181447502;0.03760446;-1.6169916
6.52;156;160;200;201;73.08868501529052;0.056485355;-1.6004184
6.53;156;160;200;201;73.08868501529052;0.056485355;-1.6004184
6.54;156;160;200;201;73.08868501529052;0.056485355;-1.6004184
6.55;156;160;200;201;73.08868501529052;0.056485355;-1.6004184
6.56;156;160;200;200;72.98674821610601;0.075418994;-1.5837989
6.57;156;160;200;200;72.98674821610601;0.075418994;-1.5837989
6.58;155;160;200;200;72.88481141692151;0.09440559;-1.6048951
6.59;155;160;200;200;72.88481141692151;0.09440559;-1.6048951
6.6;155;160;200;200;72.88481141692151;0.09440559;-1.6048951
6.61;155;160;200;199;72.782874617737;0.11344538;-1.5882353
6.62;155;161;200;199;72.88481141692151;0.13216783;-1.5671328
6.63;155;161;200;199;72.88481141692151;0.13216783;-1.5671328
6.64;155;161;200;199;72.88481141692151;0.13216783;-1.5671328
6.65;156;161;200;199;72.98674821610601;0.11312849;-1.5460894
6.66;156;161;200;199;72.98674821610601;0.11312849;-1.5460894
6.67;156;162;200;199;73.08868501529052;0.13179916;-1.5251046
6.68;156;162;200;199;73.08868501529052;0.13179916;-1.5251046
6.69;156;162;201;199;73.19062181447502;0.15041783;-1.5417827
6.7;156;162;201;199;73.19062181447502;0.15041783;-1.5417827
6.71;156;162;201;198;73.08868501529052;0.16945606;-1.5251046
6.72;156;163;200;198;73.08868501529052;0.16945606;-1.4874477
6.73;156;163;200;198;73.08868501529052;0.16945606;-1.4874477
6.74;156;163;200;198;73.08868501529052;0.16945606;-1.4874477
6.75;156;163;200;197;72.98674821610601;0.18854749;-1.4706703
6.76;157;163;200;197;73.08868501529052;0.16945606;-1.4497908
6.77;157;163;200;197;73.08868501529052;0.16945606;-1.4497908
6.78;157;164;200;197;73.19062181447502;0.18802229;-1.4289694
6.79;157;164;200;197;73.19062181447502;0.18802229;-1.4289694
6.8;156;164;200;196;72.98674821610601;0.22625698;-1.4329609
6.81;156;164;200;196;72.98674821610601;0.22625698;-1.4329609
6.82;156;164;200;196;72.98674821610601;0.22625698;-1.4329609
6.83;156;164;200;196;72.98674821610601;0.22625698;-1.4329609
6.84;156;165;200;196;73.08868501529052;0.24476987;-1.4121339
6.85;157;165;200;195;73.08868501529052;0.24476987;-1.374477
6.86;157;165;199;195;72.98674821610601;0.22625698;-1.3575419
6.87;157;165;199;195;72.98674821610601;0.22625698;-1.3575419
6.88;157;165;199;195;72.98674821610601;0.22625698;-1.3575419
6.89;157;166;199;195;73.08868501529052;0.24476987;-1.3368201
6.9;157;166;199;195;73.08868501529052;0.24476987;-1.3368201
6.91;157;166;199;195;73.08868501529052;0.24476987;-1.3368201
6.92;157;166;199;195;73.08868501529052;0.24476987;-1.3368201
6.93;157;166;199;194;72.98674821610601;0.26396647;-1.3198324
6.94;157;166;199;194;72.98674821610601;0.26396647;-1.3198324
6.95;157;166;199;194;72.98674821610601;0.26396647;-1.3198324
6.96;157;166;199;194;72.98674821610601;0.26396647;-1.3198324
6.97;157;167;199;194;73.08868501529052;0.28242677;-1.2991632
6.98;156;167;199;194;72.98674821610601;0.30167598;-1.3198324
6.99;156;167;200;194;73.08868501529052;0.32008368;-1.3368201
7.0;156;167;200;194;73.08868501529052;0.32008368;-1.3368201
7.01;156;167;200;194;73.08868501529052;0.32008368;-1.3368201
7.02;156;167;200;193;72.98674821610601;0.33938548;-1.3198324
7.03;156;167;200;193;72.98674821610601;0.33938548;-1.3198324
7.04;156;167;200;193;72.98674821610601;0.33938548;-1.3198324
7.05;156;167;200;193;72.98674821610601;0.33938548;-1.3198324
7.06;156;168;200;193;73.08868501529052;0.35774058;-1.2991632
7.07;156;168;200;193;73.08868501529052;0.35774058;-1.2991632
7.08;156;168;200;193;73.08868501529052;0.35774058;-1.2991632
7.09;156;168;200;193;73.08868501529052;0.35774058;-1.2991632
7.1;156;168;200;193;73.08868501529052;0.35774058;-1.2991632
7.11;156;168;200;193;73.08868501529052;0.35774058;-1.2991632
7.12;156;168;200;193;73.08868501529052;0.35774058;-1.2991632
7.13;156;168;200;192;72.98674821610601;0.37709498;-1.2821229
7.14;156;168;200;192;72.98674821610601;0.37709498;-1.2821229
7.15;156;169;200;192;73.08868501529052;0.39539748;-1.2615063
7.16;156;169;200;192;73.08868501529052;0.39539748;-1.2615063
7.17;156;169;200;191;72.98674821610601;0.41480446;-1.2444134
7.18;155;169;200;191;72.88481141692151;0.43426573;-1.2650349
7.19;155;169;200;191;72.88481141692151;0.43426573;-1.2650349
7.2;155;169;200;191;72.88481141692151;0.43426573;-1.2650349
7.21;155;170;200;190;72.88481141692151;0.47202796;-1.2272727
7.22;155;170;200;190;72.88481141692151;0.47202796;-1.2272727
7.23;155;170;200;190;72.88481141692151;0.47202796;-1.2272727
7.24;155;170;200;190;72.88481141692151;0.47202796;-1.2272727
7.25;155;170;200;190;72.88481141692151;0.47202796;-1.2272727
7.26;155;170;200;190;72.88481141692151;0.47202796;-1.2272727
7.27;155;170;200;190;72.88481141692151;0.47202796;-1.2272727
7.28;155;171;200;190;72.98674821610601;0.49022347;-1.2067039
7.29;155;171;200;190;72.98674821610601;0.49022347;-1.2067039
7.3;155;171;200;190;72.98674821610601;0.49022347;-1.2067039
7.31;155;171;201;190;73.08868501529052;0.5083682;-1.2238494
7.32;155;171;201;190;73.08868501529052;0.5083682;-1.2238494
7.33;155;171;201;190;73.08868501529052;0.5083682;-1.2238494
7.34;155;171;201;190;73.08868501529052;0.5083682;-1.2238494
7.35;155;171;201;190;73.08868501529052;0.5083682;-1.2238494
7.36;155;171;201;190;73.08868501529052;0.5083682;-1.2238494
7.37;155;171;201;190;73.08868501529052;0.5083682;-1.2238494
7.38;155;171;201;189;72.98674821610601;0.52793294;-1.2067039
7.39;154;171;201;189;72.88481141692151;0.54755247;-1.2272727
7.4;154;171;201;189;72.88481141692151;0.54755247;-1.2272727
7.41;154;172;201;189;72.98674821610601;0.5656425;-1.2067039
7.42;154;171;201;189;72.88481141692151;0.54755247;-1.2272727
7.43;154;171;201;189;72.88481141692151;0.54755247;-1.2272727
7.44;154;171;201;189;72.88481141692151;0.54755247;-1.2272727
7.45;154;171;201;189;72.88481141692151;0.54755247;-1.2272727
7.46;154;171;201;189;72.88481141692151;0.54755247;-1.2272727
7.47;154;171;202;189;72.98674821610601;0.5656425;-1.2444134
7.48;153;171;202;189;72.88481141692151;0.5853147;-1.2650349
7.49;153;171;202;189;72.88481141692151;0.5853147;-1.2650349
7.5;153;171;202;189;72.88481141692151;0.5853147;-1.2650349
7.51;153;172;202;189;72.98674821610601;0.60335195;-1.2444134
7.52;153;172;203;189;73.08868501529052;0.6213389;-1.2615063
7.53;153;172;203;189;73.08868501529052;0.6213389;-1.2615063
7.54;153;172;203;189;73.08868501529052;0.6213389;-1.2615063
7.55;152;172;203;189;72.98674821610601;0.6410614;-1.2821229
7.56;152;171;203;189;72.88481141692151;0.6230769;-1.3027972
7.57;152;172;203;189;72.98674821610601;0.6410614;-1.2821229
7.58;152;171;203;189;72.88481141692151;0.6230769;-1.3027972
7.59;152;171;203;189;72.88481141692151;0.6230769;-1.3027972
7.6;152;171;203;189;72.88481141692151;0.6230769;-1.3027972
7.61;152;171;203;189;72.88481141692151;0.6230769;-1.3027972
7.62;152;171;204;189;72.98674821610601;0.6410614;-1.3198324
7.63;152;171;204;189;72.98674821610601;0.6410614;-1.3198324
7.64;152;171;204;189;72.98674821610601;0.6410614;-1.3198324
7.65;151;171;205;189;72.98674821610601;0.67877096;-1.3575419
7.66;151;171;205;189;72.98674821610601;0.67877096;-1.3575419
7.67;151;171;205;189;72.98674821610601;0.67877096;-1.3575419
7.68;151;171;205;189;72.98674821610601;0.67877096;-1.3575419
7.69;151;171;205;189;72.98674821610601;0.67877096;-1.3575419
7.7;151;171;205;189;72.98674821610601;0.67877096;-1.3575419
7.71;151;171;206;189;73.08868501529052;0.6966527;-1.374477
7.72;150;171;206;189;72.98674821610601;0.71648043;-1.3952514
7.73;150;171;206;189;72.98674821610601;0.71648043;-1.3952514
7.74;150;171;206;189;72.98674821610601;0.71648043;-1.3952514
7.75;150;171;207;189;73.08868501529052;0.7343096;-1.4121339
7.76;150;171;207;189;73.08868501529052;0.7343096;-1.4121339
7.77;149;171;207;189;72.98674821610601;0.75418997;-1.4329609
7.78;149;171;207;189;72.98674821610601;0.75418997;-1.4329609
7.79;149;171;208;189;73.08868501529052;0.7719665;-1.4497908
7.8;149;171;208;189;73.08868501529052;0.7719665;-1.4497908
7.81;148;171;208;188;72.88481141692151;0.8118881;-1.4538461
7.82;148;171;208;188;72.88481141692151;0.8118881;-1.4538461
7.83;148;171;209;188;72.98674821610601;0.8296089;-1.4706703
7.84;148;170;209;188;72.88481141692151;0.8118881;-1.4916084
7.85;147;170;209;188;72.782874617737;0.8319328;-1.5126051
7.86;147;170;209;188;72.782874617737;0.8319328;-1.5126051
7.87;147;170;210;188;72.88481141692151;0.8496503;-1.5293707
7.88;147;170;210;189;72.98674821610601;0.8296089;-1.5460894
7.89;147;170;210;189;72.98674821610601;0.8296089;-1.5460894
7.9;147;170;210;189;72.98674821610601;0.8296089;-1.5460894
7.91;147;170;211;189;73.08868501529052;0.8472803;-1.5627615
7.92;146;171;211;189;73.08868501529052;0.8849372;-1.5627615
7.93;146;171;211;189;73.08868501529052;0.8849372;-1.5627615
7.94;146;171;211;189;73.08868501529052;0.8849372;-1.5627615
7.95;146;171;211;189;73.08868501529052;0.8849372;-1.5627615
7.96;146;171;211;189;73.08868501529052;0.8849372;-1.5627615
7.97;146;171;211;189;73.08868501529052;0.8849372;-1.5627615
7.98;146;171;212;188;73.08868501529052;0.92259413;-1.5627615
7.99;146;171;212;188;73.08868501529052;0.92259413;-1.5627615
8.0;146;171;212;188;73.08868501529052;0.92259413;-1.5627615
8.01;146;171;212;188;73.08868501529052;0.92259413;-1.5627615
8.02;146;171;212;188;73.08868501529052;0.92259413;-1.5627615
8.03;145;171;212;188;72.98674821610601;0.9427374;-1.5837989
8.04;145;171;212;188;72.98674821610601;0.9427374;-1.5837989
8.05;145;171;212;188;72.98674821610601;0.9427374;-1.5837989
8.06;145;171;212;187;72.88481141692151;0.96293706;-1.5671328
8.07;145;171;212;187;72.88481141692151;0.96293706;-1.5671328
8.08;145;171;212;187;72.88481141692151;0.96293706;-1.5671328
8.09;145;171;212;187;72.88481141692151;0.96293706;-1.5671328
8.1;145;171;212;187;72.88481141692151;0.96293706;-1.5671328
8.11;145;171;213;187;72.98674821610601;0.98044693;-1.5837989
8.12;145;172;213;187;73.08868501529052;0.99790794;-1.5627615
8.13;145;172;213;187;73.08868501529052;0.99790794;-1.5627615
8.14;145;172;213;187;73.08868501529052;0.99790794;-1.5627615
8.15;145;172;213;187;73.08868501529052;0.99790794;-1.5627615
8.16;145;172;213;187;73.08868501529052;0.99790794;-1.5627615
8.17;145;172;213;187;73.08868501529052;0.99790794;-1.5627615
8.18;145;172;213;187;73.08868501529052;0.99790794;-1.5627615
8.19;145;172;213;187;73.08868501529052;0.99790794;-1.5627615
8.2;145;172;213;187;73.08868501529052;0.99790794;-1.5627615
8.21;145;172;213;187;73.08868501529052;0.99790794;-1.5627615
8.22;145;172;213;187;73.08868501529052;0.99790794;-1.5627615
8.23;144;172;213;187;72.98674821610601;1.0181564;-1.5837989
8.24;144;172;213;187;72.98674821610601;1.0181564;-1.5837989
8.25;144;172;213;187;72.98674821610601;1.0181564;-1.5837989
8.26;144;172;214;187;73.08868501529052;1.0355649;-1.6004184
8.27;144;172;214;187;73.08868501529052;1.0355649;-1.6004184
8.28;144;172;214;187;73.08868501529052;1.0355649;-1.6004184
8.29;144;172;214;187;73.08868501529052;1.0355649;-1.6004184
8.3;144;172;214;187;73.08868501529052;1.0355649;-1.6004184
8.31;144;172;214;187;73.08868501529052;1.0355649;-1.6004184
8.32;144;172;214;187;73.08868501529052;1.0355649;-1.6004184
8.33;144;171;214;187;72.98674821610601;1.0181564;-1.6215084
8.34;144;171;215;187;73.08868501529052;1.0355649;-1.6380754
8.35;144;171;215;187;73.08868501529052;1.0355649;-1.6380754
8.36;144;171;215;187;73.08868501529052;1.0355649;-1.6380754
8.37;143;171;214;187;72.88481141692151;1.0384616;-1.6426574
8.38;143;171;214;187;72.88481141692151;1.0384616;-1.6426574
8.39;143;171;215;187;72.98674821610601;1.0558659;-1.6592178
8.4;143;171;215;187;72.98674821610601;1.0558659;-1.6592178
8.41;143;171;215;187;72.98674821610601;1.0558659;-1.6592178
8.42;143;171;215;187;72.98674821610601;1.0558659;-1.6592178
8.43;143;170;215;187;72.88481141692151;1.0384616;-1.6804196
8.44;143;170;215;187;72.88481141692151;1.0384616;-1.6804196
8.45;143;170;215;188;72.98674821610601;1.0181564;-1.6969274
8.46;143;170;215;188;72.98674821610601;1.0181564;-1.6969274
8.47;143;170;215;188;72.98674821610601;1.0181564;-1.6969274
8.48;143;170;215;188;72.98674821610601;1.0181564;-1.6969274
8.49;142;170;215;188;72.88481141692151;1.0384616;-1.7181818
8.5;142;169;215;189;72.88481141692151;1.0006993;-1.755944
8.51;142;169;215;189;72.88481141692151;1.0006993;-1.755944
8.52;142;169;216;189;72.98674821610601;1.0181564;-1.7723464
8.53;142;169;216;190;73.08868501529052;0.99790794;-1.788703
8.54;142;169;216;190;73.08868501529052;0.99790794;-1.788703
8.55;142;169;216;190;73.08868501529052;0.99790794;-1.788703
8.56;142;169;216;190;73.08868501529052;0.99790794;-1.788703
8.57;142;169;216;190;73.08868501529052;0.99790794;-1.788703
8.58;142;168;216;190;72.98674821610601;0.98044693;-1.8100559
8.59;142;168;216;190;72.98674821610601;0.98044693;-1.8100559
8.6;142;168;216;190;72.98674821610601;0.98044693;-1.8100559
8.61;142;168;216;190;72.98674821610601;0.98044693;-1.8100559
8.62;142;168;216;191;73.08868501529052;0.96025103;-1.8263599
8.63;142;168;216;191;73.08868501529052;0.96025103;-1.8263599
8.64;142;168;216;191;73.08868501529052;0.96025103;-1.8263599
8.65;142;167;216;191;72.98674821610601;0.9427374;-1.8477653
8.66;142;167;216;191;72.98674821610601;0.9427374;-1.8477653
8.67;142;167;216;192;73.08868501529052;0.92259413;-1.8640168
8.68;142;167;216;192;73.08868501529052;0.92259413;-1.8640168
8.69;141;167;216;192;72.98674821610601;0.9427374;-1.8854748
8.7;141;166;216;192;72.88481141692151;0.92517483;-1.906993
8.71;141;166;216;192;72.88481141692151;0.92517483;-1.906993
8.72;141;166;216;193;72.98674821610601;0.9050279;-1.9231844
8.73;141;166;216;193;72.98674821610601;0.9050279;-1.9231844
8.74;141;166;217;193;73.08868501529052;0.92259413;-1.9393306
8.75;141;166;217;193;73.08868501529052;0.92259413;-1.9393306
8.76;141;166;217;193;73.08868501529052;0.92259413;-1.9393306
8.77;142;166;217;193;73.19062181447502;0.90250695;-1.9178272
8.78;142;166;217;193;73.19062181447502;0.90250695;-1.9178272
8.79;142;166;216;193;73.08868501529052;0.8849372;-1.9016737
8.8;142;166;216;193;73.08868501529052;0.8849372;-1.9016737
8.81;142;166;216;193;73.08868501529052;0.8849372;-1.9016737
8.82;142;166;216;193;73.08868501529052;0.8849372;-1.9016737
8.83;142;166;216;193;73.08868501529052;0.8849372;-1.9016737
8.84;142;166;216;193;73.08868501529052;0.8849372;-1.9016737
8.85;142;166;216;193;73.08868501529052;0.8849372;-1.9016737
8.86;142;166;216;193;73.08868501529052;0.8849372;-1.9016737
8.87;142;166;216;193;73.08868501529052;0.8849372;-1.9016737
8.88;142;166;216;193;73.08868501529052;0.8849372;-1.9016737
8.89;142;166;216;193;73.08868501529052;0.8849372;-1.9016737
8.9;142;166;216;193;73.08868501529052;0.8849372;-1.9016737
8.91;143;166;215;193;73.08868501529052;0.8472803;-1.8640168
8.92;143;166;215;193;73.08868501529052;0.8472803;-1.8640168
8.93;143;166;215;193;73.08868501529052;0.8472803;-1.8640168
8.94;143;166;215;193;73.08868501529052;0.8472803;-1.8640168
8.95;143;166;215;193;73.08868501529052;0.8472803;-1.8640168
8.96;143;166;215;193;73.08868501529052;0.8472803;-1.8640168
8.97;143;166;215;193;73.08868501529052;0.8472803;-1.8640168
8.98;143;166;215;193;73.08868501529052;0.8472803;-1.8640168
8.99;143;166;214;193;72.98674821610601;0.8296089;-1.8477653
9.0;143;166;214;193;72.98674821610601;0.8296089;-1.8477653
9.01;143;166;214;193;72.98674821610601;0.8296089;-1.8477653
9.02;143;166;214;193;72.98674821610601;0.8296089;-1.8477653
9.03;144;166;214;193;73.08868501529052;0.8096234;-1.8263599
9.04;144;166;214;193;73.08868501529052;0.8096234;-1.8263599
9.05;144;166;213;193;72.98674821610601;0.79189944;-1.8100559
9.06;144;165;213;193;72.88481141692151;0.7741259;-1.8314686
9.07;144;165;213;192;72.782874617737;0.7941176;-1.8151261
9.08;144;165;213;192;72.782874617737;0.7941176;-1.8151261
9.09;144;166;213;192;72.88481141692151;0.8118881;-1.7937063
9.1;144;166;213;192;72.88481141692151;0.8118881;-1.7937063
9.11;144;166;213;193;72.98674821610601;0.79189944;-1.8100559
9.12;145;166;213;193;73.08868501529052;0.7719665;-1.788703
9.13;145;166;213;193;73.08868501529052;0.7719665;-1.788703
9.14;145;166;213;193;73.08868501529052;0.7719665;-1.788703
9.15;145;166;213;193;73.08868501529052;0.7719665;-1.788703
9.16;145;166;213;193;73.08868501529052;0.7719665;-1.788703
9.17;146;166;213;193;73.19062181447502;0.75208914;-1.7674094
9.18;146;166;213;193;73.19062181447502;0.75208914;-1.7674094
9.19;146;166;213;193;73.19062181447502;0.75208914;-1.7674094
9.2;146;166;212;193;73.08868501529052;0.7343096;-1.7510461
9.21;146;166;212;193;73.08868501529052;0.7343096;-1.7510461
9.22;146;166;212;193;73.08868501529052;0.7343096;-1.7510461
9.23;146;166;212;193;73.08868501529052;0.7343096;-1.7510461
9.24;147;166;212;193;73.19062181447502;0.7144847;-1.729805
9.25;147;166;211;193;73.08868501529052;0.6966527;-1.7133892
9.26;147;166;211;193;73.08868501529052;0.6966527;-1.7133892
9.27;147;166;211;193;73.08868501529052;0.6966527;-1.7133892
9.28;147;166;211;193;73.08868501529052;0.6966527;-1.7133892
9.29;147;165;211;193;72.98674821610601;0.67877096;-1.7346369
9.3;147;165;211;193;72.98674821610601;0.67877096;-1.7346369
9.31;147;165;211;193;72.98674821610601;0.67877096;-1.7346369
9.32;147;165;211;193;72.98674821610601;0.67877096;-1.7346369
9.33;147;165;211;193;72.98674821610601;0.67877096;-1.7346369
9.34;147;165;211;193;72.98674821610601;0.67877096;-1.7346369
9.35;147;165;211;194;73.08868501529052;0.6589958;-1.7510461
9.36;147;165;211;194;73.08868501529052;0.6589958;-1.7510461
9.37;147;165;211;194;73.08868501529052;0.6589958;-1.7510461
9.38;147;165;211;194;73.08868501529052;0.6589958;-1.7510461
9.39;147;165;211;194;73.08868501529052;0.6589958;-1.7510461
9.4;147;165;211;194;73.08868501529052;0.6589958;-1.7510461
9.41;147;164;211;194;72.98674821610601;0.6410614;-1.7723464
9.42;147;164;211;195;73.08868501529052;0.6213389;-1.788703
9.43;147;164;211;195;73.08868501529052;0.6213389;-1.788703
9.44;147;164;211;195;73.08868501529052;0.6213389;-1.788703
9.45;147;164;211;195;73.08868501529052;0.6213389;-1.788703
9.46;147;164;211;195;73.08868501529052;0.6213389;-1.788703
9.47;147;164;211;195;73.08868501529052;0.6213389;-1.788703
9.48;146;164;211;196;73.08868501529052;0.6213389;-1.8263599
9.49;146;164;211;196;73.08868501529052;0.6213389;-1.8263599
9.5;146;163;211;196;72.98674821610601;0.60335195;-1.8477653
9.51;146;163;211;196;72.98674821610601;0.60335195;-1.8477653
9.52;146;163;211;196;72.98674821610601;0.60335195;-1.8477653
9.53;146;163;212;197;73.19062181447502;0.60167134;-1.8802228
9.54;146;163;212;197;73.19062181447502;0.60167134;-1.8802228
9.55;146;163;212;197;73.19062181447502;0.60167134;-1.8802228
9.56;146;163;212;197;73.19062181447502;0.60167134;-1.8802228
9.57;146;162;212;197;73.08868501529052;0.583682;-1.9016737
9.58;146;162;212;197;73.08868501529052;0.583682;-1.9016737
9.59;146;162;212;197;73.08868501529052;0.583682;-1.9016737
9.6;146;162;212;197;73.08868501529052;0.583682;-1.9016737
9.61;146;162;212;198;73.19062181447502;0.5640668;-1.9178272
9.62;146;162;212;198;73.19062181447502;0.5640668;-1.9178272
9.63;146;161;212;198;73.08868501529052;0.5460251;-1.9393306
9.64;146;161;212;198;73.08868501529052;0.5460251;-1.9393306
9.65;146;161;212;198;73.08868501529052;0.5460251;-1.9393306
9.66;146;161;212;198;73.08868501529052;0.5460251;-1.9393306
9.67;146;161;211;197;72.88481141692151;0.54755247;-1.906993
9.68;146;161;211;197;72.88481141692151;0.54755247;-1.906993
9.69;146;161;211;197;72.88481141692151;0.54755247;-1.906993
9.7;146;161;211;197;72.88481141692151;0.54755247;-1.906993
9.71;146;161;211;197;72.88481141692151;0.54755247;-1.906993
9.72;147;161;211;197;72.98674821610601;0.52793294;-1.8854748
9.73;147;161;211;197;72.98674821610601;0.52793294;-1.8854748
9.74;147;161;211;197;72.98674821610601;0.52793294;-1.8854748
9.75;147;161;211;197;72.98674821610601;0.52793294;-1.8854748
9.76;148;161;211;198;73.19062181447502;0.48885792;-1.8802228
9.77;148;162;211;198;73.29255861365952;0.5069541;-1.8588318
9.78;148;162;211;198;73.29255861365952;0.5069541;-1.8588318
9.79;148;162;211;198;73.29255861365952;0.5069541;-1.8588318
9.8;148;162;211;198;73.29255861365952;0.5069541;-1.8588318
9.81;148;162;210;197;73.08868501529052;0.5083682;-1.8263599
9.82;148;162;210;197;73.08868501529052;0.5083682;-1.8263599
9.83;148;162;210;197;73.08868501529052;0.5083682;-1.8263599
9.84;148;162;210;197;73.08868501529052;0.5083682;-1.8263599
9.85;148;162;210;197;73.08868501529052;0.5083682;-1.8263599
9.86;148;162;210;197;73.08868501529052;0.5083682;-1.8263599
9.87;148;162;210;197;73.08868501529052;0.5083682;-1.8263599
9.88;149;162;209;197;73.08868501529052;0.4707113;-1.788703
9.89;149;161;209;197;72.98674821610601;0.45251396;-1.8100559
9.9;149;161;209;197;72.98674821610601;0.45251396;-1.8100559
9.91;149;161;209;197;72.98674821610601;0.45251396;-1.8100559
9.92;148;161;209;197;72.88481141692151;0.47202796;-1.8314686
9.93;148;161;209;197;72.88481141692151;0.47202796;-1.8314686
9.94;148;161;209;198;72.98674821610601;0.45251396;-1.8477653
9.95;148;161;209;198;72.98674821610601;0.45251396;-1.8477653
9.96;148;161;209;198;72.98674821610601;0.45251396;-1.8477653
9.97;148;161;209;198;72.98674821610601;0.45251396;-1.8477653
9.98;148;161;209;198;72.98674821610601;0.45251396;-1.8477653
9.99;149;161;209;198;73.08868501529052;0.4330544;-1.8263599
10.0;149;161;209;198;73.08868501529052;0.4330544;-1.8263599
10.01;149;161;209;198;73.08868501529052;0.4330544;-1.8263599
10.02;149;161;209;198;73.08868501529052;0.4330544;-1.8263599
10.03;149;161;209;198;73.08868501529052;0.4330544;-1.8263599
10.04;149;161;209;198;73.08868501529052;0.4330544;-1.8263599
10.05;149;161;209;198;73.08868501529052;0.4330544;-1.8263599
10.06;149;161;209;198;73.08868501529052;0.4330544;-1.8263599
10.07;149;160;209;198;72.98674821610601;0.41480446;-1.8477653
10.08;149;160;209;199;73.08868501529052;0.39539748;-1.8640168
10.09;149;160;209;199;73.08868501529052;0.39539748;-1.8640168
10.1;149;160;209;199;73.08868501529052;0.39539748;-1.8640168
10.11;149;160;209;199;73.08868501529052;0.39539748;-1.8640168
10.12;149;160;209;199;73.08868501529052;0.39539748;-1.8640168
10.13;149;160;209;199;73.08868501529052;0.39539748;-1.8640168
10.14;149;160;209;199;73.08868501529052;0.39539748;-1.8640168
10.15;149;160;209;200;73.19062181447502;0.37604457;-1.8802228
10.16;149;160;209;200;73.19062181447502;0.37604457;-1.8802228
10.17;149;160;209;200;73.19062181447502;0.37604457;-1.8802228
10.18;149;160;210;200;73.29255861365952;0.39429763;-1.8963839
10.19;149;160;210;200;73.29255861365952;0.39429763;-1.8963839
10.2;149;159;210;200;73.19062181447502;0.37604457;-1.9178272
10.21;149;159;209;200;73.08868501529052;0.35774058;-1.9016737
10.22;149;159;209;200;73.08868501529052;0.35774058;-1.9016737
10.23;149;159;209;200;73.08868501529052;0.35774058;-1.9016737
10.24;148;159;209;200;72.98674821610601;0.37709498;-1.9231844
10.25;148;159;209;200;72.98674821610601;0.37709498;-1.9231844
10.26;148;158;209;201;72.98674821610601;0.33938548;-1.9608939
10.27;148;158;209;201;72.98674821610601;0.33938548;-1.9608939
10.28;148;158;209;201;72.98674821610601;0.33938548;-1.9608939
10.29;148;158;210;201;73.08868501529052;0.35774058;-1.9769875
10.3;148;158;210;201;73.08868501529052;0.35774058;-1.9769875
10.31;148;157;210;201;72.98674821610601;0.33938548;-1.9986033
10.32;147;157;210;201;72.88481141692151;0.35874125;-2.0202796
10.33;147;157;210;202;72.98674821610601;0.33938548;-2.0363128
10.34;147;156;210;202;72.88481141692151;0.32097903;-2.058042
10.35;147;156;210;202;72.88481141692151;0.32097903;-2.058042
10.36;147;156;210;202;72.88481141692151;0.32097903;-2.058042
10.37;147;156;211;203;73.08868501529052;0.32008368;-2.0899582
10.38;147;156;211;203;73.08868501529052;0.32008368;-2.0899582
10.39;147;155;212;203;73.08868501529052;0.32008368;-2.127615
10.4;147;155;212;204;73.19062181447502;0.30083567;-2.143454
10.41;147;155;212;204;73.19062181447502;0.30083567;-2.143454
10.42;146;155;212;204;73.08868501529052;0.32008368;-2.165272
10.43;146;155;212;205;73.19062181447502;0.30083567;-2.1810584
10.44;146;154;213;205;73.19062181447502;0.30083567;-2.218663
10.45;146;154;213;205;73.19062181447502;0.30083567;-2.218663
10.46;146;154;213;205;73.19062181447502;0.30083567;-2.218663
10.47;146;153;213;205;73.08868501529052;0.28242677;-2.2405858
10.48;146;153;213;205;73.08868501529052;0.28242677;-2.2405858
10.49;145;153;213;205;72.98674821610601;0.30167598;-2.26257
10.5;145;153;213;205;72.98674821610601;0.30167598;-2.26257
10.51;145;153;213;205;72.98674821610601;0.30167598;-2.26257
10.52;145;153;213;205;72.98674821610601;0.30167598;-2.26257
10.53;145;153;213;205;72.98674821610601;0.30167598;-2.26257
10.54;144;153;213;205;72.88481141692151;0.32097903;-2.2846153
10.55;144;153;213;205;72.88481141692151;0.32097903;-2.2846153
10.56;144;153;213;205;72.88481141692151;0.32097903;-2.2846153
10.57;144;153;213;205;72.88481141692151;0.32097903;-2.2846153
10.58;144;153;213;205;72.88481141692151;0.32097903;-2.2846153
10.59;144;153;213;205;72.88481141692151;0.32097903;-2.2846153
10.6;144;153;214;205;72.98674821610601;0.33938548;-2.3002794
10.61;144;153;214;205;72.98674821610601;0.33938548;-2.3002794
10.62;144;153;214;205;72.98674821610601;0.33938548;-2.3002794
10.63;144;153;214;205;72.98674821610601;0.33938548;-2.3002794
10.64;144;153;214;205;72.98674821610601;0.33938548;-2.3002794
10.65;144;153;214;205;72.98674821610601;0.33938548;-2.3002794
10.66;144;153;214;205;72.98674821610601;0.33938548;-2.3002794
10.67;144;154;214;205;73.08868501529052;0.35774058;-2.2782426
10.68;144;154;214;205;73.08868501529052;0.35774058;-2.2782426
10.69;144;154;213;205;72.98674821610601;0.33938548;-2.26257
10.7;144;154;213;205;72.98674821610601;0.33938548;-2.26257
10.71;144;154;213;205;72.98674821610601;0.33938548;-2.26257
10.72;144;154;213;205;72.98674821610601;0.33938548;-2.26257
10.73;144;154;213;205;72.98674821610601;0.33938548;-2.26257
10.74;144;154;214;205;73.08868501529052;0.35774058;-2.2782426
10.75;144;154;214;205;73.08868501529052;0.35774058;-2.2782426
10.76;144;154;214;206;73.19062181447502;0.33844012;-2.2938719
10.77;144;154;214;205;73.08868501529052;0.35774058;-2.2782426
10.78;144;154;214;205;73.08868501529052;0.35774058;-2.2782426
10.79;144;154;214;205;73.08868501529052;0.35774058;-2.2782426
10.8;144;154;214;205;73.08868501529052;0.35774058;-2.2782426
10.81;144;154;214;205;73.08868501529052;0.35774058;-2.2782426
10.82;144;154;214;205;73.08868501529052;0.35774058;-2.2782426
10.83;144;154;214;205;73.08868501529052;0.35774058;-2.2782426
10.84;144;154;213;205;72.98674821610601;0.33938548;-2.26257
10.85;144;154;213;205;72.98674821610601;0.33938548;-2.26257
10.86;144;154;213;205;72.98674821610601;0.33938548;-2.26257
10.87;144;154;213;205;72.98674821610601;0.33938548;-2.26257
10.88;144;154;213;205;72.98674821610601;0.33938548;-2.26257
10.89;144;154;213;205;72.98674821610601;0.33938548;-2.26257
10.9;144;154;213;205;72.98674821610601;0.33938548;-2.26257
10.91;144;154;213;205;72.98674821610601;0.33938548;-2.26257
10.92;144;154;213;205;72.98674821610601;0.33938548;-2.26257
10.93;144;154;213;205;72.98674821610601;0.33938548;-2.26257
10.94;144;154;213;205;72.98674821610601;0.33938548;-2.26257
10.95;144;154;213;205;72.98674821610601;0.33938548;-2.26257
10.96;144;154;213;205;72.98674821610601;0.33938548;-2.26257
10.97;144;154;213;205;72.98674821610601;0.33938548;-2.26257
10.98;144;154;213;205;72.98674821610601;0.33938548;-2.26257
10.99;144;154;213;205;72.98674821610601;0.33938548;-2.26257
11.0;144;154;213;205;72.98674821610601;0.33938548;-2.26257
11.01;144;154;213;205;72.98674821610601;0.33938548;-2.26257
11.02;144;154;213;205;72.98674821610601;0.33938548;-2.26257
11.03;144;154;213;206;73.08868501529052;0.32008368;-2.2782426
11.04;144;154;213;206;73.08868501529052;0.32008368;-2.2782426
11.05;144;154;213;206;73.08868501529052;0.32008368;-2.2782426
11.06;144;154;213;206;73.08868501529052;0.32008368;-2.2782426
11.07;144;154;213;206;73.08868501529052;0.32008368;-2.2782426
11.08;144;154;213;206;73.08868501529052;0.32008368;-2.2782426
11.09;145;154;213;206;73.19062181447502;0.30083567;-2.2562673
11.1;145;154;212;206;73.08868501529052;0.28242677;-2.2405858
11.11;145;154;212;206;73.08868501529052;0.28242677;-2.2405858
11.12;145;154;212;206;73.08868501529052;0.28242677;-2.2405858
11.13;145;154;212;206;73.08868501529052;0.28242677;-2.2405858
11.14;144;154;212;206;72.98674821610601;0.30167598;-2.26257
11.15;144;154;212;206;72.98674821610601;0.30167598;-2.26257
11.16;144;153;212;206;72.88481141692151;0.28321677;-2.2846153
11.17;144;153;212;206;72.88481141692151;0.28321677;-2.2846153
11.18;144;153;212;206;72.88481141692151;0.28321677;-2.2846153
11.19;144;153;212;206;72.88481141692151;0.28321677;-2.2846153
11.2;144;153;212;206;72.88481141692151;0.28321677;-2.2846153
11.21;144;153;212;206;72.88481141692151;0.28321677;-2.2846153
11.22;145;153;212;206;72.98674821610601;0.26396647;-2.26257
11.23;145;153;212;206;72.98674821610601;0.26396647;-2.26257
11.24;145;153;212;206;72.98674821610601;0.26396647;-2.26257
11.25;145;153;212;207;73.08868501529052;0.24476987;-2.2782426
11.26;145;153;212;207;73.08868501529052;0.24476987;-2.2782426
11.27;145;153;212;207;73.08868501529052;0.24476987;-2.2782426
11.28;145;153;212;207;73.08868501529052;0.24476987;-2.2782426
11.29;145;153;212;207;73.08868501529052;0.24476987;-2.2782426
11.3;145;153;212;207;73.08868501529052;0.24476987;-2.2782426
11.31;145;153;212;207;73.08868501529052;0.24476987;-2.2782426
11.32;145;153;212;207;73.08868501529052;0.24476987;-2.2782426
11.33;145;153;212;207;73.08868501529052;0.24476987;-2.2782426
11.34;145;153;212;207;73.08868501529052;0.24476987;-2.2782426
11.35;145;153;212;207;73.08868501529052;0.24476987;-2.2782426
11.36;145;153;212;207;73.08868501529052;0.24476987;-2.2782426
11.37;145;153;212;207;73.08868501529052;0.24476987;-2.2782426
11.38;146;153;212;207;73.19062181447502;0.22562674;-2.2562673
11.39;146;153;212;207;73.19062181447502;0.22562674;-2.2562673
11.4;146;153;211;207;73.08868501529052;0.20711297;-2.2405858
11.41;146;153;211;207;73.08868501529052;0.20711297;-2.2405858
11.42;146;153;211;206;72.98674821610601;0.22625698;-2.2248604
11.43;146;153;211;206;72.98674821610601;0.22625698;-2.2248604
11.44;146;153;210;206;72.88481141692151;0.20769231;-2.209091
11.45;147;153;210;206;72.98674821610601;0.18854749;-2.187151
11.46;147;154;210;206;73.08868501529052;0.20711297;-2.165272
11.47;147;154;210;205;72.98674821610601;0.22625698;-2.1494412
11.48;147;154;210;205;72.98674821610601;0.22625698;-2.1494412
11.49;148;154;210;205;73.08868501529052;0.20711297;-2.127615
11.5;148;154;209;205;72.98674821610601;0.18854749;-2.1117318
11.51;148;155;209;205;73.08868501529052;0.20711297;-2.0899582
11.52;149;155;209;204;73.08868501529052;0.20711297;-2.0523012
11.53;149;155;208;204;72.98674821610601;0.18854749;-2.0363128
11.54;149;155;208;203;72.88481141692151;0.20769231;-2.0202796
11.55;149;155;208;203;72.88481141692151;0.20769231;-2.0202796
11.56;149;155;208;203;72.88481141692151;0.20769231;-2.0202796
11.57;149;155;207;202;72.6809378185525;0.2082749;-1.9880786
11.58;150;155;207;202;72.782874617737;0.18907563;-1.9663866
11.59;150;155;207;202;72.782874617737;0.18907563;-1.9663866
11.6;150;156;207;203;72.98674821610601;0.18854749;-1.9608939
11.61;150;156;208;203;73.08868501529052;0.20711297;-1.9769875
11.62;150;156;208;203;73.08868501529052;0.20711297;-1.9769875
11.63;150;156;208;203;73.08868501529052;0.20711297;-1.9769875
11.64;150;156;208;204;73.19062181447502;0.18802229;-1.9930363
11.65;150;156;208;204;73.19062181447502;0.18802229;-1.9930363
11.66;150;156;208;204;73.19062181447502;0.18802229;-1.9930363
11.67;150;156;208;204;73.19062181447502;0.18802229;-1.9930363
11.68;150;156;208;203;73.08868501529052;0.20711297;-1.9769875
11.69;150;156;208;203;73.08868501529052;0.20711297;-1.9769875
11.7;150;156;207;203;72.98674821610601;0.18854749;-1.9608939
11.71;150;156;207;203;72.98674821610601;0.18854749;-1.9608939
11.72;150;156;207;202;72.88481141692151;0.20769231;-1.9447552
11.73;150;156;207;202;72.88481141692151;0.20769231;-1.9447552
11.74;150;156;207;202;72.88481141692151;0.20769231;-1.9447552
11.75;150;156;207;202;72.88481141692151;0.20769231;-1.9447552
11.76;150;156;207;202;72.88481141692151;0.20769231;-1.9447552
11.77;149;156;207;202;72.782874617737;0.22689076;-1.9663866
11.78;149;156;207;202;72.782874617737;0.22689076;-1.9663866
11.79;149;156;208;203;72.98674821610601;0.22625698;-1.9986033
11.8;149;156;208;203;72.98674821610601;0.22625698;-1.9986033
11.81;149;156;208;203;72.98674821610601;0.22625698;-1.9986033
11.82;149;156;209;203;73.08868501529052;0.24476987;-2.0146444
11.83;149;156;209;204;73.19062181447502;0.22562674;-2.0306406
11.84;149;156;209;204;73.19062181447502;0.22562674;-2.0306406
11.85;149;156;209;204;73.19062181447502;0.22562674;-2.0306406
11.86;149;156;209;204;73.19062181447502;0.22562674;-2.0306406
11.87;149;156;209;204;73.19062181447502;0.22562674;-2.0306406
11.88;149;156;209;204;73.19062181447502;0.22562674;-2.0306406
11.89;149;156;209;204;73.19062181447502;0.22562674;-2.0306406
11.9;149;156;209;203;73.08868501529052;0.24476987;-2.0146444
11.91;148;156;209;203;72.98674821610601;0.26396647;-2.0363128
11.92;148;156;209;203;72.98674821610601;0.26396647;-2.0363128
11.93;148;156;209;203;72.98674821610601;0.26396647;-2.0363128
11.94;148;155;209;203;72.88481141692151;0.24545455;-2.058042
11.95;148;155;209;203;72.88481141692151;0.24545455;-2.058042
11.96;148;155;209;203;72.88481141692151;0.24545455;-2.058042
11.97;148;156;209;203;72.98674821610601;0.26396647;-2.0363128
11.98;148;156;209;203;72.98674821610601;0.26396647;-2.0363128
11.99;148;156;209;204;73.08868501529052;0.24476987;-2.0523012
12.0;148;156;209;204;73.08868501529052;0.24476987;-2.0523012
12.01;148;156;209;204;73.08868501529052;0.24476987;-2.0523012
12.02;148;156;209;203;72.98674821610601;0.26396647;-2.0363128
12.03;148;156;209;203;72.98674821610601;0.26396647;-2.0363128
12.04;148;156;209;203;72.98674821610601;0.26396647;-2.0363128
12.05;148;156;209;203;72.98674821610601;0.26396647;-2.0363128
12.06;149;156;209;203;73.08868501529052;0.24476987;-2.0146444
12.07;149;156;209;203;73.08868501529052;0.24476987;-2.0146444
12.08;149;156;209;203;73.08868501529052;0.24476987;-2.0146444
12.09;149;156;209;203;73.08868501529052;0.24476987;-2.0146444
12.1;149;156;209;203;73.08868501529052;0.24476987;-2.0146444
12.11;149;156;209;203;73.08868501529052;0.24476987;-2.0146444
12.12;149;156;209;203;73.08868501529052;0.24476987;-2.0146444
12.13;149;156;208;203;72.98674821610601;0.22625698;-1.9986033
12.14;149;156;208;202;72.88481141692151;0.24545455;-1.9825175
12.15;149;156;208;202;72.88481141692151;0.24545455;-1.9825175
12.16;149;156;208;202;72.88481141692151;0.24545455;-1.9825175
12.17;149;156;208;202;72.88481141692151;0.24545455;-1.9825175
12.18;149;156;208;202;72.88481141692151;0.24545455;-1.9825175
12.19;149;156;208;202;72.88481141692151;0.24545455;-1.9825175
12.2;149;156;208;202;72.88481141692151;0.24545455;-1.9825175
12.21;149;156;208;202;72.88481141692151;0.24545455;-1.9825175
12.22;149;156;208;202;72.88481141692151;0.24545455;-1.9825175
12.23;149;156;208;202;72.88481141692151;0.24545455;-1.9825175
12.24;150;156;208;203;73.08868501529052;0.20711297;-1.9769875
12.25;150;156;208;203;73.08868501529052;0.20711297;-1.9769875
12.26;150;156;208;203;73.08868501529052;0.20711297;-1.9769875
12.27;150;156;208;203;73.08868501529052;0.20711297;-1.9769875
12.28;150;156;208;202;72.98674821610601;0.22625698;-1.9608939
12.29;150;157;208;202;73.08868501529052;0.24476987;-1.9393306
12.3;150;157;208;202;73.08868501529052;0.24476987;-1.9393306
12.31;150;157;208;202;73.08868501529052;0.24476987;-1.9393306
12.32;150;157;208;202;73.08868501529052;0.24476987;-1.9393306
12.33;150;157;208;202;73.08868501529052;0.24476987;-1.9393306
12.34;150;157;208;202;73.08868501529052;0.24476987;-1.9393306
12.35;150;157;208;202;73.08868501529052;0.24476987;-1.9393306
12.36;150;157;208;202;73.08868501529052;0.24476987;-1.9393306
12.37;150;157;208;202;73.08868501529052;0.24476987;-1.9393306
12.38;150;157;208;202;73.08868501529052;0.24476987;-1.9393306
12.39;150;157;208;202;73.08868501529052;0.24476987;-1.9393306
12.4;150;157;208;202;73.08868501529052;0.24476987;-1.9393306
12.41;150;157;208;202;73.08868501529052;0.24476987;-1.9393306
12.42;150;156;208;202;72.98674821610601;0.22625698;-1.9608939
12.43;150;157;208;202;73.08868501529052;0.24476987;-1.9393306
12.44;150;157;208;202;73.08868501529052;0.24476987;-1.9393306
12.45;150;157;208;202;73.08868501529052;0.24476987;-1.9393306
12.46;150;157;208;202;73.08868501529052;0.24476987;-1.9393306
12.47;150;157;208;202;73.08868501529052;0.24476987;-1.9393306
12.48;150;156;208;202;72.98674821610601;0.22625698;-1.9608939
12.49;150;156;208;202;72.98674821610601;0.22625698;-1.9608939
12.5;150;156;208;202;72.98674821610601;0.22625698;-1.9608939
12.51;150;156;208;202;72.98674821610601;0.22625698;-1.9608939
12.52;149;156;208;202;72.88481141692151;0.24545455;-1.9825175
12.53;149;156;208;202;72.88481141692151;0.24545455;-1.9825175
12.54;149;156;208;202;72.88481141692151;0.24545455;-1.9825175
12.55;149;156;208;202;72.88481141692151;0.24545455;-1.9825175
12.56;149;156;208;202;72.88481141692151;0.24545455;-1.9825175
12.57;149;156;208;202;72.88481141692151;0.24545455;-1.9825175
12.58;149;156;209;202;72.98674821610601;0.26396647;-1.9986033
12.59;149;156;209;202;72.98674821610601;0.26396647;-1.9986033
12.6;149;156;209;202;72.98674821610601;0.26396647;-1.9986033
12.61;149;156;209;202;72.98674821610601;0.26396647;-1.9986033
12.62;149;156;209;202;72.98674821610601;0.26396647;-1.9986033
12.63;149;156;209;202;72.98674821610601;0.26396647;-1.9986033
12.64;149;156;209;202;72.98674821610601;0.26396647;-1.9986033
12.65;149;156;209;202;72.98674821610601;0.26396647;-1.9986033
12.66;149;157;209;202;73.08868501529052;0.28242677;-1.9769875
12.67;149;157;209;202;73.08868501529052;0.28242677;-1.9769875
12.68;149;157;209;202;73.08868501529052;0.28242677;-1.9769875
12.69;149;157;209;202;73.08868501529052;0.28242677;-1.9769875
12.7;150;157;209;202;73.19062181447502;0.2632312;-1.9554317
12.71;150;157;209;202;73.19062181447502;0.2632312;-1.9554317
12.72;150;157;209;202;73.19062181447502;0.2632312;-1.9554317
12.73;150;157;208;201;72.98674821610601;0.26396647;-1.9231844
12.74;150;157;208;201;72.98674821610601;0.26396647;-1.9231844
12.75;150;157;208;201;72.98674821610601;0.26396647;-1.9231844
12.76;149;157;208;201;72.88481141692151;0.28321677;-1.9447552
12.77;149;157;208;200;72.782874617737;0.30252102;-1.9285715
12.78;149;157;208;200;72.782874617737;0.30252102;-1.9285715
12.79;149;157;208;200;72.782874617737;0.30252102;-1.9285715
12.8;150;157;208;200;72.88481141692151;0.28321677;-1.906993
12.81;150;157;208;200;72.88481141692151;0.28321677;-1.906993
12.82;150;158;208;200;72.98674821610601;0.30167598;-1.8854748
12.83;150;158;208;200;72.98674821610601;0.30167598;-1.8854748
12.84;150;158;208;200;72.98674821610601;0.30167598;-1.8854748
12.85;150;158;208;200;72.98674821610601;0.30167598;-1.8854748
12.86;150;159;208;200;73.08868501529052;0.32008368;-1.8640168
12.87;150;159;208;200;73.08868501529052;0.32008368;-1.8640168
12.88;151;159;208;200;73.19062181447502;0.30083567;-1.8426183
12.89;151;159;207;199;72.98674821610601;0.30167598;-1.8100559
12.9;151;159;207;199;72.98674821610601;0.30167598;-1.8100559
12.91;151;160;207;199;73.08868501529052;0.32008368;-1.788703
12.92;151;160;207;199;73.08868501529052;0.32008368;-1.788703
12.93;151;160;207;199;73.08868501529052;0.32008368;-1.788703
12.94;151;160;207;198;72.98674821610601;0.33938548;-1.7723464
12.95;151;160;207;198;72.98674821610601;0.33938548;-1.7723464
12.96;151;160;206;198;72.88481141692151;0.32097903;-1.755944
12.97;151;160;206;198;72.88481141692151;0.32097903;-1.755944
12.98;151;160;206;198;72.88481141692151;0.32097903;-1.755944
12.99;152;160;206;198;72.98674821610601;0.30167598;-1.7346369
13.0;152;160;206;198;72.98674821610601;0.30167598;-1.7346369
13.01;152;160;206;198;72.98674821610601;0.30167598;-1.7346369
13.02;152;160;206;198;72.98674821610601;0.30167598;-1.7346369
13.03;152;160;206;197;72.88481141692151;0.32097903;-1.7181818
13.04;152;160;206;197;72.88481141692151;0.32097903;-1.7181818
13.05;153;160;206;197;72.98674821610601;0.30167598;-1.6969274
13.06;153;160;206;197;72.98674821610601;0.30167598;-1.6969274
13.07;153;161;205;197;72.98674821610601;0.30167598;-1.6592178
13.08;154;161;205;197;73.08868501529052;0.28242677;-1.6380754
13.09;154;161;205;197;73.08868501529052;0.28242677;-1.6380754
13.1;154;161;205;196;72.98674821610601;0.30167598;-1.6215084
13.11;155;161;204;196;72.98674821610601;0.26396647;-1.5837989
13.12;155;161;204;196;72.98674821610601;0.26396647;-1.5837989
13.13;155;161;204;195;72.88481141692151;0.28321677;-1.5671328
13.14;156;161;204;195;72.98674821610601;0.26396647;-1.5460894
13.15;156;161;204;195;72.98674821610601;0.26396647;-1.5460894
13.16;156;161;204;195;72.98674821610601;0.26396647;-1.5460894
13.17;156;161;203;195;72.88481141692151;0.24545455;-1.5293707
13.18;156;162;203;195;72.98674821610601;0.26396647;-1.5083799
13.19;157;162;203;194;72.98674821610601;0.26396647;-1.4706703
13.2;157;162;203;194;72.98674821610601;0.26396647;-1.4706703
13.21;157;162;203;194;72.98674821610601;0.26396647;-1.4706703
13.22;157;162;203;194;72.98674821610601;0.26396647;-1.4706703
13.23;157;162;203;194;72.98674821610601;0.26396647;-1.4706703
13.24;157;162;203;194;72.98674821610601;0.26396647;-1.4706703
13.25;157;162;203;194;72.98674821610601;0.26396647;-1.4706703
13.26;157;162;203;194;72.98674821610601;0.26396647;-1.4706703
13.27;157;162;203;194;72.98674821610601;0.26396647;-1.4706703
13.28;157;162;203;194;72.98674821610601;0.26396647;-1.4706703
13.29;157;162;203;194;72.98674821610601;0.26396647;-1.4706703
13.3;157;162;203;194;72.98674821610601;0.26396647;-1.4706703
13.31;157;162;203;194;72.98674821610601;0.26396647;-1.4706703
13.32;158;162;203;194;73.08868501529052;0.24476987;-1.4497908
13.33;158;162;203;194;73.08868501529052;0.24476987;-1.4497908
13.34;158;162;203;194;73.08868501529052;0.24476987;-1.4497908
13.35;158;162;203;194;73.08868501529052;0.24476987;-1.4497908
13.36;158;162;203;193;72.98674821610601;0.26396647;-1.4329609
13.37;157;162;203;193;72.88481141692151;0.28321677;-1.4538461
13.38;157;161;203;193;72.782874617737;0.2647059;-1.4747899
13.39;157;161;202;193;72.6809378185525;0.24614306;-1.4579242
13.4;157;161;202;193;72.6809378185525;0.24614306;-1.4579242
13.41;157;162;203;193;72.88481141692151;0.28321677;-1.4538461
13.42;158;162;203;193;72.98674821610601;0.26396647;-1.4329609
13.43;158;162;203;193;72.98674821610601;0.26396647;-1.4329609
13.44;158;162;203;193;72.98674821610601;0.26396647;-1.4329609
13.45;158;162;203;193;72.98674821610601;0.26396647;-1.4329609
13.46;158;162;203;193;72.98674821610601;0.26396647;-1.4329609
13.47;158;162;204;193;73.08868501529052;0.28242677;-1.4497908
13.48;158;162;204;194;73.19062181447502;0.2632312;-1.4665738
13.49;158;162;204;194;73.19062181447502;0.2632312;-1.4665738
13.5;158;162;204;193;73.08868501529052;0.28242677;-1.4497908
13.51;158;162;204;193;73.08868501529052;0.28242677;-1.4497908
13.52;158;162;204;193;73.08868501529052;0.28242677;-1.4497908
13.53;158;162;203;193;72.98674821610601;0.26396647;-1.4329609
13.54;158;162;203;193;72.98674821610601;0.26396647;-1.4329609
13.55;158;162;203;193;72.98674821610601;0.26396647;-1.4329609
13.56;158;162;203;193;72.98674821610601;0.26396647;-1.4329609
13.57;158;162;203;193;72.98674821610601;0.26396647;-1.4329609
13.58;157;162;203;193;72.88481141692151;0.28321677;-1.4538461
13.59;157;162;203;193;72.88481141692151;0.28321677;-1.4538461
13.6;157;162;203;193;72.88481141692151;0.28321677;-1.4538461
13.61;157;162;204;193;72.98674821610601;0.30167598;-1.4706703
13.62;157;162;204;193;72.98674821610601;0.30167598;-1.4706703
13.63;157;162;204;193;72.98674821610601;0.30167598;-1.4706703
13.64;157;162;204;193;72.98674821610601;0.30167598;-1.4706703
13.65;157;162;204;193;72.98674821610601;0.30167598;-1.4706703
13.66;157;162;204;193;72.98674821610601;0.30167598;-1.4706703
13.67;156;162;204;194;72.98674821610601;0.30167598;-1.5083799
13.68;156;162;204;194;72.98674821610601;0.30167598;-1.5083799
13.69;156;162;204;194;72.98674821610601;0.30167598;-1.5083799
13.7;156;161;205;194;72.98674821610601;0.30167598;-1.5460894
13.71;156;161;205;194;72.98674821610601;0.30167598;-1.5460894
13.72;156;161;205;194;72.98674821610601;0.30167598;-1.5460894
13.73;156;161;205;194;72.98674821610601;0.30167598;-1.5460894
13.74;155;161;205;194;72.88481141692151;0.32097903;-1.5671328
13.75;155;161;205;194;72.88481141692151;0.32097903;-1.5671328
13.76;155;161;205;194;72.88481141692151;0.32097903;-1.5671328
13.77;155;161;205;194;72.88481141692151;0.32097903;-1.5671328
13.78;148;167;215;185;72.88481141692151;0.92517483;-1.6048951
13.79;148;167;215;185;72.88481141692151;0.92517483;-1.6048951
13.8;148;167;215;184;72.782874617737;0.9453781;-1.5882353
13.81;148;167;215;184;72.782874617737;0.9453781;-1.5882353
13.82;148;168;215;184;72.88481141692151;0.96293706;-1.5671328
13.83;148;168;215;184;72.88481141692151;0.96293706;-1.5671328
13.84;148;168;216;184;72.98674821610601;0.98044693;-1.5837989
13.85;148;168;216;183;72.88481141692151;1.0006993;-1.5671328
13.86;148;169;216;183;72.98674821610601;1.0181564;-1.5460894
13.87;148;169;216;183;72.98674821610601;1.0181564;-1.5460894
13.88;148;169;216;183;72.98674821610601;1.0181564;-1.5460894
13.89;148;170;216;182;72.98674821610601;1.0558659;-1.5083799
13.9;148;170;216;182;72.98674821610601;1.0558659;-1.5083799
13.91;148;170;216;181;72.88481141692151;1.0762237;-1.4916084
13.92;148;171;216;181;72.98674821610601;1.0935755;-1.4706703
13.93;148;171;216;181;72.98674821610601;1.0935755;-1.4706703
13.94;148;171;216;181;72.98674821610601;1.0935755;-1.4706703
13.95;148;171;216;181;72.98674821610601;1.0935755;-1.4706703
13.96;148;172;216;180;72.98674821610601;1.131285;-1.4329609
13.97;148;172;216;180;72.98674821610601;1.131285;-1.4329609
13.98;148;172;216;180;72.98674821610601;1.131285;-1.4329609
13.99;148;172;216;180;72.98674821610601;1.131285;-1.4329609
14.0;148;173;216;180;73.08868501529052;1.1485356;-1.4121339
14.01;148;173;215;179;72.88481141692151;1.1517483;-1.3783216
14.02;148;173;215;179;72.88481141692151;1.1517483;-1.3783216
14.03;148;173;215;179;72.88481141692151;1.1517483;-1.3783216
14.04;149;173;214;179;72.88481141692151;1.113986;-1.3405595
14.05;149;173;214;179;72.88481141692151;1.113986;-1.3405595
14.06;149;173;214;179;72.88481141692151;1.113986;-1.3405595
14.07;150;174;214;179;73.08868501529052;1.1108787;-1.2991632
14.08;150;174;213;179;72.98674821610601;1.0935755;-1.2821229
14.09;150;174;213;179;72.98674821610601;1.0935755;-1.2821229
14.1;151;175;212;179;73.08868501529052;1.0732218;-1.2238494
14.11;151;175;212;179;73.08868501529052;1.0732218;-1.2238494
14.12;151;176;211;178;72.98674821610601;1.0935755;-1.1689944
14.13;152;176;210;178;72.98674821610601;1.0558659;-1.131285
14.14;152;177;209;178;72.98674821610601;1.0558659;-1.0935755
14.15;153;177;209;177;72.98674821610601;1.0558659;-1.0558659
14.16;153;178;208;177;72.98674821610601;1.0558659;-1.0181564
14.17;154;179;207;176;72.98674821610601;1.0558659;-0.9427374
14.18;155;179;206;176;72.98674821610601;1.0181564;-0.9050279
14.19;155;180;205;175;72.88481141692151;1.0384616;-0.8496503
14.2;156;181;205;175;73.08868501529052;1.0355649;-0.8096234
14.21;157;181;204;174;72.98674821610601;1.0181564;-0.75418997
14.22;158;182;203;174;73.08868501529052;0.99790794;-0.6966527
14.23;159;183;202;173;73.08868501529052;0.99790794;-0.6213389
14.24;160;184;201;172;73.08868501529052;0.99790794;-0.5460251
14.25;161;185;200;172;73.19062181447502;0.97771585;-0.48885792
14.26;162;186;199;171;73.19062181447502;0.97771585;-0.41364902
14.27;163;187;198;170;73.19062181447502;0.97771585;-0.33844012
14.28;164;188;197;169;73.19062181447502;0.97771585;-0.2632312
14.29;165;189;196;168;73.19062181447502;0.97771585;-0.18802229
14.3;165;190;195;167;73.08868501529052;0.99790794;-0.13179916
14.31;166;191;194;166;73.08868501529052;0.99790794;-0.056485355
14.32;167;192;192;165;72.98674821610601;0.98044693;0.037709497
14.33;168;193;191;164;72.98674821610601;0.98044693;0.11312849
14.34;169;193;190;163;72.88481141692151;0.96293706;0.16993007
14.35;170;194;189;162;72.88481141692151;0.96293706;0.24545455
14.36;170;195;188;162;72.88481141692151;0.96293706;0.28321677
14.37;171;195;187;161;72.782874617737;0.9453781;0.34033614
14.38;172;196;186;160;72.782874617737;0.9453781;0.4159664
14.39;173;196;185;160;72.782874617737;0.90756303;0.45378152
14.4;173;197;184;159;72.6809378185525;0.92776996;0.5112202
14.41;174;197;183;159;72.6809378185525;0.8899018;0.54908836
14.42;174;197;183;159;72.6809378185525;0.8899018;0.54908836
14.43;175;197;182;159;72.6809378185525;0.8520337;0.5869565
14.44;175;197;182;159;72.6809378185525;0.8520337;0.5869565
14.45;176;197;181;160;72.782874617737;0.7941176;0.60504204
14.46;176;196;181;160;72.6809378185525;0.77629733;0.5869565
14.47;177;196;181;161;72.88481141692151;0.73636365;0.5853147
14.48;177;195;181;162;72.88481141692151;0.6986014;0.54755247
14.49;177;194;180;163;72.782874617737;0.64285713;0.5294118
14.5;177;193;180;164;72.782874617737;0.60504204;0.49159664
14.51;178;192;178;165;72.6809378185525;0.5112202;0.5112202
14.52;178;190;176;168;72.579001019368;0.37921348;0.4550562
14.53;179;188;174;171;72.579001019368;0.2275281;0.41713482
14.54;180;186;171;175;72.579001019368;0.037921347;0.37921348
14.55;181;183;168;179;72.47706422018348;-0.17088607;0.3227848
14.56;182;181;165;183;72.47706422018348;-0.3607595;0.28481013
14.57;183;179;162;187;72.47706422018348;-0.5506329;0.24683544
14.58;184;177;159;190;72.37512742099898;-0.7225352;0.22816901
14.59;185;175;156;194;72.37512742099898;-0.91267604;0.19014084
14.6;187;173;152;198;72.37512742099898;-1.1408451;0.19014084
14.61;189;170;147;202;72.17125382262996;-1.411017;0.19067797
14.62;191;167;142;206;71.96738022426095;-1.6827196;0.19121814
14.63;193;165;137;211;71.96738022426095;-1.9504249;0.19121814
14.64;196;162;132;216;71.96738022426095;-2.256374;0.19121814
14.65;199;159;128;221;72.06931702344546;-2.539604;0.1718529
14.66;202;157;123;226;72.17125382262996;-2.822034;0.19067797
14.67;205;154;119;232;72.37512742099898;-3.11831;0.15211268
14.68;208;152;115;237;72.579001019368;-3.375;0.15168539
14.69;211;149;111;243;72.782874617737;-3.6680672;0.11344538
14.7;213;146;108;250;73.08868501529052;-3.9351463;0.018828452
14.71;216;141;106;257;73.39449541284404;-4.2375;-0.1125
14.72;219;136;104;266;73.90417940876657;-4.562069;-0.27931035
14.73;221;130;103;274;74.20998980632008;-4.8585167;-0.48214287
14.74;223;124;102;282;74.5158002038736;-5.1525307;-0.6833105
14.75;224;117;101;289;74.5158002038736;-5.4480166;-0.90492475
14.76;225;109;101;297;74.6177370030581;-5.7540984;-1.1803279
14.77;226;101;100;303;74.4138634046891;-6.0657535;-1.4054794
14.78;226;93;99;310;74.20998980632008;-6.379121;-1.668956
14.79;226;86;97;315;73.80224260958205;-6.6754146;-1.8646408
14.8;227;78;96;320;73.49643221202854;-6.98405;-2.0783634
14.81;227;72;94;324;73.08868501529052;-7.248954;-2.2405858
14.82;228;68;93;328;73.08868501529052;-7.4372387;-2.3535564
14.83;228;64;92;331;72.88481141692151;-7.609091;-2.4734266
14.84;229;62;91;333;72.88481141692151;-7.722378;-2.5111887
14.85;230;61;91;336;73.19062181447502;-7.7841225;-2.5571032
14.86;230;61;91;338;73.39449541284404;-7.8;-2.5875
14.87;229;60;91;339;73.29255861365952;-7.8296247;-2.647427
14.88;229;60;91;339;73.29255861365952;-7.8296247;-2.647427
14.89;228;60;91;339;73.19062181447502;-7.821727;-2.6699164
14.9;228;60;91;338;73.08868501529052;-7.8138075;-2.6548116
14.91;227;59;90;338;72.782874617737;-7.865546;-2.684874
14.92;227;59;90;337;72.6809378185525;-7.8576436;-2.6697054
14.93;226;59;90;337;72.579001019368;-7.849719;-2.6924157
14.94;226;58;90;337;72.47706422018348;-7.879747;-2.71519
14.95;225;58;90;337;72.37512742099898;-7.871831;-2.7380283
14.96;225;58;90;338;72.47706422018348;-7.879747;-2.7531645
14.97;225;58;90;338;72.47706422018348;-7.879747;-2.7531645
14.98;226;57;90;339;72.579001019368;-7.925562;-2.7682583
14.99;226;57;90;341;72.782874617737;-7.9411764;-2.7983193
15.0;226;57;90;342;72.88481141692151;-7.9489512;-2.8132868
15.01;226;57;90;343;72.98674821610601;-7.956704;-2.8282123
15.02;227;56;90;344;73.08868501529052;-8.002092;-2.8430963
15.03;227;56;90;345;73.19062181447502;-8.009749;-2.8579388
15.04;227;56;90;346;73.29255861365952;-8.0173855;-2.87274
15.05;227;56;90;346;73.29255861365952;-8.0173855;-2.87274
15.06;227;56;90;346;73.29255861365952;-8.0173855;-2.87274
15.07;228;56;89;346;73.29255861365952;-8.054937;-2.8351877
15.08;227;56;89;346;73.19062181447502;-8.047354;-2.8579388
15.09;227;56;89;346;73.19062181447502;-8.047354;-2.8579388
15.1;226;55;89;345;72.88481141692151;-8.062238;-2.888811
15.11;225;55;89;345;72.782874617737;-8.054622;-2.9117646
15.12;224;55;88;344;72.47706422018348;-8.06962;-2.9050634
15.13;223;55;88;343;72.27319062181446;-8.054302;-2.913258
15.14;222;54;88;342;71.96738022426095;-8.069406;-2.9447591
15.15;220;54;88;341;71.66156982670744;-8.04623;-2.9765291
15.16;218;54;88;340;71.35575942915392;-8.022857;-3.0085714
15.17;216;53;87;339;70.84607543323139;-8.0611515;-3.0496402
15.18;214;53;87;338;70.54026503567788;-8.037572;-3.08237
15.19;212;52;88;337;70.23445463812436;-8.013788;-3.1545718
15.2;209;52;88;337;69.92864424057085;-7.9897957;-3.2274053
15.21;207;52;89;338;69.92864424057085;-7.9504375;-3.3061225
15.22;204;51;89;338;69.52089704383282;-7.957478;-3.4046922
15.23;202;51;89;338;69.3170234454638;-7.9411764;-3.4544117
15.24;199;50;90;337;68.90927624872579;-7.908284;-3.5547338
15.25;196;50;90;336;68.50152905198776;-7.875;-3.6160715
15.26;192;49;90;335;67.88990825688073;-7.864865;-3.7297297
15.27;189;49;90;333;67.3802242609582;-7.822239;-3.778366
15.28;186;48;90;331;66.76860346585117;-7.8114505;-3.8541985
15.29;182;48;89;327;65.85117227319061;-7.773994;-3.886997
15.3;178;47;89;323;64.93374108053007;-7.735479;-3.9631083
15.31;174;47;87;317;63.710499490316;-7.7112;-3.9528
15.32;170;46;86;311;62.48725790010193;-7.685971;-3.9861338
15.33;165;45;85;306;61.264016309887865;-7.659734;-4.065724
15.34;161;45;83;301;60.142711518858306;-7.642373;-4.072881
15.35;157;44;82;296;59.02140672782874;-7.6243525;-4.126943
15.36;153;43;81;291;57.90010193679918;-7.6056337;-4.183099
15.37;148;42;80;287;56.77879714576962;-7.586176;-4.289946
15.38;144;41;79;283;55.759429153924565;-7.576782;-4.368373
15.39;139;40;78;278;54.5361875637105;-7.54486;-4.4663553
15.4;132;39;75;269;52.49745158002038;-7.523301;-4.5349517
15.41;125;37;72;258;50.15290519877676;-7.518293;-4.609756
15.42;116;36;68;244;47.2986748216106;-7.448276;-4.6551723
15.43;106;34;65;229;44.24057084607543;-7.341014;-4.790323
15.44;96;32;61;213;40.97859327217125;-7.2537313;-4.902985
15.45;85;31;57;196;37.61467889908257;-7.0609756;-5.012195
15.46;76;29;53;180;34.454638124362894;-6.949704;-5.112426
15.47;67;27;49;165;31.396534148827726;-6.837662;-5.2597404
15.48;58;25;45;150;28.338430173292558;-6.701439;-5.438849
15.49;50;22;40;136;25.28032619775739;-6.75;-5.66129
15.5;42;20;37;123;22.629969418960243;-6.5675673;-5.9594593
15.51;35;19;33;110;20.081549439347604;-6.3730965;-6.0989847
15.52;28;17;29;97;17.431192660550458;-6.236842;-6.394737
15.53;21;15;26;84;14.882772680937817;-5.917808;-6.842466
15.54;15;13;22;71;12.334352701325178;-5.6900826;-7.252066
15.55;9;12;17;59;9.887869520897043;-5.427835;-7.6546392
15.56;4;10;14;48;7.747196738022426;-4.9736843;-8.526316
15.57;1;8;11;40;6.116207951070336;-4.95;-9.45
15.58;0;5;10;30;4.587155963302752;-4.5;-10.5
15.59;0;2;9;22;3.3639143730886847;-4.5;-11.863636
15.6;0;2;7;16;2.54841997961264;-3.78;-11.34
15.61;0;1;6;11;1.8348623853211008;-3.0;-12.0
15.62;0;0;5;8;1.325178389398573;-3.1153846;-13.5
15.63;0;0;4;5;0.9174311926605504;-1.5;-13.5
15.64;0;0;2;3;0.509683995922528;-2.7;-13.5
15.65;0;0;1;1;0.2038735983690112;0.0;-13.5
15.66;0;0;0;0;0.0;0.0;0.0
15.67;0;0;0;0;0.0;0.0;0.0
15.68;0;0;0;0;0.0;0.0;0.0
15.69;0;0;0;0;0.0;0.0;0.0
15.7;0;0;0;0;0.0;0.0;0.0
15.71;0;0;0;0;0.0;0.0;0.0
15.72;0;0;0;0;0.0;0.0;0.0
15.73;0;0;0;0;0.0;0.0;0.0
15.74;0;0;0;0;0.0;0.0;0.0
15.75;0;0;0;0;0.0;0.0;0.0
15.76;0;0;0;0;0.0;0.0;0.0
15.77;0;0;0;0;0.0;0.0;0.0
15.78;0;0;0;0;0.0;0.0;0.0
15.79;0;0;0;0;0.0;0.0;0.0
15.8;0;0;0;0;0.0;0.0;0.0
15.81;0;0;0;0;0.0;0.0;0.0
15.82;0;0;0;0;0.0;0.0;0.0
15.83;0;0;0;0;0.0;0.0;0.0
15.84;0;0;0;0;0.0;0.0;0.0
15.85;0;0;0;0;0.0;0.0;0.0
15.86;0;0;0;0;0.0;0.0;0.0
15.87;0;0;0;0;0.0;0.0;0.0
15.88;0;0;0;0;0.0;0.0;0.0
15.89;0;0;0;0;0.0;0.0;0.0
15.9;0;0;0;0;0.0;0.0;0.0
15.91;0;0;0;0;0.0;0.0;0.0
15.92;0;0;0;0;0.0;0.0;0.0
15.93;0;0;0;0;0.0;0.0;0.0
15.94;0;0;0;0;0.0;0.0;0.0
15.95;0;0;0;0;0.0;0.0;0.0
15.96;0;0;0;0;0.0;0.0;0.0
15.97;0;0;0;0;0.0;0.0;0.0
15.98;0;0;0;0;0.0;0.0;0.0
15.99;0;0;0;0;0.0;0.0;0.0
16.0;0;0;0;0;0.0;0.0;0.0
16.01;0;0;0;0;0.0;0.0;0.0
16.02;0;0;0;0;0.0;0.0;0.0
16.03;0;0;0;0;0.0;0.0;0.0
16.04;0;0;0;0;0.0;0.0;0.0
16.05;0;0;0;0;0.0;0.0;0.0
16.06;0;0;0;0;0.0;0.0;0.0
16.07;0;0;0;0;0.0;0.0;0.0
16.08;0;0;0;0;0.0;0.0;0.0
16.09;0;0;0;0;0.0;0.0;0.0
16.1;0;0;0;0;0.0;0.0;0.0
16.11;0;0;0;0;0.0;0.0;0.0
16.12;0;0;0;0;0.0;0.0;0.0
16.13;0;0;0;0;0.0;0.0;0.0
16.14;0;0;0;0;0.0;0.0;0.0
16.15;0;0;0;0;0.0;0.0;0.0
16.16;0;0;0;0;0.0;0.0;0.0
16.17;0;0;0;0;0.0;0.0;0.0
16.18;0;0;0;0;0.0;0.0;0.0
16.19;0;0;0;0;0.0;0.0;0.0
16.2;0;0;0;0;0.0;0.0;0.0
16.21;0;0;0;0;0.0;0.0;0.0
16.22;0;0;0;0;0.0;0.0;0.0
16.23;0;0;0;0;0.0;0.0;0.0
16.24;0;0;0;0;0.0;0.0;0.0
16.25;0;0;0;0;0.0;0.0;0.0
16.26;0;0;0;0;0.0;0.0;0.0
16.27;0;0;0;0;0.0;0.0;0.0
16.28;0;0;0;0;0.0;0.0;0.0
16.29;0;0;0;0;0.0;0.0;0.0
16.3;0;0;0;0;0.0;0.0;0.0
16.31;0;0;0;0;0.0;0.0;0.0
16.32;0;0;0;0;0.0;0.0;0.0
16.33;0;0;0;0;0.0;0.0;0.0
16.34;0;0;0;0;0.0;0.0;0.0
16.35;0;0;0;0;0.0;0.0;0.0
16.36;0;0;0;0;0.0;0.0;0.0
16.37;0;0;0;0;0.0;0.0;0.0
16.38;0;0;0;0;0.0;0.0;0.0
16.39;0;0;0;0;0.0;0.0;0.0
16.4;0;0;0;0;0.0;0.0;0.0
16.41;0;0;0;0;0.0;0.0;0.0
16.42;0;0;0;0;0.0;0.0;0.0
16.43;0;0;0;0;0.0;0.0;0.0
16.44;0;0;0;0;0.0;0.0;0.0
16.45;0;0;0;0;0.0;0.0;0.0
16.46;0;0;0;0;0.0;0.0;0.0
16.47;0;0;0;0;0.0;0.0;0.0
16.48;0;0;0;0;0.0;0.0;0.0
16.49;0;0;0;0;0.0;0.0;0.0
16.5;0;0;0;0;0.0;0.0;0.0
16.51;0;0;0;0;0.0;0.0;0.0
16.52;0;0;0;0;0.0;0.0;0.0
16.53;0;0;0;0;0.0;0.0;0.0
16.54;0;0;0;0;0.0;0.0;0.0
16.55;0;0;0;0;0.0;0.0;0.0
16.56;0;0;0;0;0.0;0.0;0.0
16.57;0;0;0;0;0.0;0.0;0.0
16.58;0;0;0;0;0.0;0.0;0.0
16.59;0;0;0;0;0.0;0.0;0.0
16.6;0;0;0;0;0.0;0.0;0.0
16.61;0;0;0;0;0.0;0.0;0.0
16.62;0;0;0;0;0.0;0.0;0.0
16.63;0;0;0;0;0.0;0.0;0.0
16.64;0;0;0;0;0.0;0.0;0.0
16.65;0;0;0;0;0.0;0.0;0.0
16.66;0;0;0;0;0.0;0.0;0.0
16.67;0;0;0;0;0.0;0.0;0.0
16.68;0;0;0;0;0.0;0.0;0.0
16.69;0;0;0;0;0.0;0.0;0.0
16.7;0;0;0;0;0.0;0.0;0.0
16.71;0;0;0;0;0.0;0.0;0.0
16.72;0;0;0;0;0.0;0.0;0.0
16.73;0;0;0;0;0.0;0.0;0.0
16.74;0;0;0;0;0.0;0.0;0.0
16.75;0;0;0;0;0.0;0.0;0.0
16.76;0;0;0;0;0.0;0.0;0.0
16.77;0;0;0;0;0.0;0.0;0.0
16.78;0;0;0;0;0.0;0.0;0.0
16.79;0;0;0;0;0.0;0.0;0.0
16.8;0;0;0;0;0.0;0.0;0.0
16.81;0;0;0;0;0.0;0.0;0.0
16.82;0;0;0;0;0.0;0.0;0.0
16.83;0;0;0;0;0.0;0.0;0.0
16.84;0;0;0;0;0.0;0.0;0.0
16.85;0;0;0;0;0.0;0.0;0.0
16.86;0;0;0;0;0.0;0.0;0.0
16.87;0;0;0;0;0.0;0.0;0.0
16.88;0;0;0;0;0.0;0.0;0.0
16.89;0;0;0;0;0.0;0.0;0.0
16.9;0;0;0;0;0.0;0.0;0.0
16.91;0;0;0;0;0.0;0.0;0.0
16.92;0;0;0;0;0.0;0.0;0.0
16.93;0;0;0;0;0.0;0.0;0.0
16.94;0;0;0;0;0.0;0.0;0.0
16.95;0;0;0;0;0.0;0.0;0.0
16.96;0;0;0;0;0.0;0.0;0.0
16.97;0;0;0;0;0.0;0.0;0.0
16.98;0;0;0;0;0.0;0.0;0.0
16.99;0;0;0;0;0.0;0.0;0.0
17.0;0;0;0;0;0.0;0.0;0.0
17.01;0;0;0;0;0.0;0.0;0.0
17.02;0;0;0;0;0.0;0.0;0.0
17.03;0;0;0;0;0.0;0.0;0.0
17.04;0;0;0;0;0.0;0.0;0.0
17.05;0;0;0;0;0.0;0.0;0.0
17.06;0;0;0;0;0.0;0.0;0.0
17.07;0;0;0;0;0.0;0.0;0.0
17.08;0;0;0;0;0.0;0.0;0.0
17.09;0;0;0;0;0.0;0.0;0.0
17.1;0;0;0;0;0.0;0.0;0.0
17.11;0;0;0;0;0.0;0.0;0.0
17.12;0;0;0;0;0.0;0.0;0.0
17.13;0;0;0;0;0.0;0.0;0.0
17.14;0;0;0;0;0.0;0.0;0.0
17.15;0;0;0;0;0.0;0.0;0.0
17.16;0;0;0;0;0.0;0.0;0.0
17.17;0;0;0;0;0.0;0.0;0.0
17.18;0;0;0;0;0.0;0.0;0.0
17.19;0;0;0;0;0.0;0.0;0.0
17.2;0;0;0;0;0.0;0.0;0.0
17.21;0;0;0;0;0.0;0.0;0.0
17.22;0;0;0;0;0.0;0.0;0.0
17.23;0;0;0;0;0.0;0.0;0.0
17.24;0;0;0;0;0.0;0.0;0.0
17.25;0;0;0;0;0.0;0.0;0.0
17.26;0;0;0;0;0.0;0.0;0.0
17.27;0;0;0;0;0.0;0.0;0.0
17.28;0;0;0;0;0.0;0.0;0.0
17.29;0;0;0;0;0.0;0.0;0.0
17.3;0;0;0;0;0.0;0.0;0.0
17.31;0;0;0;0;0.0;0.0;0.0
17.32;0;0;0;0;0.0;0.0;0.0
17.33;0;0;0;0;0.0;0.0;0.0
17.34;0;0;0;0;0.0;0.0;0.0
17.35;0;0;0;0;0.0;0.0;0.0
17.36;0;0;0;0;0.0;0.0;0.0
17.37;0;0;0;0;0.0;0.0;0.0
17.38;0;0;0;0;0.0;0.0;0.0
17.39;0;0;0;0;0.0;0.0;0.0
17.4;0;0;0;0;0.0;0.0;0.0
17.41;0;0;0;0;0.0;0.0;0.0
17.42;0;0;0;0;0.0;0.0;0.0
17.43;0;0;0;0;0.0;0.0;0.0
17.44;0;0;0;0;0.0;0.0;0.0
17.45;0;0;0;0;0.0;0.0;0.0
17.46;0;0;0;0;0.0;0.0;0.0
17.47;0;0;0;0;0.0;0.0;0.0
17.48;0;0;0;0;0.0;0.0;0.0
17.49;0;0;0;0;0.0;0.0;0.0
17.5;0;0;0;0;0.0;0.0;0.0
17.51;0;0;0;0;0.0;0.0;0.0
17.52;0;0;0;0;0.0;0.0;0.0
17.53;0;0;0;0;0.0;0.0;0.0
17.54;0;0;0;0;0.0;0.0;0.0
17.55;0;0;0;0;0.0;0.0;0.0
17.56;0;0;0;0;0.0;0.0;0.0
17.57;0;0;0;0;0.0;0.0;0.0
17.58;0;0;0;0;0.0;0.0;0.0
17.59;0;0;0;0;0.0;0.0;0.0
17.6;0;0;0;0;0.0;0.0;0.0
17.61;0;0;0;0;0.0;0.0;0.0
17.62;0;0;0;0;0.0;0.0;0.0
17.63;0;0;0;0;0.0;0.0;0.0
17.64;0;0;0;0;0.0;0.0;0.0
